gene_symbol	hgnc_id	ensembl_gene_id	uniprot_ids	match_type	ambiguous_candidates
A1BG	HGNC:5	ENSG00000121410	P04217	symbol	
A2M	HGNC:7	ENSG00000175899	P01023	symbol	
A2ML1	HGNC:23336	ENSG00000166535	A8K2U0	symbol	
AAAS	HGNC:13666	ENSG00000094914	Q9NRG9	symbol	
AACS	HGNC:21298	ENSG00000081760	Q86V21	symbol	
AADAC	HGNC:17	ENSG00000114771	P22760	symbol	
AADACL2	HGNC:24427	ENSG00000197953	Q6P093	symbol	
AAGAB	HGNC:25662	ENSG00000103591	Q6PD74	symbol	
AAK1	HGNC:19679	ENSG00000115977	Q2M2I8	symbol	
AAMDC	HGNC:30205	ENSG00000087884	Q9H7C9	symbol	
AAMP	HGNC:18	ENSG00000127837	Q13685	symbol	
AAR2	HGNC:15886	ENSG00000131043	Q9Y312	symbol	
AARS1	HGNC:20	ENSG00000090861	P49588	symbol	
AARS2	HGNC:21022	ENSG00000124608	Q5JTZ9	symbol	
AARSD1	HGNC:28417	ENSG00000266967	Q9BTE6	symbol	
AASDHPPT	HGNC:14235	ENSG00000149313	Q9NRN7	symbol	
AATF	HGNC:19235	ENSG00000275700	Q9NY61	symbol	
ABCA12	HGNC:14637	ENSG00000144452	Q86UK0	symbol	
ABCA13	HGNC:14638	ENSG00000179869	Q86UQ4	symbol	
ABCA3	HGNC:33	ENSG00000167972	Q99758	symbol	
ABCA5	HGNC:35	ENSG00000154265	Q8WWZ7	symbol	
ABCA6	HGNC:36	ENSG00000154262	Q8N139	symbol	
ABCA7	HGNC:37	ENSG00000064687	Q8IZY2	symbol	
ABCB10	HGNC:41	ENSG00000135776	Q9NRK6	symbol	
ABCB4	HGNC:45	ENSG00000005471	P21439	symbol	
ABCB6	HGNC:47	ENSG00000115657	Q9NP58	symbol	
ABCB7	HGNC:48	ENSG00000131269	O75027	symbol	
ABCB8	HGNC:49	ENSG00000197150	Q9NUT2	symbol	
ABCC1	HGNC:51	ENSG00000103222	P33527	symbol	
ABCC11	HGNC:14639	ENSG00000121270	Q96J66	symbol	
ABCC12	HGNC:14640	ENSG00000140798	Q96J65	symbol	
ABCC2	HGNC:53	ENSG00000023839	Q92887	symbol	
ABCC3	HGNC:54	ENSG00000108846	O15438	symbol	
ABCC4	HGNC:55	ENSG00000125257	O15439	symbol	
ABCC5	HGNC:56	ENSG00000114770	O15440	symbol	
ABCC6	HGNC:57	ENSG00000091262	O95255	symbol	
ABCD1	HGNC:61	ENSG00000101986	P33897	symbol	
ABCD2	HGNC:66	ENSG00000173208	Q9UBJ2	symbol	
ABCD3	HGNC:67	ENSG00000117528	P28288	symbol	
ABCD4	HGNC:68	ENSG00000119688	O14678	symbol	
ABCE1	HGNC:69	ENSG00000164163	P61221	symbol	
ABCF1	HGNC:70	ENSG00000204574	Q8NE71	symbol	
ABCF2	HGNC:71	ENSG00000033050	Q9UG63	symbol	
ABCF3	HGNC:72	ENSG00000161204	Q9NUQ8	symbol	
ABCG2	HGNC:74	ENSG00000118777	Q9UNQ0	symbol	
ABHD10	HGNC:25656	ENSG00000144827	Q9NUJ1	symbol	
ABHD11	HGNC:16407	ENSG00000106077	Q8NFV4	symbol	
ABHD12	HGNC:15868	ENSG00000100997	Q8N2K0	symbol	
ABHD14B	HGNC:28235	ENSG00000114779	Q96IU4	symbol	
ABHD16A	HGNC:13921	ENSG00000204427	O95870	symbol	
ABHD17A	HGNC:28756	ENSG00000129968	Q96GS6	symbol	
ABHD17B	HGNC:24278	ENSG00000107362	Q5VST6	symbol	
ABHD4	HGNC:20154	ENSG00000100439		symbol	
ABHD5	HGNC:21396	ENSG00000011198	Q8WTS1	symbol	
ABHD6	HGNC:21398	ENSG00000163686	Q9BV23	symbol	
ABI1	HGNC:11320	ENSG00000136754	Q8IZP0	symbol	
ABI2	HGNC:24011	ENSG00000138443	Q9NYB9	symbol	
ABI3	HGNC:29859	ENSG00000108798	Q9P2A4	symbol	
ABL1	HGNC:76	ENSG00000097007	P00519	symbol	
ABL2	HGNC:77	ENSG00000143322	P42684	symbol	
ABLIM1	HGNC:78	ENSG00000099204	O14639	symbol	
ABR	HGNC:81	ENSG00000159842	Q12979	symbol	
ABRACL	HGNC:21230	ENSG00000146386	Q9P1F3	symbol	
ABRAXAS2	HGNC:28975	ENSG00000165660	Q15018	symbol	
ABT1	HGNC:17369	ENSG00000146109	Q9ULW3	symbol	
ABTB2	HGNC:23842	ENSG00000166016	Q8N961	symbol	
ACAA1	HGNC:82	ENSG00000060971	P09110	symbol	
ACAA2	HGNC:83	ENSG00000167315	P42765	symbol	
ACACA	HGNC:84	ENSG00000278540	Q13085	symbol	
ACACB	HGNC:85	ENSG00000076555	O00763	symbol	
ACAD10	HGNC:21597	ENSG00000111271	Q6JQN1	symbol	
ACAD11	HGNC:30211	ENSG00000240303	Q709F0	symbol	
ACAD8	HGNC:87	ENSG00000151498	Q9UKU7	symbol	
ACAD9	HGNC:21497	ENSG00000177646	Q9H845	symbol	
ACADL	HGNC:88	ENSG00000115361	P28330	symbol	
ACADM	HGNC:89	ENSG00000117054	P11310	symbol	
ACADS	HGNC:90	ENSG00000122971	P16219	symbol	
ACADSB	HGNC:91	ENSG00000196177	P45954	symbol	
ACADVL	HGNC:92	ENSG00000072778	P49748	symbol	
ACAP1	HGNC:16467	ENSG00000072818	Q15027	symbol	
ACAP2	HGNC:16469	ENSG00000114331	Q15057	symbol	
ACAP3	HGNC:16754	ENSG00000131584	Q96P50	symbol	
ACAT1	HGNC:93	ENSG00000075239	P24752	symbol	
ACAT2	HGNC:94	ENSG00000120437	Q9BWD1	symbol	
ACBD3	HGNC:15453	ENSG00000182827	Q9H3P7	symbol	
ACBD5	HGNC:23338	ENSG00000107897	Q5T8D3	symbol	
ACBD6	HGNC:23339	ENSG00000230124	Q9BR61	symbol	
ACE	HGNC:2707	ENSG00000159640	P12821	symbol	
ACHE	HGNC:108	ENSG00000087085	P22303	symbol	
ACIN1	HGNC:17066	ENSG00000100813	Q9UKV3	symbol	
ACLY	HGNC:115	ENSG00000131473	P53396	symbol	
ACO1	HGNC:117	ENSG00000122729	P21399	symbol	
ACO2	HGNC:118	ENSG00000100412	Q99798	symbol	
ACOT1	HGNC:33128	ENSG00000184227	Q86TX2	symbol	
ACOT11	HGNC:18156	ENSG00000162390	Q8WXI4	symbol	
ACOT13	HGNC:20999	ENSG00000112304	Q9NPJ3	symbol	
ACOT2	HGNC:18431	ENSG00000119673	P49753	symbol	
ACOT6	HGNC:33159	ENSG00000205669	Q3I5F7	symbol	
ACOT7	HGNC:24157	ENSG00000097021	O00154	symbol	
ACOT8	HGNC:15919	ENSG00000101473	O14734	symbol	
ACOT9	HGNC:17152	ENSG00000123130	Q9Y305	symbol	
ACOX1	HGNC:119	ENSG00000161533	Q15067	symbol	
ACOX3	HGNC:121	ENSG00000087008	O15254	symbol	
ACOXL	HGNC:25621	ENSG00000153093	Q9NUZ1	symbol	
ACP1	HGNC:122	ENSG00000143727	P24666	symbol	
ACP2	HGNC:123	ENSG00000134575	P11117	symbol	
ACP3	HGNC:125	ENSG00000014257	P15309	symbol	
ACP6	HGNC:29609	ENSG00000162836	Q9NPH0	symbol	
ACP7	HGNC:33781	ENSG00000183760	Q6ZNF0	symbol	
ACR	HGNC:126	ENSG00000100312	P10323	symbol	
ACSBG1	HGNC:29567	ENSG00000103740	Q96GR2	symbol	
ACSF2	HGNC:26101	ENSG00000167107	Q96CM8	symbol	
ACSF3	HGNC:27288	ENSG00000176715	Q4G176	symbol	
ACSL1	HGNC:3569	ENSG00000151726	P33121	symbol	
ACSL3	HGNC:3570	ENSG00000123983	O95573	symbol	
ACSL4	HGNC:3571	ENSG00000068366	O60488	symbol	
ACSL5	HGNC:16526	ENSG00000197142	Q9ULC5	symbol	
ACSL6	HGNC:16496	ENSG00000164398	Q9UKU0	symbol	
ACSS1	HGNC:16091	ENSG00000154930	Q9NUB1	symbol	
ACSS2	HGNC:15814	ENSG00000131069	Q9NR19	symbol	
ACTA1	HGNC:129	ENSG00000143632	P68133	symbol	
ACTA2	HGNC:130	ENSG00000107796	P62736	symbol	
ACTB	HGNC:132	ENSG00000075624	P60709	symbol	
ACTBL2	HGNC:17780	ENSG00000169067	Q562R1	symbol	
ACTC1	HGNC:143	ENSG00000159251	P68032	symbol	
ACTG1	HGNC:144	ENSG00000184009	P63261	symbol	
ACTG2	HGNC:145	ENSG00000163017	P63267	symbol	
ACTL6A	HGNC:24124	ENSG00000136518	O96019	symbol	
ACTL8	HGNC:24018	ENSG00000117148	Q9H568	symbol	
ACTN1	HGNC:163	ENSG00000072110	P12814	symbol	
ACTN2	HGNC:164	ENSG00000077522	P35609	symbol	
ACTN4	HGNC:166	ENSG00000130402	O43707	symbol	
ACTR10	HGNC:17372	ENSG00000131966	Q9NZ32	symbol	
ACTR1A	HGNC:167	ENSG00000138107	P61163	symbol	
ACTR1B	HGNC:168	ENSG00000115073	P42025	symbol	
ACTR2	HGNC:169	ENSG00000138071	P61160	symbol	
ACTR3	HGNC:170	ENSG00000115091	P61158	symbol	
ACTR3B	HGNC:17256	ENSG00000133627	Q9P1U1	symbol	
ACTR5	HGNC:14671	ENSG00000101442	Q9H9F9	symbol	
ACTR6	HGNC:24025	ENSG00000075089	Q9GZN1	symbol	
ACTR8	HGNC:14672	ENSG00000113812	Q9H981	symbol	
ACVR1B	HGNC:172	ENSG00000135503	P36896	symbol	
ACY1	HGNC:177	ENSG00000243989	Q03154	symbol	
ACYP1	HGNC:179	ENSG00000119640	P07311	symbol	
ACYP2	HGNC:180	ENSG00000170634	P14621	symbol	
ADA	HGNC:186	ENSG00000196839	P00813	symbol	
ADA2	HGNC:1839	ENSG00000093072	Q9NZK5	symbol	
ADAM10	HGNC:188	ENSG00000137845	O14672	symbol	
ADAM12	HGNC:190	ENSG00000148848	O43184	symbol	
ADAM15	HGNC:193	ENSG00000143537	Q13444	symbol	
ADAM17	HGNC:195	ENSG00000151694	P78536	symbol	
ADAM28	HGNC:206	ENSG00000042980	Q9UKQ2	symbol	
ADAM9	HGNC:216	ENSG00000168615	Q13443	symbol	
ADAMTS1	HGNC:217	ENSG00000154734	Q9UHI8	symbol	
ADAMTS13	HGNC:1366	ENSG00000160323	Q76LX8	symbol	
ADAMTS19	HGNC:17111	ENSG00000145808	Q8TE59	symbol	
ADAMTS7	HGNC:223	ENSG00000136378	Q9UKP4	symbol	
ADAP1	HGNC:16486	ENSG00000105963	O75689	symbol	
ADAR	HGNC:225	ENSG00000160710	P55265	symbol	
ADARB1	HGNC:226	ENSG00000197381	P78563	symbol	
ADARB2	HGNC:227	ENSG00000185736	Q9NS39	symbol	
ADAT2	HGNC:21172	ENSG00000189007	Q7Z6V5	symbol	
ADCK1	HGNC:19038	ENSG00000063761	Q86TW2	symbol	
ADCK2	HGNC:19039	ENSG00000133597	Q7Z695	symbol	
ADCY1	HGNC:232	ENSG00000164742	Q08828	symbol	
ADCY5	HGNC:236	ENSG00000173175	O95622	symbol	
ADD1	HGNC:243	ENSG00000087274	P35611	symbol	
ADD2	HGNC:244	ENSG00000075340	P35612	symbol	
ADD3	HGNC:245	ENSG00000148700	Q9UEY8	symbol	
ADGRA3	HGNC:13839	ENSG00000152990	Q8IWK6	symbol	
ADGRB1	HGNC:943	ENSG00000181790	O14514	symbol	
ADGRB3	HGNC:945	ENSG00000135298	O60242	symbol	
ADGRE2	HGNC:3337	ENSG00000127507	Q9UHX3	symbol	
ADGRE5	HGNC:1711	ENSG00000123146	P48960	symbol	
ADGRG1	HGNC:4512	ENSG00000205336	Q9Y653	symbol	
ADGRG2	HGNC:4516	ENSG00000173698	Q8IZP9	symbol	
ADGRG6	HGNC:13841	ENSG00000112414	Q86SQ4	symbol	
ADGRG7	HGNC:19241	ENSG00000144820	Q96K78	symbol	
ADGRL2	HGNC:18582	ENSG00000117114	O95490	symbol	
ADGRV1	HGNC:17416	ENSG00000164199	Q8WXG9	symbol	
ADH1B	HGNC:250	ENSG00000196616	P00325	symbol	
ADH5	HGNC:253	ENSG00000197894	P11766	symbol	
ADH6	HGNC:255	ENSG00000172955	P28332	symbol	
ADH7	HGNC:256	ENSG00000196344	P40394	symbol	
ADI1	HGNC:30576	ENSG00000182551	Q9BV57	symbol	
ADIPOR1	HGNC:24040	ENSG00000159346	Q96A54	symbol	
ADIRF	HGNC:24043	ENSG00000148671	Q15847	symbol	
ADK	HGNC:257	ENSG00000156110	P55263	symbol	
ADNP	HGNC:15766	ENSG00000101126	Q9H2P0	symbol	
ADNP2	HGNC:23803	ENSG00000101544	Q6IQ32	symbol	
ADO	HGNC:23506	ENSG00000181915	Q96SZ5	symbol	
ADPGK	HGNC:25250	ENSG00000159322	Q9BRR6	symbol	
ADPRM	HGNC:30925	ENSG00000170222	Q3LIE5	symbol	
ADPRS	HGNC:21304	ENSG00000116863	Q9NX46	symbol	
ADRA2B	HGNC:282	ENSG00000274286	P18089	symbol	
ADRM1	HGNC:15759	ENSG00000130706	Q16186	symbol	
ADSL	HGNC:291	ENSG00000239900	P30566	symbol	
ADSS1	HGNC:20093	ENSG00000185100	Q8N142	symbol	
ADSS2	HGNC:292	ENSG00000035687	P30520	symbol	
ADTRP	HGNC:21214	ENSG00000111863	Q96IZ2	symbol	
AEBP2	HGNC:24051	ENSG00000139154	Q6ZN18	symbol	
AFAP1	HGNC:24017	ENSG00000196526	Q8N556	symbol	
AFAP1L1	HGNC:26714	ENSG00000157510	Q8TED9	symbol	
AFAP1L2	HGNC:25901	ENSG00000169129	Q8N4X5	symbol	
AFDN	HGNC:7137	ENSG00000130396	P55196	symbol	
AFF1	HGNC:7135	ENSG00000172493	P51825	symbol	
AFF3	HGNC:6473	ENSG00000144218	P51826	symbol	
AFF4	HGNC:17869	ENSG00000072364	Q9UHB7	symbol	
AFG3L2	HGNC:315	ENSG00000141385	Q9Y4W6	symbol	
AFM	HGNC:316	ENSG00000079557	P43652	symbol	
AFP	HGNC:317	ENSG00000081051	P02771	symbol	
AFTPH	HGNC:25951	ENSG00000119844	Q6ULP2	symbol	
AGA	HGNC:318	ENSG00000038002	P20933	symbol	
AGAP1	HGNC:16922	ENSG00000157985	Q9UPQ3	symbol	
AGAP2	HGNC:16921	ENSG00000135439	Q99490	symbol	
AGAP3	HGNC:16923	ENSG00000133612	Q96P47	symbol	
AGBL1	HGNC:26504	ENSG00000273540	Q96MI9	symbol	
AGBL3	HGNC:27981	ENSG00000146856	Q8NEM8	symbol	
AGFG1	HGNC:5175	ENSG00000173744	P52594	symbol	
AGFG2	HGNC:5177	ENSG00000106351	O95081	symbol	
AGGF1	HGNC:24684	ENSG00000164252	Q8N302	symbol	
AGK	HGNC:21869	ENSG00000006530	Q53H12	symbol	
AGL	HGNC:321	ENSG00000162688	P35573	symbol	
AGMAT	HGNC:18407	ENSG00000116771	Q9BSE5	symbol	
AGO1	HGNC:3262	ENSG00000092847	Q9UL18	symbol	
AGO2	HGNC:3263	ENSG00000123908	Q9UKV8	symbol	
AGO3	HGNC:18421	ENSG00000126070	Q9H9G7	symbol	
AGPAT1	HGNC:324	ENSG00000204310	Q99943	symbol	
AGPAT2	HGNC:325	ENSG00000169692	O15120	symbol	
AGPAT3	HGNC:326	ENSG00000160216	Q9NRZ7	symbol	
AGPAT5	HGNC:20886	ENSG00000155189	Q9NUQ2	symbol	
AGPS	HGNC:327	ENSG00000018510	O00116	symbol	
AGR2	HGNC:328	ENSG00000106541	O95994	symbol	
AGRN	HGNC:329	ENSG00000188157	O00468	symbol	
AGT	HGNC:333	ENSG00000135744	P01019	symbol	
AGTRAP	HGNC:13539	ENSG00000177674	Q6RW13	symbol	
AHCTF1	HGNC:24618	ENSG00000153207	Q8WYP5	symbol	
AHCY	HGNC:343	ENSG00000101444	P23526	symbol	
AHCYL1	HGNC:344	ENSG00000168710	O43865	symbol	
AHCYL2	HGNC:22204	ENSG00000158467	Q96HN2	symbol	
AHI1	HGNC:21575	ENSG00000135541	Q8N157	symbol	
AHNAK	HGNC:347	ENSG00000124942	Q09666	symbol	
AHNAK2	HGNC:20125	ENSG00000185567	Q8IVF2	symbol	
AHSA1	HGNC:1189	ENSG00000100591	O95433	symbol	
AHSG	HGNC:349	ENSG00000145192	P02765	symbol	
AIDA	HGNC:25761	ENSG00000186063	Q96BJ3	symbol	
AIF1	HGNC:352	ENSG00000204472	P55008	symbol	
AIF1L	HGNC:28904	ENSG00000126878	Q9BQI0	symbol	
AIFM1	HGNC:8768	ENSG00000156709	O95831	symbol	
AIFM2	HGNC:21411	ENSG00000042286	Q9BRQ8	symbol	
AIFM3	HGNC:26398	ENSG00000183773	Q96NN9	symbol	
AIM2	HGNC:357	ENSG00000163568	O14862	symbol	
AIMP1	HGNC:10648	ENSG00000164022	Q12904	symbol	
AIMP2	HGNC:20609	ENSG00000106305	Q13155	symbol	
AIP	HGNC:358	ENSG00000110711	O00170	symbol	
AIPL1	HGNC:359	ENSG00000129221	Q9NZN9	symbol	
AJUBA	HGNC:20250	ENSG00000129474	Q96IF1	symbol	
AK1	HGNC:361	ENSG00000106992	P00568	symbol	
AK2	HGNC:362	ENSG00000004455	P54819	symbol	
AK3	HGNC:17376	ENSG00000147853	Q9UIJ7	symbol	
AK4	HGNC:363	ENSG00000162433	P27144	symbol	
AK6	HGNC:49151	ENSG00000085231	Q9Y3D8	symbol	
AKAP1	HGNC:367	ENSG00000121057	Q92667	symbol	
AKAP10	HGNC:368	ENSG00000108599	O43572	symbol	
AKAP11	HGNC:369	ENSG00000023516	Q9UKA4	symbol	
AKAP12	HGNC:370	ENSG00000131016	Q02952	symbol	
AKAP13	HGNC:371	ENSG00000170776	Q12802	symbol	
AKAP17A	HGNC:18783	ENSG00000197976	Q02040	symbol	
AKAP3	HGNC:373	ENSG00000111254	O75969	symbol	
AKAP6	HGNC:376	ENSG00000151320	Q13023	symbol	
AKAP8	HGNC:378	ENSG00000105127	O43823	symbol	
AKAP8L	HGNC:29857	ENSG00000011243	Q9ULX6	symbol	
AKAP9	HGNC:379	ENSG00000127914	Q99996	symbol	
AKNAD1	HGNC:28398	ENSG00000162641	Q5T1N1	symbol	
AKR1A1	HGNC:380	ENSG00000117448	P14550	symbol	
AKR1B1	HGNC:381	ENSG00000085662	P15121	symbol	
AKR1B10	HGNC:382	ENSG00000198074	O60218	symbol	
AKR1C1	HGNC:384	ENSG00000187134	Q04828	symbol	
AKR1C2	HGNC:385	ENSG00000151632	P52895	symbol	
AKR1C3	HGNC:386	ENSG00000196139	P42330	symbol	
AKR1D1	HGNC:388	ENSG00000122787	P51857	symbol	
AKR7A2	HGNC:389	ENSG00000053371	O43488	symbol	
AKT1	HGNC:391	ENSG00000142208	P31749	symbol	
AKT1S1	HGNC:28426	ENSG00000204673	Q96B36	symbol	
AKT2	HGNC:392	ENSG00000105221	P31751	symbol	
AKTIP	HGNC:16710	ENSG00000166971	Q9H8T0	symbol	
ALAD	HGNC:395	ENSG00000148218	P13716	symbol	
ALAS1	HGNC:396	ENSG00000023330	P13196	symbol	
ALB	HGNC:399	ENSG00000163631	P02768	symbol	
ALCAM	HGNC:400	ENSG00000170017	Q13740	symbol	
ALDH16A1	HGNC:28114	ENSG00000161618	Q8IZ83	symbol	
ALDH18A1	HGNC:9722	ENSG00000059573	P54886	symbol	
ALDH1A1	HGNC:402	ENSG00000165092	P00352	symbol	
ALDH1A3	HGNC:409	ENSG00000184254	P47895	symbol	
ALDH1B1	HGNC:407	ENSG00000137124	P30837	symbol	
ALDH1L1	HGNC:3978	ENSG00000144908	O75891	symbol	
ALDH1L2	HGNC:26777	ENSG00000136010	Q3SY69	symbol	
ALDH2	HGNC:404	ENSG00000111275	P05091	symbol	
ALDH3A1	HGNC:405	ENSG00000108602	P30838	symbol	
ALDH3A2	HGNC:403	ENSG00000072210	P51648	symbol	
ALDH3B1	HGNC:410	ENSG00000006534	P43353	symbol	
ALDH3B2	HGNC:411	ENSG00000132746	P48448	symbol	
ALDH4A1	HGNC:406	ENSG00000159423	P30038	symbol	
ALDH5A1	HGNC:408	ENSG00000112294	P51649	symbol	
ALDH6A1	HGNC:7179	ENSG00000119711	Q02252	symbol	
ALDH7A1	HGNC:877	ENSG00000164904	P49419	symbol	
ALDH9A1	HGNC:412	ENSG00000143149	P49189	symbol	
ALDOA	HGNC:414	ENSG00000149925	P04075	symbol	
ALDOB	HGNC:417	ENSG00000136872	P05062	symbol	
ALDOC	HGNC:418	ENSG00000109107	P09972	symbol	
ALG1	HGNC:18294	ENSG00000033011	Q9BT22	symbol	
ALG10	HGNC:23162	ENSG00000139133	Q5BKT4	symbol	
ALG10B	HGNC:31088	ENSG00000175548	Q5I7T1	symbol	
ALG11	HGNC:32456	ENSG00000253710	Q2TAA5	symbol	
ALG13	HGNC:30881	ENSG00000101901	Q9NP73	symbol	
ALG2	HGNC:23159	ENSG00000119523	Q9H553	symbol	
ALG3	HGNC:23056	ENSG00000214160	Q92685	symbol	
ALG5	HGNC:20266	ENSG00000120697	Q9Y673	symbol	
ALG6	HGNC:23157	ENSG00000088035	Q9Y672	symbol	
ALG8	HGNC:23161	ENSG00000159063	Q9BVK2	symbol	
ALG9	HGNC:15672	ENSG00000086848	Q9H6U8	symbol	
ALK	HGNC:427	ENSG00000171094	Q9UM73	symbol	
ALKBH1	HGNC:17911	ENSG00000100601	Q13686	symbol	
ALKBH2	HGNC:32487	ENSG00000189046	Q6NS38	symbol	
ALKBH5	HGNC:25996	ENSG00000091542	Q6P6C2	symbol	
ALKBH6	HGNC:28243	ENSG00000239382	Q3KRA9	symbol	
ALLC	HGNC:17377	ENSG00000151360	Q8N6M5	symbol	
ALOX12	HGNC:429	ENSG00000108839	P18054	symbol	
ALOX12B	HGNC:430	ENSG00000179477	O75342	symbol	
ALOX15B	HGNC:434	ENSG00000179593	O15296	symbol	
ALOX5	HGNC:435	ENSG00000012779	P09917	symbol	
ALOX5AP	HGNC:436	ENSG00000132965	P20292	symbol	
ALOXE3	HGNC:13743	ENSG00000179148	Q9BYJ1	symbol	
ALPI	HGNC:437	ENSG00000163295	P09923	symbol	
ALPK3	HGNC:17574	ENSG00000136383	Q96L96	symbol	
ALX1	HGNC:1494	ENSG00000180318	Q15699	symbol	
ALYREF	HGNC:19071	ENSG00000183684	Q86V81	symbol	
AMACR	HGNC:451	ENSG00000242110	Q9UHK6	symbol	
AMBP	HGNC:453	ENSG00000106927	P02760	symbol	
AMBRA1	HGNC:25990	ENSG00000110497	Q9C0C7	symbol	
AMD1	HGNC:457	ENSG00000123505	P17707	symbol	
AMDHD2	HGNC:24262	ENSG00000162066	Q9Y303	symbol	
AMFR	HGNC:463	ENSG00000159461	Q9UKV5	symbol	
AMMECR1	HGNC:467	ENSG00000101935	Q9Y4X0	symbol	
AMPD2	HGNC:469	ENSG00000116337	Q01433	symbol	
AMPD3	HGNC:470	ENSG00000133805	Q01432	symbol	
AMPH	HGNC:471	ENSG00000078053	P49418	symbol	
AMT	HGNC:473	ENSG00000145020	P48728	symbol	
AMY1A	HGNC:474	ENSG00000237763	P0DUB6	symbol	
AMY1B	HGNC:475	ENSG00000174876	P0DTE7	symbol	
AMY1C	HGNC:476	ENSG00000187733	P0DTE8	symbol	
AMY2A	HGNC:477	ENSG00000243480	P04746	symbol	
AMY2B	HGNC:478	ENSG00000240038	P19961	symbol	
AMZ2	HGNC:28041	ENSG00000196704	Q86W34	symbol	
ANAPC1	HGNC:19988	ENSG00000153107	Q9H1A4	symbol	
ANAPC10	HGNC:24077	ENSG00000164162	Q9UM13	symbol	
ANAPC11	HGNC:14452	ENSG00000141552	Q9NYG5	symbol	
ANAPC15	HGNC:24531	ENSG00000110200	P60006	symbol	
ANAPC16	HGNC:26976	ENSG00000166295	Q96DE5	symbol	
ANAPC2	HGNC:19989	ENSG00000176248	Q9UJX6	symbol	
ANAPC4	HGNC:19990	ENSG00000053900	Q9UJX5	symbol	
ANAPC5	HGNC:15713	ENSG00000089053	Q9UJX4	symbol	
ANAPC7	HGNC:17380	ENSG00000196510	Q9UJX3	symbol	
ANGEL2	HGNC:30534	ENSG00000174606	Q5VTE6	symbol	
ANGPTL1	HGNC:489	ENSG00000116194	O95841	symbol	
ANGPTL3	HGNC:491	ENSG00000132855	Q9Y5C1	symbol	
ANK2	HGNC:493	ENSG00000145362	Q01484	symbol	
ANK3	HGNC:494	ENSG00000151150	Q12955	symbol	
ANKEF1	HGNC:15803	ENSG00000132623	Q9NU02	symbol	
ANKFN1	HGNC:26766	ENSG00000153930	Q8N957	symbol	
ANKFY1	HGNC:20763	ENSG00000185722	Q9P2R3	symbol	
ANKH	HGNC:15492	ENSG00000154122	Q9HCJ1	symbol	
ANKHD1	HGNC:24714	ENSG00000131503	Q8IWZ3	symbol	
ANKIB1	HGNC:22215	ENSG00000001629	Q9P2G1	symbol	
ANKLE2	HGNC:29101	ENSG00000176915	Q86XL3	symbol	
ANKMY2	HGNC:25370	ENSG00000106524	Q8IV38	symbol	
ANKRD13A	HGNC:21268	ENSG00000076513	Q8IZ07	symbol	
ANKRD17	HGNC:23575	ENSG00000132466	O75179	symbol	
ANKRD2	HGNC:495	ENSG00000165887	Q9GZV1	symbol	
ANKRD22	HGNC:28321	ENSG00000152766	Q5VYY1	symbol	
ANKRD28	HGNC:29024	ENSG00000206560	O15084	symbol	
ANKRD30A	HGNC:17234	ENSG00000148513	Q9BXX3	symbol	
ANKRD30B	HGNC:24165	ENSG00000180777	Q9BXX2	symbol	
ANKRD31	HGNC:26853	ENSG00000145700	Q8N7Z5	symbol	
ANKRD35	HGNC:26323	ENSG00000198483	Q8N283	symbol	
ANKRD40	HGNC:28233	ENSG00000154945	Q6AI12	symbol	
ANKRD44	HGNC:25259	ENSG00000065413	Q8N8A2	symbol	
ANKRD50	HGNC:29223	ENSG00000151458	Q9ULJ7	symbol	
ANKRD52	HGNC:26614	ENSG00000139645	Q8NB46	symbol	
ANKRD54	HGNC:25185	ENSG00000100124	Q6NXT1	symbol	
ANKS1A	HGNC:20961	ENSG00000064999	Q92625	symbol	
ANKS4B	HGNC:26795	ENSG00000175311	Q8N8V4	symbol	
ANKS6	HGNC:26724	ENSG00000165138	Q68DC2	symbol	
ANKZF1	HGNC:25527	ENSG00000163516	Q9H8Y5	symbol	
ANLN	HGNC:14082	ENSG00000011426	Q9NQW6	symbol	
ANO10	HGNC:25519	ENSG00000160746	Q9NW15	symbol	
ANO5	HGNC:27337	ENSG00000171714	Q75V66	symbol	
ANO6	HGNC:25240	ENSG00000177119	Q4KMQ2	symbol	
ANOS1	HGNC:6211	ENSG00000011201	P23352	symbol	
ANP32A	HGNC:13233	ENSG00000140350	P39687	symbol	
ANP32B	HGNC:16677	ENSG00000136938	Q92688	symbol	
ANP32E	HGNC:16673	ENSG00000143401	Q9BTT0	symbol	
ANPEP	HGNC:500	ENSG00000166825	P15144	symbol	
ANTXR1	HGNC:21014	ENSG00000169604	Q9H6X2	symbol	
ANTXR2	HGNC:21732	ENSG00000163297	P58335	symbol	
ANXA1	HGNC:533	ENSG00000135046	P04083	symbol	
ANXA11	HGNC:535	ENSG00000122359	P50995	symbol	
ANXA13	HGNC:536	ENSG00000104537	P27216	symbol	
ANXA2	HGNC:537	ENSG00000182718	P07355	symbol	
ANXA3	HGNC:541	ENSG00000138772	P12429	symbol	
ANXA4	HGNC:542	ENSG00000196975	P09525	symbol	
ANXA5	HGNC:543	ENSG00000164111	P08758	symbol	
ANXA6	HGNC:544	ENSG00000197043	P08133	symbol	
ANXA7	HGNC:545	ENSG00000138279	P20073	symbol	
ANXA8	HGNC:546	ENSG00000265190	P13928	symbol	
ANXA8L1	HGNC:23334	ENSG00000264230	Q5VT79	symbol	
ANXA9	HGNC:547	ENSG00000143412	O76027	symbol	
AP1AR	HGNC:28808	ENSG00000138660	Q63HQ0	symbol	
AP1B1	HGNC:554	ENSG00000100280	Q10567	symbol	
AP1G1	HGNC:555	ENSG00000166747	O43747	symbol	
AP1G2	HGNC:556	ENSG00000213983	O75843	symbol	
AP1M1	HGNC:13667	ENSG00000072958	Q9BXS5	symbol	
AP1S1	HGNC:559	ENSG00000106367	P61966	symbol	
AP1S2	HGNC:560	ENSG00000182287	P56377	symbol	
AP1S3	HGNC:18971	ENSG00000152056	Q96PC3	symbol	
AP2A1	HGNC:561	ENSG00000196961	O95782	symbol	
AP2A2	HGNC:562	ENSG00000183020	O94973	symbol	
AP2B1	HGNC:563	ENSG00000006125	P63010	symbol	
AP2M1	HGNC:564	ENSG00000161203	Q96CW1	symbol	
AP2S1	HGNC:565	ENSG00000042753	P53680	symbol	
AP3B1	HGNC:566	ENSG00000132842	O00203	symbol	
AP3D1	HGNC:568	ENSG00000065000	O14617	symbol	
AP3M1	HGNC:569	ENSG00000185009	Q9Y2T2	symbol	
AP3S1	HGNC:2013	ENSG00000177879	Q92572	symbol	
AP4B1	HGNC:572	ENSG00000134262	Q9Y6B7	symbol	
AP4E1	HGNC:573	ENSG00000081014	Q9UPM8	symbol	
AP4M1	HGNC:574	ENSG00000221838	O00189	symbol	
AP4S1	HGNC:575	ENSG00000100478	Q9Y587	symbol	
AP5Z1	HGNC:22197	ENSG00000242802	O43299	symbol	
APAF1	HGNC:576	ENSG00000120868	O14727	symbol	
APBA3	HGNC:580	ENSG00000011132	O96018	symbol	
APBB1IP	HGNC:17379	ENSG00000077420	Q7Z5R6	symbol	
APC	HGNC:583	ENSG00000134982	P25054	symbol	
APC2	HGNC:24036	ENSG00000115266	O95996	symbol	
APCS	HGNC:584	ENSG00000132703	P02743	symbol	
APEH	HGNC:586	ENSG00000164062	P13798	symbol	
APEX1	HGNC:587	ENSG00000100823	P27695	symbol	
APEX2	HGNC:17889	ENSG00000169188	Q9UBZ4	symbol	
APH1A	HGNC:29509	ENSG00000117362	Q96BI3	symbol	
API5	HGNC:594	ENSG00000166181	Q9BZZ5	symbol	
APIP	HGNC:17581	ENSG00000149089	Q96GX9	symbol	
APLF	HGNC:28724	ENSG00000169621	Q8IW19	symbol	
APLP1	HGNC:597	ENSG00000105290	P51693	symbol	
APMAP	HGNC:13238	ENSG00000101474	Q9HDC9	symbol	
APOA1	HGNC:600	ENSG00000118137	P02647	symbol	
APOA4	HGNC:602	ENSG00000110244	P06727	symbol	
APOB	HGNC:603	ENSG00000084674	P04114	symbol	
APOBEC3A	HGNC:17343	ENSG00000128383	P31941	symbol	
APOBEC3B	HGNC:17352	ENSG00000179750	Q9UH17	symbol	
APOBEC3C	HGNC:17353	ENSG00000244509	Q9NRW3	symbol	
APOBEC3D	HGNC:17354	ENSG00000243811	Q96AK3	symbol	
APOBEC3F	HGNC:17356	ENSG00000128394	Q8IUX4	symbol	
APOBEC3G	HGNC:17357	ENSG00000239713	Q9HC16	symbol	
APOBR	HGNC:24087	ENSG00000184730	Q0VD83	symbol	
APOC3	HGNC:610	ENSG00000110245	P02656	symbol	
APOD	HGNC:612	ENSG00000189058	P05090	symbol	
APOE	HGNC:613	ENSG00000130203	P02649	symbol	
APOH	HGNC:616	ENSG00000091583	P02749	symbol	
APOL1	HGNC:618	ENSG00000100342	O14791	symbol	
APOL2	HGNC:619	ENSG00000128335	Q9BQE5	symbol	
APOL3	HGNC:14868	ENSG00000128284	O95236	symbol	
APOL6	HGNC:14870	ENSG00000221963	Q9BWW8	symbol	
APOM	HGNC:13916	ENSG00000204444	O95445	symbol	
APOO	HGNC:28727	ENSG00000184831	Q9BUR5	symbol	
APOOL	HGNC:24009	ENSG00000155008	Q6UXV4	symbol	
APP	HGNC:620	ENSG00000142192	P05067	symbol	
APPL1	HGNC:24035	ENSG00000157500	Q9UKG1	symbol	
APPL2	HGNC:18242	ENSG00000136044	Q8NEU8	symbol	
APRT	HGNC:626	ENSG00000198931	P07741	symbol	
APTX	HGNC:15984	ENSG00000137074	Q7Z2E3	symbol	
AQP1	HGNC:633	ENSG00000240583	P29972	symbol	
AQR	HGNC:29513	ENSG00000021776	O60306	symbol	
AR	HGNC:644	ENSG00000169083	P10275	symbol	
ARAF	HGNC:646	ENSG00000078061	P10398	symbol	
ARAP1	HGNC:16925	ENSG00000186635	Q96P48	symbol	
ARAP2	HGNC:16924	ENSG00000047365	Q8WZ64	symbol	
ARAP3	HGNC:24097	ENSG00000120318	Q8WWN8	symbol	
ARCN1	HGNC:649	ENSG00000095139	P48444	symbol	
ARF1	HGNC:652	ENSG00000143761	P84077	symbol	
ARF3	HGNC:654	ENSG00000134287	P61204	symbol	
ARF4	HGNC:655	ENSG00000168374	P18085	symbol	
ARF5	HGNC:658	ENSG00000004059	P84085	symbol	
ARF6	HGNC:659	ENSG00000165527	P62330	symbol	
ARFGAP1	HGNC:15852	ENSG00000101199	Q8N6T3	symbol	
ARFGAP2	HGNC:13504	ENSG00000149182	Q8N6H7	symbol	
ARFGAP3	HGNC:661	ENSG00000242247	Q9NP61	symbol	
ARFGEF1	HGNC:15772	ENSG00000066777	Q9Y6D6	symbol	
ARFGEF2	HGNC:15853	ENSG00000124198	Q9Y6D5	symbol	
ARFIP1	HGNC:21496	ENSG00000164144	P53367	symbol	
ARFIP2	HGNC:17160	ENSG00000132254	P53365	symbol	
ARFRP1	HGNC:662	ENSG00000101246	Q13795	symbol	
ARG1	HGNC:663	ENSG00000118520	P05089	symbol	
ARG2	HGNC:664	ENSG00000081181	P78540	symbol	
ARGLU1	HGNC:25482	ENSG00000134884	Q9NWB6	symbol	
ARHGAP1	HGNC:673	ENSG00000175220	Q07960	symbol	
ARHGAP11A	HGNC:15783	ENSG00000198826	Q6P4F7	symbol	
ARHGAP12	HGNC:16348	ENSG00000165322	Q8IWW6	symbol	
ARHGAP15	HGNC:21030	ENSG00000075884	Q53QZ3	symbol	
ARHGAP17	HGNC:18239	ENSG00000140750	Q68EM7	symbol	
ARHGAP18	HGNC:21035	ENSG00000146376	Q8N392	symbol	
ARHGAP20	HGNC:18357	ENSG00000137727	Q9P2F6	symbol	
ARHGAP21	HGNC:23725	ENSG00000107863	Q5T5U3	symbol	
ARHGAP23	HGNC:29293	ENSG00000275832	Q9P227	symbol	
ARHGAP24	HGNC:25361	ENSG00000138639	Q8N264	symbol	
ARHGAP25	HGNC:28951	ENSG00000163219	P42331	symbol	
ARHGAP28	HGNC:25509	ENSG00000088756	Q9P2N2	symbol	
ARHGAP29	HGNC:30207	ENSG00000137962	Q52LW3	symbol	
ARHGAP30	HGNC:27414	ENSG00000186517	Q7Z6I6	symbol	
ARHGAP31	HGNC:29216	ENSG00000031081	Q2M1Z3	symbol	
ARHGAP33	HGNC:23085	ENSG00000004777	O14559	symbol	
ARHGAP35	HGNC:4591	ENSG00000160007	Q9NRY4	symbol	
ARHGAP4	HGNC:674	ENSG00000089820	P98171	symbol	
ARHGAP42	HGNC:26545	ENSG00000165895	A6NI28	symbol	
ARHGAP45	HGNC:17102	ENSG00000180448	Q92619	symbol	
ARHGAP5	HGNC:675	ENSG00000100852	Q13017	symbol	
ARHGAP9	HGNC:14130	ENSG00000123329	Q9BRR9	symbol	
ARHGDIA	HGNC:678	ENSG00000141522	P52565	symbol	
ARHGDIB	HGNC:679	ENSG00000111348	P52566	symbol	
ARHGEF1	HGNC:681	ENSG00000076928	Q92888	symbol	
ARHGEF10	HGNC:14103	ENSG00000104728	O15013	symbol	
ARHGEF11	HGNC:14580	ENSG00000132694	O15085	symbol	
ARHGEF12	HGNC:14193	ENSG00000196914	Q9NZN5	symbol	
ARHGEF16	HGNC:15515	ENSG00000130762	Q5VV41	symbol	
ARHGEF18	HGNC:17090	ENSG00000104880	Q6ZSZ5	symbol	
ARHGEF2	HGNC:682	ENSG00000116584	Q92974	symbol	
ARHGEF39	HGNC:25909	ENSG00000137135	Q8N4T4	symbol	
ARHGEF40	HGNC:25516	ENSG00000165801	Q8TER5	symbol	
ARHGEF5	HGNC:13209	ENSG00000050327	Q12774	symbol	
ARHGEF6	HGNC:685	ENSG00000129675	Q15052	symbol	
ARHGEF7	HGNC:15607	ENSG00000102606	Q14155	symbol	
ARID1A	HGNC:11110	ENSG00000117713	O14497	symbol	
ARID1B	HGNC:18040	ENSG00000049618	Q8NFD5	symbol	
ARID2	HGNC:18037	ENSG00000189079	Q68CP9	symbol	
ARID3A	HGNC:3031	ENSG00000116017	Q99856	symbol	
ARID4A	HGNC:9885	ENSG00000032219	P29374	symbol	
ARID4B	HGNC:15550	ENSG00000054267	Q4LE39	symbol	
ARID5A	HGNC:17361	ENSG00000196843	Q03989	symbol	
ARIH1	HGNC:689	ENSG00000166233	Q9Y4X5	symbol	
ARIH2	HGNC:690	ENSG00000177479	O95376	symbol	
ARL1	HGNC:692	ENSG00000120805	P40616	symbol	
ARL2	HGNC:693	ENSG00000213465	P36404	symbol	
ARL2BP	HGNC:17146	ENSG00000102931	Q9Y2Y0	symbol	
ARL3	HGNC:694	ENSG00000138175	P36405	symbol	
ARL4C	HGNC:698	ENSG00000188042	P56559	symbol	
ARL5A	HGNC:696	ENSG00000162980	Q9Y689	symbol	
ARL5B	HGNC:23052	ENSG00000165997	Q96KC2	symbol	
ARL6IP1	HGNC:697	ENSG00000170540	Q15041	symbol	
ARL6IP4	HGNC:18076	ENSG00000182196	Q66PJ3	symbol	
ARL6IP5	HGNC:16937	ENSG00000144746	O75915	symbol	
ARL6IP6	HGNC:24048	ENSG00000177917	Q8N6S5	symbol	
ARL8A	HGNC:25192	ENSG00000143862	Q96BM9	symbol	
ARL8B	HGNC:25564	ENSG00000134108	Q9NVJ2	symbol	
ARMC1	HGNC:17684	ENSG00000104442	Q9NVT9	symbol	
ARMC10	HGNC:21706	ENSG00000170632	Q8N2F6	symbol	
ARMC3	HGNC:30964	ENSG00000165309	Q5W041	symbol	
ARMC6	HGNC:25049	ENSG00000105676	Q6NXE6	symbol	
ARMC8	HGNC:24999	ENSG00000114098	Q8IUR7	symbol	
ARMC9	HGNC:20730	ENSG00000135931	Q7Z3E5	symbol	
ARMCX3	HGNC:24065	ENSG00000102401	Q9UH62	symbol	
ARMCX4	HGNC:28615	ENSG00000196440	Q5H9R4	symbol	
ARMH3	HGNC:25788	ENSG00000120029	Q5T2E6	symbol	
ARMT1	HGNC:17872	ENSG00000146476	Q9H993	alias_or_prev_symbol	
ARNT	HGNC:700	ENSG00000143437	P27540	symbol	
ARPC1A	HGNC:703	ENSG00000241685	Q92747	symbol	
ARPC1B	HGNC:704	ENSG00000130429	O15143	symbol	
ARPC2	HGNC:705	ENSG00000163466	O15144	symbol	
ARPC3	HGNC:706	ENSG00000111229	O15145	symbol	
ARPC4	HGNC:707	ENSG00000241553	P59998	symbol	
ARPC5	HGNC:708	ENSG00000162704	O15511	symbol	
ARPC5L	HGNC:23366	ENSG00000136950	Q9BPX5	symbol	
ARPIN	HGNC:28782	ENSG00000242498	Q7Z6K5	symbol	
ARPP19	HGNC:16967	ENSG00000128989	P56211	symbol	
ARR3	HGNC:710	ENSG00000120500	P36575	symbol	
ARRB1	HGNC:711	ENSG00000137486	P49407	symbol	
ARRB2	HGNC:712	ENSG00000141480	P32121	symbol	
ARRDC1	HGNC:28633	ENSG00000197070	Q8N5I2	symbol	
ARSA	HGNC:713	ENSG00000100299	P15289	symbol	
ARSB	HGNC:714	ENSG00000113273	P15848	symbol	
ARSF	HGNC:721	ENSG00000062096	P54793	symbol	
ARV1	HGNC:29561	ENSG00000173409	Q9H2C2	symbol	
ARVCF	HGNC:728	ENSG00000099889	O00192	symbol	
ASAH1	HGNC:735	ENSG00000104763	Q13510	symbol	
ASAP1	HGNC:2720	ENSG00000153317	Q9ULH1	symbol	
ASAP2	HGNC:2721	ENSG00000151693	O43150	symbol	
ASAP3	HGNC:14987	ENSG00000088280	Q8TDY4	symbol	
ASB16	HGNC:19768	ENSG00000161664	Q96NS5	symbol	
ASB3	HGNC:16013	ENSG00000115239	Q9Y575	symbol	
ASB6	HGNC:17181	ENSG00000148331	Q9NWX5	symbol	
ASB9	HGNC:17184	ENSG00000102048	Q96DX5	symbol	
ASCC1	HGNC:24268	ENSG00000138303	Q8N9N2	symbol	
ASCC2	HGNC:24103	ENSG00000100325	Q9H1I8	symbol	
ASCC3	HGNC:18697	ENSG00000112249	Q8N3C0	symbol	
ASDURF	HGNC:53619	ENSG00000286053	L0R819	symbol	
ASF1A	HGNC:20995	ENSG00000111875	Q9Y294	symbol	
ASH1L	HGNC:19088	ENSG00000116539	Q9NR48	symbol	
ASH2L	HGNC:744	ENSG00000129691	Q9UBL3	symbol	
ASL	HGNC:746	ENSG00000126522	P04424	symbol	
ASMTL	HGNC:751	ENSG00000169093	O95671	symbol	
ASNS	HGNC:753	ENSG00000070669	P08243	symbol	
ASPG	HGNC:20123	ENSG00000166183	Q86U10	symbol	
ASPH	HGNC:757	ENSG00000198363	Q12797	symbol	
ASPM	HGNC:19048	ENSG00000066279	Q8IZT6	symbol	
ASPRV1	HGNC:26321	ENSG00000244617	Q53RT3	symbol	
ASPSCR1	HGNC:13825	ENSG00000169696	Q9BZE9	symbol	
ASRGL1	HGNC:16448	ENSG00000162174	Q7L266	symbol	
ASS1	HGNC:758	ENSG00000130707	P00966	symbol	
ASXL1	HGNC:18318	ENSG00000171456	Q8IXJ9	symbol	
ASZ1	HGNC:1350	ENSG00000154438	Q8WWH4	symbol	
ATAD1	HGNC:25903	ENSG00000138138	Q8NBU5	symbol	
ATAD2	HGNC:30123	ENSG00000156802	Q6PL18	symbol	
ATAD2B	HGNC:29230	ENSG00000119778	Q9ULI0	symbol	
ATAD3A	HGNC:25567	ENSG00000197785	Q9NVI7	symbol	
ATAD3B	HGNC:24007	ENSG00000160072	Q5T9A4	symbol	
ATAD5	HGNC:25752	ENSG00000176208	Q96QE3	symbol	
ATE1	HGNC:782	ENSG00000107669	O95260	symbol	
ATF1	HGNC:783	ENSG00000123268	P18846	symbol	
ATF2	HGNC:784	ENSG00000115966	P15336	symbol	
ATF7	HGNC:792	ENSG00000170653	P17544	symbol	
ATF7IP	HGNC:20092	ENSG00000171681	Q6VMQ6	symbol	
ATG101	HGNC:25679	ENSG00000123395	Q9BSB4	symbol	
ATG12	HGNC:588	ENSG00000145782	O94817	symbol	
ATG13	HGNC:29091	ENSG00000175224	O75143	symbol	
ATG16L1	HGNC:21498	ENSG00000085978	Q676U5	symbol	
ATG2B	HGNC:20187	ENSG00000066739	Q96BY7	symbol	
ATG3	HGNC:20962	ENSG00000144848	Q9NT62	symbol	
ATG4B	HGNC:20790	ENSG00000168397	Q9Y4P1	symbol	
ATG5	HGNC:589	ENSG00000057663	Q9H1Y0	symbol	
ATG7	HGNC:16935	ENSG00000197548	O95352	symbol	
ATG9A	HGNC:22408	ENSG00000198925	Q7Z3C6	symbol	
ATIC	HGNC:794	ENSG00000138363	P31939	symbol	
ATL1	HGNC:11231	ENSG00000198513	Q8WXF7	symbol	
ATL2	HGNC:24047	ENSG00000119787	Q8NHH9	symbol	
ATL3	HGNC:24526	ENSG00000184743	Q6DD88	symbol	
ATM	HGNC:795	ENSG00000149311	Q13315	symbol	
ATMIN	HGNC:29034	ENSG00000166454	O43313	symbol	
ATOX1	HGNC:798	ENSG00000177556	O00244	symbol	
ATP11A	HGNC:13552	ENSG00000068650	P98196	symbol	
ATP11B	HGNC:13553	ENSG00000058063	Q9Y2G3	symbol	
ATP11C	HGNC:13554	ENSG00000101974	Q8NB49	symbol	
ATP13A1	HGNC:24215	ENSG00000105726	Q9HD20	symbol	
ATP13A2	HGNC:30213	ENSG00000159363	Q9NQ11	symbol	
ATP13A3	HGNC:24113	ENSG00000133657	Q9H7F0	symbol	
ATP13A5	HGNC:31789	ENSG00000187527	Q4VNC0	symbol	
ATP1A1	HGNC:799	ENSG00000163399	P05023	symbol	
ATP1A3	HGNC:801	ENSG00000105409	P13637	symbol	
ATP1B1	HGNC:804	ENSG00000143153	P05026	symbol	
ATP1B3	HGNC:806	ENSG00000069849	P54709	symbol	
ATP1B4	HGNC:808	ENSG00000101892	Q9UN42	symbol	
ATP2A1	HGNC:811	ENSG00000196296	O14983	symbol	
ATP2A2	HGNC:812	ENSG00000174437	P16615	symbol	
ATP2A3	HGNC:813	ENSG00000074370	Q93084	symbol	
ATP2B1	HGNC:814	ENSG00000070961	P20020	symbol	
ATP2B3	HGNC:816	ENSG00000067842	Q16720	symbol	
ATP2B4	HGNC:817	ENSG00000058668	P23634	symbol	
ATP2C1	HGNC:13211	ENSG00000017260	P98194	symbol	
ATP2C2	HGNC:29103	ENSG00000064270	O75185	symbol	
ATP4A	HGNC:819	ENSG00000105675	P20648	symbol	
ATP5F1A	HGNC:823	ENSG00000152234	P25705	symbol	
ATP5F1B	HGNC:830	ENSG00000110955	P06576	symbol	
ATP5F1C	HGNC:833	ENSG00000165629	P36542	symbol	
ATP5F1D	HGNC:837	ENSG00000099624	P30049	symbol	
ATP5F1E	HGNC:838	ENSG00000124172	P56381	symbol	
ATP5F1EP2	HGNC:34026	ENSG00000180389	Q5VTU8	symbol	
ATP5IF1	HGNC:871	ENSG00000130770	Q9UII2	symbol	
ATP5MC2	HGNC:842	ENSG00000135390	Q06055	symbol	
ATP5MC3	HGNC:843	ENSG00000154518	P48201	symbol	
ATP5ME	HGNC:846	ENSG00000169020	P56385	symbol	
ATP5MF	HGNC:848	ENSG00000241468	P56134	symbol	
ATP5MG	HGNC:14247	ENSG00000167283	O75964	symbol	
ATP5MJ	HGNC:1188	ENSG00000156411	P56378	symbol	
ATP5MK	HGNC:30889	ENSG00000173915	Q96IX5	symbol	
ATP5PB	HGNC:840	ENSG00000116459	P24539	symbol	
ATP5PD	HGNC:845	ENSG00000167863	O75947	symbol	
ATP5PF	HGNC:847	ENSG00000154723	P18859	symbol	
ATP5PO	HGNC:850	ENSG00000241837	P48047	symbol	
ATP6AP1	HGNC:868	ENSG00000071553	Q15904	symbol	
ATP6AP2	HGNC:18305	ENSG00000182220	O75787	symbol	
ATP6V0A1	HGNC:865	ENSG00000033627	Q93050	symbol	
ATP6V0A2	HGNC:18481	ENSG00000185344	Q9Y487	symbol	
ATP6V0C	HGNC:855	ENSG00000185883	P27449	symbol	
ATP6V0D1	HGNC:13724	ENSG00000159720	P61421	symbol	
ATP6V1A	HGNC:851	ENSG00000114573	P38606	symbol	
ATP6V1B2	HGNC:854	ENSG00000147416	P21281	symbol	
ATP6V1C1	HGNC:856	ENSG00000155097	P21283	symbol	
ATP6V1C2	HGNC:18264	ENSG00000143882	Q8NEY4	symbol	
ATP6V1D	HGNC:13527	ENSG00000100554	Q9Y5K8	symbol	
ATP6V1E1	HGNC:857	ENSG00000131100	P36543	symbol	
ATP6V1F	HGNC:16832	ENSG00000128524	Q16864	symbol	
ATP6V1G1	HGNC:864	ENSG00000136888	O75348	symbol	
ATP6V1H	HGNC:18303	ENSG00000047249	Q9UI12	symbol	
ATP7A	HGNC:869	ENSG00000165240	Q04656	symbol	
ATP8A1	HGNC:13531	ENSG00000124406	Q9Y2Q0	symbol	
ATP8B1	HGNC:3706	ENSG00000081923	O43520	symbol	
ATP9A	HGNC:13540	ENSG00000054793	O75110	symbol	
ATP9B	HGNC:13541	ENSG00000166377	O43861	symbol	
ATPAF1	HGNC:18803	ENSG00000123472	Q5TC12	symbol	
ATPAF2	HGNC:18802	ENSG00000171953	Q8N5M1	symbol	
ATR	HGNC:882	ENSG00000175054	Q13535	symbol	
ATRAID	HGNC:24090	ENSG00000138085	Q6UW56	symbol	
ATRIP	HGNC:33499	ENSG00000164053	Q8WXE1	symbol	
ATRN	HGNC:885	ENSG00000088812	O75882	symbol	
ATRX	HGNC:886	ENSG00000085224	P46100	symbol	
ATXN10	HGNC:10549	ENSG00000130638	Q9UBB4	symbol	
ATXN2	HGNC:10555	ENSG00000204842	Q99700	symbol	
ATXN2L	HGNC:31326	ENSG00000168488	Q8WWM7	symbol	
ATXN3	HGNC:7106	ENSG00000066427	P54252	symbol	
ATXN7	HGNC:10560	ENSG00000163635	O15265	symbol	
ATXN7L1	HGNC:22210	ENSG00000146776	Q9ULK2	symbol	
ATXN7L3B	HGNC:37931	ENSG00000253719	Q96GX2	symbol	
AUH	HGNC:890	ENSG00000148090	Q13825	symbol	
AUP1	HGNC:891	ENSG00000115307	Q9Y679	symbol	
AURKA	HGNC:11393	ENSG00000087586	O14965	symbol	
AURKB	HGNC:11390	ENSG00000178999	Q96GD4	symbol	
AUTS2	HGNC:14262	ENSG00000158321	Q8WXX7	symbol	
AVEN	HGNC:13509	ENSG00000169857	Q9NQS1	symbol	
AVIL	HGNC:14188	ENSG00000135407	O75366	symbol	
AVL9	HGNC:28994	ENSG00000105778	Q8NBF6	symbol	
AXDND1	HGNC:26564	ENSG00000162779	Q5T1B0	symbol	
AXIN1	HGNC:903	ENSG00000103126	O15169	symbol	
AXL	HGNC:905	ENSG00000167601	P30530	symbol	
AZGP1	HGNC:910	ENSG00000160862	P25311	symbol	
AZI2	HGNC:24002	ENSG00000163512	Q9H6S1	symbol	
AZIN2	HGNC:29957	ENSG00000142920	Q96A70	symbol	
AZU1	HGNC:913	ENSG00000172232	P20160	symbol	
B2M	HGNC:914	ENSG00000166710	P61769	symbol	
B3GALNT1	HGNC:918	ENSG00000169255	O75752	symbol	
B3GALT2	HGNC:917	ENSG00000162630	O43825	symbol	
B3GALT6	HGNC:17978	ENSG00000176022	Q96L58	symbol	
B3GAT3	HGNC:923	ENSG00000149541	O94766	symbol	
B3GLCT	HGNC:20207	ENSG00000187676	Q6Y288	symbol	
B4GALNT2	HGNC:24136	ENSG00000167080	Q8NHY0	symbol	
B4GALNT4	HGNC:26315	ENSG00000182272	Q76KP1	symbol	
B4GALT1	HGNC:924	ENSG00000086062	P15291	symbol	
B4GALT4	HGNC:927	ENSG00000121578	O60513	symbol	
B4GALT7	HGNC:930	ENSG00000027847	Q9UBV7	symbol	
B4GAT1	HGNC:15685	ENSG00000174684	O43505	symbol	
B9D1	HGNC:24123	ENSG00000108641	Q9UPM9	symbol	
BABAM1	HGNC:25008	ENSG00000105393	Q9NWV8	symbol	
BABAM2	HGNC:1106	ENSG00000158019	Q9NXR7	symbol	
BACH1	HGNC:935	ENSG00000156273	O14867	symbol	
BAD	HGNC:936	ENSG00000002330	Q92934	symbol	
BAG1	HGNC:937	ENSG00000107262	Q99933	symbol	
BAG2	HGNC:938	ENSG00000112208	O95816	symbol	
BAG3	HGNC:939	ENSG00000151929	O95817	symbol	
BAG4	HGNC:940	ENSG00000156735	O95429	symbol	
BAG5	HGNC:941	ENSG00000166170	Q9UL15	symbol	
BAG6	HGNC:13919	ENSG00000204463	P46379	symbol	
BAHCC1	HGNC:29279	ENSG00000266074	Q9P281	symbol	
BAIAP2	HGNC:947	ENSG00000175866	Q9UQB8	symbol	
BAIAP2L1	HGNC:21649	ENSG00000006453	Q9UHR4	symbol	
BAIAP3	HGNC:948	ENSG00000007516	O94812	symbol	
BAK1	HGNC:949	ENSG00000030110	Q16611	symbol	
BANF1	HGNC:17397	ENSG00000175334	O75531	symbol	
BANP	HGNC:13450	ENSG00000172530	Q8N9N5	symbol	
BAP1	HGNC:950	ENSG00000163930	Q92560	symbol	
BARD1	HGNC:952	ENSG00000138376	Q99728	symbol	
BASP1	HGNC:957	ENSG00000176788	P80723	symbol	
BAX	HGNC:959	ENSG00000087088	Q07812	symbol	
BAZ1A	HGNC:960	ENSG00000198604	Q9NRL2	symbol	
BAZ1B	HGNC:961	ENSG00000009954	Q9UIG0	symbol	
BAZ2A	HGNC:962	ENSG00000076108	Q9UIF9	symbol	
BAZ2B	HGNC:963	ENSG00000123636	Q9UIF8	symbol	
BBC3	HGNC:17868	ENSG00000105327	Q96PG8|Q9BXH1	symbol	
BBLN	HGNC:17823	ENSG00000171159	Q9BUW7	symbol	
BBOX1	HGNC:964	ENSG00000129151	O75936	symbol	
BBS2	HGNC:967	ENSG00000125124	Q9BXC9	symbol	
BBS4	HGNC:969	ENSG00000140463	Q96RK4	symbol	
BBX	HGNC:14422	ENSG00000114439	Q8WY36	symbol	
BCAM	HGNC:6722	ENSG00000187244	P50895	symbol	
BCAP29	HGNC:24131	ENSG00000075790	Q9UHQ4	symbol	
BCAP31	HGNC:16695	ENSG00000185825	P51572	symbol	
BCAR1	HGNC:971	ENSG00000050820	P56945	symbol	
BCAR3	HGNC:973	ENSG00000137936	O75815	symbol	
BCAS2	HGNC:975	ENSG00000116752	O75934	symbol	
BCAS3	HGNC:14347	ENSG00000141376	Q9H6U6	symbol	
BCAT1	HGNC:976	ENSG00000060982	P54687	symbol	
BCAT2	HGNC:977	ENSG00000105552	O15382	symbol	
BCCIP	HGNC:978	ENSG00000107949	Q9P287	symbol	
BCKDHA	HGNC:986	ENSG00000248098	P12694	symbol	
BCKDHB	HGNC:987	ENSG00000083123	P21953	symbol	
BCKDK	HGNC:16902	ENSG00000103507	O14874	symbol	
BCL10	HGNC:989	ENSG00000142867	O95999	symbol	
BCL2L1	HGNC:992	ENSG00000171552	Q07817	symbol	
BCL2L13	HGNC:17164	ENSG00000099968	Q9BXK5	symbol	
BCL2L2	HGNC:995	ENSG00000129473	Q92843	symbol	
BCL7A	HGNC:1004	ENSG00000110987	Q4VC05	symbol	
BCL7B	HGNC:1005	ENSG00000106635	Q9BQE9	symbol	
BCL7C	HGNC:1006	ENSG00000099385	Q8WUZ0	symbol	
BCL9L	HGNC:23688	ENSG00000186174	Q86UU0	symbol	
BCLAF1	HGNC:16863	ENSG00000029363	Q9NYF8	symbol	
BCLAF3	HGNC:27413	ENSG00000173681	A2AJT9	symbol	
BCOR	HGNC:20893	ENSG00000183337	Q6W2J9	symbol	
BCORL1	HGNC:25657	ENSG00000085185	Q5H9F3	symbol	
BCR	HGNC:1014	ENSG00000186716	P11274	symbol	
BCS1L	HGNC:1020	ENSG00000074582	Q9Y276	symbol	
BDH2	HGNC:32389	ENSG00000164039	Q9BUT1	symbol	
BECN1	HGNC:1034	ENSG00000126581	Q14457	symbol	
BEGAIN	HGNC:24163	ENSG00000183092	Q9BUH8	symbol	
BEND3	HGNC:23040	ENSG00000178409	Q5T5X7	symbol	
BEST1	HGNC:12703	ENSG00000167995	O76090	symbol	
BFSP2	HGNC:1041	ENSG00000170819	Q13515	symbol	
BGN	HGNC:1044	ENSG00000182492	P21810	symbol	
BICC1	HGNC:19351	ENSG00000122870	Q9H694	symbol	
BICD1	HGNC:1049	ENSG00000151746	Q96G01	symbol	
BICD2	HGNC:17208	ENSG00000185963	Q8TD16	symbol	
BID	HGNC:1050	ENSG00000015475	P55957	symbol	
BIN1	HGNC:1052	ENSG00000136717	O00499	symbol	
BIN2	HGNC:1053	ENSG00000110934	Q9UBW5	symbol	
BIRC5	HGNC:593	ENSG00000089685	O15392	symbol	
BIRC6	HGNC:13516	ENSG00000115760	Q9NR09	symbol	
BLM	HGNC:1058	ENSG00000197299	P54132	symbol	
BLMH	HGNC:1059	ENSG00000108578	Q13867	symbol	
BLOC1S1	HGNC:4200	ENSG00000135441	P78537	symbol	
BLOC1S2	HGNC:20984	ENSG00000196072	Q6QNY1	symbol	
BLOC1S3	HGNC:20914	ENSG00000189114	Q6QNY0	symbol	
BLOC1S5	HGNC:18561	ENSG00000188428	Q8TDH9	symbol	
BLOC1S6	HGNC:8549	ENSG00000104164	Q9UL45	symbol	
BLVRA	HGNC:1062	ENSG00000106605	P53004	symbol	
BLVRB	HGNC:1063	ENSG00000090013	P30043	symbol	
BMI1	HGNC:1066	ENSG00000168283	P35226	symbol	
BMP1	HGNC:1067	ENSG00000168487	P13497	symbol	
BMP2K	HGNC:18041	ENSG00000138756	Q9NSY1	symbol	
BMP6	HGNC:1073	ENSG00000153162	P22004	symbol	
BMP8A	HGNC:21650	ENSG00000183682	Q7Z5Y6	symbol	
BMP8B	HGNC:1075	ENSG00000116985	P34820	symbol	
BMS1	HGNC:23505	ENSG00000165733	Q14692	symbol	
BNC1	HGNC:1081	ENSG00000169594	Q01954	symbol	
BNIP1	HGNC:1082	ENSG00000113734	Q12981	symbol	
BNIP2	HGNC:1083	ENSG00000140299	Q12982	symbol	
BOD1L1	HGNC:31792	ENSG00000038219	Q8NFC6	symbol	
BOD1L2	HGNC:28505	ENSG00000228075	Q8IYS8	symbol	
BOLA1	HGNC:24263	ENSG00000178096	Q9Y3E2	symbol	
BOLA2	HGNC:29488	ENSG00000183336	Q9H3K6	symbol	
BOLA2B	HGNC:32479	ENSG00000169627	Q9H3K6	symbol	
BOP1	HGNC:15519	ENSG00000261236	Q14137	symbol	
BORCS5	HGNC:17950	ENSG00000165714	Q969J3	symbol	
BORCS6	HGNC:25939	ENSG00000196544	Q96GS4	symbol	
BORCS7	HGNC:23516	ENSG00000166275	Q96B45	symbol	
BPGM	HGNC:1093	ENSG00000172331	P07738	symbol	
BPHL	HGNC:1094	ENSG00000137274	Q86WA6	symbol	
BPI	HGNC:1095	ENSG00000101425	P17213	symbol	
BPIFA1	HGNC:15749	ENSG00000198183	Q9NP55	symbol	
BPIFA2	HGNC:16203	ENSG00000131050	Q96DR5	symbol	
BPIFB1	HGNC:16108	ENSG00000125999	Q8TDL5	symbol	
BPIFB2	HGNC:16177	ENSG00000078898	Q8N4F0	symbol	
BPIFB4	HGNC:16179	ENSG00000186191	P59827	symbol	
BPIFB6	HGNC:16504	ENSG00000167104	Q8NFQ5	symbol	
BPIFC	HGNC:16503	ENSG00000184459	Q8NFQ6	symbol	
BPNT1	HGNC:1096	ENSG00000162813	O95861	symbol	
BPNT2	HGNC:26019	ENSG00000104331	Q9NX62	symbol	
BPTF	HGNC:3581	ENSG00000171634	Q12830	symbol	
BRAF	HGNC:1097	ENSG00000157764	P15056	symbol	
BRAP	HGNC:1099	ENSG00000089234	Q7Z569	symbol	
BRAT1	HGNC:21701	ENSG00000106009	Q6PJG6	symbol	
BRCA1	HGNC:1100	ENSG00000012048	P38398	symbol	
BRCA2	HGNC:1101	ENSG00000139618	P51587	symbol	
BRCC3	HGNC:24185	ENSG00000185515	P46736	symbol	
BRD1	HGNC:1102	ENSG00000100425	O95696	symbol	
BRD2	HGNC:1103	ENSG00000204256	P25440	symbol	
BRD3	HGNC:1104	ENSG00000169925	Q15059	symbol	
BRD4	HGNC:13575	ENSG00000141867	O60885	symbol	
BRD7	HGNC:14310	ENSG00000166164	Q9NPI1	symbol	
BRD8	HGNC:19874	ENSG00000112983	Q9H0E9	symbol	
BRF1	HGNC:11551	ENSG00000185024	Q92994	symbol	
BRF2	HGNC:17298	ENSG00000104221	Q9HAW0	symbol	
BRI3BP	HGNC:14251	ENSG00000184992	Q8WY22	symbol	
BRIX1	HGNC:24170	ENSG00000113460	Q8TDN6	symbol	
BRK1	HGNC:23057	ENSG00000254999	Q8WUW1	symbol	
BRMS1	HGNC:17262	ENSG00000174744	Q9HCU9	symbol	
BRMS1L	HGNC:20512	ENSG00000100916	Q5PSV4	symbol	
BROX	HGNC:26512	ENSG00000162819	Q5VW32	symbol	
BRPF1	HGNC:14255	ENSG00000156983	P55201	symbol	
BRSK1	HGNC:18994	ENSG00000160469	Q8TDC3	symbol	
BRWD1	HGNC:12760	ENSG00000185658	Q9NSI6	symbol	
BRWD3	HGNC:17342	ENSG00000165288	Q6RI45	symbol	
BSCL2	HGNC:15832	ENSG00000168000	Q96G97	symbol	
BSDC1	HGNC:25501	ENSG00000160058	Q9NW68	symbol	
BSG	HGNC:1116	ENSG00000172270	P35613	symbol	
BSN	HGNC:1117	ENSG00000164061	Q9UPA5	symbol	
BST1	HGNC:1118	ENSG00000109743	Q10588	symbol	
BST2	HGNC:1119	ENSG00000130303	Q10589	symbol	
BTAF1	HGNC:17307	ENSG00000095564	O14981	symbol	
BTD	HGNC:1122	ENSG00000169814	P43251	symbol	
BTF3	HGNC:1125	ENSG00000145741	P20290	symbol	
BTF3L4	HGNC:30547	ENSG00000134717	Q96K17	symbol	
BTG3	HGNC:1132	ENSG00000154640	Q14201	symbol	
BTK	HGNC:1133	ENSG00000010671	Q06187	symbol	
BTN1A1	HGNC:1135	ENSG00000124557	Q13410	symbol	
BTN2A1	HGNC:1136	ENSG00000112763	Q7KYR7	symbol	
BTN3A1	HGNC:1138	ENSG00000026950	O00481	symbol	
BTRC	HGNC:1144	ENSG00000166167	Q9Y297	symbol	
BUB1	HGNC:1148	ENSG00000169679	O43683	symbol	
BUB1B	HGNC:1149	ENSG00000156970	O60566	symbol	
BUB3	HGNC:1151	ENSG00000154473	O43684	symbol	
BUD13	HGNC:28199	ENSG00000137656	Q9BRD0	symbol	
BUD23	HGNC:16405	ENSG00000071462	O43709	symbol	
BUD31	HGNC:29629	ENSG00000106245	P41223	symbol	
BYSL	HGNC:1157	ENSG00000112578	Q13895	symbol	
BZW1	HGNC:18380	ENSG00000082153	Q7L1Q6	symbol	
BZW2	HGNC:18808	ENSG00000136261	Q9Y6E2	symbol	
C11ORF42	HGNC:28541	ENSG00000180878	Q8N5U0	symbol	
C11ORF54	HGNC:30204	ENSG00000182919	Q9H0W9	alias_or_prev_symbol	
C11ORF58	HGNC:16990	ENSG00000110696	O00193	symbol	
C11ORF68	HGNC:28801	ENSG00000175573	Q9H3H3	symbol	
C11ORF98	HGNC:51238	ENSG00000278615	E9PRG8	symbol	
C12ORF57	HGNC:29521	ENSG00000111678	Q99622	symbol	
C12ORF60	HGNC:28726	ENSG00000182993	Q5U649	symbol	
C15ORF39	HGNC:24497	ENSG00000167173	Q6ZRI6	alias_or_prev_symbol	
C15ORF40	HGNC:28443	ENSG00000169609	Q8WUR7	symbol	
C16ORF46	HGNC:26525	ENSG00000166455	Q6P387	symbol	
C17ORF113	HGNC:53437	ENSG00000267221	A0A1B0GUU1	symbol	
C17ORF75	HGNC:30173	ENSG00000108666	Q9HAS0	symbol	
C18ORF21				ambiguous	HGNC:28802|HGNC:57042
C18ORF32	HGNC:31690	ENSG00000177576	Q8TCD1	symbol	
C19ORF25	HGNC:26711	ENSG00000119559	Q9UFG5	symbol	
C19ORF47	HGNC:26723	ENSG00000160392	Q8N9M1	symbol	
C19ORF53	HGNC:24991	ENSG00000104979	Q9UNZ5	symbol	
C1D	HGNC:29911	ENSG00000197223	Q13901	symbol	
C1GALT1C1	HGNC:24338	ENSG00000171155	Q96EU7	symbol	
C1ORF122	HGNC:24789	ENSG00000197982	Q6ZSJ8	symbol	
C1ORF131	HGNC:25332	ENSG00000143633	Q8NDD1	alias_or_prev_symbol	
C1ORF159	HGNC:26062	ENSG00000131591	Q96HA4	symbol	
C1ORF167	HGNC:25262	ENSG00000215910	Q5SNV9	symbol	
C1ORF174	HGNC:27915	ENSG00000198912	Q8IYL3	symbol	
C1ORF50	HGNC:28795	ENSG00000164008	Q9BV19	symbol	
C1ORF87	HGNC:28547	ENSG00000162598	Q8N0U7	symbol	
C1QA	HGNC:1241	ENSG00000173372	P02745	symbol	
C1QB	HGNC:1242	ENSG00000173369	P02746	symbol	
C1QBP	HGNC:1243	ENSG00000108561	Q07021	symbol	
C1QC	HGNC:1245	ENSG00000159189	P02747	symbol	
C1QTNF1	HGNC:14324	ENSG00000173918	Q9BXJ1	symbol	
C1R	HGNC:1246	ENSG00000159403	P00736	symbol	
C1S	HGNC:1247	ENSG00000182326	P09871	symbol	
C2CD5	HGNC:29062	ENSG00000111731	Q86YS7	symbol	
C2CD6	HGNC:14438	ENSG00000155754	Q53TS8	alias_or_prev_symbol	
C2ORF16	HGNC:25275	ENSG00000221843	Q68DN1	alias_or_prev_symbol	
C2ORF49	HGNC:28772	ENSG00000135974	Q9BVC5	alias_or_prev_symbol	
C2ORF68	HGNC:34353	ENSG00000168887	Q2NKX9	symbol	
C2ORF69	HGNC:26799	ENSG00000178074	Q8N8R5	symbol	
C3	HGNC:1318	ENSG00000125730	P01024	symbol	
C3ORF49	HGNC:25190	ENSG00000163632	Q96BT1	symbol	
C4A	HGNC:1323	ENSG00000244731	P0C0L4	symbol	
C4B	HGNC:1324	ENSG00000224389	P0C0L5	symbol	
C4BPA	HGNC:1325	ENSG00000123838	P04003	symbol	
C4BPB	HGNC:1328	ENSG00000123843	P20851	symbol	
C5	HGNC:1331	ENSG00000106804	P01031	symbol	
C5AR1	HGNC:1338	ENSG00000197405	P21730	symbol	
C5ORF22	HGNC:25639	ENSG00000082213	Q49AR2	symbol	
C5ORF24	HGNC:26746	ENSG00000181904	Q7Z6I8	symbol	
C5ORF46	HGNC:33768	ENSG00000178776	Q6UWT4	symbol	
C6ORF118	HGNC:21233	ENSG00000112539	Q5T5N4	symbol	
C6ORF132	HGNC:21288	ENSG00000188112	Q5T0Z8	symbol	
C7	HGNC:1346	ENSG00000112936	P10643	symbol	
C7ORF25	HGNC:21703	ENSG00000136197	Q9BPX7	symbol	
C7ORF50	HGNC:22421	ENSG00000146540	Q9BRJ6	alias_or_prev_symbol	
C8B	HGNC:1353	ENSG00000021852	P07358	symbol	
C8ORF33	HGNC:26104	ENSG00000182307	Q9H7E9	symbol	
C8ORF82	HGNC:33826	ENSG00000213563	Q6P1X6	symbol	
C9	HGNC:1358	ENSG00000113600	P02748	symbol	
C9ORF40	HGNC:23433	ENSG00000135045	Q8IXQ3	symbol	
C9ORF43	HGNC:23570	ENSG00000157653	Q8TAL5	symbol	
C9ORF72	HGNC:28337	ENSG00000147894	Q96LT7	symbol	
C9ORF78	HGNC:24932	ENSG00000136819	Q9NZ63	symbol	
CA1	HGNC:1368	ENSG00000133742	P00915	symbol	
CA12	HGNC:1371	ENSG00000074410	O43570	symbol	
CA13	HGNC:14914	ENSG00000185015	Q8N1Q1	symbol	
CA2	HGNC:1373	ENSG00000104267	P00918	symbol	
CA3	HGNC:1374	ENSG00000164879	P07451	symbol	
CA4	HGNC:1375	ENSG00000167434	P22748	symbol	
CA5B	HGNC:1378	ENSG00000169239	Q9Y2D0	symbol	
CA6	HGNC:1380	ENSG00000131686	P23280	symbol	
CA8	HGNC:1382	ENSG00000178538	P35219	symbol	
CA9	HGNC:1383	ENSG00000107159	Q16790	symbol	
CAAP1	HGNC:25834	ENSG00000120159	Q9H8G2	symbol	
CAB39	HGNC:20292	ENSG00000135932	Q9Y376	symbol	
CAB39L	HGNC:20290	ENSG00000102547	Q9H9S4	symbol	
CABIN1	HGNC:24187	ENSG00000099991	Q9Y6J0	symbol	
CABP1	HGNC:1384	ENSG00000157782	Q9NZU7	symbol	
CACNA1C	HGNC:1390	ENSG00000151067	Q13936	symbol	
CACNA1F	HGNC:1393	ENSG00000102001	O60840	symbol	
CACNA1H	HGNC:1395	ENSG00000196557	O95180	symbol	
CACNA2D1	HGNC:1399	ENSG00000153956	P54289	symbol	
CACNA2D2	HGNC:1400	ENSG00000007402	Q9NY47	symbol	
CACNG6	HGNC:13625	ENSG00000130433	Q9BXT2	symbol	
CACTIN	HGNC:29938	ENSG00000105298	Q8WUQ7	symbol	
CACUL1	HGNC:23727	ENSG00000151893	Q86Y37	symbol	
CACYBP	HGNC:30423	ENSG00000116161	Q9HB71	symbol	
CAD	HGNC:1424	ENSG00000084774	P27708	symbol	
CADPS	HGNC:1426	ENSG00000163618	Q9ULU8	symbol	
CALB2	HGNC:1435	ENSG00000172137	P22676	symbol	
CALCOCO2	HGNC:29912	ENSG00000136436	Q13137	symbol	
CALD1	HGNC:1441	ENSG00000122786	Q05682	symbol	
CALM1	HGNC:1442	ENSG00000198668	P0DP23	symbol	
CALM2	HGNC:1445	ENSG00000143933	P0DP24	symbol	
CALM3	HGNC:1449	ENSG00000160014	P0DP25	symbol	
CALML3	HGNC:1452	ENSG00000178363	P27482	symbol	
CALML5	HGNC:18180	ENSG00000178372	Q9NZT1	symbol	
CALR	HGNC:1455	ENSG00000179218	P27797	symbol	
CALR3	HGNC:20407	ENSG00000269058	Q96L12	symbol	
CALU	HGNC:1458	ENSG00000128595	O43852	symbol	
CAMK1	HGNC:1459	ENSG00000134072	Q14012	symbol	
CAMK1D	HGNC:19341	ENSG00000183049	Q8IU85	symbol	
CAMK2A	HGNC:1460	ENSG00000070808	Q9UQM7	symbol	
CAMK2B	HGNC:1461	ENSG00000058404	Q13554	symbol	
CAMK2D	HGNC:1462	ENSG00000145349	Q13557	symbol	
CAMK2G	HGNC:1463	ENSG00000148660	Q13555	symbol	
CAMKK1	HGNC:1469	ENSG00000004660	Q8N5S9	symbol	
CAMKK2	HGNC:1470	ENSG00000110931	Q96RR4	symbol	
CAMLG	HGNC:1471	ENSG00000164615	P49069	symbol	
CAMP	HGNC:1472	ENSG00000164047	P49913	symbol	
CAMSAP1	HGNC:19946	ENSG00000130559	Q5T5Y3	symbol	
CAMSAP2	HGNC:29188	ENSG00000118200	Q08AD1	symbol	
CAMSAP3	HGNC:29307	ENSG00000076826	Q9P1Y5	symbol	
CAND1	HGNC:30688	ENSG00000111530	Q86VP6	symbol	
CANT1	HGNC:19721	ENSG00000171302	Q8WVQ1	symbol	
CANX	HGNC:1473	ENSG00000127022	P27824	symbol	
CAP1	HGNC:20040	ENSG00000131236	Q01518	symbol	
CAP2	HGNC:20039	ENSG00000112186	P40123	symbol	
CAPG	HGNC:1474	ENSG00000042493	P40121	symbol	
CAPN1	HGNC:1476	ENSG00000014216	P07384	symbol	
CAPN11	HGNC:1478	ENSG00000137225	Q9UMQ6	symbol	
CAPN2	HGNC:1479	ENSG00000162909	P17655	symbol	
CAPN7	HGNC:1484	ENSG00000131375	Q9Y6W3	symbol	
CAPNS1	HGNC:1481	ENSG00000126247	P04632	symbol	
CAPNS2	HGNC:16371	ENSG00000256812	Q96L46	symbol	
CAPRIN1	HGNC:6743	ENSG00000135387	Q14444	symbol	
CAPZA1	HGNC:1488	ENSG00000116489	P52907	symbol	
CAPZA2	HGNC:1490	ENSG00000198898	P47755	symbol	
CAPZB	HGNC:1491	ENSG00000077549	P47756	symbol	
CARD10	HGNC:16422	ENSG00000100065	Q9BWT7	symbol	
CARD16	HGNC:33701	ENSG00000204397	Q5EG05	symbol	
CARD18	HGNC:28861	ENSG00000255501	P57730	symbol	
CARD19	HGNC:28148	ENSG00000165233	Q96LW7	symbol	
CARD6	HGNC:16394	ENSG00000132357	Q9BX69	symbol	
CARHSP1	HGNC:17150	ENSG00000153048	Q9Y2V2	symbol	
CARM1	HGNC:23393	ENSG00000142453	Q86X55	symbol	
CARMIL1	HGNC:21581	ENSG00000079691	Q5VZK9	symbol	
CARMIL2	HGNC:27089	ENSG00000159753	Q6F5E8	symbol	
CARNS1	HGNC:29268	ENSG00000172508	A5YM72	symbol	
CARS1	HGNC:1493	ENSG00000110619	P49589	symbol	
CARS2	HGNC:25695	ENSG00000134905	Q9HA77	symbol	
CASC3	HGNC:17040	ENSG00000108349	O15234	symbol	
CASK	HGNC:1497	ENSG00000147044	O14936	symbol	
CASKIN2	HGNC:18200	ENSG00000177303	Q8WXE0	symbol	
CASP1	HGNC:1499	ENSG00000137752	P29466	symbol	
CASP14	HGNC:1502	ENSG00000105141	P31944	symbol	
CASP2	HGNC:1503	ENSG00000106144	P42575	symbol	
CASP3	HGNC:1504	ENSG00000164305	P42574	symbol	
CASP4	HGNC:1505	ENSG00000196954	P49662	symbol	
CASP6	HGNC:1507	ENSG00000138794	P55212	symbol	
CASP7	HGNC:1508	ENSG00000165806	P55210	symbol	
CASP8	HGNC:1509	ENSG00000064012	Q14790	symbol	
CASP8AP2	HGNC:1510	ENSG00000118412	Q9UKL3	symbol	
CASP9	HGNC:1511	ENSG00000132906	P55211	symbol	
CAST	HGNC:1515	ENSG00000153113	P20810	symbol	
CASTOR2	HGNC:37073	ENSG00000274070	A6NHX0	symbol	
CASZ1	HGNC:26002	ENSG00000130940	Q86V15	symbol	
CAT	HGNC:1516	ENSG00000121691	P04040	symbol	
CATSPER1	HGNC:17116	ENSG00000175294	Q8NEC5	symbol	
CATSPER3	HGNC:20819	ENSG00000152705	Q86XQ3	symbol	
CAV1	HGNC:1527	ENSG00000105974	Q03135	symbol	
CAV2	HGNC:1528	ENSG00000105971	P51636	symbol	
CAVIN1	HGNC:9688	ENSG00000177469	Q6NZI2	symbol	
CAVIN2	HGNC:10690	ENSG00000168497	O95810	symbol	
CAVIN3	HGNC:9400	ENSG00000170955	Q969G5	symbol	
CBFB	HGNC:1539	ENSG00000067955	Q13951	symbol	
CBL	HGNC:1541	ENSG00000110395	P22681	symbol	
CBLL1	HGNC:21225	ENSG00000105879	Q75N03	symbol	
CBR1	HGNC:1548	ENSG00000159228	P16152	symbol	
CBR3	HGNC:1549	ENSG00000159231	O75828	symbol	
CBR4	HGNC:25891	ENSG00000145439	Q8N4T8	symbol	
CBS	HGNC:1550	ENSG00000160200	P35520	symbol	
CBX1	HGNC:1551	ENSG00000108468	P83916	symbol	
CBX2	HGNC:1552	ENSG00000173894	Q14781	symbol	
CBX3	HGNC:1553	ENSG00000122565	Q13185	symbol	
CBX4	HGNC:1554	ENSG00000141582	O00257	symbol	
CBX5	HGNC:1555	ENSG00000094916	P45973	symbol	
CBX8	HGNC:15962	ENSG00000141570	Q9HC52	symbol	
CBY2	HGNC:30720	ENSG00000174015	Q8NA61	symbol	
CC2D1A	HGNC:30237	ENSG00000132024	Q6P1N0	symbol	
CC2D1B	HGNC:29386	ENSG00000154222	Q5T0F9	symbol	
CCAR1	HGNC:24236	ENSG00000060339	Q8IX12	symbol	
CCAR2	HGNC:23360	ENSG00000158941	Q8N163	symbol	
CCDC110	HGNC:28504	ENSG00000168491	Q8TBZ0	symbol	
CCDC115	HGNC:28178	ENSG00000136710	Q96NT0	alias_or_prev_symbol	
CCDC117	HGNC:26599	ENSG00000159873	Q8IWD4	symbol	
CCDC12	HGNC:28332	ENSG00000160799	Q8WUD4	symbol	
CCDC124	HGNC:25171	ENSG00000007080	Q96CT7	symbol	
CCDC127	HGNC:30520	ENSG00000164366	Q96BQ5	symbol	
CCDC13	HGNC:26358	ENSG00000244607	Q8IYE1	symbol	
CCDC134	HGNC:26185	ENSG00000100147	Q9H6E4	symbol	
CCDC137	HGNC:33451	ENSG00000185298	Q6PK04	symbol	
CCDC14	HGNC:25766	ENSG00000175455	Q49A88	symbol	
CCDC141	HGNC:26821	ENSG00000163492	Q6ZP82	symbol	
CCDC150	HGNC:26834	ENSG00000144395	Q8NCX0	symbol	
CCDC157	HGNC:33854	ENSG00000187860	Q569K6	symbol	
CCDC158	HGNC:26374	ENSG00000163749	Q5M9N0	symbol	
CCDC17	HGNC:26574	ENSG00000159588	Q96LX7	symbol	
CCDC171	HGNC:29828	ENSG00000164989	Q6TFL3	symbol	
CCDC175	HGNC:19847	ENSG00000151838	P0C221	symbol	
CCDC177	HGNC:23243	ENSG00000267909	Q9NQR7	symbol	
CCDC180	HGNC:29303	ENSG00000197816	Q9P1Z9	symbol	
CCDC184	HGNC:33749	ENSG00000177875	Q52MB2	symbol	
CCDC186	HGNC:24349	ENSG00000165813	Q7Z3E2	symbol	
CCDC191	HGNC:29272	ENSG00000163617	Q8NCU4	symbol	
CCDC192	HGNC:49566	ENSG00000230561	P0DO97	symbol	
CCDC195	HGNC:53441	ENSG00000283428	A0A1B0GUA6	symbol	
CCDC22	HGNC:28909	ENSG00000101997	O60826	symbol	
CCDC25	HGNC:25591	ENSG00000147419	Q86WR0	symbol	
CCDC33	HGNC:26552	ENSG00000140481	Q8N5R6	symbol	
CCDC39	HGNC:25244	ENSG00000284862	Q9UFE4	symbol	
CCDC43	HGNC:26472	ENSG00000180329	Q96MW1	symbol	
CCDC47	HGNC:24856	ENSG00000108588	Q96A33	symbol	
CCDC50	HGNC:18111	ENSG00000152492	Q8IVM0	symbol	
CCDC51	HGNC:25714	ENSG00000164051	Q96ER9	symbol	
CCDC59	HGNC:25005	ENSG00000133773	Q9P031	symbol	
CCDC6	HGNC:18782	ENSG00000108091	Q16204	symbol	
CCDC60	HGNC:28610	ENSG00000183273	Q8IWA6	symbol	
CCDC61	HGNC:33629	ENSG00000104983	Q9Y6R9	symbol	
CCDC70	HGNC:25303	ENSG00000123171	Q6NSX1	symbol	
CCDC71L	HGNC:26685	ENSG00000253276	Q8N9Z2	symbol	
CCDC73	HGNC:23261	ENSG00000186714	Q6ZRK6	symbol	
CCDC74B	HGNC:25267	ENSG00000152076	Q96LY2	symbol	
CCDC86	HGNC:28359	ENSG00000110104	Q9H6F5	symbol	
CCDC88A	HGNC:25523	ENSG00000115355	Q3V6T2	symbol	
CCDC88C	HGNC:19967	ENSG00000015133	Q9P219	symbol	
CCDC89	HGNC:26762	ENSG00000179071	Q8N998	symbol	
CCDC9	HGNC:24560	ENSG00000105321	Q9Y3X0	symbol	
CCDC90B	HGNC:28108	ENSG00000137500	Q9GZT6	symbol	
CCDC91	HGNC:24855	ENSG00000123106	Q7Z6B0	symbol	
CCDC93	HGNC:25611	ENSG00000125633	Q567U6	symbol	
CCDC97	HGNC:28289	ENSG00000142039	Q96F63	symbol	
CCER1	HGNC:28373	ENSG00000197651	Q8TC90	symbol	
CCHCR1	HGNC:13930	ENSG00000204536	Q8TD31	symbol	
CCIN	HGNC:1568	ENSG00000185972	Q13939	symbol	
CCL13	HGNC:10611	ENSG00000181374	Q99616	symbol	
CCL14	HGNC:10612	ENSG00000276409	Q16627	symbol	
CCL24	HGNC:10623	ENSG00000106178	O00175	symbol	
CCL5	HGNC:10632	ENSG00000271503	P13501	symbol	
CCN1	HGNC:2654	ENSG00000142871	O00622	symbol	
CCN6	HGNC:12771	ENSG00000112761	O95389	symbol	
CCNA2	HGNC:1578	ENSG00000145386	P20248	symbol	
CCNB1	HGNC:1579	ENSG00000134057	P14635	symbol	
CCNB2	HGNC:1580	ENSG00000157456	O95067	symbol	
CCNB3	HGNC:18709	ENSG00000147082	Q8WWL7	symbol	
CCNC	HGNC:1581	ENSG00000112237	P24863	symbol	
CCNDBP1	HGNC:1587	ENSG00000166946	O95273	symbol	
CCNH	HGNC:1594	ENSG00000134480	P51946	symbol	
CCNK	HGNC:1596	ENSG00000090061	O75909	symbol	
CCNL1	HGNC:20569	ENSG00000163660	Q9UK58	symbol	
CCNL2	HGNC:20570	ENSG00000221978	Q96S94	symbol	
CCNT1	HGNC:1599	ENSG00000129315	O60563	symbol	
CCNT2	HGNC:1600	ENSG00000082258	O60583	symbol	
CCNYL1	HGNC:26868	ENSG00000163249	Q8N7R7	symbol	
CCPG1	HGNC:24227	ENSG00000260916	Q9ULG6	symbol	
CCRL2	HGNC:1612	ENSG00000121797	O00421	symbol	
CCS	HGNC:1613	ENSG00000173992	O14618	symbol	
CCSER2	HGNC:29197	ENSG00000107771	Q9H7U1	symbol	
CCT2	HGNC:1615	ENSG00000166226	P78371	symbol	
CCT3	HGNC:1616	ENSG00000163468	P49368	symbol	
CCT4	HGNC:1617	ENSG00000115484	P50991	symbol	
CCT5	HGNC:1618	ENSG00000150753	P48643	symbol	
CCT6A	HGNC:1620	ENSG00000146731	P40227	symbol	
CCT6B	HGNC:1621	ENSG00000132141	Q92526	symbol	
CCT7	HGNC:1622	ENSG00000135624	Q99832	symbol	
CCT8	HGNC:1623	ENSG00000156261	P50990	symbol	
CCZ1	HGNC:21691	ENSG00000122674	P86791	symbol	
CCZ1B	HGNC:21717	ENSG00000146574	P86790	symbol	
CD109	HGNC:21685	ENSG00000156535	Q6YHK3	symbol	
CD14	HGNC:1628	ENSG00000170458	P08571	symbol	
CD151	HGNC:1630	ENSG00000177697	P48509	symbol	
CD180	HGNC:6726	ENSG00000134061	Q99467	symbol	
CD19	HGNC:1633	ENSG00000177455	P15391	symbol	
CD2	HGNC:1639	ENSG00000116824	P06729	symbol	
CD207	HGNC:17935	ENSG00000116031	Q9UJ71	symbol	
CD226	HGNC:16961	ENSG00000150637	Q15762	symbol	
CD247	HGNC:1677	ENSG00000198821	P20963	symbol	
CD27	HGNC:11922	ENSG00000139193	P26842	symbol	
CD274	HGNC:17635	ENSG00000120217	Q9NZQ7	symbol	
CD276	HGNC:19137	ENSG00000103855	Q5ZPR3	symbol	
CD2AP	HGNC:14258	ENSG00000198087	Q9Y5K6	symbol	
CD2BP2	HGNC:1656	ENSG00000169217	O95400	symbol	
CD300A	HGNC:19319	ENSG00000167851	Q9UGN4	symbol	
CD320	HGNC:16692	ENSG00000167775	Q9NPF0	symbol	
CD33	HGNC:1659	ENSG00000105383	P20138	symbol	
CD34	HGNC:1662	ENSG00000174059	P28906	symbol	
CD36	HGNC:1663	ENSG00000135218	P16671	symbol	
CD37	HGNC:1666	ENSG00000104894	P11049	symbol	
CD3D	HGNC:1673	ENSG00000167286	P04234	symbol	
CD3E	HGNC:1674	ENSG00000198851	P07766	symbol	
CD3G	HGNC:1675	ENSG00000160654	P09693	symbol	
CD4	HGNC:1678	ENSG00000010610	P01730	symbol	
CD44	HGNC:1681	ENSG00000026508	P16070	symbol	
CD46	HGNC:6953	ENSG00000117335	P15529	symbol	
CD47	HGNC:1682	ENSG00000196776	Q08722	symbol	
CD48	HGNC:1683	ENSG00000117091	P09326	symbol	
CD5	HGNC:1685	ENSG00000110448	P06127	symbol	
CD53	HGNC:1686	ENSG00000143119	P19397	symbol	
CD55	HGNC:2665	ENSG00000196352	P08174	symbol	
CD58	HGNC:1688	ENSG00000116815	P19256	symbol	
CD59	HGNC:1689	ENSG00000085063	P13987	symbol	
CD6	HGNC:1691	ENSG00000013725	P30203	symbol	
CD63	HGNC:1692	ENSG00000135404	P08962	symbol	
CD69	HGNC:1694	ENSG00000110848	Q07108	symbol	
CD70	HGNC:11937	ENSG00000125726	P32970	symbol	
CD74	HGNC:1697	ENSG00000019582	P04233	symbol	
CD81	HGNC:1701	ENSG00000110651	P60033	symbol	
CD82	HGNC:6210	ENSG00000085117	P27701	symbol	
CD84	HGNC:1704	ENSG00000066294	Q9UIB8	symbol	
CD8A	HGNC:1706	ENSG00000153563	P01732	symbol	
CD9	HGNC:1709	ENSG00000010278	P21926	symbol	
CD93	HGNC:15855	ENSG00000125810	Q9NPY3	symbol	
CD99	HGNC:7082	ENSG00000002586	P14209	symbol	
CD99L2	HGNC:18237	ENSG00000102181	Q8TCZ2	symbol	
CDA	HGNC:1712	ENSG00000158825	P32320	symbol	
CDAN1	HGNC:1713	ENSG00000140326	Q8IWY9	symbol	
CDC123	HGNC:16827	ENSG00000151465	O75794	symbol	
CDC14A	HGNC:1718	ENSG00000079335	Q9UNH5	symbol	
CDC16	HGNC:1720	ENSG00000130177	Q13042	symbol	
CDC20	HGNC:1723	ENSG00000117399	Q12834	symbol	
CDC23	HGNC:1724	ENSG00000094880	Q9UJX2	symbol	
CDC25B	HGNC:1726	ENSG00000101224	P30305	symbol	
CDC25C	HGNC:1727	ENSG00000158402	P30307	symbol	
CDC26	HGNC:17839	ENSG00000176386	Q8NHZ8	symbol	
CDC27	HGNC:1728	ENSG00000004897	P30260	symbol	
CDC34	HGNC:1734	ENSG00000099804	P49427	symbol	
CDC37	HGNC:1735	ENSG00000105401	Q16543	symbol	
CDC37L1	HGNC:17179	ENSG00000106993	Q7L3B6	symbol	
CDC40	HGNC:17350	ENSG00000168438	O60508	symbol	
CDC42	HGNC:1736	ENSG00000070831	P60953	symbol	
CDC42BPA	HGNC:1737	ENSG00000143776	Q5VT25	symbol	
CDC42BPB	HGNC:1738	ENSG00000198752	Q9Y5S2	symbol	
CDC42EP1	HGNC:17014	ENSG00000128283	Q00587	symbol	
CDC42EP4	HGNC:17147	ENSG00000179604	Q9H3Q1	symbol	
CDC45	HGNC:1739	ENSG00000093009	O75419	symbol	
CDC5L	HGNC:1743	ENSG00000096401	Q99459	symbol	
CDC7	HGNC:1745	ENSG00000097046	O00311	symbol	
CDC73	HGNC:16783	ENSG00000134371	Q6P1J9	symbol	
CDCA2	HGNC:14623	ENSG00000184661	Q69YH5	symbol	
CDCA3	HGNC:14624	ENSG00000111665	Q99618	symbol	
CDCA5	HGNC:14626	ENSG00000146670	Q96FF9	symbol	
CDCA8	HGNC:14629	ENSG00000134690	Q53HL2	symbol	
CDCP1	HGNC:24357	ENSG00000163814	Q9H5V8	symbol	
CDH1	HGNC:1748	ENSG00000039068	P12830	symbol	
CDH10	HGNC:1749	ENSG00000040731	Q9Y6N8	symbol	
CDH11	HGNC:1750	ENSG00000140937	P55287	symbol	
CDH2	HGNC:1759	ENSG00000170558	P19022	symbol	
CDH4	HGNC:1763	ENSG00000179242	P55283	symbol	
CDH6	HGNC:1765	ENSG00000113361	P55285	symbol	
CDH7	HGNC:1766	ENSG00000081138	Q9ULB5	symbol	
CDH9	HGNC:1768	ENSG00000113100	Q9ULB4	symbol	
CDIPT	HGNC:1769	ENSG00000103502	O14735	symbol	
CDK1	HGNC:1722	ENSG00000170312	P06493	symbol	
CDK11A	HGNC:1730	ENSG00000008128	Q9UQ88	symbol	
CDK11B	HGNC:1729	ENSG00000248333	P21127	symbol	
CDK12	HGNC:24224	ENSG00000167258	Q9NYV4	symbol	
CDK13	HGNC:1733	ENSG00000065883	Q14004	symbol	
CDK14	HGNC:8883	ENSG00000058091	O94921	symbol	
CDK16	HGNC:8749	ENSG00000102225	Q00536	symbol	
CDK17	HGNC:8750	ENSG00000059758	Q00537	symbol	
CDK19	HGNC:19338	ENSG00000155111	Q9BWU1	symbol	
CDK2	HGNC:1771	ENSG00000123374	P24941	symbol	
CDK4	HGNC:1773	ENSG00000135446	P11802	symbol	
CDK5	HGNC:1774	ENSG00000164885	Q00535	symbol	
CDK5RAP2	HGNC:18672	ENSG00000136861	Q96SN8	symbol	
CDK5RAP3	HGNC:18673	ENSG00000108465	Q96JB5	symbol	
CDK6	HGNC:1777	ENSG00000105810	Q00534	symbol	
CDK7	HGNC:1778	ENSG00000134058	P50613	symbol	
CDK8	HGNC:1779	ENSG00000132964	P49336	symbol	
CDK9	HGNC:1780	ENSG00000136807	P50750	symbol	
CDKAL1	HGNC:21050	ENSG00000145996	Q5VV42	symbol	
CDKN1B	HGNC:1785	ENSG00000111276	P46527	symbol	
CDKN2A	HGNC:1787	ENSG00000147889	P42771|Q8N726	symbol	
CDKN2AIP	HGNC:24325	ENSG00000168564	Q9NXV6	symbol	
CDKN2AIPNL	HGNC:30545	ENSG00000237190	Q96HQ2	alias_or_prev_symbol	
CDO1	HGNC:1795	ENSG00000129596	Q16878	symbol	
CDON	HGNC:17104	ENSG00000064309	Q4KMG0	symbol	
CDR2L	HGNC:29999	ENSG00000109089	Q86X02	symbol	
CDS2	HGNC:1801	ENSG00000101290	O95674	symbol	
CDSN	HGNC:1802	ENSG00000204539	Q15517	symbol	
CDV3	HGNC:26928	ENSG00000091527	Q9UKY7	symbol	
CDY1	HGNC:1809	ENSG00000172288	Q9Y6F8	symbol	
CDYL	HGNC:1811	ENSG00000153046	Q9Y232	symbol	
CDYL2	HGNC:23030	ENSG00000166446	Q8N8U2	symbol	
CEACAM5	HGNC:1817	ENSG00000105388	P06731	symbol	
CEACAM6	HGNC:1818	ENSG00000086548	P40199	symbol	
CEACAM7	HGNC:1819	ENSG00000007306	Q14002	symbol	
CEACAM8	HGNC:1820	ENSG00000124469	P31997	symbol	
CEBPB	HGNC:1834	ENSG00000172216	P17676	symbol	
CEBPZ	HGNC:24218	ENSG00000115816	Q03701	symbol	
CECR2	HGNC:1840	ENSG00000099954	Q9BXF3	symbol	
CEL	HGNC:1848	ENSG00000170835	P19835	symbol	
CELF1	HGNC:2549	ENSG00000149187	Q92879	symbol	
CELF2	HGNC:2550	ENSG00000048740	O95319	symbol	
CELF6	HGNC:14059	ENSG00000140488	Q96J87	symbol	
CELSR1	HGNC:1850	ENSG00000075275	Q9NYQ6	symbol	
CEMIP2	HGNC:11869	ENSG00000135048	Q9UHN6	symbol	
CENATAC	HGNC:30460	ENSG00000186166	Q86UT8	symbol	
CEND1	HGNC:24153	ENSG00000184524	Q8N111	symbol	
CENPA	HGNC:1851	ENSG00000115163	P49450	symbol	
CENPB	HGNC:1852	ENSG00000125817	P07199	symbol	
CENPC	HGNC:1854	ENSG00000145241	Q03188	symbol	
CENPE	HGNC:1856	ENSG00000138778	Q02224	symbol	
CENPF	HGNC:1857	ENSG00000117724	P49454	symbol	
CENPM	HGNC:18352	ENSG00000100162	Q9NSP4	symbol	
CENPS	HGNC:23163	ENSG00000175279	Q8N2Z9	symbol	
CENPV	HGNC:29920	ENSG00000166582	Q7Z7K6	symbol	
CENPX	HGNC:11422	ENSG00000169689	A8MT69	symbol	
CEP120	HGNC:26690	ENSG00000168944	Q8N960	symbol	
CEP128	HGNC:20359	ENSG00000100629	Q6ZU80	symbol	
CEP131	HGNC:29511	ENSG00000141577	Q9UPN4	symbol	
CEP135	HGNC:29086	ENSG00000174799	Q66GS9	symbol	
CEP162	HGNC:21107	ENSG00000135315	Q5TB80	symbol	
CEP164	HGNC:29182	ENSG00000110274	Q9UPV0	symbol	
CEP170	HGNC:28920	ENSG00000143702	Q5SW79	symbol	
CEP170B	HGNC:20362	ENSG00000099814	Q9Y4F5	symbol	
CEP192	HGNC:25515	ENSG00000101639	Q8TEP8	symbol	
CEP20	HGNC:26435	ENSG00000133393	Q96NB1	symbol	
CEP250	HGNC:1859	ENSG00000126001	Q9BV73	symbol	
CEP290	HGNC:29021	ENSG00000198707	O15078	symbol	
CEP295	HGNC:29366	ENSG00000166004	Q9C0D2	symbol	
CEP350	HGNC:24238	ENSG00000135837	Q5VT06	symbol	
CEP41	HGNC:12370	ENSG00000106477	Q9BYV8	symbol	
CEP43	HGNC:17012	ENSG00000213066	O95684	symbol	
CEP44	HGNC:29356	ENSG00000164118	Q9C0F1	symbol	
CEP55	HGNC:1161	ENSG00000138180	Q53EZ4	symbol	
CEP83	HGNC:17966	ENSG00000173588	Q9Y592	symbol	
CEP85	HGNC:25309	ENSG00000130695	Q6P2H3	symbol	
CEP85L	HGNC:21638	ENSG00000111860	Q5SZL2	symbol	
CEP97	HGNC:26244	ENSG00000182504	Q8IW35	symbol	
CEPT1	HGNC:24289	ENSG00000134255	Q9Y6K0	symbol	
CERS2	HGNC:14076	ENSG00000143418	Q96G23	symbol	
CERT1	HGNC:2205	ENSG00000113163	Q9Y5P4	symbol	
CES1	HGNC:1863	ENSG00000198848	P23141	symbol	
CES1P1	HGNC:18546	ENSG00000228695	Q9UKY3	symbol	
CES2	HGNC:1864	ENSG00000172831	O00748	symbol	
CES4A	HGNC:26741	ENSG00000172824	Q5XG92	symbol	
CETN2	HGNC:1867	ENSG00000147400	P41208	symbol	
CETN3	HGNC:1868	ENSG00000153140	O15182	symbol	
CFAP100	HGNC:26842	ENSG00000163885	Q494V2	symbol	
CFAP20	HGNC:29523	ENSG00000070761	Q9Y6A4	symbol	
CFAP298	HGNC:1301	ENSG00000159079	P57076	symbol	
CFAP36	HGNC:30540	ENSG00000163001	Q96G28	symbol	
CFAP46	HGNC:25247	ENSG00000171811	Q8IYW2	symbol	
CFAP47	HGNC:26708	ENSG00000165164	Q6ZTR5	symbol	
CFAP52	HGNC:16053	ENSG00000166596	Q8N1V2	symbol	
CFAP54	HGNC:26456	ENSG00000188596	Q96N23	symbol	
CFAP65	HGNC:25325	ENSG00000181378	Q6ZU64	symbol	
CFAP74	HGNC:29368	ENSG00000142609	Q9C0B2	symbol	
CFB	HGNC:1037	ENSG00000243649	P00751	symbol	
CFDP1	HGNC:1873	ENSG00000153774	Q9UEE9	symbol	
CFH	HGNC:4883	ENSG00000000971	P08603	symbol	
CFL1	HGNC:1874	ENSG00000172757	P23528	symbol	
CFL2	HGNC:1875	ENSG00000165410	Q9Y281	symbol	
CFLAR	HGNC:1876	ENSG00000003402	O15519	symbol	
CFP	HGNC:8864	ENSG00000126759	P27918	symbol	
CGA	HGNC:1885	ENSG00000135346	P01215	symbol	
CGAS	HGNC:21367	ENSG00000164430	Q8N884	symbol	
CGGBP1	HGNC:1888	ENSG00000163320	Q9UFW8	symbol	
CGN	HGNC:17429	ENSG00000143375	Q9P2M7	symbol	
CGREF1	HGNC:16962	ENSG00000138028	Q99674	symbol	
CGRRF1	HGNC:15528	ENSG00000100532	Q99675	symbol	
CHAC2	HGNC:32363	ENSG00000143942	Q8WUX2	symbol	
CHAF1A	HGNC:1910	ENSG00000167670	Q13111	symbol	
CHAF1B	HGNC:1911	ENSG00000159259	Q13112	symbol	
CHAMP1	HGNC:20311	ENSG00000198824	Q96JM3	symbol	
CHCHD1	HGNC:23518	ENSG00000172586	Q96BP2	symbol	
CHCHD2	HGNC:21645	ENSG00000106153	Q9Y6H1	symbol	
CHCHD2P9	HGNC:23676	ENSG00000186940	Q5T1J5	symbol	
CHCHD3	HGNC:21906	ENSG00000106554	Q9NX63	symbol	
CHCHD4	HGNC:26467	ENSG00000163528	Q8N4Q1	symbol	
CHCHD5	HGNC:17840	ENSG00000125611	Q9BSY4	symbol	
CHCHD6	HGNC:28184	ENSG00000159685	Q9BRQ6	symbol	
CHD1	HGNC:1915	ENSG00000153922	O14646	symbol	
CHD1L	HGNC:1916	ENSG00000131778	Q86WJ1	symbol	
CHD2	HGNC:1917	ENSG00000173575	O14647	symbol	
CHD3	HGNC:1918	ENSG00000170004	Q12873	symbol	
CHD4	HGNC:1919	ENSG00000111642	Q14839	symbol	
CHD6	HGNC:19057	ENSG00000124177	Q8TD26	symbol	
CHD7	HGNC:20626	ENSG00000171316	Q9P2D1	symbol	
CHD8	HGNC:20153	ENSG00000100888	Q9HCK8	symbol	
CHD9	HGNC:25701	ENSG00000177200	Q3L8U1	symbol	
CHEK1	HGNC:1925	ENSG00000149554	O14757	symbol	
CHEK2	HGNC:16627	ENSG00000183765	O96017	symbol	
CHERP	HGNC:16930	ENSG00000085872	Q8IWX8	symbol	
CHFR	HGNC:20455	ENSG00000072609	Q96EP1	symbol	
CHI3L1	HGNC:1932	ENSG00000133048	P36222	symbol	
CHI3L2	HGNC:1933	ENSG00000064886	Q15782	symbol	
CHIA	HGNC:17432	ENSG00000134216	Q9BZP6	symbol	
CHID1	HGNC:28474	ENSG00000177830	Q9BWS9	symbol	
CHKA	HGNC:1937	ENSG00000110721	P35790	symbol	
CHL1	HGNC:1939	ENSG00000134121	O00533	symbol	
CHML	HGNC:1941	ENSG00000203668	P26374	symbol	
CHMP1A	HGNC:8740	ENSG00000131165	Q9HD42	symbol	
CHMP1B	HGNC:24287	ENSG00000255112	Q7LBR1	symbol	
CHMP2A	HGNC:30216	ENSG00000130724	O43633	symbol	
CHMP2B	HGNC:24537	ENSG00000083937	Q9UQN3	symbol	
CHMP3	HGNC:29865	ENSG00000115561	Q9Y3E7	symbol	
CHMP4A	HGNC:20274	ENSG00000254505	Q9BY43	symbol	
CHMP4B	HGNC:16171	ENSG00000101421	Q9H444	symbol	
CHMP5	HGNC:26942	ENSG00000086065	Q9NZZ3	symbol	
CHMP6	HGNC:25675	ENSG00000176108	Q96FZ7	symbol	
CHMP7	HGNC:28439	ENSG00000147457	Q8WUX9	symbol	
CHORDC1	HGNC:14525	ENSG00000110172	Q9UHD1	symbol	
CHP1	HGNC:17433	ENSG00000187446	Q99653	symbol	
CHPT1	HGNC:17852	ENSG00000111666	Q8WUD6	symbol	
CHRAC1	HGNC:13544	ENSG00000104472	Q9NRG0	symbol	
CHRDL2	HGNC:24168	ENSG00000054938	Q6WN34	symbol	
CHST14	HGNC:24464	ENSG00000169105	Q8NCH0	symbol	
CHST3	HGNC:1971	ENSG00000122863	Q7LGC8	symbol	
CHST6	HGNC:6938	ENSG00000183196	Q9GZX3	symbol	
CHSY1	HGNC:17198	ENSG00000131873	Q86X52	symbol	
CHSY3	HGNC:24293	ENSG00000198108	Q70JA7	symbol	
CHTF18	HGNC:18435	ENSG00000127586	Q8WVB6	symbol	
CHTOP	HGNC:24511	ENSG00000160679	Q9Y3Y2	symbol	
CHUK	HGNC:1974	ENSG00000213341	O15111	symbol	
CHURC1	HGNC:20099	ENSG00000258289	Q8WUH1	symbol	
CIAO1	HGNC:14280	ENSG00000144021	O76071	symbol	
CIAO2A	HGNC:26235	ENSG00000166797	Q9H5X1	symbol	
CIAO2B	HGNC:24261	ENSG00000166595	Q9Y3D0	symbol	
CIAO3	HGNC:14179	ENSG00000103245	Q9H6Q4	symbol	
CIAPIN1	HGNC:28050	ENSG00000005194	Q6FI81	symbol	
CIB1	HGNC:16920	ENSG00000185043	Q99828	symbol	
CIC	HGNC:14214	ENSG00000079432	Q96RK0	symbol	
CILK1	HGNC:21219	ENSG00000112144	Q9UPZ9	symbol	
CILP	HGNC:1980	ENSG00000138615	O75339	symbol	
CILP2	HGNC:24213	ENSG00000160161	Q8IUL8	symbol	
CINP	HGNC:23789	ENSG00000100865	Q9BW66	symbol	
CIP2A	HGNC:29302	ENSG00000163507	Q8TCG1	symbol	
CIRBP	HGNC:1982	ENSG00000099622	Q14011	symbol	
CISD1	HGNC:30880	ENSG00000122873	Q9NZ45	symbol	
CISD2	HGNC:24212	ENSG00000145354	Q8N5K1	symbol	
CISD3	HGNC:27578	ENSG00000277972	P0C7P0	symbol	
CIT	HGNC:1985	ENSG00000122966	O14578	symbol	
CIZ1	HGNC:16744	ENSG00000148337	Q9ULV3	symbol	
CKAP2	HGNC:1990	ENSG00000136108	Q8WWK9	symbol	
CKAP2L	HGNC:26877	ENSG00000169607	Q8IYA6	symbol	
CKAP4	HGNC:16991	ENSG00000136026	Q07065	symbol	
CKAP5	HGNC:28959	ENSG00000175216	Q14008	symbol	
CKB	HGNC:1991	ENSG00000166165	P12277	symbol	
CKM	HGNC:1994	ENSG00000104879	P06732	symbol	
CKMT1A	HGNC:31736	ENSG00000223572	P12532	symbol	
CKMT2	HGNC:1996	ENSG00000131730	P17540	symbol	
CKS1B	HGNC:19083	ENSG00000173207	P61024	symbol	
CKS2	HGNC:2000	ENSG00000123975	P33552	symbol	
CLASP1	HGNC:17088	ENSG00000074054	Q7Z460	symbol	
CLASP2	HGNC:17078	ENSG00000163539	O75122	symbol	
CLASRP	HGNC:17731	ENSG00000104859	Q8N2M8	symbol	
CLC	HGNC:2014	ENSG00000105205	Q05315	symbol	
CLCA4	HGNC:2018	ENSG00000016602	Q14CN2	symbol	
CLCC1	HGNC:29675	ENSG00000121940	Q96S66	symbol	
CLCN1	HGNC:2019	ENSG00000188037	P35523	symbol	
CLCN3	HGNC:2021	ENSG00000109572	P51790	symbol	
CLCN4	HGNC:2022	ENSG00000073464	P51793	symbol	
CLCN5	HGNC:2023	ENSG00000171365	P51795	symbol	
CLCN7	HGNC:2025	ENSG00000103249	P51798	symbol	
CLCNKB	HGNC:2027	ENSG00000184908	P51801	symbol	
CLDN4	HGNC:2046	ENSG00000189143	O14493	symbol	
CLEC11A	HGNC:10576	ENSG00000105472	Q9Y240	symbol	
CLEC16A	HGNC:29013	ENSG00000038532	Q2KHT3	symbol	
CLEC18A	HGNC:30388	ENSG00000157322	A5D8T8	symbol	
CLEC18B	HGNC:33849	ENSG00000140839	Q6UXF7	symbol	
CLEC18C	HGNC:28538	ENSG00000157335	Q8NCF0	symbol	
CLEC1B	HGNC:24356	ENSG00000165682	Q9P126	symbol	
CLEC2B	HGNC:2053	ENSG00000110852	Q92478	symbol	
CLEC3B	HGNC:11891	ENSG00000163815	P05452	symbol	
CLIC1	HGNC:2062	ENSG00000213719	O00299	symbol	
CLIC3	HGNC:2064	ENSG00000169583	O95833	symbol	
CLIC4	HGNC:13518	ENSG00000169504	Q9Y696	symbol	
CLIC6	HGNC:2065	ENSG00000159212	Q96NY7	symbol	
CLINT1	HGNC:23186	ENSG00000113282	Q14677	symbol	
CLIP1	HGNC:10461	ENSG00000130779	P30622	symbol	
CLIP2	HGNC:2586	ENSG00000106665	Q9UDT6	symbol	
CLK1	HGNC:2068	ENSG00000013441	P49759	symbol	
CLK2	HGNC:2069	ENSG00000176444	P49760	symbol	
CLK3	HGNC:2071	ENSG00000179335	P49761	symbol	
CLMN	HGNC:19972	ENSG00000165959	Q96JQ2	symbol	
CLMP	HGNC:24039	ENSG00000166250	Q9H6B4	symbol	
CLN5	HGNC:2076	ENSG00000102805	O75503	symbol	
CLNS1A	HGNC:2080	ENSG00000074201	P54105	symbol	
CLP1	HGNC:16999	ENSG00000172409	Q92989	symbol	
CLPB	HGNC:30664	ENSG00000162129	Q9H078	symbol	
CLPP	HGNC:2084	ENSG00000125656	Q16740	symbol	
CLPTM1	HGNC:2087	ENSG00000104853	O96005	symbol	
CLPTM1L	HGNC:24308	ENSG00000049656	Q96KA5	symbol	
CLPX	HGNC:2088	ENSG00000166855	O76031	symbol	
CLSPN	HGNC:19715	ENSG00000092853	Q9HAW4	symbol	
CLSTN1	HGNC:17447	ENSG00000171603	O94985	symbol	
CLSTN3	HGNC:18371	ENSG00000139182	Q9BQT9	symbol	
CLTA	HGNC:2090	ENSG00000122705	P09496	symbol	
CLTB	HGNC:2091	ENSG00000175416	P09497	symbol	
CLTC	HGNC:2092	ENSG00000141367	Q00610	symbol	
CLTCL1	HGNC:2093	ENSG00000070371	P53675	symbol	
CLU	HGNC:2095	ENSG00000120885	P10909	symbol	
CLUH	HGNC:29094	ENSG00000132361	O75153	symbol	
CLYBL	HGNC:18355	ENSG00000125246	Q8N0X4	symbol	
CMAS	HGNC:18290	ENSG00000111726	Q8NFW8	symbol	
CMBL	HGNC:25090	ENSG00000164237	Q96DG6	symbol	
CMC1	HGNC:28783	ENSG00000187118	Q7Z7K0	symbol	
CMC2	HGNC:24447	ENSG00000103121	Q9NRP2	symbol	
CMC4	HGNC:35428	ENSG00000182712	P56277	symbol	
CMIP	HGNC:24319	ENSG00000153815	Q8IY22	symbol	
CMPK1	HGNC:18170	ENSG00000162368	P30085	symbol	
CMSS1	HGNC:28666	ENSG00000184220	Q9BQ75	symbol	
CMTM4	HGNC:19175	ENSG00000183723	Q8IZR5	symbol	
CMTM5	HGNC:19176	ENSG00000166091	Q96DZ9	symbol	
CMTM6	HGNC:19177	ENSG00000091317	Q9NX76	symbol	
CMTR1	HGNC:21077	ENSG00000137200	Q8N1G2	symbol	
CMTR2	HGNC:25635	ENSG00000180917	Q8IYT2	symbol	
CNBD2	HGNC:16145	ENSG00000149646	Q96M20	symbol	
CNBP	HGNC:13164	ENSG00000169714	P62633	symbol	
CNDP2	HGNC:24437	ENSG00000133313	Q96KP4	symbol	
CNGB1	HGNC:2151	ENSG00000070729	Q14028	symbol	
CNGB3	HGNC:2153	ENSG00000170289	Q9NQW8	symbol	
CNIH4	HGNC:25013	ENSG00000143771	Q9P003	symbol	
CNN2	HGNC:2156	ENSG00000064666	Q99439	symbol	
CNN3	HGNC:2157	ENSG00000117519	Q15417	symbol	
CNNM2	HGNC:103	ENSG00000148842	Q9H8M5	symbol	
CNNM3	HGNC:104	ENSG00000168763	Q8NE01	symbol	
CNNM4	HGNC:105	ENSG00000158158	Q6P4Q7	symbol	
CNOT1	HGNC:7877	ENSG00000125107	A5YKK6	symbol	
CNOT10	HGNC:23817	ENSG00000182973	Q9H9A5	symbol	
CNOT11	HGNC:25217	ENSG00000158435	Q9UKZ1	symbol	
CNOT2	HGNC:7878	ENSG00000111596	Q9NZN8	symbol	
CNOT3	HGNC:7879	ENSG00000088038	O75175	symbol	
CNOT4	HGNC:7880	ENSG00000080802	O95628	symbol	
CNOT6	HGNC:14099	ENSG00000113300	Q9ULM6	symbol	
CNOT6L	HGNC:18042	ENSG00000138767	Q96LI5	symbol	
CNOT7	HGNC:14101	ENSG00000198791	Q9UIV1	symbol	
CNOT9	HGNC:10445	ENSG00000144580	Q92600	symbol	
CNP	HGNC:2158	ENSG00000173786	P09543	symbol	
CNPY2	HGNC:13529	ENSG00000257727	Q9Y2B0	symbol	
CNPY3	HGNC:11968	ENSG00000137161	Q9BT09	symbol	
CNPY4	HGNC:28631	ENSG00000166997	Q8N129	symbol	
CNRIP1	HGNC:24546	ENSG00000119865	Q96F85	symbol	
CNTFR	HGNC:2170	ENSG00000122756	P26992	symbol	
CNTLN	HGNC:23432	ENSG00000044459	Q9NXG0	symbol	
CNTN1	HGNC:2171	ENSG00000018236	Q12860	symbol	
CNTN2	HGNC:2172	ENSG00000184144	Q02246	symbol	
CNTNAP1	HGNC:8011	ENSG00000108797	P78357	symbol	
CNTNAP3	HGNC:13834	ENSG00000106714	Q9BZ76	symbol	
CNTNAP3B	HGNC:32035	ENSG00000154529	Q96NU0	symbol	
CNTRL	HGNC:1858	ENSG00000119397	Q7Z7A1	symbol	
COA1	HGNC:21868	ENSG00000106603	Q9GZY4	symbol	
COA3	HGNC:24990	ENSG00000183978	Q9Y2R0	symbol	
COA4	HGNC:24604	ENSG00000181924	Q9NYJ1	symbol	
COA5	HGNC:33848	ENSG00000183513	Q86WW8	symbol	
COA6	HGNC:18025	ENSG00000168275	Q5JTJ3	symbol	
COA7	HGNC:25716	ENSG00000162377	Q96BR5	symbol	
COASY	HGNC:29932	ENSG00000068120	Q13057	symbol	
COBL	HGNC:22199	ENSG00000106078	O75128	symbol	
COBLL1	HGNC:23571	ENSG00000082438	Q53SF7	symbol	
COG1	HGNC:6545	ENSG00000166685	Q8WTW3	symbol	
COG2	HGNC:6546	ENSG00000135775	Q14746	symbol	
COG3	HGNC:18619	ENSG00000136152	Q96JB2	symbol	
COG4	HGNC:18620	ENSG00000103051	Q9H9E3	symbol	
COG5	HGNC:14857	ENSG00000164597	Q9UP83	symbol	
COG6	HGNC:18621	ENSG00000133103	Q9Y2V7	symbol	
COG7	HGNC:18622	ENSG00000168434	P83436	symbol	
COG8	HGNC:18623	ENSG00000213380	Q96MW5	symbol	
COIL	HGNC:2184	ENSG00000121058	P38432	symbol	
COL11A2	HGNC:2187	ENSG00000204248	P13942	symbol	
COL12A1	HGNC:2188	ENSG00000111799	Q99715	symbol	
COL15A1	HGNC:2192	ENSG00000204291	P39059	symbol	
COL16A1	HGNC:2193	ENSG00000084636	Q07092	symbol	
COL18A1	HGNC:2195	ENSG00000182871	P39060	symbol	
COL19A1	HGNC:2196	ENSG00000082293	Q14993	symbol	
COL1A1	HGNC:2197	ENSG00000108821	P02452	symbol	
COL1A2	HGNC:2198	ENSG00000164692	P08123	symbol	
COL21A1	HGNC:17025	ENSG00000124749	Q96P44	symbol	
COL24A1	HGNC:20821	ENSG00000171502	Q17RW2	symbol	
COL2A1	HGNC:2200	ENSG00000139219	P02458	symbol	
COL3A1	HGNC:2201	ENSG00000168542	P02461	symbol	
COL4A1	HGNC:2202	ENSG00000187498	P02462	symbol	
COL4A2	HGNC:2203	ENSG00000134871	P08572	symbol	
COL4A5	HGNC:2207	ENSG00000188153	P29400	symbol	
COL4A6	HGNC:2208	ENSG00000197565	Q14031	symbol	
COL5A1	HGNC:2209	ENSG00000130635	P20908	symbol	
COL5A2	HGNC:2210	ENSG00000204262	P05997	symbol	
COL6A1	HGNC:2211	ENSG00000142156	P12109	symbol	
COL6A2	HGNC:2212	ENSG00000142173	P12110	symbol	
COL6A3	HGNC:2213	ENSG00000163359	P12111	symbol	
COL7A1	HGNC:2214	ENSG00000114270	Q02388	symbol	
COL8A1	HGNC:2215	ENSG00000144810	P27658	symbol	
COLEC10	HGNC:2220	ENSG00000184374	Q9Y6Z7	symbol	
COLGALT1	HGNC:26182	ENSG00000130309	Q8NBJ5	symbol	
COMMD1	HGNC:23024	ENSG00000173163	Q8N668	symbol	
COMMD10	HGNC:30201	ENSG00000145781	Q9Y6G5	symbol	
COMMD2	HGNC:24993	ENSG00000114744	Q86X83	symbol	
COMMD3	HGNC:23332	ENSG00000148444	Q9UBI1	symbol	
COMMD4	HGNC:26027	ENSG00000140365	Q9H0A8	symbol	
COMMD5	HGNC:17902	ENSG00000170619	Q9GZQ3	symbol	
COMMD6	HGNC:24015	ENSG00000188243	Q7Z4G1	symbol	
COMMD7	HGNC:16223	ENSG00000149600	Q86VX2	symbol	
COMMD8	HGNC:26036	ENSG00000169019	Q9NX08	symbol	
COMMD9	HGNC:25014	ENSG00000110442	Q9P000	symbol	
COMP	HGNC:2227	ENSG00000105664	P49747	symbol	
COMT	HGNC:2228	ENSG00000093010	P21964	symbol	
COMTD1	HGNC:26309	ENSG00000165644	Q86VU5	symbol	
COP1	HGNC:17440	ENSG00000143207	Q8NHY2	symbol	
COPA	HGNC:2230	ENSG00000122218	P53621	symbol	
COPB1	HGNC:2231	ENSG00000129083	P53618	symbol	
COPB2	HGNC:2232	ENSG00000184432	P35606	symbol	
COPE	HGNC:2234	ENSG00000105669	O14579	symbol	
COPG1	HGNC:2236	ENSG00000181789	Q9Y678	symbol	
COPG2	HGNC:2237	ENSG00000158623	Q9UBF2	symbol	
COPRS	HGNC:28848	ENSG00000172301	Q9NQ92	symbol	
COPS2	HGNC:30747	ENSG00000166200	P61201	symbol	
COPS3	HGNC:2239	ENSG00000141030	Q9UNS2	symbol	
COPS4	HGNC:16702	ENSG00000138663	Q9BT78	symbol	
COPS5	HGNC:2240	ENSG00000121022	Q92905	symbol	
COPS6	HGNC:21749	ENSG00000168090	Q7L5N1	symbol	
COPS7A	HGNC:16758	ENSG00000111652	Q9UBW8	symbol	
COPS7B	HGNC:16760	ENSG00000144524	Q9H9Q2	symbol	
COPS8	HGNC:24335	ENSG00000198612	Q99627	symbol	
COPZ1	HGNC:2243	ENSG00000111481	P61923	symbol	
COQ3	HGNC:18175	ENSG00000132423	Q9NZJ6	symbol	
COQ4	HGNC:19693	ENSG00000167113	Q9Y3A0	symbol	
COQ5	HGNC:28722	ENSG00000110871	Q5HYK3	symbol	
COQ6	HGNC:20233	ENSG00000119723	Q9Y2Z9	symbol	
COQ7	HGNC:2244	ENSG00000167186	Q99807	symbol	
COQ8A	HGNC:16812	ENSG00000163050	Q8NI60	symbol	
COQ8B	HGNC:19041	ENSG00000123815	Q96D53	symbol	
COQ9	HGNC:25302	ENSG00000088682	O75208	symbol	
CORIN	HGNC:19012	ENSG00000145244	Q9Y5Q5	symbol	
CORO1A	HGNC:2252	ENSG00000102879	P31146	symbol	
CORO1B	HGNC:2253	ENSG00000172725	Q9BR76	symbol	
CORO1C	HGNC:2254	ENSG00000110880	Q9ULV4	symbol	
CORO2B	HGNC:2256	ENSG00000103647	Q9UQ03	symbol	
CORO7	HGNC:26161	ENSG00000262246	P57737	symbol	
COTL1	HGNC:18304	ENSG00000103187	Q14019	symbol	
COX11	HGNC:2261	ENSG00000166260	Q9Y6N1	symbol	
COX15	HGNC:2263	ENSG00000014919	Q7KZN9	symbol	
COX16	HGNC:20213	ENSG00000133983	Q9P0S2	symbol	
COX17	HGNC:2264	ENSG00000138495	Q14061	symbol	
COX19	HGNC:28074	ENSG00000240230	Q49B96	symbol	
COX20	HGNC:26970	ENSG00000203667	Q5RI15	symbol	
COX4I1	HGNC:2265	ENSG00000131143	P13073	symbol	
COX5A	HGNC:2267	ENSG00000178741	P20674	symbol	
COX5B	HGNC:2269	ENSG00000135940	P10606	symbol	
COX6A1	HGNC:2277	ENSG00000111775	P12074	symbol	
COX6B1	HGNC:2280	ENSG00000126267	P14854	symbol	
COX6C	HGNC:2285	ENSG00000164919	P09669	symbol	
COX7A2	HGNC:2288	ENSG00000112695	P14406	symbol	
COX7A2L	HGNC:2289	ENSG00000115944	O14548	symbol	
COX7B	HGNC:2291	ENSG00000131174	P24311	symbol	
COX7C	HGNC:2292	ENSG00000127184	P15954	symbol	
CP	HGNC:2295	ENSG00000047457	P00450	symbol	
CPA3	HGNC:2298	ENSG00000163751	P15088	symbol	
CPA4	HGNC:15740	ENSG00000128510	Q9UI42	symbol	
CPAMD8	HGNC:23228	ENSG00000160111	Q8IZJ3	symbol	
CPB1	HGNC:2299	ENSG00000153002	P15086	symbol	
CPD	HGNC:2301	ENSG00000108582	O75976	symbol	
CPE	HGNC:2303	ENSG00000109472	P16870	symbol	
CPEB4	HGNC:21747	ENSG00000113742	Q17RY0	symbol	
CPLANE1	HGNC:25801	ENSG00000197603	Q9H799	symbol	
CPLX2	HGNC:2310	ENSG00000145920	Q6PUV4	symbol	
CPM	HGNC:2311	ENSG00000135678	P14384	symbol	
CPN1	HGNC:2312	ENSG00000120054	P15169	symbol	
CPNE1	HGNC:2314	ENSG00000214078	Q99829	symbol	
CPNE2	HGNC:2315	ENSG00000140848	Q96FN4	symbol	
CPNE3	HGNC:2316	ENSG00000085719	O75131	symbol	
CPNE7	HGNC:2320	ENSG00000178773	Q9UBL6	symbol	
CPNE8	HGNC:23498	ENSG00000139117	Q86YQ8	symbol	
CPOX	HGNC:2321	ENSG00000080819	P36551	symbol	
CPPED1	HGNC:25632	ENSG00000103381	Q9BRF8	symbol	
CPQ	HGNC:16910	ENSG00000104324	Q9Y646	symbol	
CPS1	HGNC:2323	ENSG00000021826	P31327	symbol	
CPSF1	HGNC:2324	ENSG00000071894	Q10570	symbol	
CPSF2	HGNC:2325	ENSG00000165934	Q9P2I0	symbol	
CPSF3	HGNC:2326	ENSG00000119203	Q9UKF6	symbol	
CPSF4	HGNC:2327	ENSG00000160917	O95639	symbol	
CPSF6	HGNC:13871	ENSG00000111605	Q16630	symbol	
CPSF7	HGNC:30098	ENSG00000149532	Q8N684	symbol	
CPT1A	HGNC:2328	ENSG00000110090	P50416	symbol	
CPT2	HGNC:2330	ENSG00000157184	P23786	symbol	
CPTP	HGNC:28116	ENSG00000224051	Q5TA50	symbol	
CPVL	HGNC:14399	ENSG00000106066	Q9H3G5	symbol	
CR1	HGNC:2334	ENSG00000203710	P17927	symbol	
CR1L	HGNC:2335	ENSG00000197721	Q2VPA4	symbol	
CR2	HGNC:2336	ENSG00000117322	P20023	symbol	
CRABP1	HGNC:2338	ENSG00000166426	P29762	symbol	
CRABP2	HGNC:2339	ENSG00000143320	P29373	symbol	
CRACR2A	HGNC:28657	ENSG00000130038	Q9BSW2	symbol	
CRADD	HGNC:2340	ENSG00000169372	P78560	symbol	
CRAT	HGNC:2342	ENSG00000095321	P43155	symbol	
CRBN	HGNC:30185	ENSG00000113851	Q96SW2	symbol	
CRCT1	HGNC:29875	ENSG00000169509	Q9UGL9	symbol	
CREB1	HGNC:2345	ENSG00000118260	P16220	symbol	
CREBBP	HGNC:2348	ENSG00000005339	Q92793	symbol	
CREBRF	HGNC:24050	ENSG00000164463	Q8IUR6	symbol	
CREG1	HGNC:2351	ENSG00000143162	O75629	symbol	
CREG2	HGNC:14272	ENSG00000175874	Q8IUH2	symbol	
CRELD1	HGNC:14630	ENSG00000163703	Q96HD1	symbol	
CRELD2	HGNC:28150	ENSG00000184164	Q6UXH1	symbol	
CREM	HGNC:2352	ENSG00000095794	Q03060	symbol	
CRIM1	HGNC:2359	ENSG00000150938	Q9NZV1	symbol	
CRIP1	HGNC:2360	ENSG00000213145	P50238	symbol	
CRIP2	HGNC:2361	ENSG00000182809	P52943	symbol	
CRIPT	HGNC:14312	ENSG00000119878	Q9P021	symbol	
CRISP1	HGNC:304	ENSG00000124812	P54107	symbol	
CRISP2	HGNC:12024	ENSG00000124490	P16562	symbol	
CRISP3	HGNC:16904	ENSG00000096006	P54108	symbol	
CRK	HGNC:2362	ENSG00000167193	P46108	symbol	
CRKL	HGNC:2363	ENSG00000099942	P46109	symbol	
CRLF3	HGNC:17177	ENSG00000176390	Q8IUI8	symbol	
CRMP1	HGNC:2365	ENSG00000072832	Q14194	symbol	
CRNKL1	HGNC:15762	ENSG00000101343	Q9BZJ0	symbol	
CRNN	HGNC:1230	ENSG00000143536	Q9UBG3	symbol	
CROCC	HGNC:21299	ENSG00000058453	Q5TZA2	symbol	
CRTAP	HGNC:2379	ENSG00000170275	O75718	symbol	
CRTC1	HGNC:16062	ENSG00000105662	Q6UUV9	symbol	
CRTC2	HGNC:27301	ENSG00000160741	Q53ET0	symbol	
CRTC3	HGNC:26148	ENSG00000140577	Q6UUV7	symbol	
CRYAB	HGNC:2389	ENSG00000109846	P02511	symbol	
CRYBG1	HGNC:356	ENSG00000112297	Q9Y4K1	symbol	
CRYBG3	HGNC:34427	ENSG00000080200	Q68DQ2	symbol	
CRYL1	HGNC:18246	ENSG00000165475	Q9Y2S2	symbol	
CRYM	HGNC:2418	ENSG00000103316	Q14894	symbol	
CRYZ	HGNC:2419	ENSG00000116791	Q08257	symbol	
CRYZL1	HGNC:2420	ENSG00000205758	O95825	symbol	
CS	HGNC:2422	ENSG00000062485	O75390	symbol	
CSDE1	HGNC:29905	ENSG00000009307	O75534	symbol	
CSE1L	HGNC:2431	ENSG00000124207	P55060	symbol	
CSF2RA	HGNC:2435	ENSG00000198223	P15509	symbol	
CSGALNACT1	HGNC:24290	ENSG00000147408	Q8TDX6	symbol	
CSK	HGNC:2444	ENSG00000103653	P41240	symbol	
CSN1S1	HGNC:2445	ENSG00000126545	P47710	symbol	
CSN2	HGNC:2447	ENSG00000135222	P05814	symbol	
CSN3	HGNC:2446	ENSG00000171209	P07498	symbol	
CSNK1A1	HGNC:2451	ENSG00000113712	P48729	symbol	
CSNK1D	HGNC:2452	ENSG00000141551	P48730	symbol	
CSNK1E	HGNC:2453	ENSG00000213923	P49674	symbol	
CSNK1G1	HGNC:2454	ENSG00000169118	Q9HCP0	symbol	
CSNK1G2	HGNC:2455	ENSG00000133275	P78368	symbol	
CSNK1G3	HGNC:2456	ENSG00000151292	Q9Y6M4	symbol	
CSNK2A1	HGNC:2457	ENSG00000101266	P68400	symbol	
CSNK2A2	HGNC:2459	ENSG00000070770	P19784	symbol	
CSNK2B	HGNC:2460	ENSG00000204435	P67870	symbol	
CSPG4	HGNC:2466	ENSG00000173546	Q6UVK1	symbol	
CSPP1	HGNC:26193	ENSG00000104218	Q1MSJ5	symbol	
CSRP1	HGNC:2469	ENSG00000159176	P21291	symbol	
CSRP2	HGNC:2470	ENSG00000175183	Q16527	symbol	
CST1	HGNC:2473	ENSG00000170373	P01037	symbol	
CST2	HGNC:2474	ENSG00000170369	P09228	symbol	
CST3	HGNC:2475	ENSG00000101439	P01034	symbol	
CST4	HGNC:2476	ENSG00000101441	P01036	symbol	
CST5	HGNC:2477	ENSG00000170367	P28325	symbol	
CST6	HGNC:2478	ENSG00000175315	Q15828	symbol	
CST7	HGNC:2479	ENSG00000077984	O76096	symbol	
CSTA	HGNC:2481	ENSG00000121552	P01040	symbol	
CSTB	HGNC:2482	ENSG00000160213	P04080	symbol	
CSTF1	HGNC:2483	ENSG00000101138	Q05048	symbol	
CSTF2	HGNC:2484	ENSG00000101811	P33240	symbol	
CSTF2T	HGNC:17086	ENSG00000177613	Q9H0L4	symbol	
CSTF3	HGNC:2485	ENSG00000176102	Q12996	symbol	
CT83	HGNC:33494	ENSG00000204019	Q5H943	symbol	
CTBP1	HGNC:2494	ENSG00000159692	Q13363	symbol	
CTBP2	HGNC:2495	ENSG00000175029	P56545	symbol	
CTBS	HGNC:2496	ENSG00000117151	Q01459	symbol	
CTCF	HGNC:13723	ENSG00000102974	P49711	symbol	
CTDNEP1	HGNC:19085	ENSG00000175826	O95476	symbol	
CTDP1	HGNC:2498	ENSG00000060069	Q9Y5B0	symbol	
CTDSPL2	HGNC:26936	ENSG00000137770	Q05D32	symbol	
CTH	HGNC:2501	ENSG00000116761	P32929	symbol	
CTNNA1	HGNC:2509	ENSG00000044115	P35221	symbol	
CTNNA2	HGNC:2510	ENSG00000066032	P26232	symbol	
CTNNA3	HGNC:2511	ENSG00000183230	Q9UI47	symbol	
CTNNB1	HGNC:2514	ENSG00000168036	P35222	symbol	
CTNNBIP1	HGNC:16913	ENSG00000178585	Q9NSA3	symbol	
CTNNBL1	HGNC:15879	ENSG00000132792	Q8WYA6	symbol	
CTNND1	HGNC:2515	ENSG00000198561	O60716	symbol	
CTNND2	HGNC:2516	ENSG00000169862	Q9UQB3	symbol	
CTPS1	HGNC:2519	ENSG00000171793	P17812	symbol	
CTPS2	HGNC:2520	ENSG00000047230	Q9NRF8	symbol	
CTR9	HGNC:16850	ENSG00000198730	Q6PD62	symbol	
CTSA	HGNC:9251	ENSG00000064601	P10619	symbol	
CTSB	HGNC:2527	ENSG00000164733	P07858	symbol	
CTSC	HGNC:2528	ENSG00000109861	P53634	symbol	
CTSD	HGNC:2529	ENSG00000117984	P07339	symbol	
CTSF	HGNC:2531	ENSG00000174080	Q9UBX1	symbol	
CTSG	HGNC:2532	ENSG00000100448	P08311	symbol	
CTSH	HGNC:2535	ENSG00000103811	P09668	symbol	
CTSK	HGNC:2536	ENSG00000143387	P43235	symbol	
CTSL	HGNC:2537	ENSG00000135047	P07711	symbol	
CTSS	HGNC:2545	ENSG00000163131	P25774	symbol	
CTSV	HGNC:2538	ENSG00000136943	O60911	symbol	
CTSW	HGNC:2546	ENSG00000172543	P56202	symbol	
CTSZ	HGNC:2547	ENSG00000101160	Q9UBR2	symbol	
CTTN	HGNC:3338	ENSG00000085733	Q14247	symbol	
CTTNBP2NL	HGNC:25330	ENSG00000143079	Q9P2B4	symbol	
CTU1	HGNC:29590	ENSG00000142544	Q7Z7A3	symbol	
CTU2	HGNC:28005	ENSG00000174177	Q2VPK5	symbol	
CTXN2	HGNC:31109	ENSG00000233932	P0C2S0	symbol	
CUEDC1	HGNC:31350	ENSG00000180891	Q9NWM3	symbol	
CUEDC2	HGNC:28352	ENSG00000107874	Q9H467	symbol	
CUL1	HGNC:2551	ENSG00000055130	Q13616	symbol	
CUL2	HGNC:2552	ENSG00000108094	Q13617	symbol	
CUL3	HGNC:2553	ENSG00000036257	Q13618	symbol	
CUL4A	HGNC:2554	ENSG00000139842	Q13619	symbol	
CUL4B	HGNC:2555	ENSG00000158290	Q13620	symbol	
CUL5	HGNC:2556	ENSG00000166266	Q93034	symbol	
CUTA	HGNC:21101	ENSG00000112514	O60888	symbol	
CUTC	HGNC:24271	ENSG00000119929	Q9NTM9	symbol	
CUX1	HGNC:2557	ENSG00000257923	P39880|Q13948	symbol	
CWC15	HGNC:26939	ENSG00000150316	Q9P013	symbol	
CWC22	HGNC:29322	ENSG00000163510	Q9HCG8	symbol	
CWC25	HGNC:25989	ENSG00000273559	Q9NXE8	symbol	
CWC27	HGNC:10664	ENSG00000153015	Q6UX04	symbol	
CWF19L1	HGNC:25613	ENSG00000095485	Q69YN2	symbol	
CWF19L2	HGNC:26508	ENSG00000152404	Q2TBE0	symbol	
CXADR	HGNC:2559	ENSG00000154639	P78310	symbol	
CXCL16	HGNC:16642	ENSG00000161921	Q9H2A7	symbol	
CXORF38	HGNC:28589	ENSG00000185753	Q8TB03	symbol	
CXORF58	HGNC:26356	ENSG00000165182	Q96LI9	symbol	
CXXC1	HGNC:24343	ENSG00000154832	Q9P0U4	symbol	
CYB5A	HGNC:2570	ENSG00000166347	P00167	symbol	
CYB5B	HGNC:24374	ENSG00000103018	O43169	symbol	
CYB5R1	HGNC:13397	ENSG00000159348	Q9UHQ9	symbol	
CYB5R2	HGNC:24376	ENSG00000166394	Q6BCY4	symbol	
CYB5R3	HGNC:2873	ENSG00000100243	P00387	symbol	
CYBA	HGNC:2577	ENSG00000051523	P13498	symbol	
CYBB	HGNC:2578	ENSG00000165168	P04839	symbol	
CYBC1	HGNC:28672	ENSG00000178927	Q9BQA9	symbol	
CYBRD1	HGNC:20797	ENSG00000071967	Q53TN4	symbol	
CYC1	HGNC:2579	ENSG00000179091	P08574	symbol	
CYCS	HGNC:19986	ENSG00000172115	P99999	symbol	
CYFIP1	HGNC:13759	ENSG00000273749	Q7L576	symbol	
CYFIP2	HGNC:13760	ENSG00000055163	Q96F07	symbol	
CYLD	HGNC:2584	ENSG00000083799	Q9NQC7	symbol	
CYP19A1	HGNC:2594	ENSG00000137869	P11511	symbol	
CYP1A2	HGNC:2596	ENSG00000140505	P05177	symbol	
CYP1B1	HGNC:2597	ENSG00000138061	Q16678	symbol	
CYP20A1	HGNC:20576	ENSG00000119004	Q6UW02	symbol	
CYP24A1	HGNC:2602	ENSG00000019186	Q07973	symbol	
CYP26B1	HGNC:20581	ENSG00000003137	Q9NR63	symbol	
CYP27A1	HGNC:2605	ENSG00000135929	Q02318	symbol	
CYP2C18	HGNC:2620	ENSG00000108242	P33260	symbol	
CYP2S1	HGNC:15654	ENSG00000167600	Q96SQ9	symbol	
CYP2W1	HGNC:20243	ENSG00000073067	Q8TAV3	symbol	
CYP3A43	HGNC:17450	ENSG00000021461	Q9HB55	symbol	
CYP46A1	HGNC:2641	ENSG00000036530	Q9Y6A2	symbol	
CYP4F11	HGNC:13265	ENSG00000171903	Q9HBI6	symbol	
CYP4F2	HGNC:2645	ENSG00000186115	P78329	symbol	
CYP4F3	HGNC:2646	ENSG00000186529	Q08477	symbol	
CYP4X1	HGNC:20244	ENSG00000186377	Q8N118	symbol	
CYP51A1	HGNC:2649	ENSG00000001630	Q16850	symbol	
CYP7B1	HGNC:2652	ENSG00000172817	O75881	symbol	
CYRIB	HGNC:25216	ENSG00000153310	Q9NUQ9	symbol	
CYSTM1	HGNC:30239	ENSG00000120306	Q9H1C7	symbol	
CYTH1	HGNC:9501	ENSG00000108669	Q15438	symbol	
CYTH2	HGNC:9502	ENSG00000105443	Q99418	symbol	
CYTH3	HGNC:9504	ENSG00000008256	O43739	symbol	
CZIB	HGNC:26059	ENSG00000162384	Q9NWV4	symbol	
DAB2	HGNC:2662	ENSG00000153071	P98082	symbol	
DAD1	HGNC:2664	ENSG00000129562	P61803	symbol	
DAG1	HGNC:2666	ENSG00000173402	Q14118	symbol	
DAGLB	HGNC:28923	ENSG00000164535	Q8NCG7	symbol	
DAP	HGNC:2672	ENSG00000112977	P51397	symbol	
DAP3	HGNC:2673	ENSG00000132676	P51398	symbol	
DAPK1	HGNC:2674	ENSG00000196730	P53355	symbol	
DAPK3	HGNC:2676	ENSG00000167657	O43293	symbol	
DARS1	HGNC:2678	ENSG00000115866	P14868	symbol	
DARS2	HGNC:25538	ENSG00000117593	Q6PI48	symbol	
DAXX	HGNC:2681	ENSG00000204209	Q9UER7	symbol	
DAZAP1	HGNC:2683	ENSG00000071626	Q96EP5	symbol	
DBI	HGNC:2690	ENSG00000155368	P07108	symbol	
DBN1	HGNC:2695	ENSG00000113758	Q16643	symbol	
DBNL	HGNC:2696	ENSG00000136279	Q9UJU6	symbol	
DBR1	HGNC:15594	ENSG00000138231	Q9UK59	symbol	
DBT	HGNC:2698	ENSG00000137992	P11182	symbol	
DCAF1	HGNC:30911	ENSG00000145041	Q9Y4B6	symbol	
DCAF11	HGNC:20258	ENSG00000100897	Q8TEB1	symbol	
DCAF13	HGNC:24535	ENSG00000164934	Q9NV06	symbol	
DCAF16	HGNC:25987	ENSG00000163257	Q9NXF7	symbol	
DCAF5	HGNC:20224	ENSG00000139990	Q96JK2	symbol	
DCAF6	HGNC:30002	ENSG00000143164	Q58WW2	symbol	
DCAF7	HGNC:30915	ENSG00000136485	P61962	symbol	
DCAF8	HGNC:24891	ENSG00000132716	Q5TAQ9	symbol	
DCAKD	HGNC:26238	ENSG00000172992	Q8WVC6	symbol	
DCBLD1	HGNC:21479	ENSG00000164465	Q8N8Z6	symbol	
DCBLD2	HGNC:24627	ENSG00000057019	Q96PD2	symbol	
DCD	HGNC:14669	ENSG00000161634	P81605	symbol	
DCDC2	HGNC:18141	ENSG00000146038	Q9UHG0	symbol	
DCHS2	HGNC:23111	ENSG00000197410	Q6V1P9	symbol	
DCK	HGNC:2704	ENSG00000156136	P27707	symbol	
DCLK1	HGNC:2700	ENSG00000133083	O15075	symbol	
DCN	HGNC:2705	ENSG00000011465	P07585	symbol	
DCP1A	HGNC:18714	ENSG00000272886	Q9NPI6	symbol	
DCPS	HGNC:29812	ENSG00000110063	Q96C86	symbol	
DCTD	HGNC:2710	ENSG00000129187	P32321	symbol	
DCTN1	HGNC:2711	ENSG00000204843	Q14203	symbol	
DCTN2	HGNC:2712	ENSG00000175203	Q13561	symbol	
DCTN3	HGNC:2713	ENSG00000137100	O75935	symbol	
DCTN4	HGNC:15518	ENSG00000132912	Q9UJW0	symbol	
DCTN5	HGNC:24594	ENSG00000166847	Q9BTE1	symbol	
DCTN6	HGNC:16964	ENSG00000104671	O00399	symbol	
DCTPP1	HGNC:28777	ENSG00000179958	Q9H773	symbol	
DCUN1D1	HGNC:18184	ENSG00000043093	Q96GG9	symbol	
DCUN1D4	HGNC:28998	ENSG00000109184	Q92564	symbol	
DCUN1D5	HGNC:28409	ENSG00000137692	Q9BTE7	symbol	
DCX	HGNC:2714	ENSG00000077279	O43602	symbol	
DCXR	HGNC:18985	ENSG00000169738	Q7Z4W1	symbol	
DDA1	HGNC:28360	ENSG00000130311	Q9BW61	symbol	
DDAH1	HGNC:2715	ENSG00000153904	O94760	symbol	
DDAH2	HGNC:2716	ENSG00000213722	O95865	symbol	
DDB1	HGNC:2717	ENSG00000167986	Q16531	symbol	
DDB2	HGNC:2718	ENSG00000134574	Q92466	symbol	
DDHD1	HGNC:19714	ENSG00000100523	Q8NEL9	symbol	
DDI2	HGNC:24578	ENSG00000197312	Q5TDH0	symbol	
DDIAS	HGNC:26351	ENSG00000165490	Q8IXT1	symbol	
DDOST	HGNC:2728	ENSG00000244038	P39656	symbol	
DDR1	HGNC:2730	ENSG00000204580	Q08345	symbol	
DDR2	HGNC:2731	ENSG00000162733	Q16832	symbol	
DDRGK1	HGNC:16110	ENSG00000198171	Q96HY6	symbol	
DDT	HGNC:2732	ENSG00000099977	P30046	symbol	
DDTL	HGNC:33446	ENSG00000099974	A6NHG4	symbol	
DDX1	HGNC:2734	ENSG00000079785	Q92499	symbol	
DDX10	HGNC:2735	ENSG00000178105	Q13206	symbol	
DDX11	HGNC:2736	ENSG00000013573	Q96FC9	symbol	
DDX11L8	HGNC:37101	ENSG00000256263	A8MPP1	symbol	
DDX17	HGNC:2740	ENSG00000100201	Q92841	symbol	
DDX18	HGNC:2741	ENSG00000088205	Q9NVP1	symbol	
DDX19A	HGNC:25628	ENSG00000168872	Q9NUU7	symbol	
DDX19B	HGNC:2742	ENSG00000157349	Q9UMR2	symbol	
DDX20	HGNC:2743	ENSG00000064703	Q9UHI6	symbol	
DDX21	HGNC:2744	ENSG00000165732	Q9NR30	symbol	
DDX23	HGNC:17347	ENSG00000174243	Q9BUQ8	symbol	
DDX24	HGNC:13266	ENSG00000089737	Q9GZR7	symbol	
DDX27	HGNC:15837	ENSG00000124228	Q96GQ7	symbol	
DDX28	HGNC:17330	ENSG00000182810	Q9NUL7	symbol	
DDX31	HGNC:16715	ENSG00000125485	Q9H8H2	symbol	
DDX39A	HGNC:17821	ENSG00000123136	O00148	symbol	
DDX39B	HGNC:13917	ENSG00000198563	Q13838	symbol	
DDX3X	HGNC:2745	ENSG00000215301	O00571	symbol	
DDX3Y	HGNC:2699	ENSG00000067048	O15523	symbol	
DDX41	HGNC:18674	ENSG00000183258	Q9UJV9	symbol	
DDX42	HGNC:18676	ENSG00000198231	Q86XP3	symbol	
DDX43	HGNC:18677	ENSG00000080007	Q9NXZ2	symbol	
DDX46	HGNC:18681	ENSG00000145833	Q7L014	symbol	
DDX47	HGNC:18682	ENSG00000213782	Q9H0S4	symbol	
DDX49	HGNC:18684	ENSG00000105671	Q9Y6V7	symbol	
DDX5	HGNC:2746	ENSG00000108654	P17844	symbol	
DDX50	HGNC:17906	ENSG00000107625	Q9BQ39	symbol	
DDX51	HGNC:20082	ENSG00000185163	Q8N8A6	symbol	
DDX52	HGNC:20038	ENSG00000278053	Q9Y2R4	symbol	
DDX53	HGNC:20083	ENSG00000184735	Q86TM3	symbol	
DDX54	HGNC:20084	ENSG00000123064	Q8TDD1	symbol	
DDX55	HGNC:20085	ENSG00000111364	Q8NHQ9	symbol	
DDX56	HGNC:18193	ENSG00000136271	Q9NY93	symbol	
DDX59	HGNC:25360	ENSG00000118197	Q5T1V6	symbol	
DDX6	HGNC:2747	ENSG00000110367	P26196	symbol	
DDX60L	HGNC:26429	ENSG00000181381	Q5H9U9	symbol	
DEAF1	HGNC:14677	ENSG00000177030	O75398	symbol	
DECR1	HGNC:2753	ENSG00000104325	Q16698	symbol	
DECR2	HGNC:2754	ENSG00000242612	Q9NUI1	symbol	
DEF6	HGNC:2760	ENSG00000023892	Q9H4E7	symbol	
DEFA1	HGNC:2761	ENSG00000206047	P59665	symbol	
DEFA3	HGNC:2762	ENSG00000239839	P59666	symbol	
DEFB103A	HGNC:15967	ENSG00000176797	P81534	symbol	
DEK	HGNC:2768	ENSG00000124795	P35659	symbol	
DENND10	HGNC:31793	ENSG00000119979	Q8TCE6	symbol	
DENND10P1	HGNC:30886	ENSG00000221930	Q6NSW5	symbol	
DENND1A	HGNC:29324	ENSG00000119522	Q8TEH3	symbol	
DENND1B	HGNC:28404	ENSG00000213047	Q6P3S1	symbol	
DENND1C	HGNC:26225	ENSG00000205744	Q8IV53	symbol	
DENND2B	HGNC:11350	ENSG00000166444	P78524	symbol	
DENND3	HGNC:29134	ENSG00000105339	A2RUS2	symbol	
DENND4A	HGNC:24321	ENSG00000174485	Q7Z401	symbol	
DENND4C	HGNC:26079	ENSG00000137145	Q5VZ89	symbol	
DENR	HGNC:2769	ENSG00000139726	O43583	symbol	
DEPDC5	HGNC:18423	ENSG00000100150	O75140	symbol	
DEPDC7	HGNC:29899	ENSG00000121690	Q96QD5	symbol	
DERA	HGNC:24269	ENSG00000023697	Q9Y315	symbol	
DERL1	HGNC:28454	ENSG00000136986	Q9BUN8	symbol	
DERPC	HGNC:54084	ENSG00000286140	P0CG12	symbol	
DES	HGNC:2770	ENSG00000175084	P17661	symbol	
DESI1	HGNC:24577	ENSG00000100418	Q6ICB0	symbol	
DFFA	HGNC:2772	ENSG00000160049	O00273	symbol	
DFFB	HGNC:2773	ENSG00000169598	O76075	symbol	
DGCR6	HGNC:2846	ENSG00000183628	Q14129	symbol	
DGCR8	HGNC:2847	ENSG00000128191	Q8WYQ5	symbol	
DGKA	HGNC:2849	ENSG00000065357	P23743	symbol	
DGKE	HGNC:2852	ENSG00000153933	P52429	symbol	
DGKH	HGNC:2854	ENSG00000102780	Q86XP1	symbol	
DGKQ	HGNC:2856	ENSG00000145214	P52824	symbol	
DGLUCY	HGNC:20498	ENSG00000133943	Q7Z3D6	symbol	
DHCR24	HGNC:2859	ENSG00000116133	Q15392	symbol	
DHCR7	HGNC:2860	ENSG00000172893	Q9UBM7	symbol	
DHFR	HGNC:2861	ENSG00000228716	P00374	symbol	
DHODH	HGNC:2867	ENSG00000102967	Q02127	symbol	
DHPS	HGNC:2869	ENSG00000095059	P49366	symbol	
DHRS1	HGNC:16445	ENSG00000157379	Q96LJ7	symbol	
DHRS11	HGNC:28639	ENSG00000278535	Q6UWP2	symbol	
DHRS13	HGNC:28326	ENSG00000167536	Q6UX07	symbol	
DHRS2	HGNC:18349	ENSG00000100867	Q13268	symbol	
DHRS3	HGNC:17693	ENSG00000162496	O75911	symbol	
DHRS4	HGNC:16985	ENSG00000157326	Q9BTZ2	symbol	
DHRS4L1	HGNC:19732	ENSG00000225766	P0CG22	symbol	
DHRS7	HGNC:21524	ENSG00000100612	Q9Y394	symbol	
DHRS7B	HGNC:24547	ENSG00000109016	Q6IAN0	symbol	
DHRS9	HGNC:16888	ENSG00000073737	Q9BPW9	symbol	
DHRSX	HGNC:18399	ENSG00000169084	Q8N5I4	symbol	
DHTKD1	HGNC:23537	ENSG00000181192	Q96HY7	symbol	
DHX15	HGNC:2738	ENSG00000109606	O43143	symbol	
DHX16	HGNC:2739	ENSG00000204560	O60231	symbol	
DHX29	HGNC:15815	ENSG00000067248	Q7Z478	symbol	
DHX30	HGNC:16716	ENSG00000132153	Q7L2E3	symbol	
DHX32	HGNC:16717	ENSG00000089876	Q7L7V1	symbol	
DHX33	HGNC:16718	ENSG00000005100	Q9H6R0	symbol	
DHX34	HGNC:16719	ENSG00000134815	Q14147	symbol	
DHX35	HGNC:15861	ENSG00000101452	Q9H5Z1	symbol	
DHX36	HGNC:14410	ENSG00000174953	Q9H2U1	symbol	
DHX37	HGNC:17210	ENSG00000150990	Q8IY37	symbol	
DHX38	HGNC:17211	ENSG00000140829	Q92620	symbol	
DHX40	HGNC:18018	ENSG00000108406	Q8IX18	symbol	
DHX57	HGNC:20086	ENSG00000163214	Q6P158	symbol	
DHX8	HGNC:2749	ENSG00000067596	Q14562	symbol	
DHX9	HGNC:2750	ENSG00000135829	Q08211	symbol	
DIABLO	HGNC:21528	ENSG00000184047	Q9NR28	symbol	
DIAPH1	HGNC:2876	ENSG00000131504	O60610	symbol	
DIAPH2	HGNC:2877	ENSG00000147202	O60879	symbol	
DIAPH3	HGNC:15480	ENSG00000139734	Q9NSV4	symbol	
DICER1	HGNC:17098	ENSG00000100697	Q9UPY3	symbol	
DIDO1	HGNC:2680	ENSG00000101191	Q9BTC0	symbol	
DIMT1	HGNC:30217	ENSG00000086189	Q9UNQ2	symbol	
DIP2A	HGNC:17217	ENSG00000160305	Q14689	symbol	
DIP2B	HGNC:29284	ENSG00000066084	Q9P265	symbol	
DIPK2A	HGNC:28490	ENSG00000181744	Q8NDZ4	symbol	
DIPK2B	HGNC:25866	ENSG00000147113	Q9H7Y0	symbol	
DIRAS3	HGNC:687	ENSG00000162595	O95661	symbol	
DIS3	HGNC:20604	ENSG00000083520	Q9Y2L1	symbol	
DIS3L	HGNC:28698	ENSG00000166938	Q8TF46	symbol	
DIS3L2	HGNC:28648	ENSG00000144535	Q8IYB7	symbol	
DISP1	HGNC:19711	ENSG00000154309	Q96F81	symbol	
DIXDC1	HGNC:23695	ENSG00000150764	Q155Q3	symbol	
DKC1	HGNC:2890	ENSG00000130826	O60832	symbol	
DLAT	HGNC:2896	ENSG00000150768	P10515	symbol	
DLC1	HGNC:2897	ENSG00000164741	Q96QB1	symbol	
DLD	HGNC:2898	ENSG00000091140	P09622	symbol	
DLG1	HGNC:2900	ENSG00000075711	Q12959	symbol	
DLG2	HGNC:2901	ENSG00000150672	Q15700	symbol	
DLG3	HGNC:2902	ENSG00000082458	Q92796	symbol	
DLG4	HGNC:2903	ENSG00000132535	P78352	symbol	
DLG5	HGNC:2904	ENSG00000151208	Q8TDM6	symbol	
DLGAP3	HGNC:30368	ENSG00000116544	O95886	symbol	
DLGAP4	HGNC:24476	ENSG00000080845	Q9Y2H0	symbol	
DLGAP5	HGNC:16864	ENSG00000126787	Q15398	symbol	
DLST	HGNC:2911	ENSG00000119689	P36957	symbol	
DMAC1	HGNC:30536	ENSG00000137038	Q96GE9	symbol	
DMAC2	HGNC:25496	ENSG00000105341	Q9NW81	symbol	
DMAC2L	HGNC:18799	ENSG00000125375	Q99766	symbol	
DMAP1	HGNC:18291	ENSG00000178028	Q9NPF5	symbol	
DMBT1	HGNC:2926	ENSG00000187908	Q9UGM3	symbol	
DMD	HGNC:2928	ENSG00000198947	P11532	symbol	
DMKN	HGNC:25063	ENSG00000161249	Q6E0U4	symbol	
DMRT1	HGNC:2934	ENSG00000137090	Q9Y5R6	symbol	
DMTN	HGNC:3382	ENSG00000158856	Q08495	symbol	
DMXL1	HGNC:2937	ENSG00000172869	Q9Y485	symbol	
DMXL2	HGNC:2938	ENSG00000104093	Q8TDJ6	symbol	
DNA2	HGNC:2939	ENSG00000138346	P51530	symbol	
DNAAF1	HGNC:30539	ENSG00000154099	Q8NEP3	symbol	
DNAAF10	HGNC:25176	ENSG00000243667	Q96MX6	symbol	
DNAAF2	HGNC:20188	ENSG00000165506	Q9NVR5	symbol	
DNAAF4	HGNC:21493	ENSG00000256061	Q8WXU2	symbol	
DNAAF5	HGNC:26013	ENSG00000164818	Q86Y56	symbol	
DNAH10	HGNC:2941	ENSG00000197653	Q8IVF4	symbol	
DNAH11	HGNC:2942	ENSG00000105877	Q96DT5	symbol	
DNAH12	HGNC:2943	ENSG00000174844	Q6ZR08	symbol	
DNAH14	HGNC:2945	ENSG00000185842	Q0VDD8	symbol	
DNAH2	HGNC:2948	ENSG00000183914	Q9P225	symbol	
DNAH3	HGNC:2949	ENSG00000158486	Q8TD57	symbol	
DNAH5	HGNC:2950	ENSG00000039139	Q8TE73	symbol	
DNAH7	HGNC:18661	ENSG00000118997	Q8WXX0	symbol	
DNAH8	HGNC:2952	ENSG00000124721	Q96JB1	symbol	
DNAH9	HGNC:2953	ENSG00000007174	Q9NYC9	symbol	
DNAI1	HGNC:2954	ENSG00000122735	Q9UI46	symbol	
DNAI4	HGNC:26252	ENSG00000152763	Q5VTH9	symbol	
DNAJA1	HGNC:5229	ENSG00000086061	P31689	symbol	
DNAJA2	HGNC:14884	ENSG00000069345	O60884	symbol	
DNAJA3	HGNC:11808	ENSG00000103423	Q96EY1	symbol	
DNAJA4	HGNC:14885	ENSG00000140403	Q8WW22	symbol	
DNAJB1	HGNC:5270	ENSG00000132002	P25685	symbol	
DNAJB11	HGNC:14889	ENSG00000090520	Q9UBS4	symbol	
DNAJB12	HGNC:14891	ENSG00000148719	Q9NXW2	symbol	
DNAJB14	HGNC:25881	ENSG00000164031	Q8TBM8	symbol	
DNAJB2	HGNC:5228	ENSG00000135924	P25686	symbol	
DNAJB4	HGNC:14886	ENSG00000162616	Q9UDY4	symbol	
DNAJB6	HGNC:14888	ENSG00000105993	O75190	symbol	
DNAJB9	HGNC:6968	ENSG00000128590	Q9UBS3	symbol	
DNAJC1	HGNC:20090	ENSG00000136770	Q96KC8	symbol	
DNAJC10	HGNC:24637	ENSG00000077232	Q8IXB1	symbol	
DNAJC11	HGNC:25570	ENSG00000007923	Q9NVH1	symbol	
DNAJC12	HGNC:28908	ENSG00000108176	Q9UKB3	symbol	
DNAJC13	HGNC:30343	ENSG00000138246	O75165	symbol	
DNAJC14	HGNC:24581	ENSG00000135392	Q6Y2X3	symbol	
DNAJC16	HGNC:29157	ENSG00000116138	Q9Y2G8	symbol	
DNAJC17	HGNC:25556	ENSG00000104129	Q9NVM6	symbol	
DNAJC19	HGNC:30528	ENSG00000205981	Q96DA6	symbol	
DNAJC2	HGNC:13192	ENSG00000105821	Q99543	symbol	
DNAJC21	HGNC:27030	ENSG00000168724	Q5F1R6	symbol	
DNAJC3	HGNC:9439	ENSG00000102580	Q13217	symbol	
DNAJC5	HGNC:16235	ENSG00000101152	Q9H3Z4	symbol	
DNAJC7	HGNC:12392	ENSG00000168259	Q99615	symbol	
DNAJC8	HGNC:15470	ENSG00000126698	O75937	symbol	
DNAJC9	HGNC:19123	ENSG00000213551	Q8WXX5	symbol	
DNASE1	HGNC:2956	ENSG00000213918	P24855	symbol	
DNASE1L2	HGNC:2958	ENSG00000167968	Q92874	symbol	
DNASE1L3	HGNC:2959	ENSG00000163687	Q13609	symbol	
DNASE2	HGNC:2960	ENSG00000105612	O00115	symbol	
DND1	HGNC:23799	ENSG00000256453	Q8IYX4	symbol	
DNLZ	HGNC:33879	ENSG00000213221	Q5SXM8	symbol	
DNM1	HGNC:2972	ENSG00000106976	Q05193	symbol	
DNM1L	HGNC:2973	ENSG00000087470	O00429	symbol	
DNM2	HGNC:2974	ENSG00000079805	P50570	symbol	
DNMBP	HGNC:30373	ENSG00000107554	Q6XZF7	symbol	
DNMT1	HGNC:2976	ENSG00000130816	P26358	symbol	
DNPEP	HGNC:2981	ENSG00000123992	Q9ULA0	symbol	
DNPH1	HGNC:21218	ENSG00000112667	O43598	symbol	
DNTTIP1	HGNC:16160	ENSG00000101457	Q9H147	symbol	
DNTTIP2	HGNC:24013	ENSG00000067334	Q5QJE6	symbol	
DOC2A	HGNC:2985	ENSG00000149927	Q14183	symbol	
DOCK1	HGNC:2987	ENSG00000150760	Q14185	symbol	
DOCK10	HGNC:23479	ENSG00000135905	Q96BY6	symbol	
DOCK11	HGNC:23483	ENSG00000147251	Q5JSL3	symbol	
DOCK2	HGNC:2988	ENSG00000134516	Q92608	symbol	
DOCK3	HGNC:2989	ENSG00000088538	Q8IZD9	symbol	
DOCK5	HGNC:23476	ENSG00000147459	Q9H7D0	symbol	
DOCK6	HGNC:19189	ENSG00000130158	Q96HP0	symbol	
DOCK7	HGNC:19190	ENSG00000116641	Q96N67	symbol	
DOCK8	HGNC:19191	ENSG00000107099	Q8NF50	symbol	
DOCK9	HGNC:14132	ENSG00000088387	Q9BZ29	symbol	
DOHH	HGNC:28662	ENSG00000129932	Q9BU89	symbol	
DOK2	HGNC:2991	ENSG00000147443	O60496	symbol	
DOK3	HGNC:24583	ENSG00000146094	Q7L591	symbol	
DOP1B	HGNC:1291	ENSG00000142197	Q9Y3R5	symbol	
DPAGT1	HGNC:2995	ENSG00000172269	Q9H3H5	symbol	
DPCD	HGNC:24542	ENSG00000166171	Q9BVM2	symbol	
DPF2	HGNC:9964	ENSG00000133884	Q92785	symbol	
DPH1	HGNC:3003	ENSG00000108963	Q9BZG8	symbol	
DPH2	HGNC:3004	ENSG00000132768	Q9BQC3	symbol	
DPH5	HGNC:24270	ENSG00000117543	Q9H2P9	symbol	
DPH6	HGNC:30543	ENSG00000134146	Q7L8W6	symbol	
DPM1	HGNC:3005	ENSG00000000419	O60762	symbol	
DPM3	HGNC:3007	ENSG00000179085	Q9P2X0	symbol	
DPP10	HGNC:20823	ENSG00000175497	Q8N608	symbol	
DPP3	HGNC:3008	ENSG00000254986	Q9NY33	symbol	
DPP4	HGNC:3009	ENSG00000197635	P27487	symbol	
DPP7	HGNC:14892	ENSG00000176978	Q9UHL4	symbol	
DPP8	HGNC:16490	ENSG00000074603	Q6V1X1	symbol	
DPP9	HGNC:18648	ENSG00000142002	Q86TI2	symbol	
DPY19L1	HGNC:22205	ENSG00000173852	Q2PZI1	symbol	
DPY30	HGNC:24590	ENSG00000162961	Q9C005	symbol	
DPYD	HGNC:3012	ENSG00000188641	Q12882	symbol	
DPYS	HGNC:3013	ENSG00000147647	Q14117	symbol	
DPYSL2	HGNC:3014	ENSG00000092964	Q16555	symbol	
DPYSL3	HGNC:3015	ENSG00000113657	Q14195	symbol	
DPYSL4	HGNC:3016	ENSG00000151640	O14531	symbol	
DPYSL5	HGNC:20637	ENSG00000157851	Q9BPU6	symbol	
DR1	HGNC:3017	ENSG00000117505	Q01658	symbol	
DRAP1	HGNC:3019	ENSG00000175550	Q14919	symbol	
DRC1	HGNC:24245	ENSG00000157856	Q96MC2	symbol	
DRD2	HGNC:3023	ENSG00000149295	P14416	symbol	
DRG1	HGNC:3029	ENSG00000185721	Q9Y295	symbol	
DRG2	HGNC:3030	ENSG00000108591	P55039	symbol	
DROSHA	HGNC:17904	ENSG00000113360	Q9NRR4	symbol	
DSC1	HGNC:3035	ENSG00000134765	Q08554	symbol	
DSC2	HGNC:3036	ENSG00000134755	Q02487	symbol	
DSC3	HGNC:3037	ENSG00000134762	Q14574	symbol	
DSCAM	HGNC:3039	ENSG00000171587	O60469	symbol	
DSCC1	HGNC:24453	ENSG00000136982	Q9BVC3	symbol	
DSG1	HGNC:3048	ENSG00000134760	Q02413	symbol	
DSG2	HGNC:3049	ENSG00000046604	Q14126	symbol	
DSG3	HGNC:3050	ENSG00000134757	P32926	symbol	
DSG4	HGNC:21307	ENSG00000175065	Q86SJ6	symbol	
DSN1	HGNC:16165	ENSG00000149636	Q9H410	symbol	
DSP	HGNC:3052	ENSG00000096696	P15924	symbol	
DST	HGNC:1090	ENSG00000151914	Q03001	symbol	
DSTN	HGNC:15750	ENSG00000125868	P60981	symbol	
DSTYK	HGNC:29043	ENSG00000133059	Q6XUX3	symbol	
DTD1	HGNC:16219	ENSG00000125821	Q8TEA8	symbol	
DTD2	HGNC:20277	ENSG00000129480	Q96FN9	symbol	
DTL	HGNC:30288	ENSG00000143476	Q9NZJ0	symbol	
DTNBP1	HGNC:17328	ENSG00000047579	Q96EV8	symbol	
DTWD1	HGNC:30926	ENSG00000104047	Q8N5C7	symbol	
DTWD2	HGNC:19334	ENSG00000169570	Q8NBA8	symbol	
DTX3L	HGNC:30323	ENSG00000163840	Q8TDB6	symbol	
DTYMK	HGNC:3061	ENSG00000168393	P23919	symbol	
DUS1L	HGNC:30086	ENSG00000169718	Q6P1R4	symbol	
DUS2	HGNC:26014	ENSG00000167264	Q9NX74	symbol	
DUS3L	HGNC:26920	ENSG00000141994	Q96G46	symbol	
DUSP10	HGNC:3065	ENSG00000143507	Q9Y6W6	symbol	
DUSP12	HGNC:3067	ENSG00000081721	Q9UNI6	symbol	
DUSP14	HGNC:17007	ENSG00000276023	O95147	symbol	
DUSP19	HGNC:18894	ENSG00000162999	Q8WTR2	symbol	
DUSP23	HGNC:21480	ENSG00000158716	Q9BVJ7	symbol	
DUSP3	HGNC:3069	ENSG00000108861	P51452	symbol	
DUSP4	HGNC:3070	ENSG00000120875	Q13115	symbol	
DUSP7	HGNC:3073	ENSG00000164086	Q16829	symbol	
DUT	HGNC:3078	ENSG00000128951	P33316	symbol	
DVL1	HGNC:3084	ENSG00000107404	O14640	symbol	
DVL2	HGNC:3086	ENSG00000004975	O14641	symbol	
DVL3	HGNC:3087	ENSG00000161202	Q92997	symbol	
DXO	HGNC:2992	ENSG00000204348	O77932	symbol	
DYM	HGNC:21317	ENSG00000141627	Q7RTS9	symbol	
DYNC1H1	HGNC:2961	ENSG00000197102	Q14204	symbol	
DYNC1I1	HGNC:2963	ENSG00000158560	O14576	symbol	
DYNC1I2	HGNC:2964	ENSG00000077380	Q13409	symbol	
DYNC1LI1	HGNC:18745	ENSG00000144635	Q9Y6G9	symbol	
DYNC1LI2	HGNC:2966	ENSG00000135720	O43237	symbol	
DYNC2H1	HGNC:2962	ENSG00000187240	Q8NCM8	symbol	
DYNC2I2	HGNC:28296	ENSG00000119333	Q96EX3	symbol	
DYNLL1	HGNC:15476	ENSG00000088986	P63167	symbol	
DYNLL2	HGNC:24596	ENSG00000264364	Q96FJ2	symbol	
DYNLRB1	HGNC:15468	ENSG00000125971	Q9NP97	symbol	
DYNLRB2	HGNC:15467	ENSG00000168589	Q8TF09	symbol	
DYNLT1	HGNC:11697	ENSG00000146425	P63172	symbol	
DYNLT3	HGNC:11694	ENSG00000165169	P51808	symbol	
DYRK1A	HGNC:3091	ENSG00000157540	Q13627	symbol	
DYRK2	HGNC:3093	ENSG00000127334	Q92630	symbol	
DYRK3	HGNC:3094	ENSG00000143479	O43781	symbol	
DYRK4	HGNC:3095	ENSG00000010219	Q9NR20	symbol	
DYSF	HGNC:3097	ENSG00000135636	O75923	symbol	
DZIP3	HGNC:30938	ENSG00000198919	Q86Y13	symbol	
E2F1	HGNC:3113	ENSG00000101412	Q01094	symbol	
E2F4	HGNC:3118	ENSG00000205250	Q16254	symbol	
EAPP	HGNC:19312	ENSG00000129518	Q56P03	symbol	
EARS2	HGNC:29419	ENSG00000103356	Q5JPH6	symbol	
EBNA1BP2	HGNC:15531	ENSG00000117395	Q99848	symbol	
EBP	HGNC:3133	ENSG00000147155	Q15125	symbol	
ECD	HGNC:17029	ENSG00000122882	O95905	symbol	
ECE1	HGNC:3146	ENSG00000117298	P42892	symbol	
ECH1	HGNC:3149	ENSG00000104823	Q13011	symbol	
ECHDC1	HGNC:21489	ENSG00000093144	Q9NTX5	symbol	
ECHS1	HGNC:3151	ENSG00000127884	P30084	symbol	
ECI1	HGNC:2703	ENSG00000167969	P42126	symbol	
ECI2	HGNC:14601	ENSG00000198721	O75521	symbol	
ECM1	HGNC:3153	ENSG00000143369	Q16610	symbol	
ECPAS	HGNC:29020	ENSG00000136813	Q5VYK3	symbol	
ECSIT	HGNC:29548	ENSG00000130159	Q9BQ95	symbol	
ECT2	HGNC:3155	ENSG00000114346	Q9H8V3	symbol	
ECT2L	HGNC:21118	ENSG00000203734	Q008S8	symbol	
EDARADD	HGNC:14341	ENSG00000186197	Q8WWZ3	symbol	
EDC3	HGNC:26114	ENSG00000179151	Q96F86	symbol	
EDC4	HGNC:17157	ENSG00000038358	Q6P2E9	symbol	
EDEM1	HGNC:18967	ENSG00000134109	Q92611	symbol	
EDEM3	HGNC:16787	ENSG00000116406	Q9BZQ6	symbol	
EDF1	HGNC:3164	ENSG00000107223	O60869	symbol	
EDN3	HGNC:3178	ENSG00000124205	P14138	symbol	
EDRF1	HGNC:24640	ENSG00000107938	Q3B7T1	symbol	
EEA1	HGNC:3185	ENSG00000102189	Q15075	symbol	
EED	HGNC:3188	ENSG00000074266	O75530	symbol	
EEF1A1	HGNC:3189	ENSG00000156508	P68104	symbol	
EEF1A1P5	HGNC:3200	ENSG00000196205	Q5VTE0	symbol	
EEF1A2	HGNC:3192	ENSG00000101210	Q05639	symbol	
EEF1AKMT2	HGNC:33787	ENSG00000203791	Q5JPI9	symbol	
EEF1AKMT4	HGNC:53611	ENSG00000284753	P0DPD7	symbol	
EEF1AKMT4-ECE2	HGNC:53615	ENSG00000284917	P0DPD8	symbol	
EEF1B2	HGNC:3208	ENSG00000114942	P24534	symbol	
EEF1D	HGNC:3211	ENSG00000104529	P29692	symbol	
EEF1E1	HGNC:3212	ENSG00000124802	O43324	symbol	
EEF1G	HGNC:3213	ENSG00000254772	P26641	symbol	
EEF2	HGNC:3214	ENSG00000167658	P13639	symbol	
EEF2K	HGNC:24615	ENSG00000103319	O00418	symbol	
EEFSEC	HGNC:24614	ENSG00000132394	P57772	symbol	
EFCAB11	HGNC:20357	ENSG00000140025	Q9BUY7	symbol	
EFCAB13	HGNC:26864	ENSG00000178852	Q8IY85	symbol	
EFCAB5	HGNC:24801	ENSG00000176927	A4FU69	symbol	
EFEMP1	HGNC:3218	ENSG00000115380	Q12805	symbol	
EFEMP2	HGNC:3219	ENSG00000172638	O95967	symbol	
EFHD2	HGNC:28670	ENSG00000142634	Q96C19	symbol	
EFL1	HGNC:25789	ENSG00000140598	Q7Z2Z2	symbol	
EFNA1	HGNC:3221	ENSG00000169242	P20827	symbol	
EFR3A	HGNC:28970	ENSG00000132294	Q14156	symbol	
EFR3B	HGNC:29155	ENSG00000084710	Q9Y2G0	symbol	
EFTUD2	HGNC:30858	ENSG00000108883	Q15029	symbol	
EGFR	HGNC:3236	ENSG00000146648	P00533	symbol	
EGLN1	HGNC:1232	ENSG00000135766	Q9GZT9	symbol	
EHBP1	HGNC:29144	ENSG00000115504	Q8NDI1	symbol	
EHBP1L1	HGNC:30682	ENSG00000173442	Q8N3D4	symbol	
EHD1	HGNC:3242	ENSG00000110047	Q9H4M9	symbol	
EHD2	HGNC:3243	ENSG00000024422	Q9NZN4	symbol	
EHD3	HGNC:3244	ENSG00000013016	Q9NZN3	symbol	
EHD4	HGNC:3245	ENSG00000103966	Q9H223	symbol	
EHHADH	HGNC:3247	ENSG00000113790	Q08426	symbol	
EHMT1	HGNC:24650	ENSG00000181090	Q9H9B1	symbol	
EHMT2	HGNC:14129	ENSG00000204371	Q96KQ7	symbol	
EI24	HGNC:13276	ENSG00000149547	O14681	symbol	
EID3	HGNC:32961	ENSG00000255150	Q8N140	symbol	
EIF1	HGNC:3249	ENSG00000173812	P41567	symbol	
EIF1AD	HGNC:28147	ENSG00000175376	Q8N9N8	symbol	
EIF1AX	HGNC:3250	ENSG00000173674	P47813	symbol	
EIF1AY	HGNC:3252	ENSG00000198692	O14602	symbol	
EIF1B	HGNC:30792	ENSG00000114784	O60739	symbol	
EIF2A	HGNC:3254	ENSG00000144895	Q9BY44	symbol	
EIF2AK2	HGNC:9437	ENSG00000055332	P19525	symbol	
EIF2AK4	HGNC:19687	ENSG00000128829	Q9P2K8	symbol	
EIF2B1	HGNC:3257	ENSG00000111361	Q14232	symbol	
EIF2B2	HGNC:3258	ENSG00000119718	P49770	symbol	
EIF2B3	HGNC:3259	ENSG00000070785	Q9NR50	symbol	
EIF2B4	HGNC:3260	ENSG00000115211	Q9UI10	symbol	
EIF2B5	HGNC:3261	ENSG00000145191	Q13144	symbol	
EIF2D	HGNC:6583	ENSG00000143486	P41214	symbol	
EIF2S1	HGNC:3265	ENSG00000134001	P05198	symbol	
EIF2S2	HGNC:3266	ENSG00000125977	P20042	symbol	
EIF2S3	HGNC:3267	ENSG00000130741	P41091	symbol	
EIF2S3B	HGNC:43863	ENSG00000180574	Q2VIR3	symbol	
EIF3A	HGNC:3271	ENSG00000107581	Q14152	symbol	
EIF3B	HGNC:3280	ENSG00000106263	P55884	symbol	
EIF3C	HGNC:3279	ENSG00000184110	Q99613	symbol	
EIF3CL	HGNC:26347	ENSG00000205609	B5ME19	symbol	
EIF3D	HGNC:3278	ENSG00000100353	O15371	symbol	
EIF3E	HGNC:3277	ENSG00000104408	P60228	symbol	
EIF3F	HGNC:3275	ENSG00000175390	O00303	symbol	
EIF3G	HGNC:3274	ENSG00000130811	O75821	symbol	
EIF3H	HGNC:3273	ENSG00000147677	O15372	symbol	
EIF3I	HGNC:3272	ENSG00000084623	Q13347	symbol	
EIF3J	HGNC:3270	ENSG00000104131	O75822	symbol	
EIF3K	HGNC:24656	ENSG00000178982	Q9UBQ5	symbol	
EIF3L	HGNC:18138	ENSG00000100129	Q9Y262	symbol	
EIF3M	HGNC:24460	ENSG00000149100	Q7L2H7	symbol	
EIF4A1	HGNC:3282	ENSG00000161960	P60842	symbol	
EIF4A2	HGNC:3284	ENSG00000156976	Q14240	symbol	
EIF4A3	HGNC:18683	ENSG00000141543	P38919	symbol	
EIF4B	HGNC:3285	ENSG00000063046	P23588	symbol	
EIF4E	HGNC:3287	ENSG00000151247	P06730	symbol	
EIF4E2	HGNC:3293	ENSG00000135930	O60573	symbol	
EIF4EBP1	HGNC:3288	ENSG00000187840	Q13541	symbol	
EIF4ENIF1	HGNC:16687	ENSG00000184708	Q9NRA8	symbol	
EIF4G1	HGNC:3296	ENSG00000114867	Q04637	symbol	
EIF4G2	HGNC:3297	ENSG00000110321	P78344	symbol	
EIF4G3	HGNC:3298	ENSG00000075151	O43432	symbol	
EIF4H	HGNC:12741	ENSG00000106682	Q15056	symbol	
EIF5	HGNC:3299	ENSG00000100664	P55010	symbol	
EIF5A	HGNC:3300	ENSG00000132507	P63241	symbol	
EIF5A2	HGNC:3301	ENSG00000163577	Q9GZV4	symbol	
EIF5AL1	HGNC:17419	ENSG00000253626	Q6IS14	symbol	
EIF5B	HGNC:30793	ENSG00000158417	O60841	symbol	
EIF6	HGNC:6159	ENSG00000242372	P56537	symbol	
EIPR1	HGNC:12383	ENSG00000032389	Q53HC9	symbol	
ELAC2	HGNC:14198	ENSG00000006744	Q9BQ52	symbol	
ELANE	HGNC:3309	ENSG00000197561	P08246	symbol	
ELAPOR1	HGNC:29618	ENSG00000116299	Q6UXG2	symbol	
ELAVL1	HGNC:3312	ENSG00000066044	Q15717	symbol	
ELAVL2	HGNC:3313	ENSG00000107105	Q12926	symbol	
ELAVL4	HGNC:3315	ENSG00000162374	P26378	symbol	
ELL	HGNC:23114	ENSG00000105656	P55199	symbol	
ELMO1	HGNC:16286	ENSG00000155849	Q92556	symbol	
ELMO2	HGNC:17233	ENSG00000062598	Q96JJ3	symbol	
ELMO3	HGNC:17289	ENSG00000102890	Q96BJ8	symbol	
ELMOD1	HGNC:25334	ENSG00000110675	Q8N336	symbol	
ELMOD2	HGNC:28111	ENSG00000179387	Q8IZ81	symbol	
ELOA	HGNC:11620	ENSG00000011007	Q14241	symbol	
ELOB	HGNC:11619	ENSG00000103363	Q15370	symbol	
ELOC	HGNC:11617	ENSG00000154582	Q15369	symbol	
ELOF1	HGNC:28691	ENSG00000130165	P60002	symbol	
ELOVL1	HGNC:14418	ENSG00000066322	Q9BW60	symbol	
ELOVL5	HGNC:21308	ENSG00000012660	Q9NYP7	symbol	
ELP1	HGNC:5959	ENSG00000070061	O95163	symbol	
ELP2	HGNC:18248	ENSG00000134759	Q6IA86	symbol	
ELP3	HGNC:20696	ENSG00000134014	Q9H9T3	symbol	
ELP4	HGNC:1171	ENSG00000109911	Q96EB1	symbol	
ELP5	HGNC:30617	ENSG00000170291	Q8TE02	symbol	
ELP6	HGNC:25976	ENSG00000163832	Q0PNE2	symbol	
EMC1	HGNC:28957	ENSG00000127463	Q8N766	symbol	
EMC10	HGNC:27609	ENSG00000161671	Q5UCC4	symbol	
EMC2	HGNC:28963	ENSG00000104412	Q15006	symbol	
EMC3	HGNC:23999	ENSG00000125037	Q9P0I2	symbol	
EMC4	HGNC:28032	ENSG00000128463	Q5J8M3	symbol	
EMC6	HGNC:28430	ENSG00000127774	Q9BV81	symbol	
EMC7	HGNC:24301	ENSG00000134153	Q9NPA0	symbol	
EMC8	HGNC:7864	ENSG00000131148	O43402	symbol	
EMC9	HGNC:20273	ENSG00000100908	Q9Y3B6	symbol	
EMD	HGNC:3331	ENSG00000102119	P50402	symbol	
EME1	HGNC:24965	ENSG00000154920	Q96AY2	symbol	
EMG1	HGNC:16912	ENSG00000126749	Q92979	symbol	
EMILIN1	HGNC:19880	ENSG00000138080	Q9Y6C2	symbol	
EML1	HGNC:3330	ENSG00000066629	O00423	symbol	
EML2	HGNC:18035	ENSG00000125746	O95834	symbol	
EML3	HGNC:26666	ENSG00000149499	Q32P44	symbol	
EML4	HGNC:1316	ENSG00000143924	Q9HC35	symbol	
EML5	HGNC:18197	ENSG00000165521	Q05BV3	symbol	
EML6	HGNC:35412	ENSG00000214595	Q6ZMW3	symbol	
EMSY	HGNC:18071	ENSG00000158636	Q7Z589	symbol	
ENAH	HGNC:18271	ENSG00000154380	Q8N8S7	symbol	
ENDOD1	HGNC:29129	ENSG00000149218	O94919	symbol	
ENDOG	HGNC:3346	ENSG00000167136	Q14249	symbol	
ENDOU	HGNC:14369	ENSG00000111405	P21128	symbol	
ENG	HGNC:3349	ENSG00000106991	P17813	symbol	
ENGASE	HGNC:24622	ENSG00000167280	Q8NFI3	symbol	
ENO1	HGNC:3350	ENSG00000074800	P06733	symbol	
ENO2	HGNC:3353	ENSG00000111674	P09104	symbol	
ENO3	HGNC:3354	ENSG00000108515	P13929	symbol	
ENOPH1	HGNC:24599	ENSG00000145293	Q9UHY7	symbol	
ENOSF1	HGNC:30365	ENSG00000132199	Q7L5Y1	symbol	
ENPP4	HGNC:3359	ENSG00000001561	Q9Y6X5	symbol	
ENPP7	HGNC:23764	ENSG00000182156	Q6UWV6	symbol	
ENSA	HGNC:3360	ENSG00000143420	O43768	symbol	
ENTPD1	HGNC:3363	ENSG00000138185	P49961	symbol	
ENTPD5	HGNC:3367	ENSG00000187097	O75356	symbol	
ENTR1	HGNC:10667	ENSG00000165689	Q96C92	symbol	
ENY2	HGNC:24449	ENSG00000120533	Q9NPA8	symbol	
EOGT	HGNC:28526	ENSG00000163378	Q5NDL2	symbol	
EOMES	HGNC:3372	ENSG00000163508	O95936	symbol	
EP300	HGNC:3373	ENSG00000100393	Q09472	symbol	
EP400	HGNC:11958	ENSG00000183495	Q96L91	symbol	
EPAS1	HGNC:3374	ENSG00000116016	Q99814	symbol	
EPB41	HGNC:3377	ENSG00000159023	P11171	symbol	
EPB41L1	HGNC:3378	ENSG00000088367	Q9H4G0	symbol	
EPB41L2	HGNC:3379	ENSG00000079819	O43491	symbol	
EPB41L3	HGNC:3380	ENSG00000082397	Q9Y2J2	symbol	
EPC2	HGNC:24543	ENSG00000135999	Q52LR7	symbol	
EPCAM	HGNC:11529	ENSG00000119888	P16422	symbol	
EPDR1	HGNC:17572	ENSG00000086289	Q9UM22	symbol	
EPHA2	HGNC:3386	ENSG00000142627	P29317	symbol	
EPHA7	HGNC:3390	ENSG00000135333	Q15375	symbol	
EPHB2	HGNC:3393	ENSG00000133216	P29323	symbol	
EPHB4	HGNC:3395	ENSG00000196411	P54760	symbol	
EPHX1	HGNC:3401	ENSG00000143819	P07099	symbol	
EPHX3	HGNC:23760	ENSG00000105131	Q9H6B9	symbol	
EPM2AIP1	HGNC:19735	ENSG00000178567	Q7L775	symbol	
EPN1	HGNC:21604	ENSG00000063245	Q9Y6I3	symbol	
EPN2	HGNC:18639	ENSG00000072134	O95208	symbol	
EPN3	HGNC:18235	ENSG00000049283	Q9H201	symbol	
EPPK1	HGNC:15577	ENSG00000261150	P58107	symbol	
EPRS1	HGNC:3418	ENSG00000136628	P07814	symbol	
EPS15	HGNC:3419	ENSG00000085832	P42566	symbol	
EPS15L1	HGNC:24634	ENSG00000127527	Q9UBC2	symbol	
EPS8	HGNC:3420	ENSG00000151491	Q12929	symbol	
EPS8L1	HGNC:21295	ENSG00000131037	Q8TE68	symbol	
EPS8L2	HGNC:21296	ENSG00000177106	Q9H6S3	symbol	
EPS8L3	HGNC:21297	ENSG00000198758	Q8TE67	symbol	
EPX	HGNC:3423	ENSG00000121053	P11678	symbol	
ERAL1	HGNC:3424	ENSG00000132591	O75616	symbol	
ERAP1	HGNC:18173	ENSG00000164307	Q9NZ08	symbol	
ERAP2	HGNC:29499	ENSG00000164308	Q6P179	symbol	
ERBB2	HGNC:3430	ENSG00000141736	P04626	symbol	
ERBB3	HGNC:3431	ENSG00000065361	P21860	symbol	
ERBB4	HGNC:3432	ENSG00000178568	Q15303	symbol	
ERBIN	HGNC:15842	ENSG00000112851	Q96RT1	symbol	
ERC1	HGNC:17072	ENSG00000082805	Q8IUD2	symbol	
ERCC1	HGNC:3433	ENSG00000012061	P07992	symbol	
ERCC2	HGNC:3434	ENSG00000104884	P18074	symbol	
ERCC3	HGNC:3435	ENSG00000163161	P19447	symbol	
ERCC4	HGNC:3436	ENSG00000175595	Q92889	symbol	
ERCC5	HGNC:3437	ENSG00000134899	P28715	symbol	
ERCC6	HGNC:3438	ENSG00000225830	P0DP91|Q03468	symbol	
ERCC6L	HGNC:20794	ENSG00000186871	Q2NKX8	symbol	
ERCC6L2	HGNC:26922	ENSG00000182150	Q5T890	symbol	
ERF	HGNC:3444	ENSG00000105722	P50548	symbol	
ERG28	HGNC:1187	ENSG00000133935	Q9UKR5	symbol	
ERGIC1	HGNC:29205	ENSG00000113719	Q969X5	symbol	
ERGIC2	HGNC:30208	ENSG00000087502	Q96RQ1	symbol	
ERGIC3	HGNC:15927	ENSG00000125991	Q9Y282	symbol	
ERH	HGNC:3447	ENSG00000100632	P84090	symbol	
ERI1	HGNC:23994	ENSG00000104626	Q8IV48	symbol	
ERI3	HGNC:17276	ENSG00000117419	O43414	symbol	
ERICH1	HGNC:27234	ENSG00000104714	Q86X53	symbol	
ERICH3	HGNC:25346	ENSG00000178965	Q5RHP9	symbol	
ERICH6B	HGNC:26523	ENSG00000165837	Q5W0A0	symbol	
ERLEC1	HGNC:25222	ENSG00000068912	Q96DZ1	symbol	
ERLIN1	HGNC:16947	ENSG00000107566	O75477	symbol	
ERLIN2	HGNC:1356	ENSG00000147475	O94905	symbol	
ERMP1	HGNC:23703	ENSG00000099219	Q7Z2K6	symbol	
ERO1A	HGNC:13280	ENSG00000197930	Q96HE7	symbol	
ERP29	HGNC:13799	ENSG00000089248	P30040	symbol	
ERP44	HGNC:18311	ENSG00000023318	Q9BS26	symbol	
ERRFI1	HGNC:18185	ENSG00000116285	Q9UJM3	symbol	
ESAM	HGNC:17474	ENSG00000149564	Q96AP7	symbol	
ESCO2	HGNC:27230	ENSG00000171320	Q56NI9	symbol	
ESD	HGNC:3465	ENSG00000139684	P10768	symbol	
ESF1	HGNC:15898	ENSG00000089048	Q9H501	symbol	
ESPL1	HGNC:16856	ENSG00000135476	Q14674	symbol	
ESRP1	HGNC:25966	ENSG00000104413	Q6NXG1	symbol	
ESRP2	HGNC:26152	ENSG00000103067	Q9H6T0	symbol	
ESS2	HGNC:16817	ENSG00000100056	Q96DF8	symbol	
ESYT1	HGNC:29534	ENSG00000139641	Q9BSJ8	symbol	
ESYT2	HGNC:22211	ENSG00000117868	A0FGR8	symbol	
ETAA1	HGNC:24648	ENSG00000143971	Q9NY74	symbol	
ETF1	HGNC:3477	ENSG00000120705	P62495	symbol	
ETFA	HGNC:3481	ENSG00000140374	P13804	symbol	
ETFB	HGNC:3482	ENSG00000105379	P38117	symbol	
ETFDH	HGNC:3483	ENSG00000171503	Q16134	symbol	
ETHE1	HGNC:23287	ENSG00000105755	O95571	symbol	
ETS2	HGNC:3489	ENSG00000157557	P15036	symbol	
ETV6	HGNC:3495	ENSG00000139083	P41212	symbol	
EVC2	HGNC:19747	ENSG00000173040	Q86UK5	symbol	
EVI2B	HGNC:3500	ENSG00000185862	P34910	symbol	
EVI5	HGNC:3501	ENSG00000067208	O60447	symbol	
EVL	HGNC:20234	ENSG00000196405	Q9UI08	symbol	
EVPL	HGNC:3503	ENSG00000167880	Q92817	symbol	
EWSR1	HGNC:3508	ENSG00000182944	Q01844	symbol	
EXD1	HGNC:28507	ENSG00000178997	Q8NHP7	symbol	
EXD2	HGNC:20217	ENSG00000081177	Q9NVH0	symbol	
EXD3	HGNC:26023	ENSG00000187609	Q8N9H8	symbol	
EXO1	HGNC:3511	ENSG00000174371	Q9UQ84	symbol	
EXOC1	HGNC:30380	ENSG00000090989	Q9NV70	symbol	
EXOC2	HGNC:24968	ENSG00000112685	Q96KP1	symbol	
EXOC3	HGNC:30378	ENSG00000180104	O60645	symbol	
EXOC4	HGNC:30389	ENSG00000131558	Q96A65	symbol	
EXOC5	HGNC:10696	ENSG00000070367	O00471	symbol	
EXOC6	HGNC:23196	ENSG00000138190	Q8TAG9	symbol	
EXOC6B	HGNC:17085	ENSG00000144036	Q9Y2D4	symbol	
EXOC7	HGNC:23214	ENSG00000182473	Q9UPT5	symbol	
EXOC8	HGNC:24659	ENSG00000116903	Q8IYI6	symbol	
EXOG	HGNC:3347	ENSG00000157036	Q9Y2C4	symbol	
EXOSC1	HGNC:17286	ENSG00000171311	Q9Y3B2	symbol	
EXOSC10	HGNC:9138	ENSG00000171824	Q01780	symbol	
EXOSC2	HGNC:17097	ENSG00000130713	Q13868	symbol	
EXOSC3	HGNC:17944	ENSG00000107371	Q9NQT5	symbol	
EXOSC4	HGNC:18189	ENSG00000178896	Q9NPD3	symbol	
EXOSC5	HGNC:24662	ENSG00000077348	Q9NQT4	symbol	
EXOSC6	HGNC:19055	ENSG00000223496	Q5RKV6	symbol	
EXOSC7	HGNC:28112	ENSG00000075914	Q15024	symbol	
EXOSC8	HGNC:17035	ENSG00000120699	Q96B26	symbol	
EXOSC9	HGNC:9137	ENSG00000123737	Q06265	symbol	
EXTL2	HGNC:3516	ENSG00000162694	Q9UBQ6	symbol	
EXTL3	HGNC:3518	ENSG00000012232	O43909	symbol	
EYA1	HGNC:3519	ENSG00000104313	Q99502	symbol	
EYA3	HGNC:3521	ENSG00000158161	Q99504	symbol	
EYA4	HGNC:3522	ENSG00000112319	O95677	symbol	
EYS	HGNC:21555	ENSG00000188107	Q5T1H1	symbol	
EZH2	HGNC:3527	ENSG00000106462	Q15910	symbol	
EZR	HGNC:12691	ENSG00000092820	P15311	symbol	
F10	HGNC:3528	ENSG00000126218	P00742	symbol	
F11	HGNC:3529	ENSG00000088926	P03951	symbol	
F11R	HGNC:14685	ENSG00000158769	Q9Y624	symbol	
F13A1	HGNC:3531	ENSG00000124491	P00488	symbol	
F13B	HGNC:3534	ENSG00000143278	P05160	symbol	
F2	HGNC:3535	ENSG00000180210	P00734	symbol	
F3	HGNC:3541	ENSG00000117525	P13726	symbol	
F5	HGNC:3542	ENSG00000198734	P12259	symbol	
F8	HGNC:3546	ENSG00000185010	P00451	symbol	
F8A1	HGNC:3547	ENSG00000288722	P23610	symbol	
F9	HGNC:3551	ENSG00000101981	P00740	symbol	
FA2H	HGNC:21197	ENSG00000103089	Q7L5A8	symbol	
FABP1	HGNC:3555	ENSG00000163586	P07148	symbol	
FABP3	HGNC:3557	ENSG00000121769	P05413	symbol	
FABP4	HGNC:3559	ENSG00000170323	P15090	symbol	
FABP5	HGNC:3560	ENSG00000164687	Q01469	symbol	
FABP7	HGNC:3562	ENSG00000164434	O15540	symbol	
FADS1	HGNC:3574	ENSG00000149485	O60427	symbol	
FADS2	HGNC:3575	ENSG00000134824	O95864	symbol	
FADS3	HGNC:3576	ENSG00000221968	Q9Y5Q0	symbol	
FAF1	HGNC:3578	ENSG00000185104	Q9UNN5	symbol	
FAF2	HGNC:24666	ENSG00000113194	Q96CS3	symbol	
FAH	HGNC:3579	ENSG00000103876	P16930	symbol	
FAHD1	HGNC:14169	ENSG00000180185	Q6P587	symbol	
FAHD2A	HGNC:24252	ENSG00000115042	Q96GK7	symbol	
FAIM	HGNC:18703	ENSG00000158234	Q9NVQ4	symbol	
FAM107B	HGNC:23726	ENSG00000065809	Q9H098	symbol	
FAM110D	HGNC:25860	ENSG00000197245	Q8TAY7	symbol	
FAM111A	HGNC:24725	ENSG00000166801	Q96PZ2	symbol	
FAM111B	HGNC:24200	ENSG00000189057	Q6SJ93	symbol	
FAM114A1	HGNC:25087	ENSG00000197712	Q8IWE2	symbol	
FAM114A2	HGNC:1333	ENSG00000055147	Q9NRY5	symbol	
FAM117B	HGNC:14440	ENSG00000138439	Q6P1L5	symbol	
FAM120A	HGNC:13247	ENSG00000048828	Q9NZB2	symbol	
FAM120B	HGNC:21109	ENSG00000112584	Q96EK7	symbol	
FAM120C	HGNC:16949	ENSG00000184083	Q9NX05	symbol	
FAM133A	HGNC:26748	ENSG00000179083	Q8N9E0	symbol	
FAM133B	HGNC:28629	ENSG00000234545	Q5BKY9	symbol	
FAM136A	HGNC:25911	ENSG00000035141	Q96C01	alias_or_prev_symbol	
FAM149B1	HGNC:29162	ENSG00000138286	Q96BN6	symbol	
FAM162A	HGNC:17865	ENSG00000114023	Q96A26	symbol	
FAM169A	HGNC:29138	ENSG00000198780	Q9Y6X4	symbol	
FAM171B	HGNC:29412	ENSG00000144369	Q6P995	symbol	
FAM172A	HGNC:25365	ENSG00000113391	Q8WUF8	alias_or_prev_symbol	
FAM177A1	HGNC:19829	ENSG00000151327	Q8N128	symbol	
FAM180B	HGNC:34451	ENSG00000196666	Q6P0A1	symbol	
FAM184A	HGNC:20991	ENSG00000111879	Q8NB25	symbol	
FAM184B	HGNC:29235	ENSG00000047662	Q9ULE4	symbol	
FAM193A	HGNC:16822	ENSG00000125386	P78312	symbol	
FAM20B	HGNC:23017	ENSG00000116199	O75063	symbol	
FAM210A	HGNC:28346	ENSG00000177150	Q96ND0	alias_or_prev_symbol	
FAM210B	HGNC:16102	ENSG00000124098	Q96KR6	alias_or_prev_symbol	
FAM234A	HGNC:14163	ENSG00000167930	Q9H0X4	symbol	
FAM234B	HGNC:29288	ENSG00000084444	A2RU67	symbol	
FAM24B	HGNC:23475	ENSG00000213185	Q8N5W8	symbol	
FAM25A	HGNC:23436	ENSG00000188100	B3EWG3	symbol	
FAM25C	HGNC:23586	ENSG00000276430	B3EWG5	symbol	
FAM25G	HGNC:23590	ENSG00000189090	B3EWG6	symbol	
FAM32A	HGNC:24563	ENSG00000105058	Q9Y421	symbol	
FAM3A	HGNC:13749	ENSG00000071889	P98173	symbol	
FAM3C	HGNC:18664	ENSG00000196937	Q92520	symbol	
FAM47A	HGNC:29962	ENSG00000185448	Q5JRC9	symbol	
FAM47C	HGNC:25301	ENSG00000198173	Q5HY64	symbol	
FAM50A	HGNC:18786	ENSG00000071859	Q14320	symbol	
FAM53C	HGNC:1336	ENSG00000120709	Q9NYF3	symbol	
FAM76A	HGNC:28530	ENSG00000009780	Q8TAV0	symbol	
FAM76B	HGNC:28492	ENSG00000077458	Q5HYJ3	symbol	
FAM83A	HGNC:28210	ENSG00000147689	Q86UY5	alias_or_prev_symbol	
FAM83B	HGNC:21357	ENSG00000168143	Q5T0W9	alias_or_prev_symbol	
FAM83D	HGNC:16122	ENSG00000101447	Q9H4H8	alias_or_prev_symbol	
FAM83H	HGNC:24797	ENSG00000180921	Q6ZRV2	alias_or_prev_symbol	
FAM8A1	HGNC:16372	ENSG00000137414	Q9UBU6	symbol	
FAM91A1	HGNC:26306	ENSG00000176853	Q658Y4	symbol	
FAM98A	HGNC:24520	ENSG00000119812	Q8NCA5	alias_or_prev_symbol	
FAM98B	HGNC:26773	ENSG00000171262	Q52LJ0	alias_or_prev_symbol	
FAM98C	HGNC:27119	ENSG00000130244	Q17RN3	alias_or_prev_symbol	
FANCB	HGNC:3583	ENSG00000181544	Q8NB91	symbol	
FANCD2	HGNC:3585	ENSG00000144554	Q9BXW9	symbol	
FANCG	HGNC:3588	ENSG00000221829	O15287	symbol	
FANCI	HGNC:25568	ENSG00000140525	Q9NVI1	symbol	
FANCM	HGNC:23168	ENSG00000187790	Q8IYD8	symbol	
FANK1	HGNC:23527	ENSG00000203780	Q8TC84	symbol	
FAP	HGNC:3590	ENSG00000078098	Q12884	symbol	
FAR1	HGNC:26222	ENSG00000197601	Q8WVX9	symbol	
FARP1	HGNC:3591	ENSG00000152767	Q9Y4F1	symbol	
FARP2	HGNC:16460	ENSG00000006607	O94887	symbol	
FARS2	HGNC:21062	ENSG00000145982	O95363	symbol	
FARSA	HGNC:3592	ENSG00000179115	Q9Y285	symbol	
FARSB	HGNC:17800	ENSG00000116120	Q9NSD9	symbol	
FAS	HGNC:11920	ENSG00000026103	P25445	symbol	
FASN	HGNC:3594	ENSG00000169710	P49327	symbol	
FASTKD1	HGNC:26150	ENSG00000138399	Q53R41	symbol	
FASTKD2	HGNC:29160	ENSG00000118246	Q9NYY8	symbol	
FASTKD3	HGNC:28758	ENSG00000124279	Q14CZ7	symbol	
FASTKD5	HGNC:25790	ENSG00000215251	Q7L8L6	symbol	
FAT1	HGNC:3595	ENSG00000083857	Q14517	symbol	
FAT2	HGNC:3596	ENSG00000086570	Q9NYQ8	symbol	
FAT4	HGNC:23109	ENSG00000196159	Q6V0I7	symbol	
FATE1	HGNC:24683	ENSG00000147378	Q969F0	symbol	
FAU	HGNC:3597	ENSG00000149806	P62861	symbol	
FBL	HGNC:3599	ENSG00000105202	P22087	symbol	
FBLIM1	HGNC:24686	ENSG00000162458	Q8WUP2	symbol	
FBLL1	HGNC:35458	ENSG00000188573	A6NHQ2	symbol	
FBLN1	HGNC:3600	ENSG00000077942	P23142	symbol	
FBLN5	HGNC:3602	ENSG00000140092	Q9UBX5	symbol	
FBN2	HGNC:3604	ENSG00000138829	P35556	symbol	
FBP1	HGNC:3606	ENSG00000165140	P09467	symbol	
FBP2	HGNC:3607	ENSG00000130957	O00757	symbol	
FBRS	HGNC:20442	ENSG00000156860	Q9HAH7	symbol	
FBRSL1	HGNC:29308	ENSG00000112787	Q9HCM7	symbol	
FBXL12	HGNC:13611	ENSG00000127452	Q9NXK8	symbol	
FBXL15	HGNC:28155	ENSG00000107872	Q9H469	symbol	
FBXL18	HGNC:21874	ENSG00000155034	Q96ME1	symbol	
FBXL20	HGNC:24679	ENSG00000108306	Q96IG2	symbol	
FBXL3	HGNC:13599	ENSG00000005812	Q9UKT7	symbol	
FBXO10	HGNC:13589	ENSG00000147912	Q9UK96	symbol	
FBXO11	HGNC:13590	ENSG00000138081	Q86XK2	symbol	
FBXO17	HGNC:18754	ENSG00000269190	Q96EF6	symbol	
FBXO2	HGNC:13581	ENSG00000116661	Q9UK22	symbol	
FBXO22	HGNC:13593	ENSG00000167196	Q8NEZ5	symbol	
FBXO3	HGNC:13582	ENSG00000110429	Q9UK99	symbol	
FBXO30	HGNC:15600	ENSG00000118496	Q8TB52	symbol	
FBXO38	HGNC:28844	ENSG00000145868	Q6PIJ6	symbol	
FBXO4	HGNC:13583	ENSG00000151876	Q9UKT5	symbol	
FBXO5	HGNC:13584	ENSG00000112029	Q9UKT4	symbol	
FBXO6	HGNC:13585	ENSG00000116663	Q9NRD1	symbol	
FBXO7	HGNC:13586	ENSG00000100225	Q9Y3I1	symbol	
FBXO9	HGNC:13588	ENSG00000112146	Q9UK97	symbol	
FBXW10	HGNC:1211	ENSG00000171931	Q5XX13	symbol	
FBXW11	HGNC:13607	ENSG00000072803	Q9UKB1	symbol	
FCER1G	HGNC:3611	ENSG00000158869	P30273	symbol	
FCER2	HGNC:3612	ENSG00000104921	P06734	symbol	
FCF1	HGNC:20220	ENSG00000119616	Q9Y324	symbol	
FCGBP	HGNC:13572	ENSG00000275395	Q9Y6R7	symbol	
FCGR1A	HGNC:3613	ENSG00000150337	P12314	symbol	
FCGR2A	HGNC:3616	ENSG00000143226	P12318	symbol	
FCGR2C	HGNC:15626	ENSG00000244682	P31995	symbol	
FCGR3A	HGNC:3619	ENSG00000203747	P08637	symbol	
FCGR3B	HGNC:3620	ENSG00000162747	O75015	symbol	
FCHO2	HGNC:25180	ENSG00000157107	Q0JRZ9	symbol	
FCHSD2	HGNC:29114	ENSG00000137478	O94868	symbol	
FCMR	HGNC:14315	ENSG00000162894	O60667	symbol	
FCN1	HGNC:3623	ENSG00000085265	O00602	symbol	
FCSK	HGNC:29500	ENSG00000157353	Q8N0W3	symbol	
FDCSP	HGNC:19215	ENSG00000181617	Q8NFU4	symbol	
FDFT1	HGNC:3629	ENSG00000079459	P37268	symbol	
FDPS	HGNC:3631	ENSG00000160752	P14324	symbol	
FDX1	HGNC:3638	ENSG00000137714	P10109	symbol	
FDXR	HGNC:3642	ENSG00000161513	P22570	symbol	
FECH	HGNC:3647	ENSG00000066926	P22830	symbol	
FEM1B	HGNC:3649	ENSG00000169018	Q9UK73	symbol	
FEN1	HGNC:3650	ENSG00000168496	P39748	symbol	
FER	HGNC:3655	ENSG00000151422	P16591	symbol	
FER1L6	HGNC:28065	ENSG00000214814	Q2WGJ9	symbol	
FERMT1	HGNC:15889	ENSG00000101311	Q9BQL6	symbol	
FERMT2	HGNC:15767	ENSG00000073712	Q96AC1	symbol	
FERMT3	HGNC:23151	ENSG00000149781	Q86UX7	symbol	
FES	HGNC:3657	ENSG00000182511	P07332	symbol	
FETUB	HGNC:3658	ENSG00000090512	Q9UGM5	symbol	
FEZ2	HGNC:3660	ENSG00000171055	Q9UHY8	symbol	
FGA	HGNC:3661	ENSG00000171560	P02671	symbol	
FGB	HGNC:3662	ENSG00000171564	P02675	symbol	
FGD4	HGNC:19125	ENSG00000139132	Q96M96	symbol	
FGD6	HGNC:21740	ENSG00000180263	Q6ZV73	symbol	
FGF11	HGNC:3667	ENSG00000161958	Q92914	symbol	
FGF16	HGNC:3672	ENSG00000196468	O43320	symbol	
FGF2	HGNC:3676	ENSG00000138685	P09038	symbol	
FGFR1	HGNC:3688	ENSG00000077782	P11362	symbol	
FGFR1OP2	HGNC:23098	ENSG00000111790	Q9NVK5	symbol	
FGFR3	HGNC:3690	ENSG00000068078	P22607	symbol	
FGFR4	HGNC:3691	ENSG00000160867	P22455	symbol	
FGG	HGNC:3694	ENSG00000171557	P02679	symbol	
FGL2	HGNC:3696	ENSG00000127951	Q14314	symbol	
FGR	HGNC:3697	ENSG00000000938	P09769	symbol	
FH	HGNC:3700	ENSG00000091483	P07954	symbol	
FHAD1	HGNC:29408	ENSG00000142621	B1AJZ9	symbol	
FHDC1	HGNC:29363	ENSG00000137460	Q9C0D6	symbol	
FHIP1B	HGNC:25378	ENSG00000051009	Q8N612	symbol	
FHIP2A	HGNC:29320	ENSG00000151553	Q5W0V3	symbol	
FHIP2B	HGNC:16492	ENSG00000158863	Q86V87	symbol	
FHL1	HGNC:3702	ENSG00000022267	Q13642	symbol	
FHL2	HGNC:3703	ENSG00000115641	Q14192	symbol	
FHL3	HGNC:3704	ENSG00000183386	Q13643	symbol	
FHL5	HGNC:17371	ENSG00000112214	Q5TD97	symbol	
FHOD1	HGNC:17905	ENSG00000135723	Q9Y613	symbol	
FIBP	HGNC:3705	ENSG00000172500	O43427	symbol	
FIGNL1	HGNC:13286	ENSG00000132436	Q6PIW4	symbol	
FILIP1	HGNC:21015	ENSG00000118407	Q7Z7B0	symbol	
FIP1L1	HGNC:19124	ENSG00000145216	Q6UN15	symbol	
FIS1	HGNC:21689	ENSG00000214253	Q9Y3D6	symbol	
FITM2	HGNC:16135	ENSG00000197296	Q8N6M3	symbol	
FIZ1	HGNC:25917	ENSG00000179943	Q96SL8	symbol	
FKBP10	HGNC:18169	ENSG00000141756	Q96AY3	symbol	
FKBP11	HGNC:18624	ENSG00000134285	Q9NYL4	symbol	
FKBP15	HGNC:23397	ENSG00000119321	Q5T1M5	symbol	
FKBP1A	HGNC:3711	ENSG00000088832	P62942	symbol	
FKBP1B	HGNC:3712	ENSG00000119782	P68106	symbol	
FKBP2	HGNC:3718	ENSG00000173486	P26885	symbol	
FKBP3	HGNC:3719	ENSG00000100442	Q00688	symbol	
FKBP4	HGNC:3720	ENSG00000004478	Q02790	symbol	
FKBP5	HGNC:3721	ENSG00000096060	Q13451	symbol	
FKBP8	HGNC:3724	ENSG00000105701	Q14318	symbol	
FKBP9	HGNC:3725	ENSG00000122642	O95302	symbol	
FKBPL	HGNC:13949	ENSG00000204315	Q9UIM3	symbol	
FKRP	HGNC:17997	ENSG00000181027	Q9H9S5	symbol	
FLACC1	HGNC:14439	ENSG00000155749	Q96Q35	symbol	
FLAD1	HGNC:24671	ENSG00000160688	Q8NFF5	symbol	
FLG	HGNC:3748	ENSG00000143631	P20930	symbol	
FLG2	HGNC:33276	ENSG00000143520	Q5D862	symbol	
FLI1	HGNC:3749	ENSG00000151702	Q01543	symbol	
FLII	HGNC:3750	ENSG00000177731	Q13045	symbol	
FLNA	HGNC:3754	ENSG00000196924	P21333	symbol	
FLNB	HGNC:3755	ENSG00000136068	O75369	symbol	
FLOT1	HGNC:3757	ENSG00000137312	O75955	symbol	
FLOT2	HGNC:3758	ENSG00000132589	Q14254	symbol	
FLVCR1	HGNC:24682	ENSG00000162769	Q9Y5Y0	symbol	
FLVCR2	HGNC:20105	ENSG00000119686	Q9UPI3	symbol	
FLYWCH2	HGNC:25178	ENSG00000162076	Q96CP2	symbol	
FMC1	HGNC:26946	ENSG00000164898	Q96HJ9	symbol	
FMN1	HGNC:3768	ENSG00000248905	Q68DA7	symbol	
FMNL1	HGNC:1212	ENSG00000184922	O95466	symbol	
FMNL2	HGNC:18267	ENSG00000157827	Q96PY5	symbol	
FMO1	HGNC:3769	ENSG00000010932	Q01740	symbol	
FMOD	HGNC:3774	ENSG00000122176	Q06828	symbol	
FMR1	HGNC:3775	ENSG00000102081	Q06787	symbol	
FN1	HGNC:3778	ENSG00000115414	P02751	symbol	
FN3KRP	HGNC:25700	ENSG00000141560	Q9HA64	symbol	
FNBP1	HGNC:17069	ENSG00000187239	Q96RU3	symbol	
FNBP1L	HGNC:20851	ENSG00000137942	Q5T0N5	symbol	
FNBP4	HGNC:19752	ENSG00000109920	Q8N3X1	symbol	
FNDC3A	HGNC:20296	ENSG00000102531	Q9Y2H6	symbol	
FNDC3B	HGNC:24670	ENSG00000075420	Q53EP0	symbol	
FNTA	HGNC:3782	ENSG00000168522	P49354	symbol	
FNTB	HGNC:3785	ENSG00000257365	P49356	symbol	
FOCAD	HGNC:23377	ENSG00000188352	Q5VW36	symbol	
FOLR1	HGNC:3791	ENSG00000110195	P15328	symbol	
FOSB	HGNC:3797	ENSG00000125740	P53539	symbol	
FOSL2	HGNC:3798	ENSG00000075426	P15408	symbol	
FOXC1	HGNC:3800	ENSG00000054598	Q12948	symbol	
FOXG1	HGNC:3811	ENSG00000176165	P55316	symbol	
FOXJ3	HGNC:29178	ENSG00000198815	Q9UPW0	symbol	
FOXK1	HGNC:23480	ENSG00000164916	P85037	symbol	
FOXK2	HGNC:6036	ENSG00000141568	Q01167	symbol	
FOXRED1	HGNC:26927	ENSG00000110074	Q96CU9	symbol	
FPGS	HGNC:3824	ENSG00000136877	Q05932	symbol	
FPGT	HGNC:3825	ENSG00000254685	O14772	symbol	
FPR2	HGNC:3827	ENSG00000171049	P25090	symbol	
FRA10AC1	HGNC:1162	ENSG00000148690	Q70Z53	symbol	
FREM1	HGNC:23399	ENSG00000164946	Q5H8C1	symbol	
FRG1	HGNC:3954	ENSG00000109536	Q14331	symbol	
FRMD6	HGNC:19839	ENSG00000139926	Q96NE9	symbol	
FRMD8	HGNC:25462	ENSG00000126391	Q9BZ67	symbol	
FRMPD1	HGNC:29159	ENSG00000070601	Q5SYB0	symbol	
FRMPD2	HGNC:28572	ENSG00000170324	Q68DX3	symbol	
FRMPD3	HGNC:29382	ENSG00000147234	Q5JV73	symbol	
FRRS1	HGNC:27622	ENSG00000156869	Q6ZNA5	symbol	
FRY	HGNC:20367	ENSG00000073910	Q5TBA9	symbol	
FRYL	HGNC:29127	ENSG00000075539	O94915	symbol	
FRZB	HGNC:3959	ENSG00000162998	Q92765	symbol	
FSCN1	HGNC:11148	ENSG00000075618	Q16658	symbol	
FSD1	HGNC:13745	ENSG00000105255	Q9BTV5	symbol	
FSHR	HGNC:3969	ENSG00000170820	P23945	symbol	
FSIP2	HGNC:21675	ENSG00000188738	Q5CZC0	symbol	
FSTL3	HGNC:3973	ENSG00000070404	O95633	symbol	
FTH1	HGNC:3976	ENSG00000167996	P02794	symbol	
FTL	HGNC:3999	ENSG00000087086	P02792	symbol	
FTO	HGNC:24678	ENSG00000140718	Q9C0B1	symbol	
FTSJ1	HGNC:13254	ENSG00000068438	Q9UET6	symbol	
FTSJ3	HGNC:17136	ENSG00000108592	Q8IY81	symbol	
FUBP1	HGNC:4004	ENSG00000162613	Q96AE4	symbol	
FUBP3	HGNC:4005	ENSG00000107164	Q96I24	symbol	
FUCA1	HGNC:4006	ENSG00000179163	P04066	symbol	
FUCA2	HGNC:4008	ENSG00000001036	Q9BTY2	symbol	
FUNDC2	HGNC:24925	ENSG00000165775	Q9BWH2	symbol	
FURIN	HGNC:8568	ENSG00000140564	P09958	symbol	
FUS	HGNC:4010	ENSG00000089280	P35637	symbol	
FUT8	HGNC:4019	ENSG00000033170	Q9BYC5	symbol	
FXN	HGNC:3951	ENSG00000165060	Q16595	symbol	
FXR1	HGNC:4023	ENSG00000114416	P51114	symbol	
FXR2	HGNC:4024	ENSG00000129245	P51116	symbol	
FXYD2	HGNC:4026	ENSG00000137731	P54710	symbol	
FYB1	HGNC:4036	ENSG00000082074	O15117	symbol	
FYB2	HGNC:27295	ENSG00000187889	Q5VWT5	symbol	
FYCO1	HGNC:14673	ENSG00000163820	Q9BQS8	symbol	
FYTTD1	HGNC:25407	ENSG00000122068	Q96QD9	symbol	
FZD2	HGNC:4040	ENSG00000180340	Q14332	symbol	
FZD6	HGNC:4044	ENSG00000164930	O60353	symbol	
FZD7	HGNC:4045	ENSG00000155760	O75084	symbol	
G3BP1	HGNC:30292	ENSG00000145907	Q13283	symbol	
G3BP2	HGNC:30291	ENSG00000138757	Q9UN86	symbol	
G6PC3	HGNC:24861	ENSG00000141349	Q9BUM1	symbol	
G6PD	HGNC:4057	ENSG00000160211	P11413	symbol	
GAA	HGNC:4065	ENSG00000171298	P10253	symbol	
GAB4	HGNC:18325	ENSG00000215568	Q2WGN9	symbol	
GABARAP	HGNC:4067	ENSG00000170296	O95166	symbol	
GABARAPL2	HGNC:13291	ENSG00000034713	P60520	symbol	
GABPA	HGNC:4071	ENSG00000154727	Q06546	symbol	
GABPB1	HGNC:4074	ENSG00000104064	Q06547	symbol	
GABPB2	HGNC:28441	ENSG00000143458	Q8TAK5	symbol	
GABRR1	HGNC:4090	ENSG00000146276	P24046	symbol	
GADD45GIP1	HGNC:29996	ENSG00000179271	Q8TAE8	symbol	
GADL1	HGNC:27949	ENSG00000144644	Q6ZQY3	symbol	
GAGE1	HGNC:4098	ENSG00000205777	P0DTW1	symbol	
GAGE12B	HGNC:26779	ENSG00000236737	A1L429	symbol	
GAGE12F	HGNC:31906	ENSG00000236362	P0CL80	symbol	
GAGE12G	HGNC:31907	ENSG00000215269	P0CL81	symbol	
GAGE12H	HGNC:31908	ENSG00000224902	A6NDE8	symbol	
GAGE12J	HGNC:17778	ENSG00000224659	A6NER3	symbol	
GAGE13	HGNC:29081	ENSG00000274274	Q4V321	symbol	
GAGE2E	HGNC:31960	ENSG00000275113	Q4V326	symbol	
GAK	HGNC:4113	ENSG00000178950	O14976	symbol	
GAL	HGNC:4114	ENSG00000069482	P22466	symbol	
GAL3ST1	HGNC:24240	ENSG00000128242	Q99999	symbol	
GAL3ST2	HGNC:24869	ENSG00000154252	Q9H3Q3	symbol	
GALC	HGNC:4115	ENSG00000054983	P54803	symbol	
GALE	HGNC:4116	ENSG00000117308	Q14376	symbol	
GALK1	HGNC:4118	ENSG00000108479	P51570	symbol	
GALK2	HGNC:4119	ENSG00000156958	Q01415	symbol	
GALM	HGNC:24063	ENSG00000143891	Q96C23	symbol	
GALNS	HGNC:4122	ENSG00000141012	P34059	symbol	
GALNT1	HGNC:4123	ENSG00000141429	Q10472	symbol	
GALNT10	HGNC:19873	ENSG00000164574	Q86SR1	symbol	
GALNT12	HGNC:19877	ENSG00000119514	Q8IXK2	symbol	
GALNT14	HGNC:22946	ENSG00000158089	Q96FL9	symbol	
GALNT16	HGNC:23233	ENSG00000100626	Q8N428	symbol	
GALNT2	HGNC:4124	ENSG00000143641	Q10471	symbol	
GALNT7	HGNC:4129	ENSG00000109586	Q86SF2	symbol	
GAMT	HGNC:4136	ENSG00000130005	Q14353	symbol	
GAN	HGNC:4137	ENSG00000261609	Q9H2C0	symbol	
GANAB	HGNC:4138	ENSG00000089597	Q14697	symbol	
GAP43	HGNC:4140	ENSG00000172020	P17677	symbol	
GAPDH	HGNC:4141	ENSG00000111640	P04406	symbol	
GAPDHS	HGNC:24864	ENSG00000105679	O14556	symbol	
GAPVD1	HGNC:23375	ENSG00000165219	Q14C86	symbol	
GAR1	HGNC:14264	ENSG00000109534	Q9NY12	symbol	
GARRE1	HGNC:29016	ENSG00000166398	O15063	symbol	
GARS1	HGNC:4162	ENSG00000106105	P41250	symbol	
GART	HGNC:4163	ENSG00000159131	P22102	symbol	
GAS2	HGNC:4167	ENSG00000148935	O43903	symbol	
GAS2L3	HGNC:27475	ENSG00000139354	Q86XJ1	symbol	
GATAD1	HGNC:29941	ENSG00000157259	Q8WUU5	symbol	
GATAD2A	HGNC:29989	ENSG00000167491	Q86YP4	symbol	
GATAD2B	HGNC:30778	ENSG00000143614	Q8WXI9	symbol	
GATC	HGNC:25068	ENSG00000257218	O43716	symbol	
GATD1	HGNC:26616	ENSG00000177225	Q8NB37	symbol	
GATD3	HGNC:1273	ENSG00000160221	P0DPI2	symbol	
GATM	HGNC:4175	ENSG00000171766	P50440	symbol	
GBA2	HGNC:18986	ENSG00000070610	Q9HCG7	symbol	
GBE1	HGNC:4180	ENSG00000114480	Q04446	symbol	
GBF1	HGNC:4181	ENSG00000107862	Q92538	symbol	
GBP1	HGNC:4182	ENSG00000117228	P32455	symbol	
GBP2	HGNC:4183	ENSG00000162645	P32456	symbol	
GBP5	HGNC:19895	ENSG00000154451	Q96PP8	symbol	
GBP6	HGNC:25395	ENSG00000183347	Q6ZN66	symbol	
GBP7	HGNC:29606	ENSG00000213512	Q8N8V2	symbol	
GC	HGNC:4187	ENSG00000145321	P02774	symbol	
GCA	HGNC:15990	ENSG00000115271	P28676	symbol	
GCC1	HGNC:19095	ENSG00000179562	Q96CN9	symbol	
GCC2	HGNC:23218	ENSG00000135968	Q8IWJ2	symbol	
GCDH	HGNC:4189	ENSG00000105607	Q92947	symbol	
GCFC2	HGNC:1317	ENSG00000005436	P16383	symbol	
GCGR	HGNC:4192	ENSG00000215644	P47871	symbol	
GCHFR	HGNC:4194	ENSG00000137880	P30047	symbol	
GCLC	HGNC:4311	ENSG00000001084	P48506	symbol	
GCLM	HGNC:4312	ENSG00000023909	P48507	symbol	
GCN1	HGNC:4199	ENSG00000089154	Q92616	symbol	
GCNT3	HGNC:4205	ENSG00000140297	O95395	symbol	
GCSH	HGNC:4208	ENSG00000140905	P23434	symbol	
GDA	HGNC:4212	ENSG00000119125	Q9Y2T3	symbol	
GDAP1	HGNC:15968	ENSG00000104381	Q8TB36	symbol	
GDAP2	HGNC:18010	ENSG00000196505	Q9NXN4	symbol	
GDE1	HGNC:29644	ENSG00000006007	Q9NZC3	symbol	
GDF11	HGNC:4216	ENSG00000135414	O95390	symbol	
GDF15	HGNC:30142	ENSG00000130513	Q99988	symbol	
GDI1	HGNC:4226	ENSG00000203879	P31150	symbol	
GDI2	HGNC:4227	ENSG00000057608	P50395	symbol	
GDPD1	HGNC:20883	ENSG00000153982	Q8N9F7	symbol	
GDPD2	HGNC:25974	ENSG00000130055	Q9HCC8	symbol	
GDPD3	HGNC:28638	ENSG00000102886	Q7L5L3	symbol	
GDPD4	HGNC:24849	ENSG00000178795	Q6W3E5	symbol	
GEMIN2	HGNC:10884	ENSG00000092208	O14893	symbol	
GEMIN4	HGNC:15717	ENSG00000179409	P57678	symbol	
GEMIN5	HGNC:20043	ENSG00000082516	Q8TEQ6	symbol	
GEMIN6	HGNC:20044	ENSG00000152147	Q8WXD5	symbol	
GEMIN7	HGNC:20045	ENSG00000142252	Q9H840	symbol	
GEMIN8	HGNC:26044	ENSG00000046647	Q9NWZ8	symbol	
GET3	HGNC:752	ENSG00000198356	O43681	symbol	
GET4	HGNC:21690	ENSG00000239857	Q7L5D6	symbol	
GFM1	HGNC:13780	ENSG00000168827	Q96RP9	symbol	
GFM2	HGNC:29682	ENSG00000164347	Q969S9	symbol	
GFOD2	HGNC:28159	ENSG00000141098	Q3B7J2	symbol	
GFPT1	HGNC:4241	ENSG00000198380	Q06210	symbol	
GFPT2	HGNC:4242	ENSG00000131459	O94808	symbol	
GFRA2	HGNC:4244	ENSG00000168546	O00451	symbol	
GFUS	HGNC:12390	ENSG00000104522	Q13630	symbol	
GGA1	HGNC:17842	ENSG00000100083	Q9UJY5	symbol	
GGA2	HGNC:16064	ENSG00000103365	Q9UJY4	symbol	
GGA3	HGNC:17079	ENSG00000125447	Q9NZ52	symbol	
GGACT	HGNC:25100	ENSG00000134864	Q9BVM4	symbol	
GGCT	HGNC:21705	ENSG00000006625	O75223	symbol	
GGCX	HGNC:4247	ENSG00000115486	P38435	symbol	
GGH	HGNC:4248	ENSG00000137563	Q92820	symbol	
GGPS1	HGNC:4249	ENSG00000152904	O95749	symbol	
GGT1	HGNC:4250	ENSG00000100031	P19440	symbol	
GHDC	HGNC:24438	ENSG00000167925	Q8N2G8	symbol	
GHITM	HGNC:17281	ENSG00000165678	Q9H3K2	symbol	
GHRHR	HGNC:4266	ENSG00000106128	Q02643	symbol	
GID4	HGNC:28453	ENSG00000141034	Q8IVV7	symbol	
GID8	HGNC:15857	ENSG00000101193	Q9NWU2	symbol	
GIGYF1	HGNC:9126	ENSG00000146830	O75420	symbol	
GIGYF2	HGNC:11960	ENSG00000204120	Q6Y7W6	symbol	
GIMAP1	HGNC:23237	ENSG00000213203	Q8WWP7	symbol	
GIMAP4	HGNC:21872	ENSG00000133574	Q9NUV9	symbol	
GIMAP5	HGNC:18005	ENSG00000196329	Q96F15	symbol	
GIMAP6	HGNC:21918	ENSG00000133561	Q6P9H5	symbol	
GIMAP7	HGNC:22404	ENSG00000179144	Q8NHV1	symbol	
GIMAP8	HGNC:21792	ENSG00000171115	Q8ND71	symbol	
GIN1	HGNC:25959	ENSG00000145723	Q9NXP7	symbol	
GINS1	HGNC:28980	ENSG00000101003	Q14691	symbol	
GINS2	HGNC:24575	ENSG00000131153	Q9Y248	symbol	
GINS3	HGNC:25851	ENSG00000181938	Q9BRX5	symbol	
GINS4	HGNC:28226	ENSG00000147536	Q9BRT9	symbol	
GIPC1	HGNC:1226	ENSG00000123159	O14908	symbol	
GIPC3	HGNC:18183	ENSG00000179855	Q8TF64	symbol	
GIT1	HGNC:4272	ENSG00000108262	Q9Y2X7	symbol	
GIT2	HGNC:4273	ENSG00000139436	Q14161	symbol	
GJA1	HGNC:4274	ENSG00000152661	P17302	symbol	
GJA5	HGNC:4279	ENSG00000265107	P36382	symbol	
GJA8	HGNC:4281	ENSG00000121634	P48165	symbol	
GK	HGNC:4289	ENSG00000198814	P32189	symbol	
GKAP1	HGNC:17496	ENSG00000165113	Q5VSY0	symbol	
GLA	HGNC:4296	ENSG00000102393	P06280	symbol	
GLB1	HGNC:4298	ENSG00000170266	P16278	symbol	
GLB1L	HGNC:28129	ENSG00000163521	Q6UWU2	symbol	
GLCCI1	HGNC:18713	ENSG00000106415	Q86VQ1	symbol	
GLCE	HGNC:17855	ENSG00000138604	O94923	symbol	
GLDC	HGNC:4313	ENSG00000178445	P23378	symbol	
GLE1	HGNC:4315	ENSG00000119392	Q53GS7	symbol	
GLG1	HGNC:4316	ENSG00000090863	Q92896	symbol	
GLIPR2	HGNC:18007	ENSG00000122694	Q9H4G4	symbol	
GLMN	HGNC:14373	ENSG00000174842	Q92990	symbol	
GLMP	HGNC:29436	ENSG00000198715	Q8WWB7	symbol	
GLO1	HGNC:4323	ENSG00000124767	Q04760	symbol	
GLOD4	HGNC:14111	ENSG00000167699	Q9HC38	symbol	
GLRX	HGNC:4330	ENSG00000173221	P35754	symbol	
GLRX3	HGNC:15987	ENSG00000108010	O76003	symbol	
GLRX5	HGNC:20134	ENSG00000182512	Q86SX6	symbol	
GLS	HGNC:4331	ENSG00000115419	O94925	symbol	
GLT8D1	HGNC:24870	ENSG00000016864	Q68CQ7	symbol	
GLTP	HGNC:24867	ENSG00000139433	Q9NZD2	symbol	
GLUD1	HGNC:4335	ENSG00000148672	P00367	symbol	
GLUL	HGNC:4341	ENSG00000135821	P15104	symbol	
GLYR1	HGNC:24434	ENSG00000140632	Q49A26	symbol	
GM2A	HGNC:4367	ENSG00000196743	P17900	symbol	
GMDS	HGNC:4369	ENSG00000112699	O60547	symbol	
GMEB1	HGNC:4370	ENSG00000162419	Q9Y692	symbol	
GMEB2	HGNC:4371	ENSG00000101216	Q9UKD1	symbol	
GMFB	HGNC:4373	ENSG00000197045	P60983	symbol	
GMFG	HGNC:4374	ENSG00000130755	O60234	symbol	
GMIP	HGNC:24852	ENSG00000089639	Q9P107	symbol	
GMNN	HGNC:17493	ENSG00000112312	O75496	symbol	
GMPPA	HGNC:22923	ENSG00000144591	Q96IJ6	symbol	
GMPPB	HGNC:22932	ENSG00000173540	Q9Y5P6	symbol	
GMPR2	HGNC:4377	ENSG00000100938	Q9P2T1	symbol	
GMPS	HGNC:4378	ENSG00000163655	P49915	symbol	
GNA11	HGNC:4379	ENSG00000088256	P29992	symbol	
GNA13	HGNC:4381	ENSG00000120063	Q14344	symbol	
GNA15	HGNC:4383	ENSG00000060558	P30679	symbol	
GNAI1	HGNC:4384	ENSG00000127955	P63096	symbol	
GNAI2	HGNC:4385	ENSG00000114353	P04899	symbol	
GNAI3	HGNC:4387	ENSG00000065135	P08754	symbol	
GNAO1	HGNC:4389	ENSG00000087258	P09471	symbol	
GNAQ	HGNC:4390	ENSG00000156052	P50148	symbol	
GNAS	HGNC:4392	ENSG00000087460	O95467|P63092|P84996|Q5JWF2	symbol	
GNB1	HGNC:4396	ENSG00000078369	P62873	symbol	
GNB1L	HGNC:4397	ENSG00000185838	Q9BYB4	symbol	
GNB2	HGNC:4398	ENSG00000172354	P62879	symbol	
GNB4	HGNC:20731	ENSG00000114450	Q9HAV0	symbol	
GNE	HGNC:23657	ENSG00000159921	Q9Y223	symbol	
GNG10	HGNC:4402	ENSG00000242616	P50151	symbol	
GNG11	HGNC:4403	ENSG00000127920	P61952	symbol	
GNG12	HGNC:19663	ENSG00000172380	Q9UBI6	symbol	
GNG2	HGNC:4404	ENSG00000186469	P59768	symbol	
GNG5	HGNC:4408	ENSG00000174021	P63218	symbol	
GNL1	HGNC:4413	ENSG00000204590	P36915	symbol	
GNL2	HGNC:29925	ENSG00000134697	Q13823	symbol	
GNL3	HGNC:29931	ENSG00000163938	Q9BVP2	symbol	
GNL3L	HGNC:25553	ENSG00000130119	Q9NVN8	symbol	
GNPAT	HGNC:4416	ENSG00000116906	O15228	symbol	
GNPDA1	HGNC:4417	ENSG00000113552	P46926	symbol	
GNPDA2	HGNC:21526	ENSG00000163281	Q8TDQ7	symbol	
GNPNAT1	HGNC:19980	ENSG00000100522	Q96EK6	symbol	
GNPTAB	HGNC:29670	ENSG00000111670	Q3T906	symbol	
GNS	HGNC:4422	ENSG00000135677	P15586	symbol	
GOLGA1	HGNC:4424	ENSG00000136935	Q92805	symbol	
GOLGA2	HGNC:4425	ENSG00000167110	Q08379	symbol	
GOLGA3	HGNC:4426	ENSG00000090615	Q08378	symbol	
GOLGA4	HGNC:4427	ENSG00000144674	Q13439	symbol	
GOLGA5	HGNC:4428	ENSG00000066455	Q8TBA6	symbol	
GOLGA6L2	HGNC:26695	ENSG00000174450	Q8N9W4	symbol	
GOLGA7	HGNC:24876	ENSG00000147533	Q7Z5G4	symbol	
GOLGB1	HGNC:4429	ENSG00000173230	Q14789	symbol	
GOLIM4	HGNC:15448	ENSG00000173905	O00461	symbol	
GOLM1	HGNC:15451	ENSG00000135052	Q8NBJ4	symbol	
GOLM2	HGNC:24892	ENSG00000166734	Q6P4E1	symbol	
GOLPH3	HGNC:15452	ENSG00000113384	Q9H4A6	symbol	
GOLPH3L	HGNC:24882	ENSG00000143457	Q9H4A5	symbol	
GOLT1A	HGNC:24766	ENSG00000174567	Q6ZVE7	symbol	
GOLT1B	HGNC:20175	ENSG00000111711	Q9Y3E0	symbol	
GON4L	HGNC:25973	ENSG00000116580	Q3T8J9	symbol	
GON7	HGNC:20356	ENSG00000170270	Q9BXV9	symbol	
GOPC	HGNC:17643	ENSG00000047932	Q9HD26	symbol	
GORAB	HGNC:25676	ENSG00000120370	Q5T7V8	symbol	
GORASP2	HGNC:17500	ENSG00000115806	Q9H8Y8	symbol	
GOSR1	HGNC:4430	ENSG00000108587	O95249	symbol	
GOSR2	HGNC:4431	ENSG00000108433	O14653	symbol	
GOT1	HGNC:4432	ENSG00000120053	P17174	symbol	
GOT2	HGNC:4433	ENSG00000125166	P00505	symbol	
GP1BA	HGNC:4439	ENSG00000185245	P07359	symbol	
GP1BB	HGNC:4440	ENSG00000203618	P13224	symbol	
GP2	HGNC:4441	ENSG00000169347	P55259	symbol	
GP5	HGNC:4443	ENSG00000178732	P40197	symbol	
GP6	HGNC:14388	ENSG00000088053	Q9HCN6	symbol	
GP9	HGNC:4444	ENSG00000169704	P14770	symbol	
GPA33	HGNC:4445	ENSG00000143167	Q99795	symbol	
GPAA1	HGNC:4446	ENSG00000197858	O43292	symbol	
GPALPP1	HGNC:20298	ENSG00000133114	Q8IXQ4	symbol	
GPAM	HGNC:24865	ENSG00000119927	Q9HCL2	symbol	
GPAT3	HGNC:28157	ENSG00000138678	Q53EU6	symbol	
GPAT4	HGNC:20880	ENSG00000158669	Q86UL3	symbol	
GPATCH1	HGNC:24658	ENSG00000076650	Q9BRR8	symbol	
GPATCH11	HGNC:26768	ENSG00000152133	Q8N954	symbol	
GPATCH2L	HGNC:20210	ENSG00000089916	Q9NWQ4	symbol	
GPATCH4	HGNC:25982	ENSG00000160818	Q5T3I0	symbol	
GPATCH8	HGNC:29066	ENSG00000186566	Q9UKJ3	symbol	
GPC1	HGNC:4449	ENSG00000063660	P35052	symbol	
GPC6	HGNC:4454	ENSG00000183098	Q9Y625	symbol	
GPCPD1	HGNC:26957	ENSG00000125772	Q9NPB8	symbol	
GPD1	HGNC:4455	ENSG00000167588	P21695	symbol	
GPD1L	HGNC:28956	ENSG00000152642	Q8N335	symbol	
GPD2	HGNC:4456	ENSG00000115159	P43304	symbol	
GPHN	HGNC:15465	ENSG00000171723	Q9NQX3	symbol	
GPI	HGNC:4458	ENSG00000105220	P06744	symbol	
GPIHBP1	HGNC:24945	ENSG00000277494	Q8IV16	symbol	
GPKOW	HGNC:30677	ENSG00000068394	Q92917	symbol	
GPLD1	HGNC:4459	ENSG00000112293	P80108	symbol	
GPM6A	HGNC:4460	ENSG00000150625	P51674	symbol	
GPN1	HGNC:17030	ENSG00000198522	Q9HCN4	symbol	
GPN3	HGNC:30186	ENSG00000111231	Q9UHW5	symbol	
GPNMB	HGNC:4462	ENSG00000136235	Q14956	symbol	
GPR107	HGNC:17830	ENSG00000148358	Q5VW38	symbol	
GPR108	HGNC:17829	ENSG00000125734	Q9NPR9	symbol	
GPR119	HGNC:19060	ENSG00000147262	Q8TDV5	symbol	
GPR12	HGNC:4466	ENSG00000132975	P47775	symbol	
GPR15	HGNC:4469	ENSG00000154165	P49685	symbol	
GPR180	HGNC:28899	ENSG00000152749	Q86V85	symbol	
GPR39	HGNC:4496	ENSG00000183840	O43194	symbol	
GPR89A	HGNC:31984	ENSG00000117262	B7ZAQ6	alias_or_prev_symbol	
GPR89B	HGNC:13840	ENSG00000188092	P0CG08	alias_or_prev_symbol	
GPRASP1	HGNC:24834	ENSG00000198932	Q5JY77	symbol	
GPRC5A	HGNC:9836	ENSG00000013588	Q8NFJ5	symbol	
GPRC5B	HGNC:13308	ENSG00000167191	Q9NZH0	symbol	
GPRC5C	HGNC:13309	ENSG00000170412	Q9NQ84	symbol	
GPRIN1	HGNC:24835	ENSG00000169258	Q7Z2K8	symbol	
GPRIN3	HGNC:27733	ENSG00000185477	Q6ZVF9	symbol	
GPS1	HGNC:4549	ENSG00000169727	Q13098	symbol	
GPS2	HGNC:4550	ENSG00000132522	Q13227	symbol	
GPSM1	HGNC:17858	ENSG00000160360	Q86YR5	symbol	
GPT	HGNC:4552	ENSG00000167701	P24298	symbol	
GPT2	HGNC:18062	ENSG00000166123	Q8TD30	symbol	
GPX1	HGNC:4553	ENSG00000233276	P07203	symbol	
GPX3	HGNC:4555	ENSG00000211445	P22352	symbol	
GPX4	HGNC:4556	ENSG00000167468	P36969	symbol	
GPX8	HGNC:33100	ENSG00000164294	Q8TED1	symbol	
GRAMD1B	HGNC:29214	ENSG00000023171	Q3KR37	symbol	
GRAP2	HGNC:4563	ENSG00000100351	O75791	symbol	
GRB10	HGNC:4564	ENSG00000106070	Q13322	symbol	
GRB2	HGNC:4566	ENSG00000177885	P62993	symbol	
GRB7	HGNC:4567	ENSG00000141738	Q14451	symbol	
GREB1L	HGNC:31042	ENSG00000141449	Q9C091	symbol	
GREM2	HGNC:17655	ENSG00000180875	Q9H772	symbol	
GRHPR	HGNC:4570	ENSG00000137106	Q9UBQ7	symbol	
GRIA3	HGNC:4573	ENSG00000125675	P42263	symbol	
GRID2	HGNC:4576	ENSG00000152208	O43424	symbol	
GRIK3	HGNC:4581	ENSG00000163873	Q13003	symbol	
GRIN2B	HGNC:4586	ENSG00000273079	Q13224	symbol	
GRIPAP1	HGNC:18706	ENSG00000068400	Q4V328	symbol	
GRK2	HGNC:289	ENSG00000173020	P25098	symbol	
GRM2	HGNC:4594	ENSG00000164082	Q14416	symbol	
GRM3	HGNC:4595	ENSG00000198822	Q14832	symbol	
GRN	HGNC:4601	ENSG00000030582	P28799	symbol	
GRPEL1	HGNC:19696	ENSG00000109519	Q9HAV7	symbol	
GRPEL2	HGNC:21060	ENSG00000164284	Q8TAA5	symbol	
GRSF1	HGNC:4610	ENSG00000132463	Q12849	symbol	
GRWD1	HGNC:21270	ENSG00000105447	Q9BQ67	symbol	
GSDMA	HGNC:13311	ENSG00000167914	Q96QA5	symbol	
GSDMC	HGNC:7151	ENSG00000147697	Q9BYG8	symbol	
GSDMD	HGNC:25697	ENSG00000104518	P57764	symbol	
GSDME	HGNC:2810	ENSG00000105928	O60443	symbol	
GSK3A	HGNC:4616	ENSG00000105723	P49840	symbol	
GSK3B	HGNC:4617	ENSG00000082701	P49841	symbol	
GSKIP	HGNC:20343	ENSG00000100744	Q9P0R6	symbol	
GSN	HGNC:4620	ENSG00000148180	P06396	symbol	
GSPT1	HGNC:4621	ENSG00000103342	P15170	symbol	
GSPT2	HGNC:4622	ENSG00000189369	Q8IYD1	symbol	
GSR	HGNC:4623	ENSG00000104687	P00390	symbol	
GSS	HGNC:4624	ENSG00000100983	P48637	symbol	
GSTA5	HGNC:19662	ENSG00000182793	Q7RTV2	symbol	
GSTCD	HGNC:25806	ENSG00000138780	Q8NEC7	symbol	
GSTK1	HGNC:16906	ENSG00000197448	Q9Y2Q3	symbol	
GSTM1	HGNC:4632	ENSG00000134184	P09488	symbol	
GSTM2	HGNC:4634	ENSG00000213366	P28161	symbol	
GSTM3	HGNC:4635	ENSG00000134202	P21266	symbol	
GSTM5	HGNC:4637	ENSG00000134201	P46439	symbol	
GSTO1	HGNC:13312	ENSG00000148834	P78417	symbol	
GSTP1	HGNC:4638	ENSG00000084207	P09211	symbol	
GSTT2	HGNC:4642	ENSG00000099984	P0CG29	symbol	
GSTT2B	HGNC:33437	ENSG00000133433	P0CG30	symbol	
GSTZ1	HGNC:4643	ENSG00000100577	O43708	symbol	
GTF2A1	HGNC:4646	ENSG00000165417	P52655	symbol	
GTF2A2	HGNC:4647	ENSG00000140307	P52657	symbol	
GTF2B	HGNC:4648	ENSG00000137947	Q00403	symbol	
GTF2E1	HGNC:4650	ENSG00000153767	P29083	symbol	
GTF2E2	HGNC:4651	ENSG00000197265	P29084	symbol	
GTF2F1	HGNC:4652	ENSG00000125651	P35269	symbol	
GTF2F2	HGNC:4653	ENSG00000188342	P13984	symbol	
GTF2H1	HGNC:4655	ENSG00000110768	P32780	symbol	
GTF2H2	HGNC:4656	ENSG00000145736	Q13888	symbol	
GTF2H2C	HGNC:31394	ENSG00000183474	Q6P1K8	symbol	
GTF2H4	HGNC:4658	ENSG00000213780	Q92759	symbol	
GTF2I	HGNC:4659	ENSG00000263001	P78347	symbol	
GTF2IRD1	HGNC:4661	ENSG00000006704	Q9UHL9	symbol	
GTF3A	HGNC:4662	ENSG00000122034	Q92664	symbol	
GTF3C1	HGNC:4664	ENSG00000077235	Q12789	symbol	
GTF3C2	HGNC:4665	ENSG00000115207	Q8WUA4	symbol	
GTF3C3	HGNC:4666	ENSG00000119041	Q9Y5Q9	symbol	
GTF3C4	HGNC:4667	ENSG00000125484	Q9UKN8	symbol	
GTF3C5	HGNC:4668	ENSG00000148308	Q9Y5Q8	symbol	
GTPBP1	HGNC:4669	ENSG00000100226	O00178	symbol	
GTPBP10	HGNC:25106	ENSG00000105793	A4D1E9	symbol	
GTPBP2	HGNC:4670	ENSG00000172432	Q9BX10	symbol	
GTPBP3	HGNC:14880	ENSG00000130299	Q969Y2	symbol	
GTPBP4	HGNC:21535	ENSG00000107937	Q9BZE4	symbol	
GTPBP6	HGNC:30189	ENSG00000178605	O43824	symbol	
GTPBP8	HGNC:25007	ENSG00000163607	Q8N3Z3	symbol	
GUK1	HGNC:4693	ENSG00000143774	Q16774	symbol	
GULP1	HGNC:18649	ENSG00000144366	Q9UBP9	symbol	
GUSB	HGNC:4696	ENSG00000169919	P08236	symbol	
GXYLT1	HGNC:27482	ENSG00000151233	Q4G148	symbol	
GYG1	HGNC:4699	ENSG00000163754	P46976	symbol	
GYG2	HGNC:4700	ENSG00000056998	O15488	symbol	
GYS1	HGNC:4706	ENSG00000104812	P13807	symbol	
GYS2	HGNC:4707	ENSG00000111713	P54840	symbol	
GZMA	HGNC:4708	ENSG00000145649	P12544	symbol	
GZMB	HGNC:4709	ENSG00000100453	P10144	symbol	
GZMH	HGNC:4710	ENSG00000100450	P20718	symbol	
GZMK	HGNC:4711	ENSG00000113088	P49863	symbol	
GZMM	HGNC:4712	ENSG00000197540	P51124	symbol	
H1-0	HGNC:4714	ENSG00000189060	P07305	symbol	
H1-1	HGNC:4715	ENSG00000124610	Q02539	symbol	
H1-10	HGNC:4722	ENSG00000184897	Q92522	symbol	
H1-2	HGNC:4716	ENSG00000187837	P16403	symbol	
H1-3	HGNC:4717	ENSG00000124575	P16402	symbol	
H1-4	HGNC:4718	ENSG00000168298	P10412	symbol	
H1-5	HGNC:4719	ENSG00000184357	P16401	symbol	
H1-6	HGNC:4720	ENSG00000187475	P22492	symbol	
H1-8	HGNC:18463	ENSG00000178804	Q8IZA3	symbol	
H2AC1	HGNC:18729	ENSG00000164508	Q96QV6	symbol	
H2AC11	HGNC:4737	ENSG00000196787	P0C0S8	symbol	
H2AC12	HGNC:13671	ENSG00000274997	Q96KK5	symbol	
H2AC14	HGNC:4727	ENSG00000276368	Q99878	symbol	
H2AC18	HGNC:4736	ENSG00000288825	Q6FI13	symbol	
H2AC20	HGNC:4738	ENSG00000184260	Q16777	symbol	
H2AC21	HGNC:20508	ENSG00000184270	Q8IUE6	symbol	
H2AC4	HGNC:4734	ENSG00000278463	P04908	symbol	
H2AC6	HGNC:4733	ENSG00000180573	Q93077	symbol	
H2AC7	HGNC:4729	ENSG00000196866	P20671	symbol	
H2AJ	HGNC:14456	ENSG00000246705	Q9BTM1	symbol	
H2AX	HGNC:4739	ENSG00000188486	P16104	symbol	
H2AZ1	HGNC:4741	ENSG00000164032	P0C0S5	symbol	
H2AZ2	HGNC:20664	ENSG00000105968	Q71UI9	symbol	
H2BC11	HGNC:4761	ENSG00000124635	P06899	symbol	
H2BC12	HGNC:13954	ENSG00000197903	O60814	symbol	
H2BC12L	HGNC:4762	ENSG00000234289	P57053	symbol	
H2BC13	HGNC:4748	ENSG00000185130	Q99880	symbol	
H2BC14	HGNC:4750	ENSG00000273703	Q99879	symbol	
H2BC15	HGNC:4749	ENSG00000233822	Q99877	symbol	
H2BC17	HGNC:4758	ENSG00000274641	P23527	symbol	
H2BC18	HGNC:24700	ENSG00000203814	Q5QNW6	symbol	
H2BC20P	HGNC:20516	ENSG00000261716	Q6DN03	symbol	
H2BC21	HGNC:4760	ENSG00000184678	Q16778	symbol	
H2BC3	HGNC:4751	ENSG00000276410	P33778	symbol	
H2BC4	HGNC:4757	ENSG00000180596	P62807	symbol	
H2BC5	HGNC:4747	ENSG00000158373	P58876	symbol	
H2BC9	HGNC:4755	ENSG00000275713	Q93079	symbol	
H3-3A	HGNC:4764	ENSG00000163041	P84243	symbol	
H3-4	HGNC:4778	ENSG00000168148	Q16695	symbol	
H3-7	HGNC:32060	ENSG00000273213	Q5TEC6	symbol	
H3C1	HGNC:4766	ENSG00000275714	P68431	symbol	
H3C14	HGNC:20503	ENSG00000203811	Q71DI3	symbol	
H3C15	HGNC:20505	ENSG00000203852	Q71DI3	symbol	
H4C1	HGNC:4781	ENSG00000278637	P62805	symbol	
H6PD	HGNC:4795	ENSG00000049239	O95479	symbol	
HABP2	HGNC:4798	ENSG00000148702	Q14520	symbol	
HABP4	HGNC:17062	ENSG00000130956	Q5JVS0	symbol	
HACD1	HGNC:9639	ENSG00000165996	B0YJ81	symbol	
HACD2	HGNC:9640	ENSG00000206527	Q6Y1H2	symbol	
HACD3	HGNC:24175	ENSG00000074696	Q9P035	symbol	
HACL1	HGNC:17856	ENSG00000131373	Q9UJ83	symbol	
HADH	HGNC:4799	ENSG00000138796	Q16836	symbol	
HADHA	HGNC:4801	ENSG00000084754	P40939	symbol	
HADHB	HGNC:4803	ENSG00000138029	P55084	symbol	
HAGH	HGNC:4805	ENSG00000063854	Q16775	symbol	
HAL	HGNC:4806	ENSG00000084110	P42357	symbol	
HAO1	HGNC:4809	ENSG00000101323	Q9UJM8	symbol	
HAPLN1	HGNC:2380	ENSG00000145681	P10915	symbol	
HARBI1	HGNC:26522	ENSG00000180423	Q96MB7	symbol	
HARS1	HGNC:4816	ENSG00000170445	P12081	symbol	
HARS2	HGNC:4817	ENSG00000112855	P49590	symbol	
HAS1	HGNC:4818	ENSG00000105509	Q92839	symbol	
HASPIN	HGNC:19682	ENSG00000177602	Q8TF76	symbol	
HAT1	HGNC:4821	ENSG00000128708	O14929	symbol	
HAUS1	HGNC:25174	ENSG00000152240	Q96CS2	symbol	
HAUS2	HGNC:25530	ENSG00000137814	Q9NVX0	symbol	
HAUS3	HGNC:28719	ENSG00000214367	Q68CZ6	symbol	
HAUS4	HGNC:20163	ENSG00000092036	Q9H6D7	symbol	
HAUS5	HGNC:29130	ENSG00000249115	O94927	symbol	
HAUS6	HGNC:25948	ENSG00000147874	Q7Z4H7	symbol	
HAUS7	HGNC:32979	ENSG00000213397	Q99871	symbol	
HAUS8	HGNC:30532	ENSG00000131351	Q9BT25	symbol	
HAX1	HGNC:16915	ENSG00000143575	O00165	symbol	
HBA1	HGNC:4823	ENSG00000206172	P69905	symbol	
HBA2	HGNC:4824	ENSG00000188536	P69905	symbol	
HBB	HGNC:4827	ENSG00000244734	P68871	symbol	
HBD	HGNC:4829	ENSG00000223609	P02042	symbol	
HBG1	HGNC:4831	ENSG00000213934	P69891	symbol	
HBG2	HGNC:4832	ENSG00000196565	P69892	symbol	
HBS1L	HGNC:4834	ENSG00000112339	Q9Y450	symbol	
HCCS	HGNC:4837	ENSG00000004961	P53701	symbol	
HCFC1	HGNC:4839	ENSG00000172534	P51610	symbol	
HCK	HGNC:4840	ENSG00000101336	P08631	symbol	
HCLS1	HGNC:4844	ENSG00000180353	P14317	symbol	
HDAC1	HGNC:4852	ENSG00000116478	Q13547	symbol	
HDAC2	HGNC:4853	ENSG00000196591	Q92769	symbol	
HDAC3	HGNC:4854	ENSG00000171720	O15379	symbol	
HDAC4	HGNC:14063	ENSG00000068024	P56524	symbol	
HDAC5	HGNC:14068	ENSG00000108840	Q9UQL6	symbol	
HDAC6	HGNC:14064	ENSG00000094631	Q9UBN7	symbol	
HDAC7	HGNC:14067	ENSG00000061273	Q8WUI4	symbol	
HDAC8	HGNC:13315	ENSG00000147099	Q9BY41	symbol	
HDDC2	HGNC:21078	ENSG00000111906	Q7Z4H3	symbol	
HDDC3	HGNC:30522	ENSG00000184508	Q8N4P3	symbol	
HDGF	HGNC:4856	ENSG00000143321	P51858	symbol	
HDGFL2	HGNC:14680	ENSG00000167674	Q7Z4V5	symbol	
HDGFL3	HGNC:24937	ENSG00000166503	Q9Y3E1	symbol	
HDHD2	HGNC:25364	ENSG00000167220	Q9H0R4	symbol	
HDHD3	HGNC:28171	ENSG00000119431	Q9BSH5	symbol	
HDHD5	HGNC:1843	ENSG00000069998	Q9BXW7	symbol	
HDLBP	HGNC:4857	ENSG00000115677	Q00341	symbol	
HEATR1	HGNC:25517	ENSG00000119285	Q9H583	symbol	
HEATR3	HGNC:26087	ENSG00000155393	Q7Z4Q2	symbol	
HEATR5A	HGNC:20276	ENSG00000129493	Q86XA9	symbol	
HEATR5B	HGNC:29273	ENSG00000008869	Q9P2D3	symbol	
HEATR6	HGNC:24076	ENSG00000068097	Q6AI08	symbol	
HEBP1	HGNC:17176	ENSG00000013583	Q9NRV9	symbol	
HEBP2	HGNC:15716	ENSG00000051620	Q9Y5Z4	symbol	
HECTD1	HGNC:20157	ENSG00000092148	Q9ULT8	symbol	
HECTD3	HGNC:26117	ENSG00000126107	Q5T447	symbol	
HECW2	HGNC:29853	ENSG00000138411	Q9P2P5	symbol	
HEG1	HGNC:29227	ENSG00000173706	Q9ULI3	symbol	
HELLS	HGNC:4861	ENSG00000119969	Q9NRZ9	symbol	
HELQ	HGNC:18536	ENSG00000163312	Q8TDG4	symbol	
HELZ	HGNC:16878	ENSG00000198265	P42694	symbol	
HELZ2	HGNC:30021	ENSG00000130589	Q9BYK8	symbol	
HEPH	HGNC:4866	ENSG00000089472	Q9BQS7	symbol	
HEPHL1	HGNC:30477	ENSG00000181333	Q6MZM0	symbol	
HERC1	HGNC:4867	ENSG00000103657	Q15751	symbol	
HERC2	HGNC:4868	ENSG00000128731	O95714	symbol	
HERC3	HGNC:4876	ENSG00000138641	Q15034	symbol	
HERC4	HGNC:24521	ENSG00000148634	Q5GLZ8	symbol	
HERC5	HGNC:24368	ENSG00000138646	Q9UII4	symbol	
HERPUD1	HGNC:13744	ENSG00000051108	Q15011	symbol	
HEXA	HGNC:4878	ENSG00000213614	P06865	symbol	
HEXB	HGNC:4879	ENSG00000049860	P07686	symbol	
HEXIM1	HGNC:24953	ENSG00000186834	O94992	symbol	
HEXIM2	HGNC:28591	ENSG00000168517	Q96MH2	symbol	
HFE	HGNC:4886	ENSG00000010704	Q30201	symbol	
HGD	HGNC:4892	ENSG00000113924	Q93099	symbol	
HGF	HGNC:4893	ENSG00000019991	P14210	symbol	
HGFAC	HGNC:4894	ENSG00000109758	Q04756	symbol	
HGH1	HGNC:24161	ENSG00000235173	Q9BTY7	symbol	
HGS	HGNC:4897	ENSG00000185359	O14964	symbol	
HIBADH	HGNC:4907	ENSG00000106049	P31937	symbol	
HIBCH	HGNC:4908	ENSG00000198130	Q6NVY1	symbol	
HIF1AN	HGNC:17113	ENSG00000166135	Q9NWT6	symbol	
HIKESHI	HGNC:26938	ENSG00000149196	Q53FT3	symbol	
HILPDA	HGNC:28859	ENSG00000135245	Q9Y5L2	symbol	
HINT1	HGNC:4912	ENSG00000169567	P49773	symbol	
HINT2	HGNC:18344	ENSG00000137133	Q9BX68	symbol	
HINT3	HGNC:18468	ENSG00000111911	Q9NQE9	symbol	
HIP1	HGNC:4913	ENSG00000127946	O00291	symbol	
HIP1R	HGNC:18415	ENSG00000130787	O75146	symbol	
HIPK1	HGNC:19006	ENSG00000163349	Q86Z02	symbol	
HIRA	HGNC:4916	ENSG00000100084	P54198	symbol	
HIRIP3	HGNC:4917	ENSG00000149929	Q9BW71	symbol	
HIVEP3	HGNC:13561	ENSG00000127124	Q5T1R4	symbol	
HJURP	HGNC:25444	ENSG00000123485	Q8NCD3	symbol	
HK1	HGNC:4922	ENSG00000156515	P19367	symbol	
HK2	HGNC:4923	ENSG00000159399	P52789	symbol	
HK3	HGNC:4925	ENSG00000160883	P52790	symbol	
HKDC1	HGNC:23302	ENSG00000156510	Q2TB90	symbol	
HLA-A	HGNC:4931	ENSG00000206503	P04439	symbol	
HLA-B	HGNC:4932	ENSG00000234745	P01889	symbol	
HLA-C	HGNC:4933	ENSG00000204525	P10321	symbol	
HLA-DOB	HGNC:4937	ENSG00000241106	P13765	symbol	
HLA-DPA1	HGNC:4938	ENSG00000231389	P20036	symbol	
HLA-DPB1	HGNC:4940	ENSG00000223865	P04440	symbol	
HLA-DQA2	HGNC:4943	ENSG00000237541	P01906	symbol	
HLA-DRA	HGNC:4947	ENSG00000204287	P01903	symbol	
HLA-DRB1	HGNC:4948	ENSG00000196126	P01911	symbol	
HLA-DRB5	HGNC:4953	ENSG00000198502	Q30154	symbol	
HLA-E	HGNC:4962	ENSG00000204592	P13747	symbol	
HLA-F	HGNC:4963	ENSG00000204642	P30511	symbol	
HLA-G	HGNC:4964	ENSG00000204632	P17693	symbol	
HLA-H	HGNC:4965	ENSG00000206341	P01893	symbol	
HLCS	HGNC:4976	ENSG00000159267	P50747	symbol	
HLTF	HGNC:11099	ENSG00000071794	Q14527	symbol	
HM13	HGNC:16435	ENSG00000101294	Q8TCT9	symbol	
HMBS	HGNC:4982	ENSG00000256269	P08397	symbol	
HMCES	HGNC:24446	ENSG00000183624	Q96FZ2	symbol	
HMCN1	HGNC:19194	ENSG00000143341	Q96RW7	symbol	
HMG20A	HGNC:5001	ENSG00000140382	Q9NP66	symbol	
HMG20B	HGNC:5002	ENSG00000064961	Q9P0W2	symbol	
HMGA1	HGNC:5010	ENSG00000137309	P17096	symbol	
HMGA2	HGNC:5009	ENSG00000149948	P52926	symbol	
HMGB1	HGNC:4983	ENSG00000189403	P09429	symbol	
HMGB2	HGNC:5000	ENSG00000164104	P26583	symbol	
HMGB3	HGNC:5004	ENSG00000029993	O15347	symbol	
HMGCL	HGNC:5005	ENSG00000117305	P35914	symbol	
HMGCR	HGNC:5006	ENSG00000113161	P04035	symbol	
HMGCS1	HGNC:5007	ENSG00000112972	Q01581	symbol	
HMGN1	HGNC:4984	ENSG00000205581	P05114	symbol	
HMGN2	HGNC:4986	ENSG00000198830	P05204	symbol	
HMGN3	HGNC:12312	ENSG00000118418	Q15651	symbol	
HMGN4	HGNC:4989	ENSG00000182952	O00479	symbol	
HMGN5	HGNC:8013	ENSG00000198157	P82970	symbol	
HMGXB4	HGNC:5003	ENSG00000100281	Q9UGU5	symbol	
HMMR	HGNC:5012	ENSG00000072571	O75330	symbol	
HMOX1	HGNC:5013	ENSG00000100292	P09601	symbol	
HMOX2	HGNC:5014	ENSG00000103415	P30519	symbol	
HNMT	HGNC:5028	ENSG00000150540	P50135	symbol	
HNRNPA0	HGNC:5030	ENSG00000177733	Q13151	symbol	
HNRNPA1	HGNC:5031	ENSG00000135486	P09651	symbol	
HNRNPA1L2	HGNC:27067	ENSG00000139675	Q32P51	symbol	
HNRNPA2B1	HGNC:5033	ENSG00000122566	P22626	symbol	
HNRNPA3	HGNC:24941	ENSG00000170144	P51991	symbol	
HNRNPAB	HGNC:5034	ENSG00000197451	Q99729	symbol	
HNRNPC	HGNC:5035	ENSG00000092199	P07910	symbol	
HNRNPCL1	HGNC:29295	ENSG00000179172	O60812	symbol	
HNRNPCL3	HGNC:51235	ENSG00000277058	B7ZW38	symbol	
HNRNPCL4	HGNC:51333	ENSG00000179412	P0DMR1	symbol	
HNRNPD	HGNC:5036	ENSG00000138668	Q14103	symbol	
HNRNPDL	HGNC:5037	ENSG00000152795	O14979	symbol	
HNRNPF	HGNC:5039	ENSG00000169813	P52597	symbol	
HNRNPH1	HGNC:5041	ENSG00000169045	P31943	symbol	
HNRNPH2	HGNC:5042	ENSG00000126945	P55795	symbol	
HNRNPH3	HGNC:5043	ENSG00000096746	P31942	symbol	
HNRNPK	HGNC:5044	ENSG00000165119	P61978	symbol	
HNRNPL	HGNC:5045	ENSG00000104824	P14866	symbol	
HNRNPLL	HGNC:25127	ENSG00000143889	Q8WVV9	symbol	
HNRNPM	HGNC:5046	ENSG00000099783	P52272	symbol	
HNRNPR	HGNC:5047	ENSG00000125944	O43390	symbol	
HNRNPU	HGNC:5048	ENSG00000153187	Q00839	symbol	
HNRNPUL1	HGNC:17011	ENSG00000105323	Q9BUJ2	symbol	
HNRNPUL2	HGNC:25451	ENSG00000214753	Q1KMD3	symbol	
HOMER1	HGNC:17512	ENSG00000152413	Q86YM7	symbol	
HOMER2	HGNC:17513	ENSG00000103942	Q9NSB8	symbol	
HOMER3	HGNC:17514	ENSG00000051128	Q9NSC5	symbol	
HOMEZ	HGNC:20164	ENSG00000290292	Q8IX15	symbol	
HOOK1	HGNC:19884	ENSG00000134709	Q9UJC3	symbol	
HOOK3	HGNC:23576	ENSG00000168172	Q86VS8	symbol	
HOPX	HGNC:24961	ENSG00000171476	Q9BPY8	symbol	
HOXA13	HGNC:5102	ENSG00000106031	P31271	symbol	
HOXB3	HGNC:5114	ENSG00000120093	P14651	symbol	
HOXC10	HGNC:5122	ENSG00000180818	Q9NYD6	symbol	
HOXC11	HGNC:5123	ENSG00000123388	O43248	symbol	
HOXC13	HGNC:5125	ENSG00000123364	P31276	symbol	
HOXD13	HGNC:5136	ENSG00000128714	P35453	symbol	
HOXD4	HGNC:5138	ENSG00000170166	P09016	symbol	
HP	HGNC:5141	ENSG00000257017	P00738	symbol	
HP1BP3	HGNC:24973	ENSG00000127483	Q5SSJ5	symbol	
HPCAL1	HGNC:5145	ENSG00000115756	P37235	symbol	
HPD	HGNC:5147	ENSG00000158104	P32754	symbol	
HPDL	HGNC:28242	ENSG00000186603	Q96IR7	symbol	
HPF1	HGNC:26051	ENSG00000056050	Q9NWY4	symbol	
HPGD	HGNC:5154	ENSG00000164120	P15428	symbol	
HPRT1	HGNC:5157	ENSG00000165704	P00492	symbol	
HPS3	HGNC:15597	ENSG00000163755	Q969F9	symbol	
HPS5	HGNC:17022	ENSG00000110756	Q9UPZ3	symbol	
HPS6	HGNC:18817	ENSG00000166189	Q86YV9	symbol	
HPSE	HGNC:5164	ENSG00000173083	Q9Y251	symbol	
HPX	HGNC:5171	ENSG00000110169	P02790	symbol	
HRAS	HGNC:5173	ENSG00000174775	P01112	symbol	
HRC	HGNC:5178	ENSG00000130528	P23327	symbol	
HRG	HGNC:5181	ENSG00000113905	P04196	symbol	
HRH2	HGNC:5183	ENSG00000113749	P25021	symbol	
HRNR	HGNC:20846	ENSG00000197915	Q86YZ3	symbol	
HS1BP3	HGNC:24979	ENSG00000118960	Q53T59	symbol	
HS2ST1	HGNC:5193	ENSG00000153936	Q7LGA3	symbol	
HS3ST2	HGNC:5195	ENSG00000122254	Q9Y278	symbol	
HS6ST2	HGNC:19133	ENSG00000171004	Q96MM7	symbol	
HSBP1	HGNC:5203	ENSG00000230989	O75506	symbol	
HSCB	HGNC:28913	ENSG00000100209	Q8IWL3	symbol	
HSD11B1L	HGNC:30419	ENSG00000167733	Q7Z5J1	symbol	
HSD17B10	HGNC:4800	ENSG00000072506	Q99714	symbol	
HSD17B11	HGNC:22960	ENSG00000198189	Q8NBQ5	symbol	
HSD17B12	HGNC:18646	ENSG00000149084	Q53GQ0	symbol	
HSD17B13	HGNC:18685	ENSG00000170509	Q7Z5P4	symbol	
HSD17B3	HGNC:5212	ENSG00000130948	P37058	symbol	
HSD17B4	HGNC:5213	ENSG00000133835	P51659	symbol	
HSD17B7	HGNC:5215	ENSG00000132196	P56937	symbol	
HSD17B8	HGNC:3554	ENSG00000204228		symbol	
HSDL1	HGNC:16475	ENSG00000103160	Q3SXM5	symbol	
HSDL2	HGNC:18572	ENSG00000119471	Q6YN16	symbol	
HSF1	HGNC:5224	ENSG00000185122	Q00613	symbol	
HSH2D	HGNC:24920	ENSG00000196684	Q96JZ2	symbol	
HSP90AA1	HGNC:5253	ENSG00000080824	P07900	symbol	
HSP90AA4P	HGNC:5255	ENSG00000205100	Q58FG1	symbol	
HSP90AA5P	HGNC:32535	ENSG00000205955	Q58FG0	symbol	
HSP90AB1	HGNC:5258	ENSG00000096384	P08238	symbol	
HSP90AB2P	HGNC:32537	ENSG00000205940	Q58FF8	symbol	
HSP90AB4P	HGNC:32538	ENSG00000282100	Q58FF6	symbol	
HSP90B1	HGNC:12028	ENSG00000166598	P14625	symbol	
HSPA12A	HGNC:19022	ENSG00000165868	O43301	symbol	
HSPA13	HGNC:11375	ENSG00000155304	P48723	symbol	
HSPA14	HGNC:29526	ENSG00000187522	Q0VDF9	symbol	
HSPA1A	HGNC:5232	ENSG00000204389	P0DMV8	symbol	
HSPA1B	HGNC:5233	ENSG00000204388	P0DMV9	symbol	
HSPA2	HGNC:5235	ENSG00000126803	P54652	symbol	
HSPA4	HGNC:5237	ENSG00000170606	P34932	symbol	
HSPA4L	HGNC:17041	ENSG00000164070	O95757	symbol	
HSPA5	HGNC:5238	ENSG00000044574	P11021	symbol	
HSPA6	HGNC:5239	ENSG00000173110	P17066	symbol	
HSPA8	HGNC:5241	ENSG00000109971	P11142	symbol	
HSPA9	HGNC:5244	ENSG00000113013	P38646	symbol	
HSPB1	HGNC:5246	ENSG00000106211	P04792	symbol	
HSPB2	HGNC:5247	ENSG00000170276	Q16082	symbol	
HSPB6	HGNC:26511	ENSG00000004776	O14558	symbol	
HSPB8	HGNC:30171	ENSG00000152137	Q9UJY1	symbol	
HSPBAP1	HGNC:16389	ENSG00000169087	Q96EW2	symbol	
HSPBP1	HGNC:24989	ENSG00000133265	Q9NZL4	symbol	
HSPD1	HGNC:5261	ENSG00000144381	P10809	symbol	
HSPE1	HGNC:5269	ENSG00000115541	P61604	symbol	
HSPG2	HGNC:5273	ENSG00000142798	P98160	symbol	
HSPH1	HGNC:16969	ENSG00000120694	Q92598	symbol	
HTATIP2	HGNC:16637	ENSG00000109854	Q9BUP3	symbol	
HTATSF1	HGNC:5276	ENSG00000102241	O43719	symbol	
HTR3A	HGNC:5297	ENSG00000166736	P46098	symbol	
HTR3C	HGNC:24003	ENSG00000178084	Q8WXA8	symbol	
HTR5A	HGNC:5300	ENSG00000157219	P47898	symbol	
HTRA1	HGNC:9476	ENSG00000166033	Q92743	symbol	
HTRA2	HGNC:14348	ENSG00000115317	O43464	symbol	
HTT	HGNC:4851	ENSG00000197386	P42858	symbol	
HUNK	HGNC:13326	ENSG00000142149	P57058	symbol	
HUS1	HGNC:5309	ENSG00000136273	O60921	symbol	
HUWE1	HGNC:30892	ENSG00000086758	Q7Z6Z7	symbol	
HVCN1	HGNC:28240	ENSG00000122986	Q96D96	symbol	
HYDIN	HGNC:19368	ENSG00000157423	Q4G0P3	symbol	
HYI	HGNC:26948	ENSG00000178922	Q5T013	symbol	
HYOU1	HGNC:16931	ENSG00000149428	Q9Y4L1	symbol	
HYPK	HGNC:18418	ENSG00000242028	Q9NX55	symbol	
IAH1	HGNC:27696	ENSG00000134330	Q2TAA2	symbol	
IARS1	HGNC:5330	ENSG00000196305	P41252	symbol	
IARS2	HGNC:29685	ENSG00000067704	Q9NSE4	symbol	
IBA57	HGNC:27302	ENSG00000181873	Q5T440	symbol	
IBTK	HGNC:17853	ENSG00000005700	Q9P2D0	symbol	
ICAM1	HGNC:5344	ENSG00000090339	P05362	symbol	
ICAM3	HGNC:5346	ENSG00000076662	P32942	symbol	
ICE1	HGNC:29154	ENSG00000164151	Q9Y2F5	symbol	
ICE2	HGNC:29885	ENSG00000128915	Q659A1	symbol	
ICMT	HGNC:5350	ENSG00000116237	O60725	symbol	
ICOSLG	HGNC:17087	ENSG00000160223	O75144	symbol	
ID1	HGNC:5360	ENSG00000125968	P41134	symbol	
ID3	HGNC:5362	ENSG00000117318	Q02535	symbol	
IDE	HGNC:5381	ENSG00000119912	P14735	symbol	
IDH1	HGNC:5382	ENSG00000138413	O75874	symbol	
IDH2	HGNC:5383	ENSG00000182054	P48735	symbol	
IDH3A	HGNC:5384	ENSG00000166411	P50213	symbol	
IDH3B	HGNC:5385	ENSG00000101365	O43837	symbol	
IDH3G	HGNC:5386	ENSG00000067829	P51553	symbol	
IDI1	HGNC:5387	ENSG00000067064	Q13907	symbol	
IDS	HGNC:5389	ENSG00000010404	P22304	symbol	
IDUA	HGNC:5391	ENSG00000127415	P35475	symbol	
IER3IP1	HGNC:18550	ENSG00000134049	Q9Y5U9	symbol	
IFI16	HGNC:5395	ENSG00000163565	Q16666	symbol	
IFI30	HGNC:5398	ENSG00000216490	P13284	symbol	
IFI35	HGNC:5399	ENSG00000068079	P80217	symbol	
IFIH1	HGNC:18873	ENSG00000115267	Q9BYX4	symbol	
IFIT1	HGNC:5407	ENSG00000185745	P09914	symbol	
IFIT1B	HGNC:23442	ENSG00000204010	Q5T764	symbol	
IFIT3	HGNC:5411	ENSG00000119917	O14879	symbol	
IFIT5	HGNC:13328	ENSG00000152778	Q13325	symbol	
IFITM3	HGNC:5414	ENSG00000142089	Q01628	symbol	
IFNA2	HGNC:5423	ENSG00000188379	P01563	symbol	
IFRD1	HGNC:5456	ENSG00000006652	O00458	symbol	
IFRD2	HGNC:5457	ENSG00000214706	Q12894	symbol	
IFT122	HGNC:13556	ENSG00000163913	Q9HBG6	symbol	
IFT172	HGNC:30391	ENSG00000138002	Q9UG01	symbol	
IFT27	HGNC:18626	ENSG00000100360	Q9BW83	symbol	
IFT74	HGNC:21424	ENSG00000096872	Q96LB3	symbol	
IFT81	HGNC:14313	ENSG00000122970	Q8WYA0	symbol	
IGBP1	HGNC:5461	ENSG00000089289	P78318	symbol	
IGDCC3	HGNC:9700	ENSG00000174498	Q8IVU1	symbol	
IGF1R	HGNC:5465	ENSG00000140443	P08069	symbol	
IGF2BP1	HGNC:28866	ENSG00000159217	Q9NZI8	symbol	
IGF2BP2	HGNC:28867	ENSG00000073792	Q9Y6M1	symbol	
IGF2BP3	HGNC:28868	ENSG00000136231	O00425	symbol	
IGF2R	HGNC:5467	ENSG00000197081	P11717	symbol	
IGFALS	HGNC:5468	ENSG00000099769	P35858	symbol	
IGFBP3	HGNC:5472	ENSG00000146674	P17936	symbol	
IGFBP4	HGNC:5473	ENSG00000141753	P22692	symbol	
IGFBP6	HGNC:5475	ENSG00000167779	P24592	symbol	
IGFBP7	HGNC:5476	ENSG00000163453	Q16270	symbol	
IGHA1	HGNC:5478	ENSG00000211895	P01876	symbol	
IGHA2	HGNC:5479	ENSG00000211890	P01877	symbol	
IGHG1	HGNC:5525	ENSG00000211896	P01857	symbol	
IGHG2	HGNC:5526	ENSG00000211893	P01859	symbol	
IGHG3	HGNC:5527	ENSG00000211897	P01860	symbol	
IGHG4	HGNC:5528	ENSG00000211892	P01861	symbol	
IGHM	HGNC:5541	ENSG00000211899	P01871	symbol	
IGHMBP2	HGNC:5542	ENSG00000132740	P38935	symbol	
IGKC	HGNC:5716	ENSG00000211592	P01834	symbol	
IGLC2	HGNC:5856	ENSG00000211677	P0DOY2	symbol	
IGLC3	HGNC:5857	ENSG00000211679	P0DOY3	symbol	
IGLL5	HGNC:38476	ENSG00000254709	B9A064	symbol	
IGSF1	HGNC:5948	ENSG00000147255	Q8N6C5	symbol	
IGSF21	HGNC:28246	ENSG00000117154	Q96ID5	symbol	
IGSF3	HGNC:5950	ENSG00000143061	O75054	symbol	
IGSF8	HGNC:17813	ENSG00000162729	Q969P0	symbol	
IHH	HGNC:5956	ENSG00000163501	Q14623	symbol	
IK	HGNC:5958	ENSG00000113141	Q13123	symbol	
IKBIP	HGNC:26430	ENSG00000166130	Q70UQ0	symbol	
IKBKB	HGNC:5960	ENSG00000104365	O14920	symbol	
IKBKE	HGNC:14552	ENSG00000263528	Q14164	symbol	
IKBKG	HGNC:5961	ENSG00000269335	Q9Y6K9	symbol	
IKZF1	HGNC:13176	ENSG00000185811	Q13422	symbol	
IKZF3	HGNC:13178	ENSG00000161405	Q9UKT9	symbol	
IL16	HGNC:5980	ENSG00000172349	Q14005	symbol	
IL17C	HGNC:5983	ENSG00000124391	Q9P0M4	symbol	
IL17F	HGNC:16404	ENSG00000112116	Q96PD4	symbol	
IL17RA	HGNC:5985	ENSG00000177663	Q96F46	symbol	
IL18	HGNC:5986	ENSG00000150782	Q14116	symbol	
IL1A	HGNC:5991	ENSG00000115008	P01583	symbol	
IL1F10	HGNC:15552	ENSG00000136697	Q8WWZ1	alias_or_prev_symbol	
IL1RAPL2	HGNC:5997	ENSG00000189108	Q9NP60	symbol	
IL1RL2	HGNC:5999	ENSG00000115598	Q9HB29	alias_or_prev_symbol	
IL1RN	HGNC:6000	ENSG00000136689	P18510	symbol	
IL26	HGNC:17119	ENSG00000111536	Q9NPH9	symbol	
IL36B	HGNC:15564	ENSG00000136696	Q9NZH7	symbol	
IL36G	HGNC:15741	ENSG00000136688	Q9NZH8	symbol	
IL36RN	HGNC:15561	ENSG00000136695	Q9UBH0	symbol	
IL37	HGNC:15563	ENSG00000125571	Q9NZH6	symbol	
IL6	HGNC:6018	ENSG00000136244	P05231	symbol	
IL6ST	HGNC:6021	ENSG00000134352	P40189	symbol	
IL9R	HGNC:6030	ENSG00000124334	Q01113	symbol	
ILDR2	HGNC:18131	ENSG00000143195	Q71H61	symbol	
ILF2	HGNC:6037	ENSG00000143621	Q12905	symbol	
ILF3	HGNC:6038	ENSG00000129351	Q12906	symbol	
ILK	HGNC:6040	ENSG00000166333	Q13418	symbol	
ILKAP	HGNC:15566	ENSG00000132323	Q9H0C8	symbol	
ILRUN	HGNC:21215	ENSG00000196821	Q9H6K1	symbol	
ILVBL	HGNC:6041	ENSG00000105135	A1L0T0	alias_or_prev_symbol	
IMMT	HGNC:6047	ENSG00000132305	Q16891	symbol	
IMP3	HGNC:14497	ENSG00000177971	Q9NV31	symbol	
IMP4	HGNC:30856	ENSG00000136718	Q96G21	symbol	
IMPA1	HGNC:6050	ENSG00000133731	P29218	symbol	
IMPA2	HGNC:6051	ENSG00000141401	O14732	symbol	
IMPACT	HGNC:20387	ENSG00000154059	Q9P2X3	symbol	
IMPDH1	HGNC:6052	ENSG00000106348	P20839	symbol	
IMPDH2	HGNC:6053	ENSG00000178035	P12268	symbol	
INA	HGNC:6057	ENSG00000148798	Q16352	symbol	
INAVA	HGNC:25599	ENSG00000163362	Q3KP66	symbol	
INCENP	HGNC:6058	ENSG00000149503	Q9NQS7	symbol	
INF2	HGNC:23791	ENSG00000203485	Q27J81	symbol	
ING1	HGNC:6062	ENSG00000153487	Q9UK53	symbol	
ING3	HGNC:14587	ENSG00000071243	Q9NXR8	symbol	
ING4	HGNC:19423	ENSG00000111653	Q9UNL4	symbol	
ING5	HGNC:19421	ENSG00000168395	Q8WYH8	symbol	
INIP	HGNC:24994	ENSG00000148153	Q9NRY2	symbol	
INO80	HGNC:26956	ENSG00000128908	Q9ULG1	symbol	
INO80B	HGNC:13324	ENSG00000115274	Q9C086	symbol	
INO80C	HGNC:26994	ENSG00000153391	Q6PI98	symbol	
INO80E	HGNC:26905	ENSG00000169592	Q8NBZ0	symbol	
INPP1	HGNC:6071	ENSG00000151689	P49441	symbol	
INPP4A	HGNC:6074	ENSG00000040933	Q96PE3	symbol	
INPP4B	HGNC:6075	ENSG00000109452	O15327	symbol	
INPP5B	HGNC:6077	ENSG00000204084	P32019	symbol	
INPP5D	HGNC:6079	ENSG00000168918	Q92835	symbol	
INPP5K	HGNC:33882	ENSG00000132376	Q9BT40	symbol	
INPPL1	HGNC:6080	ENSG00000165458	O15357	symbol	
INSL3	HGNC:6086	ENSG00000248099	P51460	symbol	
INSM1	HGNC:6090	ENSG00000173404	Q01101	symbol	
INSR	HGNC:6091	ENSG00000171105	P06213	symbol	
INTS1	HGNC:24555	ENSG00000164880	Q8N201	symbol	
INTS10	HGNC:25548	ENSG00000104613	Q9NVR2	symbol	
INTS11	HGNC:26052	ENSG00000127054	Q5TA45	symbol	
INTS12	HGNC:25067	ENSG00000138785	Q96CB8	symbol	
INTS13	HGNC:20174	ENSG00000064102	Q9NVM9	symbol	
INTS14	HGNC:25372	ENSG00000138614	Q96SY0	symbol	
INTS2	HGNC:29241	ENSG00000108506	Q9H0H0	symbol	
INTS3	HGNC:26153	ENSG00000143624	Q68E01	symbol	
INTS4	HGNC:25048	ENSG00000149262	Q96HW7	symbol	
INTS5	HGNC:29352	ENSG00000185085	Q6P9B9	symbol	
INTS6	HGNC:14879	ENSG00000102786	Q9UL03	symbol	
INTS7	HGNC:24484	ENSG00000143493	Q9NVH2	symbol	
INTS8	HGNC:26048	ENSG00000164941	Q75QN2	symbol	
INTS9	HGNC:25592	ENSG00000104299	Q9NV88	symbol	
IP6K1	HGNC:18360	ENSG00000176095	Q92551	symbol	
IPO11	HGNC:20628	ENSG00000086200	Q9UI26	symbol	
IPO13	HGNC:16853	ENSG00000117408	O94829	symbol	
IPO4	HGNC:19426	ENSG00000196497	Q8TEX9	symbol	
IPO5	HGNC:6402	ENSG00000065150	O00410	symbol	
IPO7	HGNC:9852	ENSG00000205339	O95373	symbol	
IPO8	HGNC:9853	ENSG00000133704	O15397	symbol	
IPO9	HGNC:19425	ENSG00000198700	Q96P70	symbol	
IQGAP1	HGNC:6110	ENSG00000140575	P46940	symbol	
IQGAP2	HGNC:6111	ENSG00000145703	Q13576	symbol	
IQGAP3	HGNC:20669	ENSG00000183856	Q86VI3	symbol	
IQSEC1	HGNC:29112	ENSG00000144711	Q6DN90	symbol	
IQSEC2	HGNC:29059	ENSG00000124313	Q5JU85	symbol	
IRAK1	HGNC:6112	ENSG00000184216	P51617	symbol	
IRAK4	HGNC:17967	ENSG00000198001	Q9NWZ3	symbol	
IREB2	HGNC:6115	ENSG00000136381	P48200	symbol	
IRF2BP1	HGNC:21728	ENSG00000170604	Q8IU81	symbol	
IRF2BP2	HGNC:21729	ENSG00000168264	Q7Z5L9	symbol	
IRF2BPL	HGNC:14282	ENSG00000119669	Q9H1B7	symbol	
IRF3	HGNC:6118	ENSG00000126456	Q14653	symbol	
IRF5	HGNC:6120	ENSG00000128604	Q13568	symbol	
IRF8	HGNC:5358	ENSG00000140968	Q02556	symbol	
IRF9	HGNC:6131	ENSG00000213928	Q00978	symbol	
IRGQ	HGNC:24868	ENSG00000167378	Q8WZA9	symbol	
IRS2	HGNC:6126	ENSG00000185950	Q9Y4H2	symbol	
IRS4	HGNC:6128	ENSG00000133124	O14654	symbol	
ISCA1	HGNC:28660	ENSG00000135070	Q9BUE6	symbol	
ISCA2	HGNC:19857	ENSG00000165898	Q86U28	symbol	
ISCU	HGNC:29882	ENSG00000136003	Q9H1K1	symbol	
ISG15	HGNC:4053	ENSG00000187608	P05161	symbol	
ISG20	HGNC:6130	ENSG00000172183	Q96AZ6	symbol	
ISG20L2	HGNC:25745	ENSG00000143319	Q9H9L3	symbol	
ISLR	HGNC:6133	ENSG00000129009	O14498	symbol	
ISOC1	HGNC:24254	ENSG00000066583	Q96CN7	symbol	
ISOC2	HGNC:26278	ENSG00000063241	Q96AB3	symbol	
IST1	HGNC:28977	ENSG00000182149	P53990	symbol	
ISY1	HGNC:29201	ENSG00000240682	Q9ULR0	symbol	
ISYNA1	HGNC:29821	ENSG00000105655	Q9NPH2	symbol	
ITCH	HGNC:13890	ENSG00000078747	Q96J02	symbol	
ITFG1	HGNC:30697	ENSG00000129636	Q8TB96	symbol	
ITFG2	HGNC:30879	ENSG00000111203	Q969R8	symbol	
ITGA1	HGNC:6134	ENSG00000213949	P56199	symbol	
ITGA2	HGNC:6137	ENSG00000164171	P17301	symbol	
ITGA2B	HGNC:6138	ENSG00000005961	P08514	symbol	
ITGA3	HGNC:6139	ENSG00000005884	P26006	symbol	
ITGA4	HGNC:6140	ENSG00000115232	P13612	symbol	
ITGA5	HGNC:6141	ENSG00000161638	P08648	symbol	
ITGA6	HGNC:6142	ENSG00000091409	P23229	symbol	
ITGAL	HGNC:6148	ENSG00000005844	P20701	symbol	
ITGAM	HGNC:6149	ENSG00000169896	P11215	symbol	
ITGAV	HGNC:6150	ENSG00000138448	P06756	symbol	
ITGAX	HGNC:6152	ENSG00000140678	P20702	symbol	
ITGB1	HGNC:6153	ENSG00000150093	P05556	symbol	
ITGB2	HGNC:6155	ENSG00000160255	P05107	symbol	
ITGB3	HGNC:6156	ENSG00000259207	P05106	symbol	
ITGB3BP	HGNC:6157	ENSG00000142856	Q13352	symbol	
ITGB4	HGNC:6158	ENSG00000132470	P16144	symbol	
ITGB5	HGNC:6160	ENSG00000082781	P18084	symbol	
ITGB7	HGNC:6162	ENSG00000139626	P26010	symbol	
ITIH1	HGNC:6166	ENSG00000055957	P19827	symbol	
ITIH2	HGNC:6167	ENSG00000151655	P19823	symbol	
ITIH3	HGNC:6168	ENSG00000162267	Q06033	symbol	
ITIH4	HGNC:6169	ENSG00000055955	Q14624	symbol	
ITIH6	HGNC:28907	ENSG00000102313	Q6UXX5	symbol	
ITK	HGNC:6171	ENSG00000113263	Q08881	symbol	
ITM2B	HGNC:6174	ENSG00000136156	Q9Y287	symbol	
ITPA	HGNC:6176	ENSG00000125877	Q9BY32	symbol	
ITPK1	HGNC:6177	ENSG00000100605	Q13572	symbol	
ITPKC	HGNC:14897	ENSG00000086544	Q96DU7	symbol	
ITPR1	HGNC:6180	ENSG00000150995	Q14643	symbol	
ITPR2	HGNC:6181	ENSG00000123104	Q14571	symbol	
ITPR3	HGNC:6182	ENSG00000096433	Q14573	symbol	
ITPRID2	HGNC:11319	ENSG00000138434	P28290	symbol	
ITPRIP	HGNC:29370	ENSG00000148841	Q8IWB1	symbol	
ITSN1	HGNC:6183	ENSG00000205726	Q15811	symbol	
ITSN2	HGNC:6184	ENSG00000198399	Q9NZM3	symbol	
IVD	HGNC:6186	ENSG00000128928	P26440	symbol	
IVL	HGNC:6187	ENSG00000163207	P07476	symbol	
IVNS1ABP	HGNC:16951	ENSG00000116679	Q9Y6Y0	symbol	
IWS1	HGNC:25467	ENSG00000163166	Q96ST2	symbol	
IZUMO1	HGNC:28539	ENSG00000182264	Q8IYV9	symbol	
JADE3	HGNC:22982	ENSG00000102221	Q92613	symbol	
JAGN1	HGNC:26926	ENSG00000171135	Q8N5M9	symbol	
JAK1	HGNC:6190	ENSG00000162434	P23458	symbol	
JAK3	HGNC:6193	ENSG00000105639	P52333	symbol	
JCHAIN	HGNC:5713	ENSG00000132465	P01591	symbol	
JHY	HGNC:26288	ENSG00000109944	Q6NUN7	symbol	
JKAMP	HGNC:20184	ENSG00000050130	Q9P055	symbol	
JMJD1C	HGNC:12313	ENSG00000171988	Q15652	symbol	
JMJD6	HGNC:19355	ENSG00000070495	Q6NYC1	symbol	
JMJD7	HGNC:34397	ENSG00000243789	P0C870	symbol	
JMY	HGNC:28916	ENSG00000152409	Q8N9B5	symbol	
JPT1	HGNC:14569	ENSG00000189159	Q9UK76	symbol	
JPT2	HGNC:14137	ENSG00000206053	Q9H910	symbol	
JTB	HGNC:6201	ENSG00000143543	O76095	symbol	
JUNB	HGNC:6205	ENSG00000171223	P17275	symbol	
JUND	HGNC:6206	ENSG00000130522	P17535	symbol	
JUP	HGNC:6207	ENSG00000173801	P14923	symbol	
KALRN	HGNC:4814	ENSG00000160145	O60229	symbol	
KANK1	HGNC:19309	ENSG00000107104	Q14678	symbol	
KANK2	HGNC:29300	ENSG00000197256	Q63ZY3	symbol	
KANK4	HGNC:27263	ENSG00000132854	Q5T7N3	symbol	
KANSL1	HGNC:24565	ENSG00000120071	Q7Z3B3	symbol	
KANSL2	HGNC:26024	ENSG00000139620	Q9H9L4	symbol	
KANSL3	HGNC:25473	ENSG00000114982	Q9P2N6	symbol	
KARS1	HGNC:6215	ENSG00000065427	Q15046	symbol	
KAT14	HGNC:15904	ENSG00000149474	Q9H8E8	symbol	
KAT2A	HGNC:4201	ENSG00000108773	Q92830	symbol	
KAT6A	HGNC:13013	ENSG00000083168	Q92794	symbol	
KAT7	HGNC:17016	ENSG00000136504	O95251	symbol	
KAT8	HGNC:17933	ENSG00000103510	Q9H7Z6	symbol	
KATNA1	HGNC:6216	ENSG00000186625	O75449	symbol	
KATNAL2	HGNC:25387	ENSG00000167216	Q8IYT4	symbol	
KATNB1	HGNC:6217	ENSG00000140854	Q9BVA0	symbol	
KAZN	HGNC:29173	ENSG00000189337	Q674X7	symbol	
KBTBD11	HGNC:29104	ENSG00000176595	O94819	symbol	
KBTBD4	HGNC:23761	ENSG00000123444	Q9NVX7	symbol	
KCNA1	HGNC:6218	ENSG00000111262	Q09470	symbol	
KCNA4	HGNC:6222	ENSG00000182255	P22459	symbol	
KCNAB2	HGNC:6229	ENSG00000069424	Q13303	symbol	
KCND2	HGNC:6238	ENSG00000184408	Q9NZV8	symbol	
KCNE4	HGNC:6244	ENSG00000152049	Q8WWG9	symbol	
KCNG2	HGNC:6249	ENSG00000178342	Q9UJ96	symbol	
KCNH8	HGNC:18864	ENSG00000183960	Q96L42	symbol	
KCNJ3	HGNC:6264	ENSG00000162989	P48549	symbol	
KCNN4	HGNC:6293	ENSG00000104783	O15554	symbol	
KCNQ1	HGNC:6294	ENSG00000053918	P51787	symbol	
KCNS1	HGNC:6300	ENSG00000124134	Q96KK3	symbol	
KCNS2	HGNC:6301	ENSG00000156486	Q9ULS6	symbol	
KCNT1	HGNC:18865	ENSG00000107147	Q5JUK3	symbol	
KCNV2	HGNC:19698	ENSG00000168263	Q8TDN2	symbol	
KCTD1	HGNC:18249	ENSG00000134504	Q719H9	symbol	
KCTD10	HGNC:23236	ENSG00000110906	Q9H3F6	symbol	
KCTD12	HGNC:14678	ENSG00000178695	Q96CX2	symbol	
KCTD15	HGNC:23297	ENSG00000153885	Q96SI1	symbol	
KCTD21	HGNC:27452	ENSG00000188997	Q4G0X4	symbol	
KCTD4	HGNC:23227	ENSG00000180332	Q8WVF5	symbol	
KCTD5	HGNC:21423	ENSG00000167977	Q9NXV2	symbol	
KCTD9	HGNC:22401	ENSG00000104756	Q7L273	symbol	
KDELR1	HGNC:6304	ENSG00000105438	P24390	symbol	
KDELR2	HGNC:6305	ENSG00000136240	P33947	symbol	
KDM1A	HGNC:29079	ENSG00000004487	O60341	symbol	
KDM1B	HGNC:21577	ENSG00000165097	Q8NB78	symbol	
KDM2A	HGNC:13606	ENSG00000173120	Q9Y2K7	symbol	
KDM3B	HGNC:1337	ENSG00000120733	Q7LBC6	symbol	
KDM4A	HGNC:22978	ENSG00000066135	O75164	symbol	
KDM4C	HGNC:17071	ENSG00000107077	Q9H3R0	symbol	
KDM4D	HGNC:25498	ENSG00000186280	Q6B0I6	symbol	
KDM5A	HGNC:9886	ENSG00000073614	P29375	symbol	
KDM5B	HGNC:18039	ENSG00000117139	Q9UGL1	symbol	
KDM5C	HGNC:11114	ENSG00000126012	P41229	symbol	
KDSR	HGNC:4021	ENSG00000119537	Q06136	symbol	
KEAP1	HGNC:23177	ENSG00000079999	Q14145	symbol	
KHDC4	HGNC:29145	ENSG00000132680	Q7Z7F0	symbol	
KHDRBS1	HGNC:18116	ENSG00000121774	Q07666	symbol	
KHDRBS3	HGNC:18117	ENSG00000131773	O75525	symbol	
KHK	HGNC:6315	ENSG00000138030	P50053	symbol	
KHSRP	HGNC:6316	ENSG00000088247	Q92945	symbol	
KIAA0232	HGNC:28992	ENSG00000170871	Q92628	symbol	
KIAA0319L	HGNC:30071	ENSG00000142687	Q8IZA0	symbol	
KIAA0513	HGNC:29058	ENSG00000135709	O60268	symbol	
KIAA0930	HGNC:1314	ENSG00000100364	Q6ICG6	symbol	
KIAA1143	HGNC:29198	ENSG00000163807	Q96AT1	symbol	
KIAA1191	HGNC:29209	ENSG00000122203	Q96A73	symbol	
KIAA1217	HGNC:25428	ENSG00000120549	Q5T5P2	symbol	
KIAA1522	HGNC:29301	ENSG00000162522	Q9P206	alias_or_prev_symbol	
KIAA1671	HGNC:29345	ENSG00000197077	Q9BY89	symbol	
KIAA2013	HGNC:28513	ENSG00000116685	Q8IYS2	symbol	
KIDINS220	HGNC:29508	ENSG00000134313	Q9ULH0	symbol	
KIF11	HGNC:6388	ENSG00000138160	P52732	symbol	
KIF13A	HGNC:14566	ENSG00000137177	Q9H1H9	symbol	
KIF13B	HGNC:14405	ENSG00000197892	Q9NQT8	symbol	
KIF14	HGNC:19181	ENSG00000118193	Q15058	symbol	
KIF15	HGNC:17273	ENSG00000163808	Q9NS87	symbol	
KIF16B	HGNC:15869	ENSG00000089177	Q96L93	symbol	
KIF18A	HGNC:29441	ENSG00000121621	Q8NI77	symbol	
KIF18B	HGNC:27102	ENSG00000186185	Q86Y91	symbol	
KIF19	HGNC:26735	ENSG00000196169	Q2TAC6	symbol	
KIF1B	HGNC:16636	ENSG00000054523	O60333	symbol	
KIF1C	HGNC:6317	ENSG00000129250	O43896	symbol	
KIF20A	HGNC:9787	ENSG00000112984	O95235	symbol	
KIF20B	HGNC:7212	ENSG00000138182	Q96Q89	symbol	
KIF21A	HGNC:19349	ENSG00000139116	Q7Z4S6	symbol	
KIF21B	HGNC:29442	ENSG00000116852	O75037	symbol	
KIF22	HGNC:6391	ENSG00000079616	Q14807	symbol	
KIF23	HGNC:6392	ENSG00000137807	Q02241	symbol	
KIF25	HGNC:6390	ENSG00000125337	Q9UIL4	symbol	
KIF26A	HGNC:20226	ENSG00000066735	Q9ULI4	symbol	
KIF2A	HGNC:6318	ENSG00000068796	O00139	symbol	
KIF2C	HGNC:6393	ENSG00000142945	Q99661	symbol	
KIF3A	HGNC:6319	ENSG00000131437	Q9Y496	symbol	
KIF3B	HGNC:6320	ENSG00000101350	O15066	symbol	
KIF4A	HGNC:13339	ENSG00000090889	O95239	symbol	
KIF5B	HGNC:6324	ENSG00000170759	P33176	symbol	
KIF5C	HGNC:6325	ENSG00000168280	O60282	symbol	
KIF7	HGNC:30497	ENSG00000166813	Q2M1P5	symbol	
KIFAP3	HGNC:17060	ENSG00000075945	Q92845	symbol	
KIFBP	HGNC:23419	ENSG00000198954	Q96EK5	symbol	
KIFC1	HGNC:6389	ENSG00000237649	Q9BW19	symbol	
KIFC3	HGNC:6326	ENSG00000140859	Q9BVG8	symbol	
KIN	HGNC:6327	ENSG00000151657	O60870	symbol	
KIRREL1	HGNC:15734	ENSG00000183853	Q96J84	symbol	
KIT	HGNC:6342	ENSG00000157404	P10721	symbol	
KLC1	HGNC:6387	ENSG00000126214	Q07866	symbol	
KLC2	HGNC:20716	ENSG00000174996	Q9H0B6	symbol	
KLC4	HGNC:21624	ENSG00000137171	Q9NSK0	symbol	
KLF5	HGNC:6349	ENSG00000102554	Q13887	symbol	
KLHDC4	HGNC:25272	ENSG00000104731	Q8TBB5	symbol	
KLHL11	HGNC:19008	ENSG00000178502	Q9NVR0	symbol	
KLHL13	HGNC:22931	ENSG00000003096	Q9P2N7	symbol	
KLHL18	HGNC:29120	ENSG00000114648	O94889	symbol	
KLHL22	HGNC:25888	ENSG00000099910	Q53GT1	symbol	
KLHL36	HGNC:17844	ENSG00000135686	Q8N4N3	symbol	
KLHL6	HGNC:18653	ENSG00000172578	Q8WZ60	symbol	
KLHL9	HGNC:18732	ENSG00000198642	Q9P2J3	symbol	
KLK1	HGNC:6357	ENSG00000167748	P06870	symbol	
KLK10	HGNC:6358	ENSG00000129451	O43240	symbol	
KLK11	HGNC:6359	ENSG00000167757	Q9UBX7	symbol	
KLK14	HGNC:6362	ENSG00000129437	Q9P0G3	symbol	
KLK3	HGNC:6364	ENSG00000142515	P07288	symbol	
KLK5	HGNC:6366	ENSG00000167754	Q9Y337	symbol	
KLK6	HGNC:6367	ENSG00000167755	Q92876	symbol	
KLK7	HGNC:6368	ENSG00000169035	P49862	symbol	
KLK8	HGNC:6369	ENSG00000129455	O60259	symbol	
KLLN	HGNC:37212	ENSG00000227268	B2CW77	symbol	
KMT2A	HGNC:7132	ENSG00000118058	Q03164	symbol	
KMT2B	HGNC:15840	ENSG00000272333	Q9UMN6	symbol	
KMT2D	HGNC:7133	ENSG00000167548	O14686	symbol	
KMT5A	HGNC:29489	ENSG00000183955	Q9NQR1	symbol	
KNDC1	HGNC:29374	ENSG00000171798	Q76NI1	symbol	
KNG1	HGNC:6383	ENSG00000113889	P01042	symbol	
KNL1	HGNC:24054	ENSG00000137812	Q8NG31	symbol	
KNOP1	HGNC:34404	ENSG00000103550	Q1ED39	symbol	
KNSTRN	HGNC:30767	ENSG00000128944	Q9Y448	symbol	
KNTC1	HGNC:17255	ENSG00000184445	P50748	symbol	
KPNA1	HGNC:6394	ENSG00000114030	P52294	symbol	
KPNA2	HGNC:6395	ENSG00000182481	P52292	symbol	
KPNA3	HGNC:6396	ENSG00000102753	O00505	symbol	
KPNA4	HGNC:6397	ENSG00000186432	O00629	symbol	
KPNA6	HGNC:6399	ENSG00000025800	O60684	symbol	
KPNB1	HGNC:6400	ENSG00000108424	Q14974	symbol	
KPRP	HGNC:31823	ENSG00000203786	Q5T749	symbol	
KRAS	HGNC:6407	ENSG00000133703	P01116	symbol	
KRI1	HGNC:25769	ENSG00000129347	Q8N9T8	symbol	
KRIT1	HGNC:1573	ENSG00000001631	O00522	symbol	
KRR1	HGNC:5176	ENSG00000111615	Q13601	symbol	
KRT1	HGNC:6412	ENSG00000167768	P04264	symbol	
KRT10	HGNC:6413	ENSG00000186395	P13645	symbol	
KRT12	HGNC:6414	ENSG00000187242	Q99456	symbol	
KRT13	HGNC:6415	ENSG00000171401	P13646	symbol	
KRT14	HGNC:6416	ENSG00000186847	P02533	symbol	
KRT15	HGNC:6421	ENSG00000171346	P19012	symbol	
KRT16	HGNC:6423	ENSG00000186832	P08779	symbol	
KRT17	HGNC:6427	ENSG00000128422	Q04695	symbol	
KRT18	HGNC:6430	ENSG00000111057	P05783	symbol	
KRT19	HGNC:6436	ENSG00000171345	P08727	symbol	
KRT2	HGNC:6439	ENSG00000172867	P35908	symbol	
KRT23	HGNC:6438	ENSG00000108244	Q9C075	symbol	
KRT24	HGNC:18527	ENSG00000167916	Q2M2I5	symbol	
KRT27	HGNC:30841	ENSG00000171446	Q7Z3Y8	symbol	
KRT28	HGNC:30842	ENSG00000173908	Q7Z3Y7	symbol	
KRT3	HGNC:6440	ENSG00000186442	P12035	symbol	
KRT31	HGNC:6448	ENSG00000094796	Q15323	symbol	
KRT32	HGNC:6449	ENSG00000108759	Q14532	symbol	
KRT33A	HGNC:6450	ENSG00000006059	O76009	symbol	
KRT33B	HGNC:6451	ENSG00000131738	Q14525	symbol	
KRT34	HGNC:6452	ENSG00000131737	O76011	symbol	
KRT35	HGNC:6453	ENSG00000197079	Q92764	symbol	
KRT36	HGNC:6454	ENSG00000126337	O76013	symbol	
KRT38	HGNC:6456	ENSG00000171360	O76015	symbol	
KRT4	HGNC:6441	ENSG00000170477	P19013	symbol	
KRT5	HGNC:6442	ENSG00000186081	P13647	symbol	
KRT6A	HGNC:6443	ENSG00000205420	P02538	symbol	
KRT6B	HGNC:6444	ENSG00000185479	P04259	symbol	
KRT6C	HGNC:20406	ENSG00000170465	P48668	symbol	
KRT7	HGNC:6445	ENSG00000135480	P08729	symbol	
KRT71	HGNC:28927	ENSG00000139648	Q3SY84	symbol	
KRT72	HGNC:28932	ENSG00000170486	Q14CN4	symbol	
KRT73	HGNC:28928	ENSG00000186049	Q86Y46	symbol	
KRT74	HGNC:28929	ENSG00000170484	Q7RTS7	symbol	
KRT75	HGNC:24431	ENSG00000170454	O95678	symbol	
KRT76	HGNC:24430	ENSG00000185069	Q01546	symbol	
KRT77	HGNC:20411	ENSG00000189182	Q7Z794	symbol	
KRT78	HGNC:28926	ENSG00000170423	Q8N1N4	symbol	
KRT79	HGNC:28930	ENSG00000185640	Q5XKE5	symbol	
KRT8	HGNC:6446	ENSG00000170421	P05787	symbol	
KRT80	HGNC:27056	ENSG00000167767	Q6KB66	symbol	
KRT82	HGNC:6459	ENSG00000161850	Q9NSB4	symbol	
KRT83	HGNC:6460	ENSG00000170523	P78385	symbol	
KRT84	HGNC:6461	ENSG00000161849	Q9NSB2	symbol	
KRT85	HGNC:6462	ENSG00000135443	P78386	symbol	
KRT86	HGNC:6463	ENSG00000170442	O43790	symbol	
KRT9	HGNC:6447	ENSG00000171403	P35527	symbol	
KRTAP10-2	HGNC:22967	ENSG00000205445	P60368	symbol	
KRTAP11-1	HGNC:18922	ENSG00000182591	Q8IUC1	symbol	
KRTAP13-2	HGNC:18923	ENSG00000182816	Q52LG2	symbol	
KRTAP2-1	HGNC:16775	ENSG00000212725	Q9BYU5	symbol	
KRTAP2-2	HGNC:18905	ENSG00000214518	Q9BYT5	symbol	
KRTAP2-3	HGNC:18906	ENSG00000212724	P0C7H8	symbol	
KRTAP2-4	HGNC:18891	ENSG00000213417	Q9BYR9	symbol	
KRTCAP2	HGNC:28942	ENSG00000163463	Q8N6L1	symbol	
KSR1	HGNC:6465	ENSG00000141068	Q8IVT5	symbol	
KTI12	HGNC:25160	ENSG00000198841	Q96EK9	symbol	
KTN1	HGNC:6467	ENSG00000126777	Q86UP2	symbol	
KYAT1	HGNC:1564	ENSG00000171097	Q16773	symbol	
KYAT3	HGNC:33238	ENSG00000137944	Q6YP21	symbol	
KYNU	HGNC:6469	ENSG00000115919	Q16719	symbol	
L1CAM	HGNC:6470	ENSG00000198910	P32004	symbol	
L2HGDH	HGNC:20499	ENSG00000087299	Q9H9P8	symbol	
L3HYPDH	HGNC:20488	ENSG00000126790	Q96EM0	symbol	
L3MBTL2	HGNC:18594	ENSG00000100395	Q969R5	symbol	
L3MBTL3	HGNC:23035	ENSG00000198945	Q96JM7	symbol	
LACRT	HGNC:16430	ENSG00000135413	Q9GZZ8	symbol	
LACTB	HGNC:16468	ENSG00000103642	P83111	symbol	
LACTB2	HGNC:18512	ENSG00000147592	Q53H82	symbol	
LAD1	HGNC:6472	ENSG00000159166	O00515	symbol	
LAGE3	HGNC:26058	ENSG00000196976	Q14657	symbol	
LALBA	HGNC:6480	ENSG00000167531	P00709	symbol	
LAMA1	HGNC:6481	ENSG00000101680	P25391	symbol	
LAMA2	HGNC:6482	ENSG00000196569	P24043	symbol	
LAMA5	HGNC:6485	ENSG00000130702	O15230	symbol	
LAMB1	HGNC:6486	ENSG00000091136	P07942	symbol	
LAMB2	HGNC:6487	ENSG00000172037	P55268	symbol	
LAMB3	HGNC:6490	ENSG00000196878	Q13751	symbol	
LAMC1	HGNC:6492	ENSG00000135862	P11047	symbol	
LAMP1	HGNC:6499	ENSG00000185896	P11279	symbol	
LAMP2	HGNC:6501	ENSG00000005893	P13473	symbol	
LAMTOR1	HGNC:26068	ENSG00000149357	Q6IAA8	symbol	
LAMTOR2	HGNC:29796	ENSG00000116586	Q9Y2Q5	symbol	
LAMTOR3	HGNC:15606	ENSG00000109270	Q9UHA4	symbol	
LAMTOR4	HGNC:33772	ENSG00000188186	Q0VGL1	symbol	
LAMTOR5	HGNC:17955	ENSG00000134248	O43504	symbol	
LANCL1	HGNC:6508	ENSG00000115365	O43813	symbol	
LANCL2	HGNC:6509	ENSG00000132434	Q9NS86	symbol	
LAP3	HGNC:18449	ENSG00000002549	P28838	symbol	
LARP1	HGNC:29531	ENSG00000155506	Q6PKG0	symbol	
LARP4	HGNC:24320	ENSG00000161813	Q71RC2	symbol	
LARP4B	HGNC:28987	ENSG00000107929	Q92615	symbol	
LARP6	HGNC:24012	ENSG00000166173	Q9BRS8	symbol	
LARP7	HGNC:24912	ENSG00000174720	Q4G0J3	symbol	
LARS1	HGNC:6512	ENSG00000133706	Q9P2J5	symbol	
LARS2	HGNC:17095	ENSG00000011376	Q15031	symbol	
LAS1L	HGNC:25726	ENSG00000001497	Q9Y4W2	symbol	
LASP1	HGNC:6513	ENSG00000002834	Q14847	symbol	
LBP	HGNC:6517	ENSG00000129988	P18428	symbol	
LBR	HGNC:6518	ENSG00000143815	Q14739	symbol	
LCA5L	HGNC:1255	ENSG00000157578	O95447	symbol	
LCAT	HGNC:6522	ENSG00000213398	P04180	symbol	
LCK	HGNC:6524	ENSG00000182866	P06239	symbol	
LCLAT1	HGNC:26756	ENSG00000172954	Q6UWP7	symbol	
LCMT1	HGNC:17557	ENSG00000205629	Q9UIC8	symbol	
LCMT2	HGNC:17558	ENSG00000168806	O60294	symbol	
LCN1	HGNC:6525	ENSG00000160349	P31025	symbol	
LCN15	HGNC:33777	ENSG00000177984	Q6UWW0	symbol	
LCN2	HGNC:6526	ENSG00000148346	P80188	symbol	
LCORL	HGNC:30776	ENSG00000178177	Q8N3X6	symbol	
LCP1	HGNC:6528	ENSG00000136167	P13796	symbol	
LCP2	HGNC:6529	ENSG00000043462	Q13094	symbol	
LDAH	HGNC:26145	ENSG00000118961	Q9H6V9	symbol	
LDHA	HGNC:6535	ENSG00000134333	P00338	symbol	
LDHAL6A	HGNC:28335	ENSG00000166800	Q6ZMR3	symbol	
LDHAL6B	HGNC:21481	ENSG00000171989	Q9BYZ2	symbol	
LDHB	HGNC:6541	ENSG00000111716	P07195	symbol	
LDLR	HGNC:6547	ENSG00000130164	P01130	symbol	
LDLRAP1	HGNC:18640	ENSG00000157978	Q5SW96	symbol	
LEF1	HGNC:6551	ENSG00000138795	Q9UJU2	symbol	
LEKR1	HGNC:33765	ENSG00000197980	Q6ZMV7	symbol	
LELP1	HGNC:32046	ENSG00000203784	Q5T871	symbol	
LEMD2	HGNC:21244	ENSG00000161904	Q8NC56	symbol	
LEMD3	HGNC:28887	ENSG00000174106	Q9Y2U8	symbol	
LENG1	HGNC:15502	ENSG00000105617	Q96BZ8	symbol	
LENG8	HGNC:15500	ENSG00000167615	Q96PV6	symbol	
LENG9	HGNC:16306	ENSG00000275183	Q96B70	symbol	
LEO1	HGNC:30401	ENSG00000166477	Q8WVC0	symbol	
LEPR	HGNC:6554	ENSG00000116678	P48357	symbol	
LEPROT	HGNC:29477	ENSG00000213625	O15243	symbol	
LEPROTL1	HGNC:6555	ENSG00000104660	O95214	symbol	
LETM1	HGNC:6556	ENSG00000168924	O95202	symbol	
LFNG	HGNC:6560	ENSG00000106003	Q8NES3	symbol	
LGALS1	HGNC:6561	ENSG00000100097	P09382	symbol	
LGALS14	HGNC:30054	ENSG00000006659	Q8TCE9	symbol	
LGALS3	HGNC:6563	ENSG00000131981	P17931	symbol	
LGALS3BP	HGNC:6564	ENSG00000108679	Q08380	symbol	
LGALS7	HGNC:6568	ENSG00000205076	P47929	symbol	
LGALS8	HGNC:6569	ENSG00000116977	O00214	symbol	
LGALS9	HGNC:6570	ENSG00000168961	O00182	symbol	
LGALSL	HGNC:25012	ENSG00000119862	Q3ZCW2	symbol	
LGMN	HGNC:9472	ENSG00000100600	Q99538	symbol	
LGR4	HGNC:13299	ENSG00000205213	Q9BXB1	symbol	
LHFPL6	HGNC:6586	ENSG00000183722	Q9Y693	symbol	
LHPP	HGNC:30042	ENSG00000107902	Q9H008	symbol	
LIFR	HGNC:6597	ENSG00000113594	P42702	symbol	
LIG1	HGNC:6598	ENSG00000105486	P18858	symbol	
LIG3	HGNC:6600	ENSG00000005156	P49916	symbol	
LIG4	HGNC:6601	ENSG00000174405	P49917	symbol	
LILRA6	HGNC:15495	ENSG00000244482	Q6PI73	symbol	
LILRB2	HGNC:6606	ENSG00000131042	Q8N423	symbol	
LIMA1	HGNC:24636	ENSG00000050405	Q9UHB6	symbol	
LIMCH1	HGNC:29191	ENSG00000064042	Q9UPQ0	symbol	
LIMD1	HGNC:6612	ENSG00000144791	Q9UGP4	symbol	
LIMD2	HGNC:28142	ENSG00000136490	Q9BT23	symbol	
LIMK1	HGNC:6613	ENSG00000106683	P53667	symbol	
LIMK2	HGNC:6614	ENSG00000182541	P53671	symbol	
LIMS1	HGNC:6616	ENSG00000169756	P48059	symbol	
LIN37	HGNC:33234	ENSG00000267796	Q96GY3	symbol	
LIN54	HGNC:25397	ENSG00000189308	Q6MZP7	symbol	
LIN7A	HGNC:17787	ENSG00000111052	O14910	symbol	
LIN7C	HGNC:17789	ENSG00000148943	Q9NUP9	symbol	
LIN9	HGNC:30830	ENSG00000183814	Q5TKA1	symbol	
LINGO1	HGNC:21205	ENSG00000169783	Q96FE5	symbol	
LIPA	HGNC:6617	ENSG00000107798	P38571	symbol	
LIPI	HGNC:18821	ENSG00000188992	Q6XZB0	symbol	
LIPN	HGNC:23452	ENSG00000204020	Q5VXI9	symbol	
LLGL1	HGNC:6628	ENSG00000131899	Q15334	symbol	
LLGL2	HGNC:6629	ENSG00000073350	Q6P1M3	symbol	
LLPH	HGNC:28229	ENSG00000139233	Q9BRT6	symbol	
LMAN1	HGNC:6631	ENSG00000074695	P49257	symbol	
LMAN2	HGNC:16986	ENSG00000169223	Q12907	symbol	
LMAN2L	HGNC:19263	ENSG00000114988	Q9H0V9	symbol	
LMBR1	HGNC:13243	ENSG00000105983	Q8WVP7	symbol	
LMBRD1	HGNC:23038	ENSG00000168216	Q9NUN5	symbol	
LMBRD2	HGNC:25287	ENSG00000164187	Q68DH5	symbol	
LMCD1	HGNC:6633	ENSG00000071282	Q9NZU5	symbol	
LMF1	HGNC:14154	ENSG00000103227	Q96S06	symbol	
LMF2	HGNC:25096	ENSG00000100258	Q9BU23	symbol	
LMLN	HGNC:15991	ENSG00000185621	Q96KR4	symbol	
LMNA	HGNC:6636	ENSG00000160789	P02545	symbol	
LMNB1	HGNC:6637	ENSG00000113368	P20700	symbol	
LMNB2	HGNC:6638	ENSG00000176619	Q03252	symbol	
LMO7	HGNC:6646	ENSG00000136153	Q8WWI1	symbol	
LMOD1	HGNC:6647	ENSG00000163431	P29536	symbol	
LMTK2	HGNC:17880	ENSG00000164715	Q8IWU2	symbol	
LMTK3	HGNC:19295	ENSG00000142235	Q96Q04	symbol	
LNPEP	HGNC:6656	ENSG00000113441	Q9UIQ6	symbol	
LNPK	HGNC:21610	ENSG00000144320	Q9C0E8	symbol	
LNX1	HGNC:6657	ENSG00000072201	Q8TBB1	symbol	
LONP1	HGNC:9479	ENSG00000196365	P36776	symbol	
LONP2	HGNC:20598	ENSG00000102910	Q86WA8	symbol	
LORICRIN	HGNC:6663	ENSG00000203782	P23490	symbol	
LOXL3	HGNC:13869	ENSG00000115318	P58215	symbol	
LPA	HGNC:6667	ENSG00000198670	P08519	symbol	
LPAR1	HGNC:3166	ENSG00000198121	Q92633	symbol	
LPCAT1	HGNC:25718	ENSG00000153395	Q8NF37	symbol	
LPCAT2	HGNC:26032	ENSG00000087253	Q7L5N7	symbol	
LPCAT3	HGNC:30244	ENSG00000111684	Q6P1A2	symbol	
LPCAT4	HGNC:30059	ENSG00000176454	Q643R3	symbol	
LPGAT1	HGNC:28985	ENSG00000123684	Q92604	symbol	
LPIN2	HGNC:14450	ENSG00000101577	Q92539	symbol	
LPO	HGNC:6678	ENSG00000167419	P22079	symbol	
LPP	HGNC:6679	ENSG00000145012	Q93052	symbol	
LPXN	HGNC:14061	ENSG00000110031	O60711	symbol	
LRBA	HGNC:1742	ENSG00000198589	P50851	symbol	
LRCH3	HGNC:28637	ENSG00000186001	Q96II8	symbol	
LRCH4	HGNC:6691	ENSG00000077454	O75427	symbol	
LRG1	HGNC:29480	ENSG00000171236	P02750	symbol	
LRIF1	HGNC:30299	ENSG00000121931	Q5T3J3	symbol	
LRP1	HGNC:6692	ENSG00000123384	Q07954	symbol	
LRP10	HGNC:14553	ENSG00000197324	Q7Z4F1	symbol	
LRP1B	HGNC:6693	ENSG00000168702	Q9NZR2	symbol	
LRP2	HGNC:6694	ENSG00000081479	P98164	symbol	
LRP4	HGNC:6696	ENSG00000134569	O75096	symbol	
LRP6	HGNC:6698	ENSG00000070018	O75581	symbol	
LRP8	HGNC:6700	ENSG00000157193	Q14114	symbol	
LRPAP1	HGNC:6701	ENSG00000163956	P30533	symbol	
LRPPRC	HGNC:15714	ENSG00000138095	P42704	symbol	
LRRC1	HGNC:14307	ENSG00000137269	Q9BTT6	symbol	
LRRC14	HGNC:20419	ENSG00000160959	Q15048	symbol	
LRRC15	HGNC:20818	ENSG00000172061	Q8TF66	symbol	
LRRC20	HGNC:23421	ENSG00000172731	Q8TCA0	symbol	
LRRC25	HGNC:29806	ENSG00000175489	Q8N386	symbol	
LRRC27	HGNC:29346	ENSG00000148814	Q9C0I9	symbol	
LRRC31	HGNC:26261	ENSG00000114248	Q6UY01	symbol	
LRRC40	HGNC:26004	ENSG00000066557	Q9H9A6	symbol	
LRRC41	HGNC:16917	ENSG00000132128	Q15345	symbol	
LRRC45	HGNC:28302	ENSG00000169683	Q96CN5	symbol	
LRRC47	HGNC:29207	ENSG00000130764	Q8N1G4	symbol	
LRRC4B	HGNC:25042	ENSG00000131409	Q9NT99	symbol	
LRRC57	HGNC:26719	ENSG00000180979	Q8N9N7	symbol	
LRRC59	HGNC:28817	ENSG00000108829	Q96AG4	symbol	
LRRC66	HGNC:34299	ENSG00000188993	Q68CR7	symbol	
LRRC70	HGNC:35155	ENSG00000186105	Q7Z2Q7	symbol	
LRRC8A	HGNC:19027	ENSG00000136802	Q8IWT6	symbol	
LRRC8B	HGNC:30692	ENSG00000197147	Q6P9F7	symbol	
LRRC8C	HGNC:25075	ENSG00000171488	Q8TDW0	symbol	
LRRC8D	HGNC:16992	ENSG00000171492	Q7L1W4	symbol	
LRRC8E	HGNC:26272	ENSG00000171017	Q6NSJ5	symbol	
LRRC9	HGNC:19848	ENSG00000131951	Q6ZRR7	symbol	
LRRFIP1	HGNC:6702	ENSG00000124831	Q32MZ4	symbol	
LRRFIP2	HGNC:6703	ENSG00000093167	Q9Y608	symbol	
LRRIQ1	HGNC:25708	ENSG00000133640	Q96JM4	symbol	
LRRK1	HGNC:18608	ENSG00000154237	Q38SD2	symbol	
LRRK2	HGNC:18618	ENSG00000188906	Q5S007	symbol	
LRRN3	HGNC:17200	ENSG00000173114	Q9H3W5	symbol	
LRRTM4	HGNC:19411	ENSG00000176204	Q86VH4	symbol	
LRSAM1	HGNC:25135	ENSG00000148356	Q6UWE0	symbol	
LRWD1	HGNC:21769	ENSG00000161036	Q9UFC0	symbol	
LSG1	HGNC:25652	ENSG00000041802	Q9H089	symbol	
LSM1	HGNC:20472	ENSG00000175324	O15116	symbol	
LSM12	HGNC:26407	ENSG00000161654	Q3MHD2	symbol	
LSM14A	HGNC:24489	ENSG00000257103	Q8ND56	symbol	
LSM14B	HGNC:15887	ENSG00000149657	Q9BX40	symbol	
LSM2	HGNC:13940	ENSG00000204392	Q9Y333	symbol	
LSM3	HGNC:17874	ENSG00000170860	P62310	symbol	
LSM4	HGNC:17259	ENSG00000130520	Q9Y4Z0	symbol	
LSM5	HGNC:17162	ENSG00000106355	Q9Y4Y9	symbol	
LSM6	HGNC:17017	ENSG00000164167	P62312	symbol	
LSM7	HGNC:20470	ENSG00000130332	Q9UK45	symbol	
LSM8	HGNC:20471	ENSG00000128534	O95777	symbol	
LSP1	HGNC:6707	ENSG00000130592	P33241	symbol	
LSR	HGNC:29572	ENSG00000105699	Q86X29	symbol	
LSS	HGNC:6708	ENSG00000160285	P48449	symbol	
LST1	HGNC:14189	ENSG00000204482	O00453	symbol	
LTA4H	HGNC:6710	ENSG00000111144	P09960	symbol	
LTBP1	HGNC:6714	ENSG00000049323	Q14766	symbol	
LTF	HGNC:6720	ENSG00000012223	P02788	symbol	
LTK	HGNC:6721	ENSG00000062524	P29376	symbol	
LTN1	HGNC:13082	ENSG00000198862	O94822	symbol	
LTV1	HGNC:21173	ENSG00000135521	Q96GA3	symbol	
LUC7L	HGNC:6723	ENSG00000007392	Q9NQ29	symbol	
LUC7L2	HGNC:21608	ENSG00000146963	Q9Y383	symbol	
LUC7L3	HGNC:24309	ENSG00000108848	O95232	symbol	
LUM	HGNC:6724	ENSG00000139329	P51884	symbol	
LUZP1	HGNC:14985	ENSG00000169641	Q86V48	symbol	
LUZP2	HGNC:23206	ENSG00000187398	Q86TE4	symbol	
LXN	HGNC:13347	ENSG00000079257	Q9BS40	symbol	
LY6D	HGNC:13348	ENSG00000167656	Q14210	symbol	
LY6H	HGNC:6728	ENSG00000176956	O94772	symbol	
LY6K	HGNC:24225	ENSG00000160886	Q17RY6	symbol	
LYAR	HGNC:26021	ENSG00000145220	Q9NX58	symbol	
LYN	HGNC:6735	ENSG00000254087	P07948	symbol	
LYNX1	HGNC:29604	ENSG00000180155	P0DP58	symbol	
LYPD2	HGNC:25215	ENSG00000197353	Q6UXB3	symbol	
LYPD3	HGNC:24880	ENSG00000124466	O95274	symbol	
LYPLA1	HGNC:6737	ENSG00000120992	O75608	symbol	
LYPLA2	HGNC:6738	ENSG00000011009	O95372	symbol	
LYPLAL1	HGNC:20440	ENSG00000143353	Q5VWZ2	symbol	
LYRM2	HGNC:25229	ENSG00000083099	Q9NU23	symbol	
LYRM4	HGNC:21365	ENSG00000214113	Q9HD34	symbol	
LYSMD1	HGNC:32070	ENSG00000163155	Q96S90	symbol	
LYSMD2	HGNC:28571	ENSG00000140280	Q8IV50	symbol	
LYZ	HGNC:6740	ENSG00000090382	P61626	symbol	
LZIC	HGNC:17497	ENSG00000162441	Q8WZA0	symbol	
LZTFL1	HGNC:6741	ENSG00000163818	Q9NQ48	symbol	
LZTS1	HGNC:13861	ENSG00000061337	Q9Y250	symbol	
M6PR	HGNC:6752	ENSG00000003056	P20645	symbol	
MAB21L4	HGNC:26216	ENSG00000172478	Q08AI8	symbol	
MACC1	HGNC:30215	ENSG00000183742	Q6ZN28	symbol	
MACF1	HGNC:13664	ENSG00000127603	O94854|Q9UPN3	symbol	
MACO1	HGNC:25572	ENSG00000204178	Q8N5G2	symbol	
MACROD1	HGNC:29598	ENSG00000133315	Q9BQ69	symbol	
MACROH2A1	HGNC:4740	ENSG00000113648	O75367	symbol	
MACROH2A2	HGNC:14453	ENSG00000099284	Q9P0M6	symbol	
MAD1L1	HGNC:6762	ENSG00000002822	Q9Y6D9	symbol	
MAD2L1	HGNC:6763	ENSG00000164109	Q13257	symbol	
MADD	HGNC:6766	ENSG00000110514	Q8WXG6	symbol	
MAEA	HGNC:13731	ENSG00000090316	Q7L5Y9	symbol	
MAF	HGNC:6776	ENSG00000178573	O75444	symbol	
MAF1	HGNC:24966	ENSG00000179632	Q9H063	symbol	
MAFF	HGNC:6780	ENSG00000185022	Q9ULX9	symbol	
MAFG	HGNC:6781	ENSG00000197063	O15525	symbol	
MAFK	HGNC:6782	ENSG00000198517	O60675	symbol	
MAGEB1	HGNC:6808	ENSG00000214107	P43366	symbol	
MAGEB2	HGNC:6809	ENSG00000099399	O15479	symbol	
MAGEB3	HGNC:6810	ENSG00000198798	O15480	symbol	
MAGEC1	HGNC:6812	ENSG00000155495	O60732	symbol	
MAGEC2	HGNC:13574	ENSG00000046774	Q9UBF1	symbol	
MAGED1	HGNC:6813	ENSG00000179222	Q9Y5V3	symbol	
MAGED2	HGNC:16353	ENSG00000102316	Q9UNF1	symbol	
MAGEL2	HGNC:6814	ENSG00000254585	Q9UJ55	symbol	
MAGOH	HGNC:6815	ENSG00000162385	P61326	symbol	
MAGOHB	HGNC:25504	ENSG00000111196	Q96A72	symbol	
MAGT1	HGNC:28880	ENSG00000102158	Q9H0U3	symbol	
MAIP1	HGNC:26198	ENSG00000162972	Q8WWC4	symbol	
MAK16	HGNC:13703	ENSG00000198042	Q9BXY0	symbol	
MAL2	HGNC:13634	ENSG00000147676	Q969L2	symbol	
MALRD1	HGNC:24331	ENSG00000204740	Q5VYJ5	symbol	
MALSU1	HGNC:21721	ENSG00000156928	Q96EH3	symbol	
MALT1	HGNC:6819	ENSG00000172175	Q9UDY8	symbol	
MAML3	HGNC:16272	ENSG00000196782	Q96JK9	symbol	
MAN1A1	HGNC:6821	ENSG00000111885	P33908	symbol	
MAN1B1	HGNC:6823	ENSG00000177239	Q9UKM7	symbol	
MAN2A1	HGNC:6824	ENSG00000112893	Q16706	symbol	
MAN2B1	HGNC:6826	ENSG00000104774	O00754	symbol	
MAN2B2	HGNC:29623	ENSG00000013288	Q9Y2E5	symbol	
MAN2C1	HGNC:6827	ENSG00000140400	Q9NTJ4	symbol	
MANBA	HGNC:6831	ENSG00000109323	O00462	symbol	
MANBAL	HGNC:15799	ENSG00000101363	Q9NQG1	symbol	
MANF	HGNC:15461	ENSG00000145050	P55145	symbol	
MAOA	HGNC:6833	ENSG00000189221	P21397	symbol	
MAOB	HGNC:6834	ENSG00000069535	P27338	symbol	
MAP1A	HGNC:6835	ENSG00000166963	P78559	symbol	
MAP1B	HGNC:6836	ENSG00000131711	P46821	symbol	
MAP1LC3B	HGNC:13352	ENSG00000140941	Q9GZQ8	symbol	
MAP1LC3B2	HGNC:34390	ENSG00000258102	A6NCE7	symbol	
MAP1S	HGNC:15715	ENSG00000130479	Q66K74	symbol	
MAP2	HGNC:6839	ENSG00000078018	P11137	symbol	
MAP2K1	HGNC:6840	ENSG00000169032	Q02750	symbol	
MAP2K2	HGNC:6842	ENSG00000126934	P36507	symbol	
MAP2K3	HGNC:6843	ENSG00000034152	P46734	symbol	
MAP2K4	HGNC:6844	ENSG00000065559	P45985	symbol	
MAP2K5	HGNC:6845	ENSG00000137764	Q13163	symbol	
MAP2K6	HGNC:6846	ENSG00000108984	P52564	symbol	
MAP2K7	HGNC:6847	ENSG00000076984	O14733	symbol	
MAP3K2	HGNC:6854	ENSG00000169967	Q9Y2U5	symbol	
MAP3K20	HGNC:17797	ENSG00000091436	Q9NYL2	symbol	
MAP3K3	HGNC:6855	ENSG00000198909	Q99759	symbol	
MAP3K5	HGNC:6857	ENSG00000197442	Q99683	symbol	
MAP3K6	HGNC:6858	ENSG00000142733	O95382	symbol	
MAP3K7	HGNC:6859	ENSG00000135341	O43318	symbol	
MAP3K9	HGNC:6861	ENSG00000006432	P80192	symbol	
MAP4	HGNC:6862	ENSG00000047849	P27816	symbol	
MAP4K3	HGNC:6865	ENSG00000011566	Q8IVH8	symbol	
MAP4K4	HGNC:6866	ENSG00000071054	O95819	symbol	
MAP4K5	HGNC:6867	ENSG00000012983	Q9Y4K4	symbol	
MAP7	HGNC:6869	ENSG00000135525	Q14244	symbol	
MAP7D1	HGNC:25514	ENSG00000116871	Q3KQU3	symbol	
MAP7D3	HGNC:25742	ENSG00000129680	Q8IWC1	symbol	
MAPK1	HGNC:6871	ENSG00000100030	P28482	symbol	
MAPK10	HGNC:6872	ENSG00000109339	P53779	symbol	
MAPK13	HGNC:6875	ENSG00000156711	O15264	symbol	
MAPK14	HGNC:6876	ENSG00000112062	Q16539	symbol	
MAPK3	HGNC:6877	ENSG00000102882	P27361	symbol	
MAPK7	HGNC:6880	ENSG00000166484	Q13164	symbol	
MAPK8	HGNC:6881	ENSG00000107643	P45983	symbol	
MAPK8IP3	HGNC:6884	ENSG00000138834	Q9UPT6	symbol	
MAPK9	HGNC:6886	ENSG00000050748	P45984	symbol	
MAPKAP1	HGNC:18752	ENSG00000119487	Q9BPZ7	symbol	
MAPKAPK2	HGNC:6887	ENSG00000162889	P49137	symbol	
MAPKAPK3	HGNC:6888	ENSG00000114738	Q16644	symbol	
MAPRE1	HGNC:6890	ENSG00000101367	Q15691	symbol	
MAPRE2	HGNC:6891	ENSG00000166974	Q15555	symbol	
MAPRE3	HGNC:6892	ENSG00000084764	Q9UPY8	symbol	
MAPT	HGNC:6893	ENSG00000186868	P10636	symbol	
MARCHF5	HGNC:26025	ENSG00000198060	Q9NX47	symbol	
MARCKS	HGNC:6759	ENSG00000277443	P29966	symbol	
MARCKSL1	HGNC:7142	ENSG00000175130	P49006	symbol	
MARCO	HGNC:6895	ENSG00000019169	Q9UEW3	symbol	
MARF1	HGNC:29562	ENSG00000166783	Q9Y4F3	symbol	
MARK1	HGNC:6896	ENSG00000116141	Q9P0L2	symbol	
MARK2	HGNC:3332	ENSG00000072518	Q7KZI7	symbol	
MARK3	HGNC:6897	ENSG00000075413	P27448	symbol	
MARS1	HGNC:6898	ENSG00000166986	P56192	symbol	
MARS2	HGNC:25133	ENSG00000247626	Q96GW9	symbol	
MARVELD2	HGNC:26401	ENSG00000152939	Q8N4S9	symbol	
MASP1	HGNC:6901	ENSG00000127241	P48740	symbol	
MASP2	HGNC:6902	ENSG00000009724	O00187	symbol	
MAST4	HGNC:19037	ENSG00000069020	O15021	symbol	
MASTL	HGNC:19042	ENSG00000120539	Q96GX5	symbol	
MAT1A	HGNC:6903	ENSG00000151224	Q00266	symbol	
MAT2A	HGNC:6904	ENSG00000168906	P31153	symbol	
MAT2B	HGNC:6905	ENSG00000038274	Q9NZL9	symbol	
MATN2	HGNC:6908	ENSG00000132561	O00339	symbol	
MATR3	HGNC:6912	ENSG00000015479	P43243	symbol	
MAU2	HGNC:29140	ENSG00000129933	Q9Y6X3	symbol	
MAVS	HGNC:29233	ENSG00000088888	Q7Z434	symbol	
MAX	HGNC:6913	ENSG00000125952	P61244	symbol	
MAZ	HGNC:6914	ENSG00000103495	P56270	symbol	
MB	HGNC:6915	ENSG00000198125	P02144	symbol	
MB21D2	HGNC:30438	ENSG00000180611	Q8IYB1	symbol	
MBD1	HGNC:6916	ENSG00000141644	Q9UIS9	symbol	
MBD2	HGNC:6917	ENSG00000134046	Q9UBB5	symbol	
MBD3	HGNC:6918	ENSG00000071655	O95983	symbol	
MBD3L1	HGNC:15774	ENSG00000170948	Q8WWY6	symbol	
MBD4	HGNC:6919	ENSG00000129071	O95243	symbol	
MBIP	HGNC:20427	ENSG00000151332	Q9NS73	symbol	
MBLAC2	HGNC:33711	ENSG00000176055	Q68D91	symbol	
MBNL1	HGNC:6923	ENSG00000152601	Q9NR56	symbol	
MBNL2	HGNC:16746	ENSG00000139793	Q5VZF2	symbol	
MBNL3	HGNC:20564	ENSG00000076770	Q9NUK0	symbol	
MBOAT1	HGNC:21579	ENSG00000172197	Q6ZNC8	symbol	
MBOAT2	HGNC:25193	ENSG00000143797	Q6ZWT7	symbol	
MBOAT7	HGNC:15505	ENSG00000125505	Q96N66	symbol	
MBP	HGNC:6925	ENSG00000197971	P02686	symbol	
MBTPS1	HGNC:15456	ENSG00000140943	Q14703	symbol	
MCAM	HGNC:6934	ENSG00000076706	P43121	symbol	
MCAT	HGNC:29622	ENSG00000100294	Q8IVS2	symbol	
MCC	HGNC:6935	ENSG00000171444	P23508	symbol	
MCCC1	HGNC:6936	ENSG00000078070	Q96RQ3	symbol	
MCCC2	HGNC:6937	ENSG00000131844	Q9HCC0	symbol	
MCEE	HGNC:16732	ENSG00000124370	Q96PE7	symbol	
MCEMP1	HGNC:27291	ENSG00000183019	Q8IX19	symbol	
MCF2L2	HGNC:30319	ENSG00000053524	Q86YR7	symbol	
MCFD2	HGNC:18451	ENSG00000180398	Q8NI22	symbol	
MCM10	HGNC:18043	ENSG00000065328	Q7L590	symbol	
MCM2	HGNC:6944	ENSG00000073111	P49736	symbol	
MCM3	HGNC:6945	ENSG00000112118	P25205	symbol	
MCM3AP	HGNC:6946	ENSG00000160294	O60318	symbol	
MCM4	HGNC:6947	ENSG00000104738	P33991	symbol	
MCM5	HGNC:6948	ENSG00000100297	P33992	symbol	
MCM6	HGNC:6949	ENSG00000076003	Q14566	symbol	
MCM7	HGNC:6950	ENSG00000166508	P33993	symbol	
MCMBP	HGNC:25782	ENSG00000197771	Q9BTE3	symbol	
MCRIP1	HGNC:28007	ENSG00000225663	C9JLW8	symbol	
MCRIP2	HGNC:14142	ENSG00000172366	Q9BUT9	symbol	
MCRS1	HGNC:6960	ENSG00000187778	Q96EZ8	symbol	
MCTP2	HGNC:25636	ENSG00000140563	Q6DN12	symbol	
MCTS1	HGNC:23357	ENSG00000232119	Q9ULC4	symbol	
MCU	HGNC:23526	ENSG00000156026	Q8NE86	symbol	
MCUB	HGNC:26076	ENSG00000005059	Q9NWR8	symbol	
MCUR1	HGNC:21097	ENSG00000050393	Q96AQ8	symbol	
MDC1	HGNC:21163	ENSG00000137337	Q14676	symbol	
MDGA2	HGNC:19835	ENSG00000139915	Q7Z553	symbol	
MDH1	HGNC:6970	ENSG00000014641	P40925	symbol	
MDH1B	HGNC:17836	ENSG00000138400	Q5I0G3	symbol	
MDH2	HGNC:6971	ENSG00000146701	P40926	symbol	
MDM4	HGNC:6974	ENSG00000198625	O15151	symbol	
MDN1	HGNC:18302	ENSG00000112159	Q9NU22	symbol	
MDP1	HGNC:28781	ENSG00000213920	Q86V88	symbol	
ME1	HGNC:6983	ENSG00000065833	P48163	symbol	
ME2	HGNC:6984	ENSG00000082212	P23368	symbol	
MEA1	HGNC:6986	ENSG00000124733	Q16626	symbol	
MEAF6	HGNC:25674	ENSG00000163875	Q9HAF1	symbol	
MEAK7	HGNC:29325	ENSG00000140950	Q6P9B6	symbol	
MECP2	HGNC:6990	ENSG00000169057	P51608	symbol	
MECR	HGNC:19691	ENSG00000116353	Q9BV79	symbol	
MED1	HGNC:9234	ENSG00000125686	Q15648	symbol	
MED11	HGNC:32687	ENSG00000161920	Q9P086	symbol	
MED12	HGNC:11957	ENSG00000184634	Q93074	symbol	
MED13	HGNC:22474	ENSG00000108510	Q9UHV7	symbol	
MED14	HGNC:2370	ENSG00000180182	O60244	symbol	
MED15	HGNC:14248	ENSG00000099917	Q96RN5	symbol	
MED16	HGNC:17556	ENSG00000175221	Q9Y2X0	symbol	
MED17	HGNC:2375	ENSG00000042429	Q9NVC6	symbol	
MED18	HGNC:25944	ENSG00000130772	Q9BUE0	symbol	
MED20	HGNC:16840	ENSG00000124641	Q9H944	symbol	
MED21	HGNC:11473	ENSG00000152944	Q13503	symbol	
MED22	HGNC:11477	ENSG00000148297	Q15528	symbol	
MED23	HGNC:2372	ENSG00000112282	Q9ULK4	symbol	
MED24	HGNC:22963	ENSG00000008838	O75448	symbol	
MED25	HGNC:28845	ENSG00000104973	Q71SY5	symbol	
MED26	HGNC:2376	ENSG00000105085	O95402	symbol	
MED27	HGNC:2377	ENSG00000160563	Q6P2C8	symbol	
MED29	HGNC:23074	ENSG00000063322	Q9NX70	symbol	
MED30	HGNC:23032	ENSG00000164758	Q96HR3	symbol	
MED4	HGNC:17903	ENSG00000136146	Q9NPJ6	symbol	
MED6	HGNC:19970	ENSG00000133997	O75586	symbol	
MED8	HGNC:19971	ENSG00000159479	Q96G25	symbol	
MEF2D	HGNC:6997	ENSG00000116604	Q14814	symbol	
MEFV	HGNC:6998	ENSG00000103313	O15553	symbol	
MEGF10	HGNC:29634	ENSG00000145794	Q96KG7	symbol	
MEGF8	HGNC:3233	ENSG00000105429	Q7Z7M0	symbol	
MEGF9	HGNC:3234	ENSG00000106780	Q9H1U4	symbol	
MELK	HGNC:16870	ENSG00000165304	Q14680	symbol	
MELTF	HGNC:7037	ENSG00000163975	P08582	symbol	
MEMO1	HGNC:14014	ENSG00000162959	Q9Y316	symbol	
MEN1	HGNC:7010	ENSG00000133895	O00255	symbol	
MEP1A	HGNC:7015	ENSG00000112818	Q16819	symbol	
MEPCE	HGNC:20247	ENSG00000146834	Q7L2J0	symbol	
MESD	HGNC:13520	ENSG00000117899	Q14696	symbol	
MEST	HGNC:7028	ENSG00000106484	Q5EB52	symbol	
MET	HGNC:7029	ENSG00000105976	P08581	symbol	
METAP1	HGNC:15789	ENSG00000164024	P53582	symbol	
METAP2	HGNC:16672	ENSG00000111142	P50579	symbol	
METTL1	HGNC:7030	ENSG00000037897	Q9UBP6	symbol	
METTL13	HGNC:24248	ENSG00000010165	Q8N6R0	symbol	
METTL14	HGNC:29330	ENSG00000145388	Q9HCE5	symbol	
METTL16	HGNC:28484	ENSG00000127804	Q86W50	symbol	
METTL17	HGNC:19280	ENSG00000165792	Q9H7H0	symbol	
METTL18	HGNC:28793	ENSG00000171806	O95568	symbol	
METTL26	HGNC:14141	ENSG00000130731	Q96S19	symbol	
METTL2A	HGNC:25755	ENSG00000087995	Q96IZ6	symbol	
METTL2B	HGNC:18272	ENSG00000165055	Q6P1Q9	symbol	
METTL3	HGNC:17563	ENSG00000165819	Q86U44	symbol	
METTL5	HGNC:25006	ENSG00000138382	Q9NRN9	symbol	
METTL8	HGNC:25856	ENSG00000123600	Q9H825	symbol	
METTL9	HGNC:24586	ENSG00000197006	Q9H1A3	symbol	
MEX3D	HGNC:16734	ENSG00000181588	Q86XN8	symbol	
MFAP1	HGNC:7032	ENSG00000140259	P55081	symbol	
MFAP3L	HGNC:29083	ENSG00000198948	O75121	symbol	
MFF	HGNC:24858	ENSG00000168958	Q9GZY8	symbol	
MFGE8	HGNC:7036	ENSG00000140545	Q08431	symbol	
MFN1	HGNC:18262	ENSG00000171109	Q8IWA4	symbol	
MFN2	HGNC:16877	ENSG00000116688	O95140	symbol	
MFSD1	HGNC:25874	ENSG00000118855	Q9H3U5	symbol	
MFSD10	HGNC:16894	ENSG00000109736	Q14728	alias_or_prev_symbol	
MFSD12	HGNC:28299	ENSG00000161091	Q6NUT3	symbol	
MFSD8	HGNC:28486	ENSG00000164073	Q8NHS3	symbol	
MGA	HGNC:14010	ENSG00000174197	Q8IWI9	symbol	
MGAT1	HGNC:7044	ENSG00000131446	P26572	symbol	
MGAT2	HGNC:7045	ENSG00000168282	Q10469	symbol	
MGAT4C	HGNC:30871	ENSG00000182050	Q9UBM8	symbol	
MGAT5	HGNC:7049	ENSG00000152127	Q09328	symbol	
MGLL	HGNC:17038	ENSG00000074416	Q99685	symbol	
MGME1	HGNC:16205	ENSG00000125871	Q9BQP7	symbol	
MGMT	HGNC:7059	ENSG00000170430	P16455	symbol	
MGP	HGNC:7060	ENSG00000111341	P08493	symbol	
MGST1	HGNC:7061	ENSG00000008394	P10620	symbol	
MGST2	HGNC:7063	ENSG00000085871	Q99735	symbol	
MGST3	HGNC:7064	ENSG00000143198	O14880	symbol	
MIA2	HGNC:18432	ENSG00000150527	Q96PC5	symbol	
MIA3	HGNC:24008	ENSG00000154305	Q5JRA6	symbol	
MIB1	HGNC:21086	ENSG00000101752	Q86YT6	symbol	
MICA	HGNC:7090	ENSG00000204520	Q29983	symbol	
MICAL1	HGNC:20619	ENSG00000135596	Q8TDZ2	symbol	
MICAL2	HGNC:24693	ENSG00000133816	O94851	symbol	
MICAL3	HGNC:24694	ENSG00000243156	Q7RTP6	symbol	
MICALL1	HGNC:29804	ENSG00000100139	Q8N3F8	symbol	
MICB	HGNC:7091	ENSG00000204516	Q29980	symbol	
MICOS10	HGNC:32068	ENSG00000173436	Q5TGZ0	symbol	
MICOS13	HGNC:33702	ENSG00000174917	Q5XKP0	symbol	
MICU1	HGNC:1530	ENSG00000107745	Q9BPX6	symbol	
MICU2	HGNC:31830	ENSG00000165487	Q8IYU8	symbol	
MID1	HGNC:7095	ENSG00000101871	O15344	symbol	
MID1IP1	HGNC:20715	ENSG00000165175	Q9NPA3	symbol	
MIDEAS	HGNC:19853	ENSG00000156030	Q6PJG2	symbol	
MIDN	HGNC:16298	ENSG00000167470	Q504T8	symbol	
MIEF1	HGNC:25979	ENSG00000100335	L0R8F8|Q9NQG6	symbol	
MIEN1	HGNC:28230	ENSG00000141741	Q9BRT3	symbol	
MIER1	HGNC:29657	ENSG00000198160	Q8N108	symbol	
MIER3	HGNC:26678	ENSG00000155545	Q7Z3K6	symbol	
MIF	HGNC:7097	ENSG00000240972	P14174	symbol	
MINDY1	HGNC:25648	ENSG00000143409	Q8N5J2	symbol	
MINDY4	HGNC:21916	ENSG00000106125	Q4G0A6	symbol	
MINK1	HGNC:17565	ENSG00000141503	Q8N4C8	symbol	
MINPP1	HGNC:7102	ENSG00000107789	Q9UNW1	symbol	
MIOS	HGNC:21905	ENSG00000164654	Q9NXC5	symbol	
MIPEP	HGNC:7104	ENSG00000027001	Q99797	symbol	
MIPOL1	HGNC:21460	ENSG00000151338	Q8TD10	symbol	
MIS12	HGNC:24967	ENSG00000167842	Q9H081	symbol	
MIS18BP1	HGNC:20190	ENSG00000129534	Q6P0N0	symbol	
MISP	HGNC:27000	ENSG00000099812	Q8IVT2	symbol	
MITD1	HGNC:25207	ENSG00000158411	Q8WV92	symbol	
MITF	HGNC:7105	ENSG00000187098	O75030	symbol	
MIX23	HGNC:31136	ENSG00000160124	Q4VC31	symbol	
MKI67	HGNC:7107	ENSG00000148773	P46013	symbol	
MKLN1	HGNC:7109	ENSG00000128585	Q9UL63	symbol	
MKNK1	HGNC:7110	ENSG00000079277	Q9BUB5	symbol	
MKRN1	HGNC:7112	ENSG00000133606	Q9UHC7	symbol	
MKRN2	HGNC:7113	ENSG00000075975	Q9H000	symbol	
MKX	HGNC:23729	ENSG00000150051	Q8IYA7	symbol	
MLEC	HGNC:28973	ENSG00000110917	Q14165	symbol	
MLF2	HGNC:7126	ENSG00000089693	Q15773	symbol	
MLH1	HGNC:7127	ENSG00000076242	P40692	symbol	
MLH3	HGNC:7128	ENSG00000119684	Q9UHC1	symbol	
MLKL	HGNC:26617	ENSG00000168404	Q8NB16	symbol	
MLLT1	HGNC:7134	ENSG00000130382	Q03111	symbol	
MLLT10	HGNC:16063	ENSG00000078403	P55197	symbol	
MLNR	HGNC:4495	ENSG00000102539	O43193	symbol	
MLPH	HGNC:29643	ENSG00000115648	Q9BV36	symbol	
MLST8	HGNC:24825	ENSG00000167965	Q9BVC4	symbol	
MLX	HGNC:11645	ENSG00000108788	Q9UH92	symbol	
MLYCD	HGNC:7150	ENSG00000103150	O95822	symbol	
MMAB	HGNC:19331	ENSG00000139428	Q96EY8	symbol	
MMGT1	HGNC:28100	ENSG00000169446	Q8N4V1	symbol	
MMP1	HGNC:7155	ENSG00000196611	P03956	symbol	
MMP16	HGNC:7162	ENSG00000156103	P51512	symbol	
MMP2	HGNC:7166	ENSG00000087245	P08253	symbol	
MMP20	HGNC:7167	ENSG00000137674	O60882	symbol	
MMP25	HGNC:14246	ENSG00000008516	Q9NPA2	symbol	
MMP27	HGNC:14250	ENSG00000137675	Q9H306	symbol	
MMP3	HGNC:7173	ENSG00000149968	P08254	symbol	
MMP7	HGNC:7174	ENSG00000137673	P09237	symbol	
MMP8	HGNC:7175	ENSG00000118113	P22894	symbol	
MMP9	HGNC:7176	ENSG00000100985	P14780	symbol	
MMRN1	HGNC:7178	ENSG00000138722	Q13201	symbol	
MMS19	HGNC:13824	ENSG00000155229	Q96T76	symbol	
MMS22L	HGNC:21475	ENSG00000146263	Q6ZRQ5	symbol	
MMUT	HGNC:7526	ENSG00000146085	P22033	symbol	
MN1	HGNC:7180	ENSG00000169184	Q10571	symbol	
MNAT1	HGNC:7181	ENSG00000020426	P51948	symbol	
MNDA	HGNC:7183	ENSG00000163563	P41218	symbol	
MOB1A	HGNC:16015	ENSG00000114978	Q9H8S9	symbol	
MOB1B	HGNC:29801	ENSG00000173542	Q7L9L4	symbol	
MOB2	HGNC:24904	ENSG00000182208	Q70IA6	symbol	
MOB3A	HGNC:29802	ENSG00000172081	Q96BX8	symbol	
MOB4	HGNC:17261	ENSG00000115540	Q9Y3A3	symbol	
MOCOS	HGNC:18234	ENSG00000075643	Q96EN8	symbol	
MOCS2	HGNC:7193	ENSG00000164172	O96007|O96033	symbol	
MOCS3	HGNC:15765	ENSG00000124217	O95396	symbol	
MOG	HGNC:7197	ENSG00000204655	Q16653	symbol	
MOGS	HGNC:24862	ENSG00000115275	Q13724	symbol	
MON1A	HGNC:28207	ENSG00000164077	Q86VX9	symbol	
MON1B	HGNC:25020	ENSG00000103111	Q7L1V2	symbol	
MON2	HGNC:29177	ENSG00000061987	Q7Z3U7	symbol	
MORC2	HGNC:23573	ENSG00000133422	Q9Y6X9	symbol	
MORC3	HGNC:23572	ENSG00000159256	Q14149	symbol	
MORC4	HGNC:23485	ENSG00000133131	Q8TE76	symbol	
MORF4L1	HGNC:16989	ENSG00000185787	Q9UBU8	symbol	
MORF4L2	HGNC:16849	ENSG00000123562	Q15014	symbol	
MORN3	HGNC:29807	ENSG00000139714	Q6PF18	symbol	
MOSPD1	HGNC:25235	ENSG00000101928	Q9UJG1	symbol	
MOSPD2	HGNC:28381	ENSG00000130150	Q8NHP6	symbol	
MOV10	HGNC:7200	ENSG00000155363	Q9HCE1	symbol	
MPC2	HGNC:24515	ENSG00000143158	O95563	symbol	
MPDU1	HGNC:7207	ENSG00000129255	O75352	symbol	
MPDZ	HGNC:7208	ENSG00000107186	O75970	symbol	
MPEG1	HGNC:29619	ENSG00000197629	Q2M385	symbol	
MPG	HGNC:7211	ENSG00000103152	P29372	symbol	
MPHOSPH10	HGNC:7213	ENSG00000124383	O00566	symbol	
MPHOSPH6	HGNC:7214	ENSG00000135698	Q99547	symbol	
MPHOSPH8	HGNC:29810	ENSG00000196199	Q99549	symbol	
MPI	HGNC:7216	ENSG00000178802	P34949	symbol	
MPIG6B	HGNC:13937	ENSG00000204420	O95866	symbol	
MPLKIP	HGNC:16002	ENSG00000168303	Q8TAP9	symbol	
MPO	HGNC:7218	ENSG00000005381	P05164	symbol	
MPP1	HGNC:7219	ENSG00000130830	Q00013	symbol	
MPRIP	HGNC:30321	ENSG00000133030	Q6WCQ1	symbol	
MPST	HGNC:7223	ENSG00000128309	P25325	symbol	
MPZL1	HGNC:7226	ENSG00000197965	O95297	symbol	
MPZL2	HGNC:3496	ENSG00000149573	O60487	symbol	
MRC1	HGNC:7228	ENSG00000260314	P22897	symbol	
MRC2	HGNC:16875	ENSG00000011028	Q9UBG0	symbol	
MRE11	HGNC:7230	ENSG00000020922	P49959	symbol	
MRFAP1	HGNC:24549	ENSG00000179010	Q9Y605	symbol	
MRGBP	HGNC:15866	ENSG00000101189	Q9NV56	symbol	
MRI1	HGNC:28469	ENSG00000037757	Q9BV20	symbol	
MRM1	HGNC:26202	ENSG00000278619	Q6IN84	symbol	
MRM2	HGNC:16352	ENSG00000122687	Q9UI43	symbol	
MRM3	HGNC:18485	ENSG00000171861	Q9HC36	symbol	
MROH8	HGNC:16125	ENSG00000101353	Q9H579	symbol	
MRPL1	HGNC:14275	ENSG00000169288	Q9BYD6	symbol	
MRPL10	HGNC:14055	ENSG00000159111	Q7Z7H8	symbol	
MRPL11	HGNC:14042	ENSG00000174547	Q9Y3B7	symbol	
MRPL12	HGNC:10378	ENSG00000262814	P52815	symbol	
MRPL13	HGNC:14278	ENSG00000172172	Q9BYD1	symbol	
MRPL14	HGNC:14279	ENSG00000180992	Q6P1L8	symbol	
MRPL15	HGNC:14054	ENSG00000137547	Q9P015	symbol	
MRPL16	HGNC:14476	ENSG00000166902	Q9NX20	symbol	
MRPL17	HGNC:14053	ENSG00000158042	Q9NRX2	symbol	
MRPL18	HGNC:14477	ENSG00000112110	Q9H0U6	symbol	
MRPL19	HGNC:14052	ENSG00000115364	P49406	symbol	
MRPL2	HGNC:14056	ENSG00000112651	Q5T653	symbol	
MRPL20	HGNC:14478	ENSG00000242485	Q9BYC9	symbol	
MRPL21	HGNC:14479	ENSG00000197345	Q7Z2W9	symbol	
MRPL22	HGNC:14480	ENSG00000082515	Q9NWU5	symbol	
MRPL23	HGNC:10322	ENSG00000214026	Q16540	symbol	
MRPL24	HGNC:14037	ENSG00000143314	Q96A35	symbol	
MRPL27	HGNC:14483	ENSG00000108826	Q9P0M9	symbol	
MRPL28	HGNC:14484	ENSG00000086504	Q13084	symbol	
MRPL3	HGNC:10379	ENSG00000114686	P09001	symbol	
MRPL30	HGNC:14036	ENSG00000185414	Q8TCC3	symbol	
MRPL32	HGNC:14035	ENSG00000106591	Q9BYC8	symbol	
MRPL33	HGNC:14487	ENSG00000243147	O75394	symbol	
MRPL34	HGNC:14488	ENSG00000130312	Q9BQ48	symbol	
MRPL35	HGNC:14489	ENSG00000132313	Q9NZE8	symbol	
MRPL37	HGNC:14034	ENSG00000116221	Q9BZE1	symbol	
MRPL38	HGNC:14033	ENSG00000204316	Q96DV4	symbol	
MRPL39	HGNC:14027	ENSG00000154719	Q9NYK5	symbol	
MRPL4	HGNC:14276	ENSG00000105364	Q9BYD3	symbol	
MRPL40	HGNC:14491	ENSG00000185608	Q9NQ50	symbol	
MRPL41	HGNC:14492	ENSG00000182154	Q8IXM3	symbol	
MRPL42	HGNC:14493	ENSG00000198015	Q9Y6G3	symbol	
MRPL43	HGNC:14517	ENSG00000055950	Q8N983	symbol	
MRPL44	HGNC:16650	ENSG00000135900	Q9H9J2	symbol	
MRPL45	HGNC:16651	ENSG00000278845	Q9BRJ2	symbol	
MRPL46	HGNC:1192	ENSG00000259494	Q9H2W6	symbol	
MRPL47	HGNC:16652	ENSG00000136522	Q9HD33	symbol	
MRPL48	HGNC:16653	ENSG00000175581	Q96GC5	symbol	
MRPL49	HGNC:1176	ENSG00000149792	Q13405	symbol	
MRPL50	HGNC:16654	ENSG00000136897	Q8N5N7	symbol	
MRPL51	HGNC:14044	ENSG00000111639	Q4U2R6	symbol	
MRPL53	HGNC:16684	ENSG00000204822	Q96EL3	symbol	
MRPL54	HGNC:16685	ENSG00000183617	Q6P161	symbol	
MRPL55	HGNC:16686	ENSG00000162910	Q7Z7F7	symbol	
MRPL57	HGNC:14514	ENSG00000173141	Q9BQC6	symbol	
MRPL58	HGNC:5359	ENSG00000167862	Q14197	symbol	
MRPL9	HGNC:14277	ENSG00000143436	Q9BYD2	symbol	
MRPS10	HGNC:14502	ENSG00000048544	P82664	symbol	
MRPS11	HGNC:14050	ENSG00000181991	P82912	symbol	
MRPS12	HGNC:10380	ENSG00000128626	O15235	symbol	
MRPS14	HGNC:14049	ENSG00000120333	O60783	symbol	
MRPS15	HGNC:14504	ENSG00000116898	P82914	symbol	
MRPS16	HGNC:14048	ENSG00000182180	Q9Y3D3	symbol	
MRPS17	HGNC:14047	ENSG00000239789	Q9Y2R5	symbol	
MRPS18A	HGNC:14515	ENSG00000096080	Q9NVS2	symbol	
MRPS18B	HGNC:14516	ENSG00000204568	Q9Y676	symbol	
MRPS18C	HGNC:16633	ENSG00000163319	Q9Y3D5	symbol	
MRPS2	HGNC:14495	ENSG00000122140	Q9Y399	symbol	
MRPS21	HGNC:14046	ENSG00000266472	P82921	symbol	
MRPS22	HGNC:14508	ENSG00000175110	P82650	symbol	
MRPS23	HGNC:14509	ENSG00000181610	Q9Y3D9	symbol	
MRPS24	HGNC:14510	ENSG00000062582	Q96EL2	symbol	
MRPS25	HGNC:14511	ENSG00000131368	P82663	symbol	
MRPS26	HGNC:14045	ENSG00000125901	Q9BYN8	symbol	
MRPS27	HGNC:14512	ENSG00000113048	Q92552	symbol	
MRPS28	HGNC:14513	ENSG00000147586	Q9Y2Q9	symbol	
MRPS30	HGNC:8769	ENSG00000112996	Q9NP92	symbol	
MRPS31	HGNC:16632	ENSG00000102738	Q92665	symbol	
MRPS34	HGNC:16618	ENSG00000074071	P82930	symbol	
MRPS35	HGNC:16635	ENSG00000061794	P82673	symbol	
MRPS36	HGNC:16631	ENSG00000134056	P82909	alias_or_prev_symbol	
MRPS5	HGNC:14498	ENSG00000144029	P82675	symbol	
MRPS6	HGNC:14051	ENSG00000243927	P82932	symbol	
MRPS7	HGNC:14499	ENSG00000125445	Q9Y2R9	symbol	
MRPS9	HGNC:14501	ENSG00000135972	P82933	symbol	
MRRF	HGNC:7234	ENSG00000148187	Q96E11	symbol	
MRS2	HGNC:13785	ENSG00000124532	Q9HD23	symbol	
MRTFB	HGNC:29819	ENSG00000186260	Q9ULH7	symbol	
MRTO4	HGNC:18477	ENSG00000053372	Q9UKD2	symbol	
MS4A1	HGNC:7315	ENSG00000156738	P11836	symbol	
MSANTD3-TMEFF1	HGNC:38838	ENSG00000251349		symbol	
MSH2	HGNC:7325	ENSG00000095002	P43246	symbol	
MSH3	HGNC:7326	ENSG00000113318	P20585	symbol	
MSH5	HGNC:7328	ENSG00000204410	O43196	symbol	
MSH6	HGNC:7329	ENSG00000116062	P52701	symbol	
MSI2	HGNC:18585	ENSG00000153944	Q96DH6	symbol	
MSL1	HGNC:27905	ENSG00000188895	Q68DK7	symbol	
MSLN	HGNC:7371	ENSG00000102854	Q13421	symbol	
MSMO1	HGNC:10545	ENSG00000052802	Q15800	symbol	
MSN	HGNC:7373	ENSG00000147065	P26038	symbol	
MSR1	HGNC:7376	ENSG00000038945	P21757	symbol	
MSRA	HGNC:7377	ENSG00000175806	Q9UJ68	symbol	
MSRB3	HGNC:27375	ENSG00000174099	Q8IXL7	symbol	
MST1	HGNC:7380	ENSG00000173531	P26927	symbol	
MST1R	HGNC:7381	ENSG00000164078	Q04912	symbol	
MSTO1	HGNC:29678	ENSG00000125459	Q9BUK6	symbol	
MT-ATP6	HGNC:7414	ENSG00000198899	P00846	symbol	
MT-ATP8	HGNC:7415	ENSG00000228253	P03928	symbol	
MT-CO1	HGNC:7419	ENSG00000198804	P00395	symbol	
MT-CO2	HGNC:7421	ENSG00000198712	P00403	symbol	
MT-CO3	HGNC:7422	ENSG00000198938	P00414	symbol	
MT-CYB	HGNC:7427	ENSG00000198727	P00156	symbol	
MT-ND1	HGNC:7455	ENSG00000198888	P03886	symbol	
MT-ND2	HGNC:7456	ENSG00000198763	P03891	symbol	
MT-ND4	HGNC:7459	ENSG00000198886	C0HME5|P03905	symbol	
MT-ND5	HGNC:7461	ENSG00000198786	P03915	symbol	
MT-ND6	HGNC:7462	ENSG00000198695	P03923	symbol	
MT1E	HGNC:7397	ENSG00000169715	P04732	symbol	
MT1X	HGNC:7405	ENSG00000187193	P80297	symbol	
MT2A	HGNC:7406	ENSG00000125148	P02795	symbol	
MTA1	HGNC:7410	ENSG00000182979	Q13330	symbol	
MTA2	HGNC:7411	ENSG00000149480	O94776	symbol	
MTA3	HGNC:23784	ENSG00000057935	Q9BTC8	symbol	
MTAP	HGNC:7413	ENSG00000099810	Q13126	symbol	
MTARC1	HGNC:26189	ENSG00000186205	Q5VT66	symbol	
MTARC2	HGNC:26064	ENSG00000117791	Q969Z3	symbol	
MTCH1	HGNC:17586	ENSG00000137409	Q9NZJ7	symbol	
MTCH2	HGNC:17587	ENSG00000109919	Q9Y6C9	symbol	
MTCL1	HGNC:29121	ENSG00000168502	Q9Y4B5	symbol	
MTDH	HGNC:29608	ENSG00000147649	Q86UE4	symbol	
MTERF1	HGNC:21463	ENSG00000127989	Q99551	symbol	
MTERF3	HGNC:24258	ENSG00000156469	Q96E29	symbol	
MTERF4	HGNC:28785	ENSG00000122085	Q7Z6M4	symbol	
MTF1	HGNC:7428	ENSG00000188786	Q14872	symbol	
MTF2	HGNC:29535	ENSG00000143033	Q9Y483	symbol	
MTFMT	HGNC:29666	ENSG00000103707	Q96DP5	symbol	
MTFP1	HGNC:26945	ENSG00000242114	Q9UDX5	symbol	
MTG1	HGNC:32159	ENSG00000148824	Q9BT17	symbol	
MTG2	HGNC:16239	ENSG00000101181	Q9H4K7	symbol	
MTHFD1	HGNC:7432	ENSG00000100714	P11586	symbol	
MTHFD1L	HGNC:21055	ENSG00000120254	Q6UB35	symbol	
MTHFD2	HGNC:7434	ENSG00000065911	P13995	symbol	
MTHFR	HGNC:7436	ENSG00000177000	P42898	symbol	
MTHFS	HGNC:7437	ENSG00000136371	P49914	symbol	
MTIF2	HGNC:7441	ENSG00000085760	P46199	symbol	
MTM1	HGNC:7448	ENSG00000171100	Q13496	symbol	
MTMR1	HGNC:7449	ENSG00000063601	Q13613	symbol	
MTMR12	HGNC:18191	ENSG00000150712	Q9C0I1	symbol	
MTMR14	HGNC:26190	ENSG00000163719	Q8NCE2	symbol	
MTMR2	HGNC:7450	ENSG00000087053	Q13614	symbol	
MTMR4	HGNC:7452	ENSG00000108389	Q9NYA4	symbol	
MTMR6	HGNC:7453	ENSG00000139505	Q9Y217	symbol	
MTMR9	HGNC:14596	ENSG00000104643	Q96QG7	symbol	
MTO1	HGNC:19261	ENSG00000135297	Q9Y2Z2	symbol	
MTOR	HGNC:3942	ENSG00000198793	P42345	symbol	
MTPAP	HGNC:25532	ENSG00000107951	Q9NVV4	symbol	
MTPN	HGNC:15667	ENSG00000105887	P58546	symbol	
MTR	HGNC:7468	ENSG00000116984	Q99707	symbol	
MTREX	HGNC:18734	ENSG00000039123	P42285	symbol	
MTRFR	HGNC:26784	ENSG00000130921	Q9H3J6	symbol	
MTRR	HGNC:7473	ENSG00000124275	Q9UBK8	symbol	
MTSS1	HGNC:20443	ENSG00000170873	O43312	symbol	
MTUS1	HGNC:29789	ENSG00000129422	Q9ULD2	symbol	
MTUS2	HGNC:20595	ENSG00000132938	Q5JR59	symbol	
MTX1	HGNC:7504	ENSG00000173171	Q13505	symbol	
MTX2	HGNC:7506	ENSG00000128654	O75431	symbol	
MTX3	HGNC:24812	ENSG00000177034	Q5HYI7	symbol	
MUC1	HGNC:7508	ENSG00000185499	P15941	symbol	
MUC16	HGNC:15582	ENSG00000181143	Q8WXI7	symbol	
MUC21	HGNC:21661	ENSG00000204544	Q5SSG8	symbol	
MUC4	HGNC:7514	ENSG00000145113	Q99102	symbol	
MUC5AC	HGNC:7515	ENSG00000215182	P98088	symbol	
MUC5B	HGNC:7516	ENSG00000117983	Q9HC84	symbol	
MUC7	HGNC:7518	ENSG00000171195	Q8TAX7	symbol	
MUCL1	HGNC:30588	ENSG00000172551	Q96DR8	symbol	
MUCL3	HGNC:21666	ENSG00000168631	Q3MIW9	symbol	
MUS81	HGNC:29814	ENSG00000172732	Q96NY9	symbol	
MUSK	HGNC:7525	ENSG00000030304	O15146	symbol	
MUTYH	HGNC:7527	ENSG00000132781	Q9UIF7	symbol	
MVB12A	HGNC:25153	ENSG00000141971	Q96EY5	symbol	
MVD	HGNC:7529	ENSG00000167508	P53602	symbol	
MVK	HGNC:7530	ENSG00000110921	Q03426	symbol	
MVP	HGNC:7531	ENSG00000013364	Q14764	symbol	
MX1	HGNC:7532	ENSG00000157601	P20591	symbol	
MX2	HGNC:7533	ENSG00000183486	P20592	symbol	
MXD4	HGNC:13906	ENSG00000123933	Q14582	symbol	
MXRA5	HGNC:7539	ENSG00000101825	Q9NR99	symbol	
MXRA7	HGNC:7541	ENSG00000182534	P84157	symbol	
MXRA8	HGNC:7542	ENSG00000162576	Q9BRK3	symbol	
MYADM	HGNC:7544	ENSG00000179820	Q96S97	symbol	
MYB	HGNC:7545	ENSG00000118513	P10242	symbol	
MYBBP1A	HGNC:7546	ENSG00000132382	Q9BQG0	symbol	
MYBPC2	HGNC:7550	ENSG00000086967	Q14324	symbol	
MYBPC3	HGNC:7551	ENSG00000134571	Q14896	symbol	
MYCBP	HGNC:7554	ENSG00000214114	Q99417	symbol	
MYCBP2	HGNC:23386	ENSG00000005810	O75592	symbol	
MYCNOS	HGNC:16911	ENSG00000233718	P40205	symbol	
MYD88	HGNC:7562	ENSG00000172936	Q99836	symbol	
MYDGF	HGNC:16948	ENSG00000074842	Q969H8	symbol	
MYEF2	HGNC:17940	ENSG00000104177	Q9P2K5	symbol	
MYG1	HGNC:17590	ENSG00000139637	Q9HB07	symbol	
MYH1	HGNC:7567	ENSG00000109061	P12882	symbol	
MYH10	HGNC:7568	ENSG00000133026	P35580	symbol	
MYH11	HGNC:7569	ENSG00000133392	P35749	symbol	
MYH14	HGNC:23212	ENSG00000105357	Q7Z406	symbol	
MYH15	HGNC:31073	ENSG00000144821	Q9Y2K3	symbol	
MYH2	HGNC:7572	ENSG00000125414	Q9UKX2	symbol	
MYH4	HGNC:7574	ENSG00000264424	Q9Y623	symbol	
MYH6	HGNC:7576	ENSG00000197616	P13533	symbol	
MYH7	HGNC:7577	ENSG00000092054	P12883	symbol	
MYH7B	HGNC:15906	ENSG00000078814	A7E2Y1	symbol	
MYH8	HGNC:7578	ENSG00000133020	P13535	symbol	
MYH9	HGNC:7579	ENSG00000100345	P35579	symbol	
MYL1	HGNC:7582	ENSG00000168530	P05976	symbol	
MYL12A	HGNC:16701	ENSG00000101608	P19105	symbol	
MYL12B	HGNC:29827	ENSG00000118680	O14950	symbol	
MYL3	HGNC:7584	ENSG00000160808	P08590	symbol	
MYL6	HGNC:7587	ENSG00000092841	P60660	symbol	
MYL6B	HGNC:29823	ENSG00000196465	P14649	symbol	
MYL9	HGNC:15754	ENSG00000101335	P24844	symbol	
MYLK	HGNC:7590	ENSG00000065534	Q15746	symbol	
MYO10	HGNC:7593	ENSG00000145555	Q9HD67	symbol	
MYO15A	HGNC:7594	ENSG00000091536	Q9UKN7	symbol	
MYO15B	HGNC:14083	ENSG00000266714	Q96JP2	symbol	
MYO16	HGNC:29822	ENSG00000041515	Q9Y6X6	symbol	
MYO18A	HGNC:31104	ENSG00000196535	O95411|Q92614	symbol	
MYO18B	HGNC:18150	ENSG00000133454	Q8IUG5	symbol	
MYO19	HGNC:26234	ENSG00000278259	Q96H55	symbol	
MYO1B	HGNC:7596	ENSG00000128641	O43795	symbol	
MYO1C	HGNC:7597	ENSG00000197879	O00159	symbol	
MYO1D	HGNC:7598	ENSG00000176658	O94832	symbol	
MYO1E	HGNC:7599	ENSG00000157483	Q12965	symbol	
MYO1F	HGNC:7600	ENSG00000142347	O00160	symbol	
MYO1G	HGNC:13880	ENSG00000136286	B0I1T2	symbol	
MYO3B	HGNC:15576	ENSG00000071909	Q8WXR4	symbol	
MYO5A	HGNC:7602	ENSG00000197535	Q9Y4I1	symbol	
MYO5B	HGNC:7603	ENSG00000167306	Q9ULV0	symbol	
MYO5C	HGNC:7604	ENSG00000128833	Q9NQX4	symbol	
MYO6	HGNC:7605	ENSG00000196586	Q9UM54	symbol	
MYO7B	HGNC:7607	ENSG00000169994	Q6PIF6	symbol	
MYO9B	HGNC:7609	ENSG00000099331	Q13459	symbol	
MYOF	HGNC:3656	ENSG00000138119	Q9NZM1	symbol	
MYOM1	HGNC:7613	ENSG00000101605	P52179	symbol	
MYORG	HGNC:19918	ENSG00000164976	Q6NSJ0	symbol	
MYPN	HGNC:23246	ENSG00000138347	Q86TC9	symbol	
MYPOP	HGNC:20178	ENSG00000176182	Q86VE0	symbol	
MZB1	HGNC:30125	ENSG00000170476	Q8WU39	symbol	
MZF1	HGNC:13108	ENSG00000099326	P28698	symbol	
MZT2A	HGNC:33187	ENSG00000173272	Q6P582	symbol	
MZT2B	HGNC:25886	ENSG00000152082	Q6NZ67	symbol	
N4BP2	HGNC:29851	ENSG00000078177	Q86UW6	symbol	
N4BP3	HGNC:29852	ENSG00000145911	O15049	symbol	
N6AMT1	HGNC:16021	ENSG00000156239	Q9Y5N5	alias_or_prev_symbol	
NAA10	HGNC:18704	ENSG00000102030	P41227	symbol	
NAA15	HGNC:30782	ENSG00000164134	Q9BXJ9	symbol	
NAA16	HGNC:26164	ENSG00000172766	Q6N069	symbol	
NAA20	HGNC:15908	ENSG00000173418	P61599	symbol	
NAA25	HGNC:25783	ENSG00000111300	Q14CX7	symbol	
NAA30	HGNC:19844	ENSG00000139977	Q147X3	symbol	
NAA35	HGNC:24340	ENSG00000135040	Q5VZE5	symbol	
NAA40	HGNC:25845	ENSG00000110583	Q86UY6	symbol	
NAA50	HGNC:29533	ENSG00000121579	Q9GZZ1	symbol	
NAA80	HGNC:30252	ENSG00000243477	Q93015	symbol	
NAAA	HGNC:736	ENSG00000138744	Q02083	symbol	
NAALADL1	HGNC:23536	ENSG00000168060	Q9UQQ1	symbol	
NAB1	HGNC:7626	ENSG00000138386	Q13506	symbol	
NAB2	HGNC:7627	ENSG00000166886	Q15742	symbol	
NABP1	HGNC:26232	ENSG00000173559	Q96AH0	symbol	
NABP2	HGNC:28412	ENSG00000139579	Q9BQ15	symbol	
NACA	HGNC:7629	ENSG00000196531	E9PAV3|Q13765	symbol	
NACAD	HGNC:22196	ENSG00000136274	O15069	symbol	
NACC1	HGNC:20967	ENSG00000160877	Q96RE7	symbol	
NADK2	HGNC:26404	ENSG00000152620	Q4G0N4	symbol	
NADSYN1	HGNC:29832	ENSG00000172890	Q6IA69	symbol	
NAE1	HGNC:621	ENSG00000159593	Q13564	symbol	
NAF1	HGNC:25126	ENSG00000145414	Q96HR8	symbol	
NAGA	HGNC:7631	ENSG00000198951	P17050	symbol	
NAGK	HGNC:17174	ENSG00000124357	Q9UJ70	symbol	
NAGPA	HGNC:17378	ENSG00000103174	Q9UK23	symbol	
NAIP	HGNC:7634	ENSG00000249437	Q13075	symbol	
NALCN	HGNC:19082	ENSG00000102452	Q8IZF0	symbol	
NAMPT	HGNC:30092	ENSG00000105835	P43490	symbol	
NANP	HGNC:16140	ENSG00000170191	Q8TBE9	symbol	
NANS	HGNC:19237	ENSG00000095380	Q9NR45	symbol	
NAP1L1	HGNC:7637	ENSG00000187109	P55209	symbol	
NAP1L4	HGNC:7640	ENSG00000205531	Q99733	symbol	
NAPA	HGNC:7641	ENSG00000105402	P54920	symbol	
NAPB	HGNC:15751	ENSG00000125814	Q9H115	symbol	
NAPG	HGNC:7642	ENSG00000134265	Q99747	symbol	
NAPRT	HGNC:30450	ENSG00000147813	Q6XQN6	symbol	
NAPSA	HGNC:13395	ENSG00000131400	O96009	symbol	
NARS1	HGNC:7643	ENSG00000134440	O43776	symbol	
NARS2	HGNC:26274	ENSG00000137513	Q96I59	symbol	
NASP	HGNC:7644	ENSG00000132780	P49321	symbol	
NAT10	HGNC:29830	ENSG00000135372	Q9H0A0	symbol	
NAV1	HGNC:15989	ENSG00000134369	Q8NEY1	symbol	
NAV2	HGNC:15997	ENSG00000166833	Q8IVL1	symbol	
NAV3	HGNC:15998	ENSG00000067798	Q8IVL0	symbol	
NAXD	HGNC:25576	ENSG00000213995	Q8IW45	symbol	
NAXE	HGNC:18453	ENSG00000163382	Q8NCW5	symbol	
NBAS	HGNC:15625	ENSG00000151779	A2RRP1	symbol	
NBDY	HGNC:50713	ENSG00000204272	A0A0U1RRE5	symbol	
NBEA	HGNC:7648	ENSG00000172915	Q8NFP9	symbol	
NBEAL2	HGNC:31928	ENSG00000160796	Q6ZNJ1	symbol	
NBN	HGNC:7652	ENSG00000104320	O60934	symbol	
NBR1	HGNC:6746	ENSG00000188554	Q14596	symbol	
NCALD	HGNC:7655	ENSG00000104490	P61601	symbol	
NCAM1	HGNC:7656	ENSG00000149294	P13591	symbol	
NCAM2	HGNC:7657	ENSG00000154654	O15394	symbol	
NCAN	HGNC:2465	ENSG00000130287	O14594	symbol	
NCAPD2	HGNC:24305	ENSG00000010292	Q15021	symbol	
NCAPD3	HGNC:28952	ENSG00000151503	P42695	symbol	
NCAPG	HGNC:24304	ENSG00000109805	Q9BPX3	symbol	
NCAPG2	HGNC:21904	ENSG00000146918	Q86XI2	symbol	
NCAPH	HGNC:1112	ENSG00000121152	Q15003	symbol	
NCAPH2	HGNC:25071	ENSG00000025770	Q6IBW4	symbol	
NCBP1	HGNC:7658	ENSG00000136937	Q09161	symbol	
NCBP2	HGNC:7659	ENSG00000114503	P52298	symbol	
NCBP2AS2	HGNC:25121	ENSG00000270170	Q69YL0	symbol	
NCBP3	HGNC:24612	ENSG00000074356	Q53F19	symbol	
NCCRP1	HGNC:33739	ENSG00000188505	Q6ZVX7	symbol	
NCDN	HGNC:17597	ENSG00000020129	Q9UBB6	symbol	
NCEH1	HGNC:29260	ENSG00000144959	Q6PIU2	symbol	
NCF1	HGNC:7660	ENSG00000158517	P14598	symbol	
NCF1B	HGNC:32522	ENSG00000182487	A6NI72	symbol	
NCF1C	HGNC:32523	ENSG00000165178	A8MVU1	symbol	
NCF2	HGNC:7661	ENSG00000116701	P19878	symbol	
NCF4	HGNC:7662	ENSG00000100365	Q15080	symbol	
NCK1	HGNC:7664	ENSG00000158092	P16333	symbol	
NCK2	HGNC:7665	ENSG00000071051	O43639	symbol	
NCKAP1	HGNC:7666	ENSG00000061676	Q9Y2A7	symbol	
NCKAP1L	HGNC:4862	ENSG00000123338	P55160	symbol	
NCKIPSD	HGNC:15486	ENSG00000213672	Q9NZQ3	symbol	
NCL	HGNC:7667	ENSG00000115053	P19338	alias_or_prev_symbol	
NCLN	HGNC:26923	ENSG00000125912	Q969V3	symbol	
NCOA2	HGNC:7669	ENSG00000140396	Q15596	symbol	
NCOA3	HGNC:7670	ENSG00000124151	Q9Y6Q9	symbol	
NCOA5	HGNC:15909	ENSG00000124160	Q9HCD5	symbol	
NCOA7	HGNC:21081	ENSG00000111912	Q8NI08	symbol	
NCOR1	HGNC:7672	ENSG00000141027	O75376	symbol	
NCOR2	HGNC:7673	ENSG00000196498	Q9Y618	symbol	
NCS1	HGNC:3953	ENSG00000107130	P62166	symbol	
NCSTN	HGNC:17091	ENSG00000162736	Q92542	symbol	
NDC1	HGNC:25525	ENSG00000058804	Q9BTX1	symbol	
NDC80	HGNC:16909	ENSG00000080986	O14777	symbol	
NDE1	HGNC:17619	ENSG00000072864	Q9NXR1	symbol	
NDEL1	HGNC:17620	ENSG00000166579	Q9GZM8	symbol	
NDFIP1	HGNC:17592	ENSG00000131507	Q9BT67	symbol	
NDOR1	HGNC:29838	ENSG00000188566	Q9UHB4	symbol	
NDRG1	HGNC:7679	ENSG00000104419	Q92597	symbol	
NDRG2	HGNC:14460	ENSG00000165795	Q9UN36	symbol	
NDRG3	HGNC:14462	ENSG00000101079	Q9UGV2	symbol	
NDRG4	HGNC:14466	ENSG00000103034	Q9ULP0	symbol	
NDST3	HGNC:7682	ENSG00000164100	O95803	symbol	
NDUFA10	HGNC:7684	ENSG00000130414	O95299	symbol	
NDUFA11	HGNC:20371	ENSG00000174886	Q86Y39	symbol	
NDUFA12	HGNC:23987	ENSG00000184752	Q9UI09	symbol	
NDUFA13	HGNC:17194	ENSG00000186010	Q9P0J0	symbol	
NDUFA2	HGNC:7685	ENSG00000131495	O43678	symbol	
NDUFA3	HGNC:7686	ENSG00000170906	O95167	symbol	
NDUFA4	HGNC:7687	ENSG00000189043	O00483	alias_or_prev_symbol	
NDUFA5	HGNC:7688	ENSG00000128609	Q16718	symbol	
NDUFA6	HGNC:7690	ENSG00000184983	P56556	symbol	
NDUFA7	HGNC:7691	ENSG00000267855	O95182	symbol	
NDUFA8	HGNC:7692	ENSG00000119421	P51970	symbol	
NDUFA9	HGNC:7693	ENSG00000139180	Q16795	symbol	
NDUFAB1	HGNC:7694	ENSG00000004779	O14561	symbol	
NDUFAF1	HGNC:18828	ENSG00000137806	Q9Y375	symbol	
NDUFAF2	HGNC:28086	ENSG00000164182	Q8N183	symbol	
NDUFAF3	HGNC:29918	ENSG00000178057	Q9BU61	symbol	
NDUFAF4	HGNC:21034	ENSG00000123545	Q9P032	symbol	
NDUFAF6	HGNC:28625	ENSG00000156170	Q330K2	symbol	
NDUFAF7	HGNC:28816	ENSG00000003509	Q7L592	symbol	
NDUFB1	HGNC:7695	ENSG00000183648	O75438	symbol	
NDUFB10	HGNC:7696	ENSG00000140990	O96000	symbol	
NDUFB11	HGNC:20372	ENSG00000147123	Q9NX14	symbol	
NDUFB2	HGNC:7697	ENSG00000090266	O95178	symbol	
NDUFB3	HGNC:7698	ENSG00000119013	O43676	symbol	
NDUFB4	HGNC:7699	ENSG00000065518	O95168	symbol	
NDUFB5	HGNC:7700	ENSG00000136521	O43674	symbol	
NDUFB6	HGNC:7701	ENSG00000165264	O95139	symbol	
NDUFB7	HGNC:7702	ENSG00000099795	P17568	symbol	
NDUFB8	HGNC:7703	ENSG00000166136	O95169	symbol	
NDUFB9	HGNC:7704	ENSG00000147684	Q9Y6M9	symbol	
NDUFC2	HGNC:7706	ENSG00000151366	O95298	symbol	
NDUFS1	HGNC:7707	ENSG00000023228	P28331	symbol	
NDUFS2	HGNC:7708	ENSG00000158864	O75306	symbol	
NDUFS3	HGNC:7710	ENSG00000213619	O75489	symbol	
NDUFS4	HGNC:7711	ENSG00000164258	O43181	symbol	
NDUFS5	HGNC:7712	ENSG00000168653	O43920	symbol	
NDUFS6	HGNC:7713	ENSG00000145494	O75380	symbol	
NDUFS7	HGNC:7714	ENSG00000115286	O75251	symbol	
NDUFS8	HGNC:7715	ENSG00000110717	O00217	symbol	
NDUFV1	HGNC:7716	ENSG00000167792	P49821	symbol	
NDUFV2	HGNC:7717	ENSG00000178127	P19404	symbol	
NDUFV3	HGNC:7719	ENSG00000160194	P56181	symbol	
NEB	HGNC:7720	ENSG00000183091	P20929	symbol	
NECAP1	HGNC:24539	ENSG00000089818	Q8NC96	symbol	
NECAP2	HGNC:25528	ENSG00000157191	Q9NVZ3	symbol	
NECTIN2	HGNC:9707	ENSG00000130202	Q92692	symbol	
NECTIN3	HGNC:17664	ENSG00000177707	Q9NQS3	symbol	
NEDD1	HGNC:7723	ENSG00000139350	Q8NHV4	symbol	
NEDD4	HGNC:7727	ENSG00000069869	P46934	symbol	
NEDD4L	HGNC:7728	ENSG00000049759	Q96PU5	symbol	
NEDD8	HGNC:7732	ENSG00000129559	Q15843	symbol	
NEFL	HGNC:7739	ENSG00000277586	P07196	symbol	
NEFM	HGNC:7734	ENSG00000104722	P07197	symbol	
NEGR1	HGNC:17302	ENSG00000172260	Q7Z3B1	symbol	
NEIL3	HGNC:24573	ENSG00000109674	Q8TAT5	symbol	
NEK10	HGNC:18592	ENSG00000163491	Q6ZWH5	symbol	
NEK4	HGNC:11399	ENSG00000114904	P51957	symbol	
NEK5	HGNC:7748	ENSG00000197168	Q6P3R8	symbol	
NEK7	HGNC:13386	ENSG00000151414	Q8TDX7	symbol	
NEK9	HGNC:18591	ENSG00000119638	Q8TD19	symbol	
NELFA	HGNC:12768	ENSG00000185049	Q9H3P2	symbol	
NELFB	HGNC:24324	ENSG00000188986	Q8WX92	symbol	
NELFCD	HGNC:15934	ENSG00000101158	Q8IXH7	symbol	
NELFE	HGNC:13974	ENSG00000204356	P18615	symbol	
NELL1	HGNC:7750	ENSG00000165973	Q92832	symbol	
NEMF	HGNC:10663	ENSG00000165525	O60524	symbol	
NEMP1	HGNC:29001	ENSG00000166881	O14524	symbol	
NEMP2	HGNC:33700	ENSG00000189362	A6NFY4	symbol	
NENF	HGNC:30384	ENSG00000117691	Q9UMX5	symbol	
NEO1	HGNC:7754	ENSG00000067141	Q92859	symbol	
NEPRO	HGNC:24496	ENSG00000163608	Q6NW34	alias_or_prev_symbol	
NES	HGNC:7756	ENSG00000132688	P48681	symbol	
NET1	HGNC:14592	ENSG00000173848	Q7Z628	symbol	
NETO2	HGNC:14644	ENSG00000171208	Q8NC67	symbol	
NEU1	HGNC:7758	ENSG00000204386	Q99519	symbol	
NEU2	HGNC:7759	ENSG00000115488	Q9Y3R4	symbol	
NEU3	HGNC:7760	ENSG00000162139	Q9UQ49	symbol	
NEURL4	HGNC:34410	ENSG00000215041	Q96JN8	symbol	
NEXN	HGNC:29557	ENSG00000162614	Q0ZGT2	symbol	
NF1	HGNC:7765	ENSG00000196712	P21359	symbol	
NF2	HGNC:7773	ENSG00000186575	P35240	symbol	
NFAT5	HGNC:7774	ENSG00000102908	O94916	symbol	
NFATC2	HGNC:7776	ENSG00000101096	Q13469	symbol	
NFATC2IP	HGNC:25906	ENSG00000176953	Q8NCF5	symbol	
NFATC3	HGNC:7777	ENSG00000072736	Q12968	symbol	
NFIA	HGNC:7784	ENSG00000162599	Q12857	symbol	
NFIB	HGNC:7785	ENSG00000147862	O00712	symbol	
NFIC	HGNC:7786	ENSG00000141905	P08651	symbol	
NFIL3	HGNC:7787	ENSG00000165030	Q16649	symbol	
NFKB1	HGNC:7794	ENSG00000109320	P19838	symbol	
NFKB2	HGNC:7795	ENSG00000077150	Q00653	symbol	
NFKBIB	HGNC:7798	ENSG00000104825	Q15653	symbol	
NFKBIE	HGNC:7799	ENSG00000146232	O00221	symbol	
NFRKB	HGNC:7802	ENSG00000170322	Q6P4R8	symbol	
NFS1	HGNC:15910	ENSG00000244005	Q9Y697	symbol	
NFU1	HGNC:16287	ENSG00000169599	Q9UMS0	symbol	
NFX1	HGNC:7803	ENSG00000086102	Q12986	symbol	
NFXL1	HGNC:18726	ENSG00000170448	Q6ZNB6	symbol	
NFYB	HGNC:7805	ENSG00000120837	P25208	symbol	
NFYC	HGNC:7806	ENSG00000066136	Q13952	symbol	
NGDN	HGNC:20271	ENSG00000129460	Q8NEJ9	symbol	
NGLY1	HGNC:17646	ENSG00000151092	Q96IV0	symbol	
NGRN	HGNC:18077	ENSG00000182768	Q9NPE2	symbol	
NHLRC2	HGNC:24731	ENSG00000196865	Q8NBF2	symbol	
NHLRC3	HGNC:33751	ENSG00000188811	Q5JS37	symbol	
NHP2	HGNC:14377	ENSG00000145912	Q9NX24	symbol	
NHS	HGNC:7820	ENSG00000188158	Q6T4R5	symbol	
NIBAN1	HGNC:16784	ENSG00000135842	Q9BZQ8	symbol	
NIBAN2	HGNC:25282	ENSG00000136830	Q96TA1	symbol	
NIBAN3	HGNC:24130	ENSG00000167483	Q86XR2	symbol	
NICN1	HGNC:18317	ENSG00000145029	Q9BSH3	symbol	
NID1	HGNC:7821	ENSG00000116962	P14543	symbol	
NID2	HGNC:13389	ENSG00000087303	Q14112	symbol	
NIF3L1	HGNC:13390	ENSG00000196290	Q9GZT8	symbol	
NIFK	HGNC:17838	ENSG00000155438	Q9BYG3	symbol	
NIN	HGNC:14906	ENSG00000100503	Q8N4C6	symbol	
NINL	HGNC:29163	ENSG00000101004	Q9Y2I6	symbol	
NIP7	HGNC:24328	ENSG00000132603	Q9Y221	symbol	
NIPA1	HGNC:17043	ENSG00000170113	Q7RTP0	symbol	
NIPA2	HGNC:17044	ENSG00000140157	Q8N8Q9	symbol	
NIPBL	HGNC:28862	ENSG00000164190	Q6KC79	symbol	
NIPSNAP1	HGNC:7827	ENSG00000184117	Q9BPW8	symbol	
NIPSNAP2	HGNC:4179	ENSG00000146729	O75323	symbol	
NIPSNAP3A	HGNC:23619	ENSG00000136783	Q9UFN0	symbol	
NIT1	HGNC:7828	ENSG00000158793	Q86X76	symbol	
NIT2	HGNC:29878	ENSG00000114021	Q9NQR4	symbol	
NKAP	HGNC:29873	ENSG00000101882	Q8N5F7	symbol	
NKAPD1	HGNC:25569	ENSG00000150776	Q6ZUT1	symbol	
NKD1	HGNC:17045	ENSG00000140807	Q969G9	symbol	
NKIRAS1	HGNC:17899	ENSG00000197885	Q9NYS0	symbol	
NKIRAS2	HGNC:17898	ENSG00000168256	Q9NYR9	symbol	
NKPD1	HGNC:24739	ENSG00000179846	Q17RQ9	symbol	
NKRF	HGNC:19374	ENSG00000186416	O15226	symbol	
NKTR	HGNC:7833	ENSG00000114857	P30414	symbol	
NLE1	HGNC:19889	ENSG00000073536	Q9NVX2	symbol	
NLGN3	HGNC:14289	ENSG00000196338	Q9NZ94	symbol	
NLN	HGNC:16058	ENSG00000123213	Q9BYT8	symbol	
NLRC3	HGNC:29889	ENSG00000167984	Q7RTR2	symbol	
NLRC5	HGNC:29933	ENSG00000140853	Q86WI3	symbol	
NLRP1	HGNC:14374	ENSG00000091592	Q9C000	symbol	
NLRP10	HGNC:21464	ENSG00000182261	Q86W26	symbol	
NLRP2	HGNC:22948	ENSG00000022556	Q9NX02	symbol	
NLRP6	HGNC:22944	ENSG00000174885	P59044	symbol	
NLRP8	HGNC:22940	ENSG00000179709	Q86W28	symbol	
NMD3	HGNC:24250	ENSG00000169251	Q96D46	symbol	
NME1	HGNC:7849	ENSG00000239672	P15531	symbol	
NME2	HGNC:7850	ENSG00000243678	P22392	symbol	
NME2P1	HGNC:31358	ENSG00000123009		symbol	
NME3	HGNC:7851	ENSG00000103024	Q13232	symbol	
NME4	HGNC:7852	ENSG00000103202	O00746	symbol	
NME6	HGNC:20567	ENSG00000172113	O75414	symbol	
NME7	HGNC:20461	ENSG00000143156	Q9Y5B8	symbol	
NMI	HGNC:7854	ENSG00000123609	Q13287	symbol	
NMNAT1	HGNC:17877	ENSG00000173614	Q9HAN9	symbol	
NMRAL1	HGNC:24987	ENSG00000153406	Q9HBL8	symbol	
NMRK1	HGNC:26057	ENSG00000106733	Q9NWW6	symbol	
NMT1	HGNC:7857	ENSG00000136448	P30419	symbol	
NMT2	HGNC:7858	ENSG00000152465	O60551	symbol	
NNMT	HGNC:7861	ENSG00000166741	P40261	symbol	
NNT	HGNC:7863	ENSG00000112992	Q13423	symbol	
NOA1	HGNC:28473	ENSG00000084092	Q8NC60	symbol	
NOB1	HGNC:29540	ENSG00000141101	Q9ULX3	symbol	
NOC2L	HGNC:24517	ENSG00000188976	Q9Y3T9	symbol	
NOC3L	HGNC:24034	ENSG00000173145	Q8WTT2	symbol	
NOC4L	HGNC:28461	ENSG00000184967	Q9BVI4	symbol	
NOD1	HGNC:16390	ENSG00000106100	Q9Y239	symbol	
NOD2	HGNC:5331	ENSG00000167207	Q9HC29	symbol	
NOL10	HGNC:25862	ENSG00000115761	Q9BSC4	symbol	
NOL11	HGNC:24557	ENSG00000130935	Q9H8H0	symbol	
NOL12	HGNC:28585	ENSG00000273899	Q9UGY1	symbol	
NOL3	HGNC:7869	ENSG00000140939	O60936	symbol	
NOL6	HGNC:19910	ENSG00000165271	Q9H6R4	symbol	
NOL7	HGNC:21040	ENSG00000225921	Q9UMY1	symbol	
NOL8	HGNC:23387	ENSG00000198000	Q76FK4	symbol	
NOL9	HGNC:26265	ENSG00000162408	Q5SY16	symbol	
NOLC1	HGNC:15608	ENSG00000166197	Q14978	symbol	
NOM1	HGNC:13244	ENSG00000146909	Q5C9Z4	symbol	
NOMO1	HGNC:30060	ENSG00000103512	Q15155	symbol	
NOMO2	HGNC:22652	ENSG00000185164	Q5JPE7	symbol	
NOMO3	HGNC:25242	ENSG00000103226	P69849	symbol	
NONO	HGNC:7871	ENSG00000147140	Q15233	symbol	
NOP10	HGNC:14378	ENSG00000182117	Q9NPE3	symbol	
NOP14	HGNC:16821	ENSG00000087269	P78316	symbol	
NOP16	HGNC:26934	ENSG00000048162	Q9Y3C1	symbol	
NOP2	HGNC:7867	ENSG00000111641	P46087	symbol	
NOP53	HGNC:4333	ENSG00000105373	Q9NZM5	symbol	
NOP56	HGNC:15911	ENSG00000101361	O00567	symbol	
NOP58	HGNC:29926	ENSG00000055044	Q9Y2X3	symbol	
NOP9	HGNC:19826	ENSG00000196943	Q86U38	symbol	
NOPCHAP1	HGNC:28628	ENSG00000151131	Q8N5I9	symbol	
NOS1	HGNC:7872	ENSG00000089250	P29475	symbol	
NOS1AP	HGNC:16859	ENSG00000198929	O75052	symbol	
NOSIP	HGNC:17946	ENSG00000142546	Q9Y314	symbol	
NOTCH1	HGNC:7881	ENSG00000148400	P46531	symbol	
NOTCH2	HGNC:7882	ENSG00000134250	Q04721	symbol	
NOTCH3	HGNC:7883	ENSG00000074181	Q9UM47	symbol	
NOVA1	HGNC:7886	ENSG00000139910	P51513	symbol	
NOVA2	HGNC:7887	ENSG00000104967	Q9UNW9	symbol	
NPAS4	HGNC:18983	ENSG00000174576	Q8IUM7	symbol	
NPAT	HGNC:7896	ENSG00000149308	Q14207	symbol	
NPC1	HGNC:7897	ENSG00000141458	O15118	symbol	
NPC2	HGNC:14537	ENSG00000119655	P61916	symbol	
NPEPL1	HGNC:16244	ENSG00000215440	Q8NDH3	symbol	
NPEPPS	HGNC:7900	ENSG00000141279	P55786	symbol	
NPHP3	HGNC:7907	ENSG00000113971	Q7Z494	symbol	
NPHS1	HGNC:7908	ENSG00000161270	O60500	symbol	
NPHS2	HGNC:13394	ENSG00000116218	Q9NP85	symbol	
NPLOC4	HGNC:18261	ENSG00000182446	Q8TAT6	symbol	
NPM1	HGNC:7910	ENSG00000181163	P06748	symbol	
NPM3	HGNC:7931	ENSG00000107833	O75607	symbol	
NPPB	HGNC:7940	ENSG00000120937	P16860	symbol	
NPR1	HGNC:7943	ENSG00000169418	P16066	symbol	
NPR2	HGNC:7944	ENSG00000159899	P20594	symbol	
NPR3	HGNC:7945	ENSG00000113389	P17342	symbol	
NPTN	HGNC:17867	ENSG00000156642	Q9Y639	symbol	
NPTX1	HGNC:7952	ENSG00000171246	Q15818	symbol	
NPTX2	HGNC:7953	ENSG00000106236	P47972	symbol	
NQO1	HGNC:2874	ENSG00000181019	P15559	symbol	
NQO2	HGNC:7856	ENSG00000124588	P16083	symbol	
NR0B1	HGNC:7960	ENSG00000169297	P51843	symbol	
NR1D1	HGNC:7962	ENSG00000126368	P20393	symbol	
NR1H2	HGNC:7965	ENSG00000131408	P55055	symbol	
NR2C1	HGNC:7971	ENSG00000120798	P13056	symbol	
NR2C2	HGNC:7972	ENSG00000177463	P49116	symbol	
NR2C2AP	HGNC:30763	ENSG00000184162	Q86WQ0	symbol	
NR2F1	HGNC:7975	ENSG00000175745	P10589	symbol	
NR2F2	HGNC:7976	ENSG00000185551	P24468	symbol	
NR2F6	HGNC:7977	ENSG00000160113	P10588	symbol	
NR3C1	HGNC:7978	ENSG00000113580	P04150	symbol	
NR4A1	HGNC:7980	ENSG00000123358	P22736	symbol	
NRAS	HGNC:7989	ENSG00000213281	P01111	symbol	
NRBP1	HGNC:7993	ENSG00000115216	Q9UHY1	symbol	
NRCAM	HGNC:7994	ENSG00000091129	Q92823	symbol	
NRDC	HGNC:7995	ENSG00000078618	O43847	symbol	
NRDE2	HGNC:20186	ENSG00000119720	Q9H7Z3	symbol	
NRF1	HGNC:7996	ENSG00000106459	Q16656	symbol	
NRG2	HGNC:7998	ENSG00000158458	O14511	symbol	
NRGN	HGNC:8000	ENSG00000154146	Q92686	symbol	
NRIP3	HGNC:1167	ENSG00000175352	Q9NQ35	symbol	
NRM	HGNC:8003	ENSG00000137404	Q8IXM6	symbol	
NRP1	HGNC:8004	ENSG00000099250	O14786	symbol	
NRP2	HGNC:8005	ENSG00000118257	O60462	symbol	
NRXN2	HGNC:8009	ENSG00000110076	P58401|Q9P2S2	symbol	
NSA2	HGNC:30728	ENSG00000164346	O95478	symbol	
NSD1	HGNC:14234	ENSG00000165671	Q96L73	symbol	
NSD2	HGNC:12766	ENSG00000109685	O96028	symbol	
NSD3	HGNC:12767	ENSG00000147548	Q9BZ95	symbol	
NSDHL	HGNC:13398	ENSG00000147383	Q15738	symbol	
NSF	HGNC:8016	ENSG00000073969	P46459	symbol	
NSFL1C	HGNC:15912	ENSG00000088833	Q9UNZ2	symbol	
NSL1	HGNC:24548	ENSG00000117697	Q96IY1	symbol	
NSMAF	HGNC:8017	ENSG00000035681	Q92636	symbol	
NSMCE1	HGNC:29897	ENSG00000169189	Q8WV22	symbol	
NSMCE2	HGNC:26513	ENSG00000156831	Q96MF7	symbol	
NSMCE3	HGNC:7677	ENSG00000185115	Q96MG7	symbol	
NSMCE4A	HGNC:25935	ENSG00000107672	Q9NXX6	symbol	
NSRP1	HGNC:25305	ENSG00000126653	Q9H0G5	symbol	
NSUN2	HGNC:25994	ENSG00000037474	Q08J23	symbol	
NSUN4	HGNC:31802	ENSG00000117481	Q96CB9	symbol	
NSUN5	HGNC:16385	ENSG00000130305	Q96P11	symbol	
NT5C	HGNC:17144	ENSG00000125458	Q8TCD5	symbol	
NT5C2	HGNC:8022	ENSG00000076685	P49902	symbol	
NT5C3A	HGNC:17820	ENSG00000122643	Q9H0P0	symbol	
NT5C3B	HGNC:28300	ENSG00000141698	Q969T7	symbol	
NT5DC1	HGNC:21556	ENSG00000178425	Q5TFE4	symbol	
NT5DC2	HGNC:25717	ENSG00000168268	Q9H857	symbol	
NT5DC3	HGNC:30826	ENSG00000111696	Q86UY8	symbol	
NT5E	HGNC:8021	ENSG00000135318	P21589	symbol	
NTAQ1	HGNC:25490	ENSG00000156795	Q96HA8	symbol	
NTHL1	HGNC:8028	ENSG00000065057	P78549	symbol	
NTMT1	HGNC:23373	ENSG00000148335	Q9BV86	symbol	
NTMT2	HGNC:31932	ENSG00000203740	Q5VVY1	symbol	
NTPCR	HGNC:28204	ENSG00000135778	Q9BSD7	symbol	
NUAK1	HGNC:14311	ENSG00000074590	O60285	symbol	
NUAK2	HGNC:29558	ENSG00000163545	Q9H093	symbol	
NUB1	HGNC:17623	ENSG00000013374	Q9Y5A7	symbol	
NUBP1	HGNC:8041	ENSG00000103274	P53384	symbol	
NUBP2	HGNC:8042	ENSG00000095906	Q9Y5Y2	symbol	
NUBPL	HGNC:20278	ENSG00000151413	Q8TB37	symbol	
NUCB1	HGNC:8043	ENSG00000104805	Q02818	symbol	
NUCB2	HGNC:8044	ENSG00000070081	P80303	symbol	
NUCKS1	HGNC:29923	ENSG00000069275	Q9H1E3	symbol	
NUDC	HGNC:8045	ENSG00000090273	Q9Y266	symbol	
NUDCD1	HGNC:24306	ENSG00000120526	Q96RS6	symbol	
NUDCD2	HGNC:30535	ENSG00000170584	Q8WVJ2	symbol	
NUDCD3	HGNC:22208	ENSG00000015676	Q8IVD9	symbol	
NUDT1	HGNC:8048	ENSG00000106268	P36639	symbol	
NUDT12	HGNC:18826	ENSG00000112874	Q9BQG2	symbol	
NUDT15	HGNC:23063	ENSG00000136159	Q9NV35	symbol	
NUDT16	HGNC:26442	ENSG00000198585	Q96DE0	symbol	
NUDT16L1	HGNC:28154	ENSG00000168101	Q9BRJ7	symbol	
NUDT18	HGNC:26194	ENSG00000275074	Q6ZVK8	symbol	
NUDT19	HGNC:32036	ENSG00000213965	A8MXV4	symbol	
NUDT2	HGNC:8049	ENSG00000164978	P50583	symbol	
NUDT21	HGNC:13870	ENSG00000167005	O43809	symbol	
NUDT3	HGNC:8050	ENSG00000272325	O95989	symbol	
NUDT4	HGNC:8051	ENSG00000173598	Q9NZJ9	symbol	
NUDT4B	HGNC:18012	ENSG00000177144	A0A024RBG1	symbol	
NUDT5	HGNC:8052	ENSG00000165609	Q9UKK9	symbol	
NUDT9	HGNC:8056	ENSG00000170502	Q9BW91	symbol	
NUF2	HGNC:14621	ENSG00000143228	Q9BZD4	symbol	
NUFIP2	HGNC:17634	ENSG00000108256	Q7Z417	symbol	
NUMA1	HGNC:8059	ENSG00000137497	Q14980	symbol	
NUMB	HGNC:8060	ENSG00000133961	P49757	symbol	
NUMBL	HGNC:8061	ENSG00000105245	Q9Y6R0	symbol	
NUP107	HGNC:29914	ENSG00000111581	P57740	symbol	
NUP133	HGNC:18016	ENSG00000069248	Q8WUM0	symbol	
NUP153	HGNC:8062	ENSG00000124789	P49790	symbol	
NUP155	HGNC:8063	ENSG00000113569	O75694	symbol	
NUP160	HGNC:18017	ENSG00000030066	Q12769	symbol	
NUP188	HGNC:17859	ENSG00000095319	Q5SRE5	symbol	
NUP205	HGNC:18658	ENSG00000155561	Q92621	symbol	
NUP210	HGNC:30052	ENSG00000132182	Q8TEM1	symbol	
NUP210L	HGNC:29915	ENSG00000143552	Q5VU65	symbol	
NUP214	HGNC:8064	ENSG00000126883	P35658	symbol	
NUP35	HGNC:29797	ENSG00000163002	Q8NFH5	symbol	
NUP37	HGNC:29929	ENSG00000075188	Q8NFH4	symbol	
NUP42	HGNC:17010	ENSG00000136243	O15504	symbol	
NUP43	HGNC:21182	ENSG00000120253	Q8NFH3	symbol	
NUP50	HGNC:8065	ENSG00000093000	Q9UKX7	symbol	
NUP54	HGNC:17359	ENSG00000138750	Q7Z3B4	symbol	
NUP58	HGNC:20261	ENSG00000139496	Q9BVL2	symbol	
NUP62	HGNC:8066	ENSG00000213024	P37198	symbol	
NUP85	HGNC:8734	ENSG00000125450	Q9BW27	symbol	
NUP88	HGNC:8067	ENSG00000108559	Q99567	symbol	
NUP93	HGNC:28958	ENSG00000102900	Q8N1F7	symbol	
NUP98	HGNC:8068	ENSG00000110713	P52948	symbol	
NUSAP1	HGNC:18538	ENSG00000137804	Q9BXS6	symbol	
NUTF2	HGNC:13722	ENSG00000102898	P61970	symbol	
NUTM2F	HGNC:23450	ENSG00000130950	A1L443	symbol	
NUTM2G	HGNC:23449	ENSG00000188152	Q5VZR2	symbol	
NVL	HGNC:8070	ENSG00000143748	O15381	symbol	
NWD2	HGNC:29229	ENSG00000174145	Q9ULI1	symbol	
NXF1	HGNC:8071	ENSG00000162231	Q9UBU9	symbol	
NXN	HGNC:18008	ENSG00000167693	Q6DKJ4	symbol	
NXPE2	HGNC:26331	ENSG00000204361	Q96DL1	symbol	
NXT1	HGNC:15913	ENSG00000132661	Q9UKK6	symbol	
NXT2	HGNC:18151	ENSG00000101888	Q9NPJ8	symbol	
NYAP1	HGNC:22009	ENSG00000166924	Q6ZVC0	symbol	
OAF	HGNC:28752	ENSG00000184232	Q86UD1	symbol	
OARD1	HGNC:21257	ENSG00000124596	Q9Y530	symbol	
OAS1	HGNC:8086	ENSG00000089127	P00973	symbol	
OAS2	HGNC:8087	ENSG00000111335	P29728	symbol	
OAS3	HGNC:8088	ENSG00000111331	Q9Y6K5	symbol	
OASL	HGNC:8090	ENSG00000135114	Q15646	symbol	
OAT	HGNC:8091	ENSG00000065154	P04181	symbol	
OBI1	HGNC:20308	ENSG00000152193	Q5W0B1	symbol	
OBP2B	HGNC:23381	ENSG00000171102	Q9NPH6	symbol	
OBSL1	HGNC:29092	ENSG00000124006	O75147	symbol	
OC90	HGNC:8100	ENSG00000253117	Q02509	symbol	
OCA2	HGNC:8101	ENSG00000104044	Q04671	symbol	
OCIAD1	HGNC:16074	ENSG00000109180	Q9NX40	symbol	
OCIAD2	HGNC:28685	ENSG00000145247	Q56VL3	symbol	
OCLN	HGNC:8104	ENSG00000197822	Q16625	symbol	
OCRL	HGNC:8108	ENSG00000122126	Q01968	symbol	
ODAD2	HGNC:25583	ENSG00000169126	Q5T2S8	symbol	
ODR4	HGNC:24299	ENSG00000157181	Q5SWX8	symbol	
OFD1	HGNC:2567	ENSG00000046651	O75665	symbol	
OGA	HGNC:7056	ENSG00000198408	O60502	symbol	
OGDH	HGNC:8124	ENSG00000105953	Q02218	symbol	
OGFOD1	HGNC:25585	ENSG00000087263	Q8N543	symbol	
OGFR	HGNC:15768	ENSG00000060491	Q9NZT2	symbol	
OGN	HGNC:8126	ENSG00000106809	P20774	symbol	
OGT	HGNC:8127	ENSG00000147162	O15294	symbol	
OIP5	HGNC:20300	ENSG00000104147	O43482	symbol	
OLA1	HGNC:28833	ENSG00000138430	Q9NTK5	symbol	
OLFM1	HGNC:17187	ENSG00000130558	Q99784	symbol	
OMA1	HGNC:29661	ENSG00000162600	Q96E52	symbol	
OMD	HGNC:8134	ENSG00000127083	Q99983	symbol	
ONECUT3	HGNC:13399	ENSG00000205922	O60422	symbol	
OPA1	HGNC:8140	ENSG00000198836	O60313	symbol	
OPHN1	HGNC:8148	ENSG00000079482	O60890	symbol	
OPLAH	HGNC:8149	ENSG00000178814	O14841	symbol	
OPN3	HGNC:14007	ENSG00000054277	Q9H1Y3	symbol	
OPRPN	HGNC:17279	ENSG00000171199	Q99935	symbol	
OPTN	HGNC:17142	ENSG00000123240	Q96CV9	symbol	
OR10J4	HGNC:15408	ENSG00000249730	P0C629	symbol	
OR14C36	HGNC:15026	ENSG00000177174	Q8NHC7	symbol	
OR1K1	HGNC:8212	ENSG00000165204	Q8NGR3	symbol	
OR2M7	HGNC:19594	ENSG00000177186	Q8NG81	symbol	
OR2S2	HGNC:8276	ENSG00000278889	Q9NQN1	symbol	
OR2T1	HGNC:8277	ENSG00000175143	O43869	symbol	
OR52E4	HGNC:15213	ENSG00000180974	Q8NGH9	symbol	
OR52N2	HGNC:15228	ENSG00000180988	Q8NGI0	symbol	
OR52W1	HGNC:15239	ENSG00000175485	Q6IF63	symbol	
OR5K2	HGNC:14774	ENSG00000231861	Q8NHB8	symbol	
OR5T2	HGNC:15296	ENSG00000181718	Q8NGG2	symbol	
OR6K6	HGNC:15033	ENSG00000180433	Q8NGW6	symbol	
OR9G4	HGNC:15322	ENSG00000172457	Q8NGQ1	symbol	
ORC1	HGNC:8487	ENSG00000085840	Q13415	symbol	
ORC2	HGNC:8488	ENSG00000115942	Q13416	symbol	
ORC3	HGNC:8489	ENSG00000135336	Q9UBD5	symbol	
ORC4	HGNC:8490	ENSG00000115947	O43929	symbol	
ORC5	HGNC:8491	ENSG00000164815	O43913	symbol	
ORC6	HGNC:17151	ENSG00000091651	Q9Y5N6	symbol	
ORM1	HGNC:8498	ENSG00000229314	P02763	symbol	
ORM2	HGNC:8499	ENSG00000228278	P19652	symbol	
ORMDL1	HGNC:16036	ENSG00000128699	Q9P0S3	symbol	
ORMDL2	HGNC:16037	ENSG00000123353	Q53FV1	symbol	
ORMDL3	HGNC:16038	ENSG00000172057	Q8N138	symbol	
OS9	HGNC:16994	ENSG00000135506	Q13438	symbol	
OSBP	HGNC:8503	ENSG00000110048	P22059	symbol	
OSBP2	HGNC:8504	ENSG00000184792	Q969R2	symbol	
OSBPL10	HGNC:16395	ENSG00000144645	Q9BXB5	symbol	
OSBPL11	HGNC:16397	ENSG00000144909	Q9BXB4	symbol	
OSBPL1A	HGNC:16398	ENSG00000141447	Q9BXW6	symbol	
OSBPL2	HGNC:15761	ENSG00000130703	Q9H1P3	symbol	
OSBPL3	HGNC:16370	ENSG00000070882	Q9H4L5	symbol	
OSBPL5	HGNC:16392	ENSG00000021762	Q9H0X9	symbol	
OSBPL6	HGNC:16388	ENSG00000079156	Q9BZF3	symbol	
OSBPL8	HGNC:16396	ENSG00000091039	Q9BZF1	symbol	
OSBPL9	HGNC:16386	ENSG00000117859	Q96SU4	symbol	
OSGEP	HGNC:18028	ENSG00000092094	Q9NPF4	symbol	
OSGEPL1	HGNC:23075	ENSG00000128694	Q9H4B0	symbol	
OSGIN2	HGNC:1355	ENSG00000164823	Q9Y236	symbol	
OSMR	HGNC:8507	ENSG00000145623	Q99650	symbol	
OSTC	HGNC:24448	ENSG00000198856	Q9NRP0	symbol	
OSTF1	HGNC:8510	ENSG00000134996	Q92882	symbol	
OSTM1	HGNC:21652	ENSG00000081087	Q86WC4	symbol	
OTOF	HGNC:8515	ENSG00000115155	Q9HC10	symbol	
OTOG	HGNC:8516	ENSG00000188162	Q6ZRI0	symbol	
OTOGL	HGNC:26901	ENSG00000165899	Q3ZCN5	symbol	
OTUB1	HGNC:23077	ENSG00000167770	Q96FW1	symbol	
OTUB2	HGNC:20351	ENSG00000089723	Q96DC9	symbol	
OTUD4	HGNC:24949	ENSG00000164164	Q01804	symbol	
OTUD5	HGNC:25402	ENSG00000068308	Q96G74	symbol	
OTUD6B	HGNC:24281	ENSG00000155100	Q8N6M0	symbol	
OTUD7A	HGNC:20718	ENSG00000169918	Q8TE49	symbol	
OTUD7B	HGNC:16683	ENSG00000264522	Q6GQQ9	symbol	
OTULIN	HGNC:25118	ENSG00000154124	Q96BN8	symbol	
OTULINL	HGNC:25629	ENSG00000145569	Q9NUU6	symbol	
OVCA2	HGNC:24203	ENSG00000262664	Q8WZ82	symbol	
OVOL2	HGNC:15804	ENSG00000125850	Q9BRP0	symbol	
OXA1L	HGNC:8526	ENSG00000155463	Q15070	symbol	
OXCT1	HGNC:8527	ENSG00000083720	P55809	symbol	
OXLD1	HGNC:27901	ENSG00000204237	Q5BKU9	symbol	
OXNAD1	HGNC:25128	ENSG00000154814	Q96HP4	symbol	
OXR1	HGNC:15822	ENSG00000164830	Q8N573	symbol	
OXSM	HGNC:26063	ENSG00000151093	Q9NWU1	symbol	
OXSR1	HGNC:8508	ENSG00000172939	O95747	symbol	
P2RX7	HGNC:8537	ENSG00000089041	Q99572	symbol	
P3H1	HGNC:19316	ENSG00000117385	Q32P28	symbol	
P3H2	HGNC:19317	ENSG00000090530	Q8IVL5	symbol	
P3H3	HGNC:19318	ENSG00000110811	Q8IVL6	symbol	
P3H4	HGNC:16946	ENSG00000141696	Q92791	symbol	
P4HA1	HGNC:8546	ENSG00000122884	P13674	symbol	
P4HA2	HGNC:8547	ENSG00000072682	O15460	symbol	
P4HA3	HGNC:30135	ENSG00000149380	Q7Z4N8	symbol	
P4HB	HGNC:8548	ENSG00000185624	P07237	symbol	
P4HTM	HGNC:28858	ENSG00000178467	Q9NXG6	symbol	
PA2G4	HGNC:8550	ENSG00000170515	Q9UQ80	symbol	
PAAF1	HGNC:25687	ENSG00000175575	Q9BRP4	symbol	
PABIR2	HGNC:30490	ENSG00000156504	Q7Z309	symbol	
PABPC1	HGNC:8554	ENSG00000070756	P11940	symbol	
PABPC1L2B	HGNC:31852	ENSG00000184388	Q5JQF8	symbol	
PABPC4	HGNC:8557	ENSG00000090621	Q13310	symbol	
PABPN1	HGNC:8565	ENSG00000100836	Q86U42	symbol	
PACC1	HGNC:25593	ENSG00000065600	Q9H813	symbol	
PACS1	HGNC:30032	ENSG00000175115	Q6VY07	symbol	
PACSIN1	HGNC:8570	ENSG00000124507	Q9BY11	symbol	
PACSIN2	HGNC:8571	ENSG00000100266	Q9UNF0	symbol	
PACSIN3	HGNC:8572	ENSG00000165912	Q9UKS6	symbol	
PADI1	HGNC:18367	ENSG00000142623	Q9ULC6	symbol	
PADI2	HGNC:18341	ENSG00000117115	Q9Y2J8	symbol	
PADI4	HGNC:18368	ENSG00000159339	Q9UM07	symbol	
PAF1	HGNC:25459	ENSG00000006712	Q8N7H5	symbol	
PAFAH1B1	HGNC:8574	ENSG00000007168	P43034	symbol	
PAFAH1B2	HGNC:8575	ENSG00000168092	P68402	symbol	
PAFAH1B3	HGNC:8576	ENSG00000079462	Q15102	symbol	
PAG1	HGNC:30043	ENSG00000076641	Q9NWQ8	symbol	
PAGE5	HGNC:29992	ENSG00000158639	Q96GU1	symbol	
PAICS	HGNC:8587	ENSG00000128050	P22234	symbol	
PAIP1	HGNC:16945	ENSG00000172239	Q9H074	symbol	
PAIP2B	HGNC:29200	ENSG00000124374	Q9ULR5	symbol	
PAK1	HGNC:8590	ENSG00000149269	Q13153	symbol	
PAK1IP1	HGNC:20882	ENSG00000111845	Q9NWT1	symbol	
PAK2	HGNC:8591	ENSG00000180370	Q13177	symbol	
PAK4	HGNC:16059	ENSG00000130669	O96013	symbol	
PAK6	HGNC:16061	ENSG00000137843	Q9NQU5	symbol	
PALLD	HGNC:17068	ENSG00000129116	Q8WX93	symbol	
PALM2AKAP2	HGNC:33529	ENSG00000157654	Q9Y2D5	symbol	
PALS1	HGNC:18669	ENSG00000072415	Q8N3R9	symbol	
PALS2	HGNC:18167	ENSG00000105926	Q9NZW5	symbol	
PAM	HGNC:8596	ENSG00000145730	P19021	symbol	
PAM16	HGNC:29679	ENSG00000217930	Q9Y3D7	symbol	
PAN2	HGNC:20074	ENSG00000135473	Q504Q3	symbol	
PANK1	HGNC:8598	ENSG00000152782	Q8TE04	symbol	
PANK2	HGNC:15894	ENSG00000125779	Q9BZ23	symbol	
PANK3	HGNC:19365	ENSG00000120137	Q9H999	symbol	
PANK4	HGNC:19366	ENSG00000157881	Q9NVE7	symbol	
PAPOLA	HGNC:14981	ENSG00000090060	P51003	symbol	
PAPOLG	HGNC:14982	ENSG00000115421	Q9BWT3	symbol	
PAPSS1	HGNC:8603	ENSG00000138801	O43252	symbol	
PAPSS2	HGNC:8604	ENSG00000198682	O95340	symbol	
PARD3	HGNC:16051	ENSG00000148498	Q8TEW0	symbol	
PARD3B	HGNC:14446	ENSG00000116117	Q8TEW8	symbol	
PARD6A	HGNC:15943	ENSG00000102981	Q9NPB6	symbol	
PARD6B	HGNC:16245	ENSG00000124171	Q9BYG5	symbol	
PARD6G	HGNC:16076	ENSG00000178184	Q9BYG4	symbol	
PARG	HGNC:8605	ENSG00000227345	Q86W56	symbol	
PARK7	HGNC:16369	ENSG00000116288	Q99497	symbol	
PARN	HGNC:8609	ENSG00000140694	O95453	symbol	
PARP1	HGNC:270	ENSG00000143799	P09874	symbol	
PARP10	HGNC:25895	ENSG00000178685	Q53GL7	symbol	
PARP12	HGNC:21919	ENSG00000059378	Q9H0J9	symbol	
PARP14	HGNC:29232	ENSG00000173193	Q460N5	symbol	
PARP16	HGNC:26040	ENSG00000138617	Q8N5Y8	symbol	
PARP2	HGNC:272	ENSG00000129484	Q9UGN5	symbol	
PARP4	HGNC:271	ENSG00000102699	Q9UKK3	symbol	
PARP9	HGNC:24118	ENSG00000138496	Q8IXQ6	symbol	
PARPBP	HGNC:26074	ENSG00000185480	Q9NWS1	symbol	
PARS2	HGNC:30563	ENSG00000162396	Q7L3T8	symbol	
PARVA	HGNC:14652	ENSG00000197702	Q9NVD7	symbol	
PARVB	HGNC:14653	ENSG00000188677	Q9HBI1	symbol	
PARVG	HGNC:14654	ENSG00000138964	Q9HBI0	symbol	
PASD1	HGNC:20686	ENSG00000166049	Q8IV76	symbol	
PASK	HGNC:17270	ENSG00000115687	Q96RG2	symbol	
PATJ	HGNC:28881	ENSG00000132849	Q8NI35	symbol	
PATL1	HGNC:26721	ENSG00000166889	Q86TB9	symbol	
PAWR	HGNC:8614	ENSG00000177425	Q96IZ0	symbol	
PAXBP1	HGNC:13579	ENSG00000159086	Q9Y5B6	symbol	
PAXIP1	HGNC:8624	ENSG00000157212	Q6ZW49	symbol	
PAXX	HGNC:27849	ENSG00000148362	Q9BUH6	symbol	
PBDC1	HGNC:28790	ENSG00000102390	Q9BVG4	symbol	
PBK	HGNC:18282	ENSG00000168078	Q96KB5	symbol	
PBRM1	HGNC:30064	ENSG00000163939	Q86U86	symbol	
PBX1	HGNC:8632	ENSG00000185630	P40424	symbol	
PBX2	HGNC:8633	ENSG00000204304	P40425	symbol	
PBX3	HGNC:8634	ENSG00000167081	P40426	symbol	
PBXIP1	HGNC:21199	ENSG00000163346	Q96AQ6	symbol	
PC	HGNC:8636	ENSG00000173599	P11498	symbol	
PCBD1	HGNC:8646	ENSG00000166228	P61457	symbol	
PCBD2	HGNC:24474	ENSG00000132570	Q9H0N5	symbol	
PCBP1	HGNC:8647	ENSG00000169564	Q15365	symbol	
PCBP2	HGNC:8648	ENSG00000197111	Q15366	symbol	
PCBP3	HGNC:8651	ENSG00000183570	P57721	symbol	
PCCA	HGNC:8653	ENSG00000175198	P05165	symbol	
PCCB	HGNC:8654	ENSG00000114054	P05166	symbol	
PCDH1	HGNC:8655	ENSG00000156453	Q08174	symbol	
PCDH10	HGNC:13404	ENSG00000138650	Q9P2E7	symbol	
PCDH12	HGNC:8657	ENSG00000113555	Q9NPG4	symbol	
PCDH18	HGNC:14268	ENSG00000189184	Q9HCL0	symbol	
PCDH8	HGNC:8660	ENSG00000136099	O95206	symbol	
PCDHA1	HGNC:8663	ENSG00000204970	Q9Y5I3	symbol	
PCDHA3	HGNC:8669	ENSG00000255408	Q9Y5H8	symbol	
PCDHA5	HGNC:8671	ENSG00000204965	Q9Y5H7	symbol	
PCDHB10	HGNC:8681	ENSG00000120324	Q9UN67	symbol	
PCDHGA1	HGNC:8696	ENSG00000204956	Q9Y5H4	symbol	
PCDHGA2	HGNC:8700	ENSG00000081853	Q9Y5H1	symbol	
PCDHGC3	HGNC:8716	ENSG00000240184	Q9UN70	symbol	
PCF11	HGNC:30097	ENSG00000165494	O94913	symbol	
PCGF5	HGNC:28264	ENSG00000180628	Q86SE9	symbol	
PCID2	HGNC:25653	ENSG00000126226	Q5JVF3	symbol	
PCIF1	HGNC:16200	ENSG00000100982	Q9H4Z3	symbol	
PCK1	HGNC:8724	ENSG00000124253	P35558	symbol	
PCK2	HGNC:8725	ENSG00000100889	Q16822	symbol	
PCLAF	HGNC:28961	ENSG00000166803	Q15004	symbol	
PCM1	HGNC:8727	ENSG00000078674	Q15154	symbol	
PCMT1	HGNC:8728	ENSG00000120265	P22061	symbol	
PCNA	HGNC:8729	ENSG00000132646	P12004	symbol	
PCNP	HGNC:30023	ENSG00000081154	Q8WW12	symbol	
PCNT	HGNC:16068	ENSG00000160299	O95613	symbol	
PCNX1	HGNC:19740	ENSG00000100731	Q96RV3	symbol	
PCNX3	HGNC:18760	ENSG00000197136	Q9H6A9	symbol	
PCOLCE2	HGNC:8739	ENSG00000163710	Q9UKZ9	symbol	
PCSK5	HGNC:8747	ENSG00000099139	Q92824	symbol	
PCSK9	HGNC:20001	ENSG00000169174	Q8NBP7	symbol	
PCYOX1	HGNC:20588	ENSG00000116005	Q9UHG3	symbol	
PCYOX1L	HGNC:28477	ENSG00000145882	Q8NBM8	symbol	
PCYT1A	HGNC:8754	ENSG00000161217	P49585	symbol	
PCYT2	HGNC:8756	ENSG00000185813	Q99447	symbol	
PDAP1	HGNC:14634	ENSG00000106244	Q13442	symbol	
PDCD10	HGNC:8761	ENSG00000114209	Q9BUL8	symbol	
PDCD11	HGNC:13408	ENSG00000148843	Q14690	symbol	
PDCD2	HGNC:8762	ENSG00000071994	Q16342	symbol	
PDCD2L	HGNC:28194	ENSG00000126249	Q9BRP1	symbol	
PDCD4	HGNC:8763	ENSG00000150593	Q53EL6	symbol	
PDCD5	HGNC:8764	ENSG00000105185	O14737	symbol	
PDCD6	HGNC:8765	ENSG00000249915	O75340	symbol	
PDCD6IP	HGNC:8766	ENSG00000170248	Q8WUM4	symbol	
PDCL	HGNC:8770	ENSG00000136940	Q13371	symbol	
PDCL3	HGNC:28860	ENSG00000115539	Q9H2J4	symbol	
PDE12	HGNC:25386	ENSG00000174840	Q6L8Q7	symbol	
PDE1A	HGNC:8774	ENSG00000115252	P54750	symbol	
PDE1C	HGNC:8776	ENSG00000154678	Q14123	symbol	
PDE3A	HGNC:8778	ENSG00000172572	Q14432	symbol	
PDE3B	HGNC:8779	ENSG00000152270	Q13370	symbol	
PDE4A	HGNC:8780	ENSG00000065989	P27815	symbol	
PDE4D	HGNC:8783	ENSG00000113448	Q08499	symbol	
PDE4DIP	HGNC:15580	ENSG00000178104	Q5VU43	symbol	
PDE5A	HGNC:8784	ENSG00000138735	O76074	symbol	
PDE6D	HGNC:8788	ENSG00000156973	O43924	symbol	
PDE7A	HGNC:8791	ENSG00000205268	Q13946	symbol	
PDE8A	HGNC:8793	ENSG00000073417	O60658	symbol	
PDE8B	HGNC:8794	ENSG00000113231	O95263	symbol	
PDE9A	HGNC:8795	ENSG00000160191	O76083	symbol	
PDF	HGNC:30012	ENSG00000258429	Q9HBH1	symbol	
PDGFC	HGNC:8801	ENSG00000145431	Q9NRA1	symbol	
PDGFRB	HGNC:8804	ENSG00000113721	P09619	symbol	
PDHA1	HGNC:8806	ENSG00000131828	P08559	symbol	
PDHA2	HGNC:8807	ENSG00000163114	P29803	symbol	
PDHB	HGNC:8808	ENSG00000168291	P11177	symbol	
PDHX	HGNC:21350	ENSG00000110435	O00330	symbol	
PDIA2	HGNC:14180	ENSG00000185615	Q13087	symbol	
PDIA3	HGNC:4606	ENSG00000167004	P30101	symbol	
PDIA4	HGNC:30167	ENSG00000155660	P13667	symbol	
PDIA5	HGNC:24811	ENSG00000065485	Q14554	symbol	
PDIA6	HGNC:30168	ENSG00000143870	Q15084	symbol	
PDK1	HGNC:8809	ENSG00000152256	Q15118	symbol	
PDK3	HGNC:8811	ENSG00000067992	Q15120	symbol	
PDK4	HGNC:8812	ENSG00000004799	Q16654	symbol	
PDLIM1	HGNC:2067	ENSG00000107438	O00151	symbol	
PDLIM2	HGNC:13992	ENSG00000120913	Q96JY6	symbol	
PDLIM5	HGNC:17468	ENSG00000163110	Q96HC4	symbol	
PDLIM7	HGNC:22958	ENSG00000196923	Q9NR12	symbol	
PDP1	HGNC:9279	ENSG00000164951	Q9P0J1	symbol	
PDPK1	HGNC:8816	ENSG00000140992	O15530	symbol	
PDPR	HGNC:30264	ENSG00000090857	Q8NCN5	symbol	
PDRG1	HGNC:16119	ENSG00000088356	Q9NUG6	symbol	
PDS5A	HGNC:29088	ENSG00000121892	Q29RF7	symbol	
PDS5B	HGNC:20418	ENSG00000083642	Q9NTI5	symbol	
PDSS2	HGNC:23041	ENSG00000164494	Q86YH6	symbol	
PDXDC1	HGNC:28995	ENSG00000179889	Q6P996	symbol	
PDXK	HGNC:8819	ENSG00000160209	O00764	symbol	
PDXP	HGNC:30259	ENSG00000241360	Q96GD0	symbol	
PDZD11	HGNC:28034	ENSG00000120509	Q5EBL8	symbol	
PDZD2	HGNC:18486	ENSG00000133401	O15018	symbol	
PDZD7	HGNC:26257	ENSG00000186862	Q9H5P4	symbol	
PDZD8	HGNC:26974	ENSG00000165650	Q8NEN9	symbol	
PEA15	HGNC:8822	ENSG00000162734	Q15121	symbol	
PEAK1	HGNC:29431	ENSG00000173517	Q9H792	symbol	
PEBP1	HGNC:8630	ENSG00000089220	P30086	symbol	
PECAM1	HGNC:8823	ENSG00000261371	P16284	symbol	
PECR	HGNC:18281	ENSG00000115425	Q9BY49	symbol	
PEF1	HGNC:30009	ENSG00000162517	Q9UBV8	symbol	
PEG10	HGNC:14005	ENSG00000242265	Q86TG7	symbol	
PELI1	HGNC:8827	ENSG00000197329	Q96FA3	symbol	
PELO	HGNC:8829	ENSG00000152684	Q9BRX2	symbol	
PELP1	HGNC:30134	ENSG00000141456	Q8IZL8	symbol	
PENK	HGNC:8831	ENSG00000181195	P01210	symbol	
PEPD	HGNC:8840	ENSG00000124299	P12955	symbol	
PES1	HGNC:8848	ENSG00000100029	O00541	symbol	
PET100	HGNC:40038	ENSG00000229833	P0DJ07	symbol	
PEX1	HGNC:8850	ENSG00000127980	O43933	symbol	
PEX11B	HGNC:8853	ENSG00000131779	O96011	symbol	
PEX13	HGNC:8855	ENSG00000162928	Q92968	symbol	
PEX14	HGNC:8856	ENSG00000142655	O75381	symbol	
PEX16	HGNC:8857	ENSG00000121680	Q9Y5Y5	symbol	
PEX19	HGNC:9713	ENSG00000162735	P40855	symbol	
PEX2	HGNC:9717	ENSG00000164751	P28328	symbol	
PEX3	HGNC:8858	ENSG00000034693	P56589	symbol	
PEX5	HGNC:9719	ENSG00000139197	P50542	symbol	
PEX6	HGNC:8859	ENSG00000124587	Q13608	symbol	
PF4	HGNC:8861	ENSG00000163737	P02776	symbol	
PFAS	HGNC:8863	ENSG00000178921	O15067	symbol	
PFDN1	HGNC:8866	ENSG00000113068	O60925	symbol	
PFDN2	HGNC:8867	ENSG00000143256	Q9UHV9	symbol	
PFDN4	HGNC:8868	ENSG00000101132	Q9NQP4	symbol	
PFDN5	HGNC:8869	ENSG00000123349	Q99471	symbol	
PFDN6	HGNC:4926	ENSG00000204220	O15212	symbol	
PFKFB2	HGNC:8873	ENSG00000123836	O60825	symbol	
PFKFB3	HGNC:8874	ENSG00000170525	Q16875	symbol	
PFKL	HGNC:8876	ENSG00000141959	P17858	symbol	
PFKM	HGNC:8877	ENSG00000152556	P08237	symbol	
PFKP	HGNC:8878	ENSG00000067057	Q01813	symbol	
PFN1	HGNC:8881	ENSG00000108518	P07737	symbol	
PFN2	HGNC:8882	ENSG00000070087	P35080	symbol	
PFN3	HGNC:18627	ENSG00000196570	P60673	symbol	
PGAM1	HGNC:8888	ENSG00000171314	P18669	symbol	
PGAM2	HGNC:8889	ENSG00000164708	P15259	symbol	
PGAM5	HGNC:28763	ENSG00000247077	Q96HS1	symbol	
PGAP1	HGNC:25712	ENSG00000197121	Q75T13	symbol	
PGAP2	HGNC:17893	ENSG00000148985	Q9UHJ9	symbol	
PGAP3	HGNC:23719	ENSG00000161395	Q96FM1	symbol	
PGBD2	HGNC:19399	ENSG00000185220	Q6P3X8	symbol	
PGBD4	HGNC:19401	ENSG00000182405	Q96DM1	symbol	
PGD	HGNC:8891	ENSG00000142657	P52209	symbol	
PGGT1B	HGNC:8895	ENSG00000164219	P53609	symbol	
PGK1	HGNC:8896	ENSG00000102144	P00558	symbol	
PGK2	HGNC:8898	ENSG00000170950	P07205	symbol	
PGLS	HGNC:8903	ENSG00000130313	O95336	symbol	
PGLYRP2	HGNC:30013	ENSG00000161031	Q96PD5	symbol	
PGLYRP4	HGNC:30015	ENSG00000163218	Q96LB8	symbol	
PGM1	HGNC:8905	ENSG00000079739	P36871	symbol	
PGM2	HGNC:8906	ENSG00000169299	Q96G03	symbol	
PGM2L1	HGNC:20898	ENSG00000165434	Q6PCE3	symbol	
PGM3	HGNC:8907	ENSG00000013375	O95394	symbol	
PGP	HGNC:8909	ENSG00000184207	A6NDG6	symbol	
PGRMC1	HGNC:16090	ENSG00000101856	O00264	symbol	
PGRMC2	HGNC:16089	ENSG00000164040	O15173	symbol	
PGS1	HGNC:30029	ENSG00000087157	Q32NB8	symbol	
PHACTR4	HGNC:25793	ENSG00000204138	Q8IZ21	symbol	
PHAF1	HGNC:29564	ENSG00000125149	Q9BSU1	symbol	
PHAX	HGNC:10241	ENSG00000164902	Q9H814	symbol	
PHB1	HGNC:8912	ENSG00000167085	P35232	symbol	
PHB2	HGNC:30306	ENSG00000215021	Q99623	symbol	
PHC2	HGNC:3183	ENSG00000134686	Q8IXK0	symbol	
PHC3	HGNC:15682	ENSG00000173889	Q8NDX5	symbol	
PHETA1	HGNC:26509	ENSG00000198324	Q8N4B1	symbol	
PHF10	HGNC:18250	ENSG00000130024	Q8WUB8	symbol	
PHF12	HGNC:20816	ENSG00000109118	Q96QT6	symbol	
PHF14	HGNC:22203	ENSG00000106443	O94880	symbol	
PHF2	HGNC:8920	ENSG00000197724	O75151	symbol	
PHF20	HGNC:16098	ENSG00000025293	Q9BVI0	symbol	
PHF21A	HGNC:24156	ENSG00000135365	Q96BD5	symbol	
PHF23	HGNC:28428	ENSG00000040633	Q9BUL5	symbol	
PHF3	HGNC:8921	ENSG00000118482	Q92576	symbol	
PHF5A	HGNC:18000	ENSG00000100410	Q7RTV0	symbol	
PHF6	HGNC:18145	ENSG00000156531	Q8IWS0	symbol	
PHF8	HGNC:20672	ENSG00000172943	Q9UPP1	symbol	
PHGDH	HGNC:8923	ENSG00000092621	O43175	symbol	
PHIP	HGNC:15673	ENSG00000146247	Q8WWQ0	symbol	
PHKA1	HGNC:8925	ENSG00000067177	P46020	symbol	
PHKA2	HGNC:8926	ENSG00000044446	P46019	symbol	
PHKB	HGNC:8927	ENSG00000102893	Q93100	symbol	
PHKG2	HGNC:8931	ENSG00000156873	P15735	symbol	
PHLDA1	HGNC:8933	ENSG00000139289	Q8WV24	symbol	
PHLDA2	HGNC:12385	ENSG00000181649	Q53GA4	symbol	
PHLDA3	HGNC:8934	ENSG00000174307	Q9Y5J5	symbol	
PHLDB1	HGNC:23697	ENSG00000019144	Q86UU1	symbol	
PHLDB2	HGNC:29573	ENSG00000144824	Q86SQ0	symbol	
PHLPP1	HGNC:20610	ENSG00000081913	O60346	symbol	
PHPT1	HGNC:30033	ENSG00000054148	Q9NRX4	symbol	
PHRF1	HGNC:24351	ENSG00000070047	Q9P1Y6	symbol	
PHTF2	HGNC:13411	ENSG00000006576	Q8N3S3	symbol	
PHYH	HGNC:8940	ENSG00000107537	O14832	symbol	
PHYHIP	HGNC:16865	ENSG00000168490	Q92561	symbol	
PI3	HGNC:8947	ENSG00000124102	P19957	symbol	
PI4K2A	HGNC:30031	ENSG00000155252	Q9BTU6	symbol	
PI4KA	HGNC:8983	ENSG00000241973	P42356	symbol	
PI4KB	HGNC:8984	ENSG00000143393	Q9UBF8	symbol	
PIAS1	HGNC:2752	ENSG00000033800	O75925	symbol	
PIAS2	HGNC:17311	ENSG00000078043	O75928	symbol	
PIAS4	HGNC:17002	ENSG00000105229	Q8N2W9	symbol	
PIBF1	HGNC:23352	ENSG00000083535	Q8WXW3	symbol	
PICALM	HGNC:15514	ENSG00000073921	Q13492	symbol	
PIDD1	HGNC:16491	ENSG00000177595	C0HMD6|Q9HB75	symbol	
PIEZO1	HGNC:28993	ENSG00000103335	Q92508	symbol	
PIGBOS1	HGNC:50696	ENSG00000225973	A0A0B4J2F0	symbol	
PIGG	HGNC:25985	ENSG00000174227	Q5H8A4	symbol	
PIGK	HGNC:8965	ENSG00000142892	Q92643	symbol	
PIGO	HGNC:23215	ENSG00000165282	Q8TEQ8	symbol	
PIGR	HGNC:8968	ENSG00000162896	P01833	symbol	
PIGS	HGNC:14937	ENSG00000087111	Q96S52	symbol	
PIGT	HGNC:14938	ENSG00000124155	Q969N2	symbol	
PIGU	HGNC:15791	ENSG00000101464	Q9H490	symbol	
PIGW	HGNC:23213	ENSG00000277161	Q7Z7B1	symbol	
PIH1D1	HGNC:26075	ENSG00000104872	Q9NWS0	symbol	
PIK3AP1	HGNC:30034	ENSG00000155629	Q6ZUJ8	symbol	
PIK3C2A	HGNC:8971	ENSG00000011405	O00443	symbol	
PIK3C2B	HGNC:8972	ENSG00000133056	O00750	symbol	
PIK3C3	HGNC:8974	ENSG00000078142	Q8NEB9	symbol	
PIK3CA	HGNC:8975	ENSG00000121879	P42336	symbol	
PIK3CB	HGNC:8976	ENSG00000051382	P42338	symbol	
PIK3CD	HGNC:8977	ENSG00000171608	O00329	symbol	
PIK3CG	HGNC:8978	ENSG00000105851	P48736	symbol	
PIK3IP1	HGNC:24942	ENSG00000100100	Q96FE7	symbol	
PIK3R1	HGNC:8979	ENSG00000145675	P27986	symbol	
PIK3R2	HGNC:8980	ENSG00000105647	O00459	symbol	
PIK3R4	HGNC:8982	ENSG00000196455	Q99570	symbol	
PIK3R6	HGNC:27101	ENSG00000276231	Q5UE93	symbol	
PIMREG	HGNC:25483	ENSG00000129195	Q9BSJ6	symbol	
PIN1	HGNC:8988	ENSG00000127445	Q13526	symbol	
PIN4	HGNC:8992	ENSG00000102309	Q9Y237	symbol	
PINX1	HGNC:30046	ENSG00000254093	Q96BK5	symbol	
PIP	HGNC:8993	ENSG00000159763	P12273	symbol	
PIP4K2A	HGNC:8997	ENSG00000150867	P48426	symbol	
PIP4K2B	HGNC:8998	ENSG00000276293	P78356	symbol	
PIP4K2C	HGNC:23786	ENSG00000166908	Q8TBX8	symbol	
PIP4P1	HGNC:19299	ENSG00000165782	Q86T03	symbol	
PIP5K1A	HGNC:8994	ENSG00000143398	Q99755	symbol	
PIP5K1B	HGNC:8995	ENSG00000107242	O14986	symbol	
PIR	HGNC:30048	ENSG00000087842	O00625	symbol	
PISD	HGNC:8999	ENSG00000241878	Q9UG56	symbol	
PITHD1	HGNC:25022	ENSG00000057757	Q9GZP4	symbol	
PITPNA	HGNC:9001	ENSG00000174238	Q00169	symbol	
PITPNB	HGNC:9002	ENSG00000180957	P48739	symbol	
PITPNM1	HGNC:9003	ENSG00000110697	O00562	symbol	
PITRM1	HGNC:17663	ENSG00000107959	Q5JRX3	symbol	
PITX1	HGNC:9004	ENSG00000069011	P78337	symbol	
PITX2	HGNC:9005	ENSG00000164093	Q99697	symbol	
PKD1	HGNC:9008	ENSG00000008710	P98161	symbol	
PKD1L1	HGNC:18053	ENSG00000158683	Q8TDX9	symbol	
PKD2	HGNC:9009	ENSG00000118762	Q13563	symbol	
PKDREJ	HGNC:9015	ENSG00000130943	Q9NTG1	symbol	
PKHD1	HGNC:9016	ENSG00000170927	P08F94	symbol	
PKLR	HGNC:9020	ENSG00000143627	P30613	symbol	
PKM	HGNC:9021	ENSG00000067225	P14618	symbol	
PKMYT1	HGNC:29650	ENSG00000127564	Q99640	symbol	
PKN1	HGNC:9405	ENSG00000123143	Q16512	symbol	
PKN2	HGNC:9406	ENSG00000065243	Q16513	symbol	
PKN3	HGNC:17999	ENSG00000160447	Q6P5Z2	symbol	
PKP1	HGNC:9023	ENSG00000081277	Q13835	symbol	
PKP2	HGNC:9024	ENSG00000057294	Q99959	symbol	
PKP3	HGNC:9025	ENSG00000184363	Q9Y446	symbol	
PKP4	HGNC:9026	ENSG00000144283	Q99569	symbol	
PLA2G15	HGNC:17163	ENSG00000103066	Q8NCC3	symbol	
PLA2G2A	HGNC:9031	ENSG00000188257	P14555	symbol	
PLA2G4A	HGNC:9035	ENSG00000116711	P47712	symbol	
PLA2G4B	HGNC:9036	ENSG00000243708	P0C869	symbol	
PLA2G4C	HGNC:9037	ENSG00000105499	Q9UP65	symbol	
PLA2G4D	HGNC:30038	ENSG00000159337	Q86XP0	symbol	
PLA2G4E	HGNC:24791	ENSG00000188089	Q3MJ16	symbol	
PLA2G4F	HGNC:27396	ENSG00000168907	Q68DD2	symbol	
PLA2G7	HGNC:9040	ENSG00000146070	Q13093	symbol	
PLAA	HGNC:9043	ENSG00000137055	Q9Y263	symbol	
PLAAT3	HGNC:17825	ENSG00000176485	P53816	symbol	
PLAUR	HGNC:9053	ENSG00000011422	Q03405	symbol	
PLBD1	HGNC:26215	ENSG00000121316	Q6P4A8	symbol	
PLBD2	HGNC:27283	ENSG00000151176	Q8NHP8	symbol	
PLCB1	HGNC:15917	ENSG00000182621	Q9NQ66	symbol	
PLCB2	HGNC:9055	ENSG00000137841	Q00722	symbol	
PLCB3	HGNC:9056	ENSG00000149782	Q01970	symbol	
PLCB4	HGNC:9059	ENSG00000101333	Q15147	symbol	
PLCD1	HGNC:9060	ENSG00000187091	P51178	symbol	
PLCD3	HGNC:9061	ENSG00000161714	Q8N3E9	symbol	
PLCG1	HGNC:9065	ENSG00000124181	P19174	symbol	
PLCG2	HGNC:9066	ENSG00000197943	P16885	symbol	
PLCH2	HGNC:29037	ENSG00000149527	O75038	symbol	
PLCL2	HGNC:9064	ENSG00000154822	Q9UPR0	symbol	
PLCXD1	HGNC:23148	ENSG00000182378	Q9NUJ7	symbol	
PLD1	HGNC:9067	ENSG00000075651	Q13393	symbol	
PLD2	HGNC:9068	ENSG00000129219	O14939	symbol	
PLD3	HGNC:17158	ENSG00000105223	Q8IV08	symbol	
PLD4	HGNC:23792	ENSG00000166428	Q96BZ4	symbol	
PLEC	HGNC:9069	ENSG00000178209	Q15149	symbol	
PLEK	HGNC:9070	ENSG00000115956	P08567	symbol	
PLEK2	HGNC:19238	ENSG00000100558	Q9NYT0	symbol	
PLEKHA1	HGNC:14335	ENSG00000107679	Q9HB21	symbol	
PLEKHA2	HGNC:14336	ENSG00000169499	Q9HB19	symbol	
PLEKHA5	HGNC:30036	ENSG00000052126	Q9HAU0	symbol	
PLEKHA6	HGNC:17053	ENSG00000143850	Q9Y2H5	symbol	
PLEKHA7	HGNC:27049	ENSG00000166689	Q6IQ23	symbol	
PLEKHF1	HGNC:20764	ENSG00000166289	Q96S99	symbol	
PLEKHF2	HGNC:20757	ENSG00000175895	Q9H8W4	symbol	
PLEKHG1	HGNC:20884	ENSG00000120278	Q9ULL1	symbol	
PLEKHG2	HGNC:29515	ENSG00000090924	Q9H7P9	symbol	
PLEKHG3	HGNC:20364	ENSG00000126822	A1L390	symbol	
PLEKHG5	HGNC:29105	ENSG00000171680	O94827	symbol	
PLEKHO2	HGNC:30026	ENSG00000241839	Q8TD55	symbol	
PLG	HGNC:9071	ENSG00000122194	P00747	symbol	
PLGRKT	HGNC:23633	ENSG00000107020	Q9HBL7	symbol	
PLIN1	HGNC:9076	ENSG00000166819	O60240	symbol	
PLIN2	HGNC:248	ENSG00000147872	Q99541	symbol	
PLIN3	HGNC:16893	ENSG00000105355	O60664	symbol	
PLIN4	HGNC:29393	ENSG00000167676	Q96Q06	symbol	
PLK1	HGNC:9077	ENSG00000166851	P53350	symbol	
PLK4	HGNC:11397	ENSG00000142731	O00444	symbol	
PLLP	HGNC:18553	ENSG00000102934	Q9Y342	symbol	
PLOD1	HGNC:9081	ENSG00000083444	Q02809	symbol	
PLOD2	HGNC:9082	ENSG00000152952	O00469	symbol	
PLOD3	HGNC:9083	ENSG00000106397	O60568	symbol	
PLP1	HGNC:9086	ENSG00000123560	P60201	symbol	
PLP2	HGNC:9087	ENSG00000102007	Q04941	symbol	
PLPBP	HGNC:9457	ENSG00000147471	O94903	symbol	
PLPP2	HGNC:9230	ENSG00000141934	O43688	symbol	
PLPP3	HGNC:9229	ENSG00000162407	O14495	symbol	
PLPP6	HGNC:23682	ENSG00000205808	Q8IY26	symbol	
PLPP7	HGNC:28174	ENSG00000160539	Q8NBV4	symbol	
PLRG1	HGNC:9089	ENSG00000171566	O43660	symbol	
PLS1	HGNC:9090	ENSG00000120756	Q14651	symbol	
PLS3	HGNC:9091	ENSG00000102024	P13797	symbol	
PLSCR1	HGNC:9092	ENSG00000188313	O15162	symbol	
PLTP	HGNC:9093	ENSG00000100979	P55058	symbol	
PLVAP	HGNC:13635	ENSG00000130300	Q9BX97	symbol	
PLXNA2	HGNC:9100	ENSG00000076356	O75051	symbol	
PLXNA4	HGNC:9102	ENSG00000221866	Q9HCM2	symbol	
PLXNB1	HGNC:9103	ENSG00000164050	O43157	symbol	
PLXNB2	HGNC:9104	ENSG00000196576	O15031	symbol	
PLXND1	HGNC:9107	ENSG00000004399	Q9Y4D7	symbol	
PM20D1	HGNC:26518	ENSG00000162877	Q6GTS8	symbol	
PM20D2	HGNC:21408	ENSG00000146281	Q8IYS1	symbol	
PMF1	HGNC:9112	ENSG00000160783	Q6P1K2	symbol	
PMFBP1	HGNC:17728	ENSG00000118557	Q8TBY8	symbol	
PML	HGNC:9113	ENSG00000140464	P29590	symbol	
PMM2	HGNC:9115	ENSG00000140650	O15305	symbol	
PMPCA	HGNC:18667	ENSG00000165688	Q10713	symbol	
PMPCB	HGNC:9119	ENSG00000105819	O75439	symbol	
PMS1	HGNC:9121	ENSG00000064933	P54277	symbol	
PMS2	HGNC:9122	ENSG00000122512	P54278	symbol	
PMS2P11	HGNC:9125	ENSG00000241350	Q13670	symbol	
PMVK	HGNC:9141	ENSG00000163344	Q15126	symbol	
PNISR	HGNC:21222	ENSG00000132424	Q8TF01	symbol	
PNKD	HGNC:9153	ENSG00000127838	Q8N490	symbol	
PNKP	HGNC:9154	ENSG00000039650	Q96T60	symbol	
PNLIPRP2	HGNC:9157	ENSG00000266200	P54317	symbol	
PNLIPRP3	HGNC:23492	ENSG00000203837	Q17RR3	symbol	
PNMA2	HGNC:9159	ENSG00000240694	Q9UL42	symbol	
PNN	HGNC:9162	ENSG00000100941	Q9H307	symbol	
PNO1	HGNC:32790	ENSG00000115946	Q9NRX1	symbol	
PNP	HGNC:7892	ENSG00000198805	P00491	symbol	
PNPLA2	HGNC:30802	ENSG00000177666	Q96AD5	symbol	
PNPLA4	HGNC:24887	ENSG00000006757	P41247	symbol	
PNPLA5	HGNC:24888	ENSG00000100341	Q7Z6Z6	symbol	
PNPLA6	HGNC:16268	ENSG00000032444	Q8IY17	symbol	
PNPLA8	HGNC:28900	ENSG00000135241	Q9NP80	symbol	
PNPO	HGNC:30260	ENSG00000108439	Q9NVS9	symbol	
PNPT1	HGNC:23166	ENSG00000138035	Q8TCS8	symbol	
POC1B	HGNC:30836	ENSG00000139323	Q8TC44	symbol	
PODXL	HGNC:9171	ENSG00000128567	O00592	symbol	
POF1B	HGNC:13711	ENSG00000124429	Q8WVV4	symbol	
POFUT1	HGNC:14988	ENSG00000101346	Q9H488	symbol	
POGK	HGNC:18800	ENSG00000143157	Q9P215	symbol	
POGLUT1	HGNC:22954	ENSG00000163389	Q8NBL1	symbol	
POGLUT2	HGNC:19350	ENSG00000134901	Q6UW63	symbol	
POGLUT3	HGNC:28496	ENSG00000178202	Q7Z4H8	symbol	
POGZ	HGNC:18801	ENSG00000143442	Q7Z3K3	symbol	
POLA1	HGNC:9173	ENSG00000101868	P09884	symbol	
POLA2	HGNC:30073	ENSG00000014138	Q14181	symbol	
POLB	HGNC:9174	ENSG00000070501	P06746	symbol	
POLD1	HGNC:9175	ENSG00000062822	P28340	symbol	
POLD2	HGNC:9176	ENSG00000106628	P49005	symbol	
POLD3	HGNC:20932	ENSG00000077514	Q15054	symbol	
POLD4	HGNC:14106	ENSG00000175482	Q9HCU8	symbol	
POLDIP2	HGNC:23781	ENSG00000004142	Q9Y2S7	symbol	
POLDIP3	HGNC:23782	ENSG00000100227	Q9BY77	symbol	
POLE	HGNC:9177	ENSG00000177084	Q07864	symbol	
POLE2	HGNC:9178	ENSG00000100479	P56282	symbol	
POLE3	HGNC:13546	ENSG00000148229	Q9NRF9	symbol	
POLE4	HGNC:18755	ENSG00000115350	Q9NR33	symbol	
POLG	HGNC:9179	ENSG00000140521	P54098	symbol	
POLG2	HGNC:9180	ENSG00000256525	Q9UHN1	symbol	
POLL	HGNC:9184	ENSG00000166169	Q9UGP5	symbol	
POLQ	HGNC:9186	ENSG00000051341	O75417	symbol	
POLR1A	HGNC:17264	ENSG00000068654	O95602	symbol	
POLR1B	HGNC:20454	ENSG00000125630	Q9H9Y6	symbol	
POLR1C	HGNC:20194	ENSG00000171453	O15160	symbol	
POLR1D	HGNC:20422	ENSG00000186184	P0DPB5|P0DPB6	symbol	
POLR1E	HGNC:17631	ENSG00000137054	Q9GZS1	symbol	
POLR1F	HGNC:18027	ENSG00000105849	Q3B726	symbol	
POLR1G	HGNC:24219	ENSG00000117877	O15446	symbol	
POLR2A	HGNC:9187	ENSG00000181222	P24928	symbol	
POLR2B	HGNC:9188	ENSG00000047315	P30876	symbol	
POLR2C	HGNC:9189	ENSG00000102978	P19387	symbol	
POLR2D	HGNC:9191	ENSG00000144231	O15514	symbol	
POLR2E	HGNC:9192	ENSG00000099817	P19388	symbol	
POLR2F	HGNC:9193	ENSG00000100142	P61218	symbol	
POLR2G	HGNC:9194	ENSG00000168002	P62487	symbol	
POLR2H	HGNC:9195	ENSG00000163882	P52434	symbol	
POLR2J	HGNC:9197	ENSG00000005075	P52435	symbol	
POLR2J2	HGNC:23208	ENSG00000228049	Q9GZM3	symbol	
POLR2J3	HGNC:33853	ENSG00000168255	Q9H1A7	symbol	
POLR2K	HGNC:9198	ENSG00000147669	P53803	symbol	
POLR2L	HGNC:9199	ENSG00000177700	P62875	symbol	
POLR2M	HGNC:14862	ENSG00000255529	P0CAP2|Q6EEV4	symbol	
POLR3A	HGNC:30074	ENSG00000148606	O14802	symbol	
POLR3B	HGNC:30348	ENSG00000013503	Q9NW08	symbol	
POLR3C	HGNC:30076	ENSG00000186141	Q9BUI4	symbol	
POLR3D	HGNC:1080	ENSG00000168495	P05423	symbol	
POLR3E	HGNC:30347	ENSG00000058600	Q9NVU0	symbol	
POLR3F	HGNC:15763	ENSG00000132664	Q9H1D9	symbol	
POLR3G	HGNC:30075	ENSG00000113356	O15318	symbol	
POLR3H	HGNC:30349	ENSG00000100413	Q9Y535	symbol	
POLR3K	HGNC:14121	ENSG00000161980	Q9Y2Y1	symbol	
POLRMT	HGNC:9200	ENSG00000099821	O00411	symbol	
POM121	HGNC:19702	ENSG00000196313	Q96HA1	symbol	
POM121C	HGNC:34005	ENSG00000272391	A8CG34	symbol	
POMGNT1	HGNC:19139	ENSG00000085998	Q8WZA1	symbol	
POMP	HGNC:20330	ENSG00000132963	Q9Y244	symbol	
PON1	HGNC:9204	ENSG00000005421	P27169	symbol	
PON2	HGNC:9205	ENSG00000105854	Q15165	symbol	
POP1	HGNC:30129	ENSG00000104356	Q99575	symbol	
POP4	HGNC:30081	ENSG00000105171	O95707	symbol	
POP7	HGNC:19949	ENSG00000172336	O75817	symbol	
POR	HGNC:9208	ENSG00000127948	P16435	symbol	
POSTN	HGNC:16953	ENSG00000133110	Q15063	symbol	
POTEE	HGNC:33895	ENSG00000188219	Q6S8J3	symbol	
POU2AF1	HGNC:9211	ENSG00000110777	Q16633	symbol	
POU2F1	HGNC:9212	ENSG00000143190	P14859	symbol	
POU2F2	HGNC:9213	ENSG00000028277	P09086	symbol	
POU2F3	HGNC:19864	ENSG00000137709	Q9UKI9	symbol	
PPA1	HGNC:9226	ENSG00000180817	Q15181	symbol	
PPA2	HGNC:28883	ENSG00000138777	Q9H2U2	symbol	
PPAN	HGNC:9227	ENSG00000130810	Q9NQ55	symbol	
PPARD	HGNC:9235	ENSG00000112033	Q03181	symbol	
PPAT	HGNC:9238	ENSG00000128059	Q06203	symbol	
PPBP	HGNC:9240	ENSG00000163736	P02775	symbol	
PPCS	HGNC:25686	ENSG00000127125	Q9HAB8	symbol	
PPFIA1	HGNC:9245	ENSG00000131626	Q13136	symbol	
PPFIA3	HGNC:9247	ENSG00000177380	O75145	symbol	
PPFIBP1	HGNC:9249	ENSG00000110841	Q86W92	symbol	
PPFIBP2	HGNC:9250	ENSG00000166387	Q8ND30	symbol	
PPHLN1	HGNC:19369	ENSG00000134283	Q8NEY8	symbol	
PPIA	HGNC:9253	ENSG00000196262	P62937	symbol	
PPIB	HGNC:9255	ENSG00000166794	P23284	symbol	
PPIC	HGNC:9256	ENSG00000168938	P45877	symbol	
PPID	HGNC:9257	ENSG00000171497	Q08752	symbol	
PPIE	HGNC:9258	ENSG00000084072	Q9UNP9	symbol	
PPIF	HGNC:9259	ENSG00000108179	P30405	symbol	
PPIG	HGNC:14650	ENSG00000138398	Q13427	symbol	
PPIH	HGNC:14651	ENSG00000171960	O43447	symbol	
PPIL1	HGNC:9260	ENSG00000137168	Q9Y3C6	symbol	
PPIL2	HGNC:9261	ENSG00000100023	Q13356	symbol	
PPIL3	HGNC:9262	ENSG00000240344	Q9H2H8	symbol	
PPIL4	HGNC:15702	ENSG00000131013	Q8WUA2	symbol	
PPIP5K1	HGNC:29023	ENSG00000168781	Q6PFW1	symbol	
PPIP5K2	HGNC:29035	ENSG00000145725	O43314	symbol	
PPL	HGNC:9273	ENSG00000118898	O60437	symbol	
PPM1A	HGNC:9275	ENSG00000100614	P35813	symbol	
PPM1B	HGNC:9276	ENSG00000138032	O75688	symbol	
PPM1D	HGNC:9277	ENSG00000170836	O15297	symbol	
PPM1E	HGNC:19322	ENSG00000175175	Q8WY54	symbol	
PPM1F	HGNC:19388	ENSG00000100034	P49593	symbol	
PPM1G	HGNC:9278	ENSG00000115241	O15355	symbol	
PPM1H	HGNC:18583	ENSG00000111110	Q9ULR3	symbol	
PPM1L	HGNC:16381	ENSG00000163590	Q5SGD2	symbol	
PPME1	HGNC:30178	ENSG00000214517	Q9Y570	symbol	
PPOX	HGNC:9280	ENSG00000143224	P50336	symbol	
PPP1CA	HGNC:9281	ENSG00000172531	P62136	symbol	
PPP1CB	HGNC:9282	ENSG00000213639	P62140	symbol	
PPP1CC	HGNC:9283	ENSG00000186298	P36873	symbol	
PPP1R10	HGNC:9284	ENSG00000204569	Q96QC0	symbol	
PPP1R11	HGNC:9285	ENSG00000204619	O60927	symbol	
PPP1R12A	HGNC:7618	ENSG00000058272	O14974	symbol	
PPP1R12C	HGNC:14947	ENSG00000125503	Q9BZL4	symbol	
PPP1R13L	HGNC:18838	ENSG00000104881	Q8WUF5	symbol	
PPP1R14A	HGNC:14871	ENSG00000167641	Q96A00	symbol	
PPP1R14B	HGNC:9057	ENSG00000173457	Q96C90	symbol	
PPP1R18	HGNC:29413	ENSG00000146112	Q6NYC8	symbol	
PPP1R2	HGNC:9288	ENSG00000184203	P41236	symbol	
PPP1R21	HGNC:30595	ENSG00000162869	Q6ZMI0	symbol	
PPP1R2B	HGNC:16318	ENSG00000231989	Q6NXS1	symbol	
PPP1R35	HGNC:28320	ENSG00000160813	Q8TAP8	symbol	
PPP1R3D	HGNC:9294	ENSG00000132825	O95685	symbol	
PPP1R7	HGNC:9295	ENSG00000115685	Q15435	symbol	
PPP1R8	HGNC:9296	ENSG00000117751	Q12972	symbol	
PPP1R9A	HGNC:14946	ENSG00000158528	Q9ULJ8	symbol	
PPP1R9B	HGNC:9298	ENSG00000108819	Q96SB3	symbol	
PPP2CA	HGNC:9299	ENSG00000113575	P67775	symbol	
PPP2CB	HGNC:9300	ENSG00000104695	P62714	symbol	
PPP2R1A	HGNC:9302	ENSG00000105568	P30153	symbol	
PPP2R1B	HGNC:9303	ENSG00000137713	P30154	symbol	
PPP2R2A	HGNC:9304	ENSG00000221914	P63151	symbol	
PPP2R2D	HGNC:23732	ENSG00000175470	Q66LE6	symbol	
PPP2R5A	HGNC:9309	ENSG00000066027	Q15172	symbol	
PPP2R5C	HGNC:9311	ENSG00000078304	Q13362	symbol	
PPP2R5D	HGNC:9312	ENSG00000112640	Q14738	symbol	
PPP2R5E	HGNC:9313	ENSG00000154001	Q16537	symbol	
PPP3CA	HGNC:9314	ENSG00000138814	Q08209	symbol	
PPP3CB	HGNC:9315	ENSG00000107758	P16298	symbol	
PPP3CC	HGNC:9316	ENSG00000120910	P48454	symbol	
PPP3R1	HGNC:9317	ENSG00000221823	P63098	symbol	
PPP4C	HGNC:9319	ENSG00000149923	P60510	symbol	
PPP4R1	HGNC:9320	ENSG00000154845	Q8TF05	symbol	
PPP4R2	HGNC:18296	ENSG00000163605	Q9NY27	symbol	
PPP4R3A	HGNC:20219	ENSG00000100796	Q6IN85	symbol	
PPP4R3B	HGNC:29267	ENSG00000275052	Q5MIZ7	symbol	
PPP5C	HGNC:9322	ENSG00000011485	P53041	symbol	
PPP6C	HGNC:9323	ENSG00000119414	O00743	symbol	
PPP6R1	HGNC:29195	ENSG00000105063	Q9UPN7	symbol	
PPP6R3	HGNC:1173	ENSG00000110075	Q5H9R7	symbol	
PPRC1	HGNC:30025	ENSG00000148840	Q5VV67	symbol	
PPT1	HGNC:9325	ENSG00000131238	P50897	symbol	
PPT2	HGNC:9326	ENSG00000221988	Q9UMR5	symbol	
PPTC7	HGNC:30695	ENSG00000196850	Q8NI37	symbol	
PPWD1	HGNC:28954	ENSG00000113593	Q96BP3	symbol	
PQBP1	HGNC:9330	ENSG00000102103	O60828	symbol	
PRAF2	HGNC:28911	ENSG00000243279	O60831	symbol	
PRAM1	HGNC:30091	ENSG00000133246	Q96QH2	symbol	
PRAMEF18	HGNC:30693	ENSG00000279804	Q5VWM3	symbol	
PRAMEF19	HGNC:24908	ENSG00000204480	Q5SWL8	symbol	
PRB1	HGNC:9337	ENSG00000251655	P04280	symbol	
PRB2	HGNC:9338	ENSG00000121335	P02812	symbol	
PRB3	HGNC:9339	ENSG00000197870	Q04118	symbol	
PRB4	HGNC:9340	ENSG00000230657	P10163	symbol	
PRC1	HGNC:9341	ENSG00000198901	O43663	symbol	
PRCC	HGNC:9343	ENSG00000143294	Q92733	symbol	
PRCP	HGNC:9344	ENSG00000137509	P42785	symbol	
PRDM1	HGNC:9346	ENSG00000057657	O75626	symbol	
PRDM10	HGNC:13995	ENSG00000170325	Q9NQV6	symbol	
PRDM16	HGNC:14000	ENSG00000142611	Q9HAZ2	symbol	
PRDM2	HGNC:9347	ENSG00000116731	Q13029	symbol	
PRDM6	HGNC:9350	ENSG00000061455	Q9NQX0	symbol	
PRDX1	HGNC:9352	ENSG00000117450	Q06830	symbol	
PRDX2	HGNC:9353	ENSG00000167815	P32119	symbol	
PRDX3	HGNC:9354	ENSG00000165672	P30048	symbol	
PRDX4	HGNC:17169	ENSG00000123131	Q13162	symbol	
PRDX5	HGNC:9355	ENSG00000126432	P30044	symbol	
PRDX6	HGNC:16753	ENSG00000117592	P30041	symbol	
PREB	HGNC:9356	ENSG00000138073	Q9HCU5	symbol	
PRELID1	HGNC:30255	ENSG00000169230	Q9Y255	symbol	
PRELID3B	HGNC:15892	ENSG00000101166	Q9Y3B1	symbol	
PRELP	HGNC:9357	ENSG00000188783	P51888	symbol	
PREP	HGNC:9358	ENSG00000085377	P48147	symbol	
PREPL	HGNC:30228	ENSG00000138078	Q4J6C6	symbol	
PREX1	HGNC:32594	ENSG00000124126	Q8TCU6	symbol	
PRF1	HGNC:9360	ENSG00000180644	P14222	symbol	
PRG2	HGNC:9362	ENSG00000186652	P13727	symbol	
PRG3	HGNC:9363	ENSG00000156575	Q9Y2Y8	symbol	
PRG4	HGNC:9364	ENSG00000116690	Q92954	symbol	
PRH1	HGNC:9366	ENSG00000231887	P02810	symbol	
PRICKLE2	HGNC:20340	ENSG00000163637	Q7Z3G6	symbol	
PRIM1	HGNC:9369	ENSG00000198056	P49642	symbol	
PRIM2	HGNC:9370	ENSG00000146143	P49643	symbol	
PRIMPOL	HGNC:26575	ENSG00000164306	Q96LW4	symbol	
PRKAA1	HGNC:9376	ENSG00000132356	Q13131	symbol	
PRKAA2	HGNC:9377	ENSG00000162409	P54646	symbol	
PRKAB1	HGNC:9378	ENSG00000111725	Q9Y478	symbol	
PRKAB2	HGNC:9379	ENSG00000131791	O43741	symbol	
PRKACA	HGNC:9380	ENSG00000072062	P17612	symbol	
PRKACB	HGNC:9381	ENSG00000142875	P22694	symbol	
PRKAG1	HGNC:9385	ENSG00000181929	P54619	symbol	
PRKAG2	HGNC:9386	ENSG00000106617	Q9UGJ0	symbol	
PRKAR1A	HGNC:9388	ENSG00000108946	P10644	symbol	
PRKAR2A	HGNC:9391	ENSG00000114302	P13861	symbol	
PRKAR2B	HGNC:9392	ENSG00000005249	P31323	symbol	
PRKCA	HGNC:9393	ENSG00000154229	P17252	symbol	
PRKCB	HGNC:9395	ENSG00000166501	P05771	symbol	
PRKCD	HGNC:9399	ENSG00000163932	Q05655	symbol	
PRKCE	HGNC:9401	ENSG00000171132	Q02156	symbol	
PRKCG	HGNC:9402	ENSG00000126583	P05129	symbol	
PRKCH	HGNC:9403	ENSG00000027075	C0HM02|P24723	symbol	
PRKCI	HGNC:9404	ENSG00000163558	P41743	symbol	
PRKCSH	HGNC:9411	ENSG00000130175	P14314	symbol	
PRKD1	HGNC:9407	ENSG00000184304	Q15139	symbol	
PRKD2	HGNC:17293	ENSG00000105287	Q9BZL6	symbol	
PRKD3	HGNC:9408	ENSG00000115825	O94806	symbol	
PRKDC	HGNC:9413	ENSG00000253729	P78527	symbol	
PRKRA	HGNC:9438	ENSG00000180228	O75569	symbol	
PRMT1	HGNC:5187	ENSG00000126457	Q99873	symbol	
PRMT3	HGNC:30163	ENSG00000185238	O60678	symbol	
PRMT5	HGNC:10894	ENSG00000100462	O14744	symbol	
PRMT6	HGNC:18241	ENSG00000198890	Q96LA8	symbol	
PRMT7	HGNC:25557	ENSG00000132600	Q9NVM4	symbol	
PRMT9	HGNC:25099	ENSG00000164169	Q6P2P2	symbol	
PRNP	HGNC:9449	ENSG00000171867	F7VJQ1|P04156	symbol	
PROCR	HGNC:9452	ENSG00000101000	Q9UNN8	symbol	
PRODH2	HGNC:17325	ENSG00000250799	Q9UF12	symbol	
PRORP	HGNC:19958	ENSG00000100890	O15091	symbol	
PROS1	HGNC:9456	ENSG00000184500	P07225	symbol	
PROSER2	HGNC:23728	ENSG00000148426	Q86WR7	symbol	
PRPF19	HGNC:17896	ENSG00000110107	Q9UMS4	symbol	
PRPF3	HGNC:17348	ENSG00000117360	O43395	symbol	
PRPF31	HGNC:15446	ENSG00000105618	Q8WWY3	symbol	
PRPF38A	HGNC:25930	ENSG00000134748	Q8NAV1	symbol	
PRPF38B	HGNC:25512	ENSG00000134186	Q5VTL8	symbol	
PRPF39	HGNC:20314	ENSG00000185246	Q86UA1	symbol	
PRPF4	HGNC:17349	ENSG00000136875	O43172	symbol	
PRPF40A	HGNC:16463	ENSG00000196504	O75400	symbol	
PRPF4B	HGNC:17346	ENSG00000112739	Q13523	alias_or_prev_symbol	
PRPF6	HGNC:15860	ENSG00000101161	O94906	symbol	
PRPF8	HGNC:17340	ENSG00000174231	Q6P2Q9	symbol	
PRPS1	HGNC:9462	ENSG00000147224	P60891	symbol	
PRPS2	HGNC:9465	ENSG00000101911	P11908	symbol	
PRPSAP1	HGNC:9466	ENSG00000161542	Q14558	symbol	
PRPSAP2	HGNC:9467	ENSG00000141127	O60256	symbol	
PRR11	HGNC:25619	ENSG00000068489	Q96HE9	symbol	
PRR12	HGNC:29217	ENSG00000126464	Q9ULL5	symbol	
PRR27	HGNC:33193	ENSG00000187533	Q6MZM9	symbol	
PRR4	HGNC:18020	ENSG00000111215	Q16378	symbol	
PRRC1	HGNC:28164	ENSG00000164244	Q96M27	symbol	
PRRC2A	HGNC:13918	ENSG00000204469	P48634	symbol	
PRRC2B	HGNC:28121	ENSG00000288701	Q5JSZ5	symbol	
PRRC2C	HGNC:24903	ENSG00000117523	Q9Y520	symbol	
PRSS1	HGNC:9475	ENSG00000204983	P07477	symbol	
PRSS21	HGNC:9485	ENSG00000007038	Q9Y6M0	symbol	
PRSS23	HGNC:14370	ENSG00000150687	O95084	symbol	
PRSS27	HGNC:15475	ENSG00000172382	Q9BQR3	symbol	
PRSS3	HGNC:9486	ENSG00000010438	P35030	symbol	
PRSS8	HGNC:9491	ENSG00000052344	Q16651	symbol	
PRTFDC1	HGNC:23333	ENSG00000099256	Q9NRG1	symbol	
PRTN3	HGNC:9495	ENSG00000196415	P24158	symbol	
PRUNE1	HGNC:13420	ENSG00000143363	Q86TP1	symbol	
PRXL2A	HGNC:28651	ENSG00000122378	Q9BRX8	symbol	
PSAP	HGNC:9498	ENSG00000197746	P07602	symbol	
PSAPL1	HGNC:33131	ENSG00000178597	Q6NUJ1	symbol	
PSAT1	HGNC:19129	ENSG00000135069	Q9Y617	symbol	
PSCA	HGNC:9500	ENSG00000167653	O43653	symbol	
PSD2	HGNC:19092	ENSG00000146005	Q9BQI7	symbol	
PSEN1	HGNC:9508	ENSG00000080815	P49768	symbol	
PSG4	HGNC:9521	ENSG00000243137	Q00888	symbol	
PSIP1	HGNC:9527	ENSG00000164985	O75475	symbol	
PSMA1	HGNC:9530	ENSG00000129084	P25786	symbol	
PSMA2	HGNC:9531	ENSG00000106588	P25787	symbol	
PSMA3	HGNC:9532	ENSG00000100567	P25788	symbol	
PSMA4	HGNC:9533	ENSG00000041357	P25789	symbol	
PSMA5	HGNC:9534	ENSG00000143106	P28066	symbol	
PSMA6	HGNC:9535	ENSG00000100902	P60900	symbol	
PSMA7	HGNC:9536	ENSG00000101182	O14818	symbol	
PSMB1	HGNC:9537	ENSG00000008018	P20618	symbol	
PSMB10	HGNC:9538	ENSG00000205220	P40306	symbol	
PSMB2	HGNC:9539	ENSG00000126067	P49721	symbol	
PSMB3	HGNC:9540	ENSG00000277791	P49720	symbol	
PSMB4	HGNC:9541	ENSG00000159377	P28070	symbol	
PSMB5	HGNC:9542	ENSG00000100804	P28074	symbol	
PSMB6	HGNC:9543	ENSG00000142507	P28072	symbol	
PSMB7	HGNC:9544	ENSG00000136930	Q99436	symbol	
PSMB8	HGNC:9545	ENSG00000204264	P28062	symbol	
PSMB9	HGNC:9546	ENSG00000240065	P28065	symbol	
PSMC1	HGNC:9547	ENSG00000100764	P62191	symbol	
PSMC2	HGNC:9548	ENSG00000161057	P35998	symbol	
PSMC3	HGNC:9549	ENSG00000165916	P17980	symbol	
PSMC3IP	HGNC:17928	ENSG00000131470	Q9P2W1	symbol	
PSMC4	HGNC:9551	ENSG00000013275	P43686	symbol	
PSMC5	HGNC:9552	ENSG00000087191	P62195	symbol	
PSMC6	HGNC:9553	ENSG00000100519	P62333	symbol	
PSMD1	HGNC:9554	ENSG00000173692	Q99460	symbol	
PSMD10	HGNC:9555	ENSG00000101843	O75832	symbol	
PSMD11	HGNC:9556	ENSG00000108671	O00231	symbol	
PSMD12	HGNC:9557	ENSG00000197170	O00232	symbol	
PSMD13	HGNC:9558	ENSG00000185627	Q9UNM6	symbol	
PSMD14	HGNC:16889	ENSG00000115233	O00487	symbol	
PSMD2	HGNC:9559	ENSG00000175166	Q13200	symbol	
PSMD3	HGNC:9560	ENSG00000108344	O43242	symbol	
PSMD4	HGNC:9561	ENSG00000159352	P55036	symbol	
PSMD5	HGNC:9563	ENSG00000095261	Q16401	symbol	
PSMD6	HGNC:9564	ENSG00000163636	Q15008	symbol	
PSMD7	HGNC:9565	ENSG00000103035	P51665	symbol	
PSMD8	HGNC:9566	ENSG00000099341	P48556	symbol	
PSMD9	HGNC:9567	ENSG00000110801	O00233	symbol	
PSME1	HGNC:9568	ENSG00000092010	Q06323	symbol	
PSME2	HGNC:9569	ENSG00000100911	Q9UL46	symbol	
PSME3	HGNC:9570	ENSG00000131467	P61289	symbol	
PSME3IP1	HGNC:29856	ENSG00000172775	Q9GZU8	symbol	
PSME4	HGNC:20635	ENSG00000068878	Q14997	symbol	
PSMF1	HGNC:9571	ENSG00000125818	Q92530	symbol	
PSMG1	HGNC:3043	ENSG00000183527	O95456	symbol	
PSMG2	HGNC:24929	ENSG00000128789	Q969U7	symbol	
PSMG3	HGNC:22420	ENSG00000157778	Q9BT73	symbol	
PSPC1	HGNC:20320	ENSG00000121390	Q8WXF1	symbol	
PSPH	HGNC:9577	ENSG00000146733	P78330	symbol	
PSTPIP1	HGNC:9580	ENSG00000140368	O43586	symbol	
PSTPIP2	HGNC:9581	ENSG00000152229	Q9H939	symbol	
PTAR1	HGNC:30449	ENSG00000188647	Q7Z6K3	symbol	
PTBP1	HGNC:9583	ENSG00000011304	P26599	symbol	
PTBP2	HGNC:17662	ENSG00000117569	Q9UKA9	symbol	
PTBP3	HGNC:10253	ENSG00000119314	O95758	symbol	
PTCD1	HGNC:22198	ENSG00000106246	O75127	symbol	
PTCD2	HGNC:25734	ENSG00000049883	Q8WV60	symbol	
PTCD3	HGNC:24717	ENSG00000132300	Q96EY7	symbol	
PTCH2	HGNC:9586	ENSG00000117425	Q9Y6C5	symbol	
PTDSS1	HGNC:9587	ENSG00000156471	P48651	symbol	
PTDSS2	HGNC:15463	ENSG00000174915	Q9BVG9	symbol	
PTEN	HGNC:9588	ENSG00000171862	P60484	symbol	
PTER	HGNC:9590	ENSG00000165983	Q96BW5	symbol	
PTGDS	HGNC:9592	ENSG00000107317	P41222	symbol	
PTGES	HGNC:9599	ENSG00000148344	O14684	symbol	
PTGES2	HGNC:17822	ENSG00000148334	Q9H7Z7	symbol	
PTGES3	HGNC:16049	ENSG00000110958	Q15185	symbol	
PTGFRN	HGNC:9601	ENSG00000134247	Q9P2B2	symbol	
PTGR1	HGNC:18429	ENSG00000106853	Q14914	symbol	
PTGR2	HGNC:20149	ENSG00000140043	Q8N8N7	symbol	
PTGS1	HGNC:9604	ENSG00000095303	P23219	symbol	
PTGS2	HGNC:9605	ENSG00000073756	P35354	symbol	
PTK2	HGNC:9611	ENSG00000169398	Q05397	symbol	
PTK2B	HGNC:9612	ENSG00000120899	Q14289	symbol	
PTK6	HGNC:9617	ENSG00000101213	Q13882	symbol	
PTK7	HGNC:9618	ENSG00000112655	Q13308	symbol	
PTMA	HGNC:9623	ENSG00000187514	P06454	symbol	
PTMS	HGNC:9629	ENSG00000159335	P20962	symbol	
PTOV1	HGNC:9632	ENSG00000104960	Q86YD1	symbol	
PTP4A1	HGNC:9634	ENSG00000112245	Q93096	symbol	
PTP4A2	HGNC:9635	ENSG00000184007	Q12974	symbol	
PTPA	HGNC:9308	ENSG00000119383	Q15257	symbol	
PTPMT1	HGNC:26965	ENSG00000110536	Q8WUK0	symbol	
PTPN1	HGNC:9642	ENSG00000196396	P18031	symbol	
PTPN11	HGNC:9644	ENSG00000179295	Q06124	symbol	
PTPN12	HGNC:9645	ENSG00000127947	Q05209	symbol	
PTPN13	HGNC:9646	ENSG00000163629	Q12923	symbol	
PTPN14	HGNC:9647	ENSG00000152104	Q15678	symbol	
PTPN18	HGNC:9649	ENSG00000072135	Q99952	symbol	
PTPN2	HGNC:9650	ENSG00000175354	P17706	symbol	
PTPN23	HGNC:14406	ENSG00000076201	Q9H3S7	symbol	
PTPN6	HGNC:9658	ENSG00000111679	P29350	symbol	
PTPN7	HGNC:9659	ENSG00000143851	P35236	symbol	
PTPN9	HGNC:9661	ENSG00000169410	P43378	symbol	
PTPRA	HGNC:9664	ENSG00000132670	P18433	symbol	
PTPRB	HGNC:9665	ENSG00000127329	P23467	symbol	
PTPRC	HGNC:9666	ENSG00000081237	P08575	symbol	
PTPRCAP	HGNC:9667	ENSG00000213402	Q14761	symbol	
PTPRE	HGNC:9669	ENSG00000132334	P23469	symbol	
PTPRF	HGNC:9670	ENSG00000142949	P10586	symbol	
PTPRJ	HGNC:9673	ENSG00000149177	Q12913	symbol	
PTPRK	HGNC:9674	ENSG00000152894	Q15262	symbol	
PTPRM	HGNC:9675	ENSG00000173482	P28827	symbol	
PTPRS	HGNC:9681	ENSG00000105426	Q13332	symbol	
PTPRT	HGNC:9682	ENSG00000196090	O14522	symbol	
PTPRZ1	HGNC:9685	ENSG00000106278	P23471	symbol	
PTRH1	HGNC:27039	ENSG00000187024	Q86Y79	symbol	
PTRH2	HGNC:24265	ENSG00000141378	Q9Y3E5	symbol	
PTRHD1	HGNC:33782	ENSG00000184924	Q6GMV3	symbol	
PTS	HGNC:9689	ENSG00000150787	Q03393	symbol	
PTTG1IP	HGNC:13524	ENSG00000183255	P53801	symbol	
PTX3	HGNC:9692	ENSG00000163661	P26022	symbol	
PUDP	HGNC:16818	ENSG00000130021	Q08623	symbol	
PUF60	HGNC:17042	ENSG00000179950	Q9UHX1	symbol	
PUM1	HGNC:14957	ENSG00000134644	Q14671	symbol	
PUM2	HGNC:14958	ENSG00000055917	Q8TB72	symbol	
PUM3	HGNC:29676	ENSG00000080608	Q15397	symbol	
PURA	HGNC:9701	ENSG00000185129	Q00577	symbol	
PURB	HGNC:9702	ENSG00000146676	Q96QR8	symbol	
PUS1	HGNC:15508	ENSG00000177192	Q9Y606	symbol	
PUS7	HGNC:26033	ENSG00000091127	Q96PZ0	symbol	
PVALB	HGNC:9704	ENSG00000100362	P20472	symbol	
PVR	HGNC:9705	ENSG00000073008	P15151	symbol	
PWP1	HGNC:17015	ENSG00000136045	Q13610	symbol	
PWP2	HGNC:9711	ENSG00000241945	Q15269	symbol	
PWWP2A	HGNC:29406	ENSG00000170234	Q96N64	symbol	
PWWP3A	HGNC:29641	ENSG00000160953	Q2TAK8	symbol	
PXDN	HGNC:14966	ENSG00000130508	Q92626	symbol	
PXDNL	HGNC:26359	ENSG00000147485	A1KZ92	symbol	
PXMP2	HGNC:9716	ENSG00000176894	Q9NR77	symbol	
PXMP4	HGNC:15920	ENSG00000101417	Q9Y6I8	symbol	
PXN	HGNC:9718	ENSG00000089159	P49023	symbol	
PYCARD	HGNC:16608	ENSG00000103490	Q9ULZ3	symbol	
PYCR1	HGNC:9721	ENSG00000183010	P32322	symbol	
PYCR2	HGNC:30262	ENSG00000143811	Q96C36	symbol	
PYCR3	HGNC:25846	ENSG00000104524	Q53H96	symbol	
PYGB	HGNC:9723	ENSG00000100994	P11216	symbol	
PYGL	HGNC:9725	ENSG00000100504	P06737	symbol	
PYGM	HGNC:9726	ENSG00000068976	P11217	symbol	
PYGO2	HGNC:30257	ENSG00000163348	Q9BRQ0	symbol	
PYHIN1	HGNC:28894	ENSG00000163564	Q6K0P9	symbol	
PYM1	HGNC:30258	ENSG00000170473	Q9BRP8	symbol	
PYROXD1	HGNC:26162	ENSG00000121350	Q8WU10	symbol	
PYROXD2	HGNC:23517	ENSG00000119943	Q8N2H3	symbol	
PYURF	HGNC:44317	ENSG00000145337	Q96I23	symbol	
PZP	HGNC:9750	ENSG00000126838	P20742	symbol	
QARS1	HGNC:9751	ENSG00000172053	P47897	symbol	
QDPR	HGNC:9752	ENSG00000151552	P09417	symbol	
QKI	HGNC:21100	ENSG00000112531	Q96PU8	symbol	
QPCT	HGNC:9753	ENSG00000115828	Q16769	symbol	
QPCTL	HGNC:25952	ENSG00000011478	Q9NXS2	symbol	
QRFPR	HGNC:15565	ENSG00000186867	Q96P65	symbol	
QRICH1	HGNC:24713	ENSG00000198218	Q2TAL8	symbol	
QRICH2	HGNC:25326	ENSG00000129646	Q9H0J4	symbol	
QRSL1	HGNC:21020	ENSG00000130348	Q9H0R6	symbol	
QSER1	HGNC:26154	ENSG00000060749	Q2KHR3	symbol	
QSOX1	HGNC:9756	ENSG00000116260	O00391	symbol	
QSOX2	HGNC:30249	ENSG00000165661	Q6ZRP7	symbol	
QTRT1	HGNC:23797	ENSG00000213339	Q9BXR0	symbol	
QTRT2	HGNC:25771	ENSG00000151576	Q9H974	symbol	
R3HDM1	HGNC:9757	ENSG00000048991	Q15032	symbol	
R3HDM2	HGNC:29167	ENSG00000179912	Q9Y2K5	symbol	
RAB10	HGNC:9759	ENSG00000084733	P61026	symbol	
RAB11B	HGNC:9761	ENSG00000185236	Q15907	symbol	
RAB11FIP1	HGNC:30265	ENSG00000156675	Q6WKZ4	symbol	
RAB11FIP5	HGNC:24845	ENSG00000135631	Q9BXF6	symbol	
RAB12	HGNC:31332	ENSG00000206418	Q6IQ22	symbol	
RAB13	HGNC:9762	ENSG00000143545	P51153	symbol	
RAB14	HGNC:16524	ENSG00000119396	P61106	symbol	
RAB18	HGNC:14244	ENSG00000099246	Q9NP72	symbol	
RAB1A	HGNC:9758	ENSG00000138069	P62820	symbol	
RAB1B	HGNC:18370	ENSG00000174903	Q9H0U4	symbol	
RAB20	HGNC:18260	ENSG00000139832	Q9NX57	symbol	
RAB21	HGNC:18263	ENSG00000080371	Q9UL25	symbol	
RAB22A	HGNC:9764	ENSG00000124209	Q9UL26	symbol	
RAB23	HGNC:14263	ENSG00000112210	Q9ULC3	symbol	
RAB24	HGNC:9765	ENSG00000169228	Q969Q5	symbol	
RAB25	HGNC:18238	ENSG00000132698	P57735	symbol	
RAB27A	HGNC:9766	ENSG00000069974	P51159	symbol	
RAB27B	HGNC:9767	ENSG00000041353	O00194	symbol	
RAB28	HGNC:9768	ENSG00000157869	P51157	symbol	
RAB29	HGNC:9789	ENSG00000117280	O14966	symbol	
RAB2A	HGNC:9763	ENSG00000104388	P61019	symbol	
RAB2B	HGNC:20246	ENSG00000129472	Q8WUD1	symbol	
RAB31	HGNC:9771	ENSG00000168461	Q13636	symbol	
RAB32	HGNC:9772	ENSG00000118508	Q13637	symbol	
RAB33B	HGNC:16075	ENSG00000172007	Q9H082	symbol	
RAB34	HGNC:16519	ENSG00000109113	P0DI83|Q9BZG1	symbol	
RAB35	HGNC:9774	ENSG00000111737	Q15286	symbol	
RAB36	HGNC:9775	ENSG00000100228	O95755	symbol	
RAB38	HGNC:9776	ENSG00000123892	P57729	symbol	
RAB39A	HGNC:16521	ENSG00000179331	Q14964	symbol	
RAB3A	HGNC:9777	ENSG00000105649	P20336	symbol	
RAB3B	HGNC:9778	ENSG00000169213	P20337	symbol	
RAB3C	HGNC:30269	ENSG00000152932	Q96E17	symbol	
RAB3D	HGNC:9779	ENSG00000105514	O95716	symbol	
RAB3GAP1	HGNC:17063	ENSG00000115839	Q15042	symbol	
RAB3GAP2	HGNC:17168	ENSG00000118873	Q9H2M9	symbol	
RAB3IP	HGNC:16508	ENSG00000127328	Q96QF0	symbol	
RAB41	HGNC:18293	ENSG00000147127	Q5JT25	symbol	
RAB43	HGNC:19983	ENSG00000172780	Q86YS6	symbol	
RAB4A	HGNC:9781	ENSG00000168118	P20338	symbol	
RAB4B	HGNC:9782	ENSG00000167578	P61018	symbol	
RAB5A	HGNC:9783	ENSG00000144566	P20339	symbol	
RAB5B	HGNC:9784	ENSG00000111540	P61020	symbol	
RAB5C	HGNC:9785	ENSG00000108774	P51148	symbol	
RAB5IF	HGNC:15870	ENSG00000101084	Q9BUV8	symbol	
RAB6A	HGNC:9786	ENSG00000175582	P20340	symbol	
RAB6C	HGNC:16525	ENSG00000222014	Q9H0N0	symbol	
RAB6D	HGNC:30272	ENSG00000233087	Q53S08	symbol	
RAB7A	HGNC:9788	ENSG00000075785	P51149	symbol	
RAB8A	HGNC:7007	ENSG00000167461	P61006	symbol	
RAB8B	HGNC:30273	ENSG00000166128	Q92930	symbol	
RAB9A	HGNC:9792	ENSG00000123595	P51151	symbol	
RABEP1	HGNC:17677	ENSG00000029725	Q15276	symbol	
RABEP2	HGNC:24817	ENSG00000177548	Q9H5N1	symbol	
RABEPK	HGNC:16896	ENSG00000136933	Q7Z6M1	symbol	
RABGAP1	HGNC:17155	ENSG00000011454	Q9Y3P9	symbol	
RABGAP1L	HGNC:24663	ENSG00000152061	B7ZAP0|Q5R372	symbol	
RABGEF1	HGNC:17676	ENSG00000154710	Q9UJ41	symbol	
RABGGTA	HGNC:9795	ENSG00000100949	Q92696	symbol	
RABGGTB	HGNC:9796	ENSG00000137955	P53611	symbol	
RABIF	HGNC:9797	ENSG00000183155	P47224	symbol	
RABL3	HGNC:18072	ENSG00000144840	Q5HYI8	symbol	
RABL6	HGNC:24703	ENSG00000196642	Q3YEC7	symbol	
RAC1	HGNC:9801	ENSG00000136238	P63000	symbol	
RAC2	HGNC:9802	ENSG00000128340	P15153	symbol	
RAC3	HGNC:9803	ENSG00000169750	P60763	symbol	
RACGAP1	HGNC:9804	ENSG00000161800	Q9H0H5	symbol	
RACK1	HGNC:4399	ENSG00000204628	P63244	symbol	
RAD17	HGNC:9807	ENSG00000152942	O75943	symbol	
RAD18	HGNC:18278	ENSG00000070950	Q9NS91	symbol	
RAD21	HGNC:9811	ENSG00000164754	O60216	symbol	
RAD23A	HGNC:9812	ENSG00000179262	P54725	symbol	
RAD23B	HGNC:9813	ENSG00000119318	P54727	symbol	
RAD50	HGNC:9816	ENSG00000113522	Q92878	symbol	
RAD51	HGNC:9817	ENSG00000051180	Q06609	symbol	
RAD51B	HGNC:9822	ENSG00000182185	O15315	symbol	
RAD51C	HGNC:9820	ENSG00000108384	O43502	symbol	
RAD51D	HGNC:9823	ENSG00000185379	O75771	symbol	
RAD9A	HGNC:9827	ENSG00000172613	Q99638	symbol	
RADX	HGNC:25486	ENSG00000147231	Q6NSI4	symbol	
RAE1	HGNC:9828	ENSG00000101146	P78406	symbol	
RAF1	HGNC:9829	ENSG00000132155	P04049	symbol	
RAI1	HGNC:9834	ENSG00000108557	Q7Z5J4	symbol	
RAI14	HGNC:14873	ENSG00000039560	Q9P0K7	symbol	
RALA	HGNC:9839	ENSG00000006451	P11233	symbol	
RALB	HGNC:9840	ENSG00000144118	P11234	symbol	
RALBP1	HGNC:9841	ENSG00000017797	Q15311	symbol	
RALGAPA1	HGNC:17770	ENSG00000174373	Q6GYQ0	symbol	
RALGAPA2	HGNC:16207	ENSG00000188559	Q2PPJ7	symbol	
RALGAPB	HGNC:29221	ENSG00000170471	Q86X10	symbol	
RALY	HGNC:15921	ENSG00000125970	Q9UKM9	symbol	
RALYL	HGNC:27036	ENSG00000184672	Q86SE5	symbol	
RAMAC	HGNC:31022	ENSG00000169612	Q9BTL3	symbol	
RAMACL	HGNC:21234	ENSG00000235272	A0A3B3IU46	symbol	
RAN	HGNC:9846	ENSG00000132341	P62826	symbol	
RANBP1	HGNC:9847	ENSG00000099901	P43487	symbol	
RANBP10	HGNC:29285	ENSG00000141084	Q6VN20	symbol	
RANBP2	HGNC:9848	ENSG00000153201	P49792	symbol	
RANBP3	HGNC:9850	ENSG00000031823	Q9H6Z4	symbol	
RANBP6	HGNC:9851	ENSG00000137040	O60518	symbol	
RANBP9	HGNC:13727	ENSG00000010017	Q96S59	symbol	
RANGAP1	HGNC:9854	ENSG00000100401	P46060	symbol	
RANGRF	HGNC:17679	ENSG00000108961	Q9HD47	symbol	
RAP1A	HGNC:9855	ENSG00000116473	P62834	symbol	
RAP1B	HGNC:9857	ENSG00000127314	P61224	symbol	
RAP1GAP2	HGNC:29176	ENSG00000132359	Q684P5	symbol	
RAP1GDS1	HGNC:9859	ENSG00000138698	P52306	symbol	
RAP2A	HGNC:9861	ENSG00000125249	P10114	symbol	
RAP2B	HGNC:9862	ENSG00000181467	P61225	symbol	
RAP2C	HGNC:21165	ENSG00000123728	Q9Y3L5	symbol	
RAPGEF2	HGNC:16854	ENSG00000109756	Q9Y4G8	symbol	
RAPGEF5	HGNC:16862	ENSG00000136237	Q92565	symbol	
RAPGEF6	HGNC:20655	ENSG00000158987	Q8TEU7	symbol	
RAPH1	HGNC:14436	ENSG00000173166	Q70E73	symbol	
RARS1	HGNC:9870	ENSG00000113643	P54136	symbol	
RARS2	HGNC:21406	ENSG00000146282	Q5T160	symbol	
RASA1	HGNC:9871	ENSG00000145715	P20936	symbol	
RASA2	HGNC:9872	ENSG00000155903	Q15283	symbol	
RASA3	HGNC:20331	ENSG00000185989	Q14644	symbol	
RASAL1	HGNC:9873	ENSG00000111344	O95294	symbol	
RASAL2	HGNC:9874	ENSG00000075391	Q9UJF2	symbol	
RASAL3	HGNC:26129	ENSG00000105122	Q86YV0	symbol	
RASEF	HGNC:26464	ENSG00000165105	Q8IZ41	symbol	
RASGRP2	HGNC:9879	ENSG00000068831	Q7LDG7	symbol	
RASL11B	HGNC:23804	ENSG00000128045	Q9BPW5	symbol	
RASSF10	HGNC:33984	ENSG00000189431	A6NK89	symbol	
RASSF2	HGNC:9883	ENSG00000101265	P50749	symbol	
RASSF5	HGNC:17609	ENSG00000266094	Q8WWW0	symbol	
RASSF8	HGNC:13232	ENSG00000123094	Q8NHQ8	symbol	
RAVER1	HGNC:30296	ENSG00000161847	Q8IY67	symbol	
RAVER2	HGNC:25577	ENSG00000162437	Q9HCJ3	symbol	
RB1	HGNC:9884	ENSG00000139687	P06400	symbol	
RB1CC1	HGNC:15574	ENSG00000023287	Q8TDY2	symbol	
RBBP4	HGNC:9887	ENSG00000162521	Q09028	symbol	
RBBP5	HGNC:9888	ENSG00000117222	Q15291	symbol	
RBBP6	HGNC:9889	ENSG00000122257	Q7Z6E9	symbol	
RBBP7	HGNC:9890	ENSG00000102054	Q16576	symbol	
RBBP9	HGNC:9892	ENSG00000089050	O75884	symbol	
RBCK1	HGNC:15864	ENSG00000125826	Q9BYM8	symbol	
RBFA	HGNC:26120	ENSG00000101546	Q8N0V3	symbol	
RBFOX1	HGNC:18222	ENSG00000078328	Q9NWB1	symbol	
RBFOX2	HGNC:9906	ENSG00000100320	O43251	symbol	
RBFOX3	HGNC:27097	ENSG00000167281	A6NFN3	symbol	
RBIS	HGNC:32235	ENSG00000176731	Q8N0T1	symbol	
RBKS	HGNC:30325	ENSG00000171174	Q9H477	symbol	
RBL1	HGNC:9893	ENSG00000080839	P28749	symbol	
RBL2	HGNC:9894	ENSG00000103479	Q08999	symbol	
RBM10	HGNC:9896	ENSG00000182872	P0DW28|P98175	symbol	
RBM12	HGNC:9898	ENSG00000244462	Q9NTZ6	symbol	
RBM12B	HGNC:32310	ENSG00000183808	Q8IXT5	symbol	
RBM14	HGNC:14219	ENSG00000239306	Q96PK6	symbol	
RBM14-RBM4	HGNC:38840	ENSG00000248643		symbol	
RBM15	HGNC:14959	ENSG00000162775	Q96T37	symbol	
RBM15B	HGNC:24303	ENSG00000259956	Q8NDT2	symbol	
RBM17	HGNC:16944	ENSG00000134453	Q96I25	symbol	
RBM19	HGNC:29098	ENSG00000122965	Q9Y4C8	symbol	
RBM22	HGNC:25503	ENSG00000086589	Q9NW64	symbol	
RBM24	HGNC:21539	ENSG00000112183	Q9BX46	symbol	
RBM25	HGNC:23244	ENSG00000119707	P49756	symbol	
RBM26	HGNC:20327	ENSG00000139746	Q5T8P6	symbol	
RBM27	HGNC:29243	ENSG00000091009	Q9P2N5	symbol	
RBM28	HGNC:21863	ENSG00000106344	Q9NW13	symbol	
RBM3	HGNC:9900	ENSG00000102317	P98179	symbol	
RBM33	HGNC:27223	ENSG00000184863	Q96EV2	symbol	
RBM34	HGNC:28965	ENSG00000188739	P42696	symbol	
RBM38	HGNC:15818	ENSG00000132819	Q9H0Z9	symbol	
RBM39	HGNC:15923	ENSG00000131051	Q14498	symbol	
RBM4	HGNC:9901	ENSG00000173933	Q9BWF3	symbol	
RBM42	HGNC:28117	ENSG00000126254	Q9BTD8	symbol	
RBM43	HGNC:24790	ENSG00000184898	Q6ZSC3	symbol	
RBM45	HGNC:24468	ENSG00000155636	Q8IUH3	symbol	
RBM46	HGNC:28401	ENSG00000151962	Q8TBY0	symbol	
RBM47	HGNC:30358	ENSG00000163694	A0AV96	symbol	
RBM4B	HGNC:28842	ENSG00000173914	Q9BQ04	symbol	
RBM5	HGNC:9902	ENSG00000003756	P52756	symbol	
RBM6	HGNC:9903	ENSG00000004534	P78332	symbol	
RBM7	HGNC:9904	ENSG00000076053	Q9Y580	symbol	
RBM8A	HGNC:9905	ENSG00000265241	Q9Y5S9	symbol	
RBMS1	HGNC:9907	ENSG00000153250	P29558	symbol	
RBMS2	HGNC:9909	ENSG00000076067	Q15434	symbol	
RBMX	HGNC:9910	ENSG00000147274	P38159	symbol	
RBMX2	HGNC:24282	ENSG00000134597	Q9Y388	symbol	
RBMXL1	HGNC:25073	ENSG00000213516	Q96E39	symbol	
RBP1	HGNC:9919	ENSG00000114115	P09455	symbol	
RBP4	HGNC:9922	ENSG00000138207	P02753	symbol	
RBP7	HGNC:30316	ENSG00000162444	Q96R05	symbol	
RBPJ	HGNC:5724	ENSG00000168214	Q06330	symbol	
RBPMS	HGNC:19097	ENSG00000157110	Q93062	symbol	
RBPMS2	HGNC:19098	ENSG00000166831	Q6ZRY4	symbol	
RBSN	HGNC:20759	ENSG00000131381	Q9H1K0	symbol	
RC3H1	HGNC:29434	ENSG00000135870	Q5TC82	symbol	
RC3H2	HGNC:21461	ENSG00000056586	Q9HBD1	symbol	
RCC1	HGNC:1913	ENSG00000180198	P18754	symbol	
RCC1L	HGNC:14948	ENSG00000274523	Q96I51	symbol	
RCC2	HGNC:30297	ENSG00000179051	Q9P258	symbol	
RCCD1	HGNC:30457	ENSG00000166965	A6NED2	symbol	
RCHY1	HGNC:17479	ENSG00000163743	Q96PM5	symbol	
RCL1	HGNC:17687	ENSG00000120158	Q9Y2P8	symbol	
RCN1	HGNC:9934	ENSG00000049449	Q15293	symbol	
RCN2	HGNC:9935	ENSG00000117906	Q14257	symbol	
RCOR1	HGNC:17441	ENSG00000089902	Q9UKL0	symbol	
RCOR3	HGNC:25594	ENSG00000117625	Q9P2K3	symbol	
RCSD1	HGNC:28310	ENSG00000198771	Q6JBY9	symbol	
RD3	HGNC:19689	ENSG00000198570	Q7Z3Z2	symbol	
RDH10	HGNC:19975	ENSG00000121039	Q8IZV5	symbol	
RDH11	HGNC:17964	ENSG00000072042	Q8TC12	symbol	
RDH12	HGNC:19977	ENSG00000139988	Q96NR8	symbol	
RDH13	HGNC:19978	ENSG00000160439	Q8NBN7	symbol	
RDH14	HGNC:19979	ENSG00000240857	Q9HBH5	symbol	
RDH16	HGNC:29674	ENSG00000139547	O75452	symbol	
RDX	HGNC:9944	ENSG00000137710	P35241	symbol	
RECQL	HGNC:9948	ENSG00000004700	P46063	symbol	
RECQL5	HGNC:9950	ENSG00000108469	O94762	symbol	
REEP1	HGNC:25786	ENSG00000068615	Q9H902	symbol	
REEP3	HGNC:23711	ENSG00000165476	Q6NUK4	symbol	
REEP4	HGNC:26176	ENSG00000168476	Q9H6H4	symbol	
REEP5	HGNC:30077	ENSG00000129625	Q00765	symbol	
REL	HGNC:9954	ENSG00000162924	Q04864	symbol	
RELA	HGNC:9955	ENSG00000173039	Q04206	symbol	
RELCH	HGNC:29289	ENSG00000134444	Q9P260	symbol	
RELN	HGNC:9957	ENSG00000189056	P78509	symbol	
RENBP	HGNC:9959	ENSG00000102032	P51606	symbol	
REPIN1	HGNC:17922	ENSG00000214022	Q9BWE0	symbol	
REPS1	HGNC:15578	ENSG00000135597	Q96D71	symbol	
RER1	HGNC:30309	ENSG00000157916	O15258	symbol	
RET	HGNC:9967	ENSG00000165731	P07949	symbol	
RETN	HGNC:20389	ENSG00000104918	Q9HD89	symbol	
RETREG3	HGNC:27258	ENSG00000141699	Q86VR2	symbol	
RETSAT	HGNC:25991	ENSG00000042445	Q6NUM9	symbol	
REV1	HGNC:14060	ENSG00000135945	Q9UBZ9	symbol	
REV3L	HGNC:9968	ENSG00000009413	O60673	symbol	
REX1BD	HGNC:26098	ENSG00000006015	Q96EN9	symbol	
REXO1	HGNC:24616	ENSG00000079313	Q8N1G1	symbol	
REXO2	HGNC:17851	ENSG00000076043	Q9Y3B8	symbol	
REXO4	HGNC:12820	ENSG00000148300	Q9GZR2	symbol	
REXO5	HGNC:24661	ENSG00000005189	Q96IC2	symbol	
RFC1	HGNC:9969	ENSG00000035928	P35251	symbol	
RFC2	HGNC:9970	ENSG00000049541	P35250	symbol	
RFC3	HGNC:9971	ENSG00000133119	P40938	symbol	
RFC4	HGNC:9972	ENSG00000163918	P35249	symbol	
RFC5	HGNC:9973	ENSG00000111445	P40937	symbol	
RFFL	HGNC:24821	ENSG00000092871	Q8WZ73	symbol	
RFT1	HGNC:30220	ENSG00000163933	Q96AA3	symbol	
RFWD3	HGNC:25539	ENSG00000168411	Q6PCD5	symbol	
RFX1	HGNC:9982	ENSG00000132005	P22670	symbol	
RFX5	HGNC:9986	ENSG00000143390	P48382	symbol	
RFX6	HGNC:21478	ENSG00000185002	Q8HWS3	symbol	
RFXAP	HGNC:9988	ENSG00000133111	O00287	symbol	
RGL1	HGNC:30281	ENSG00000143344	Q9NZL6	symbol	
RGPD1	HGNC:32414	ENSG00000187627	P0DJD0	symbol	
RGPD2	HGNC:32415	ENSG00000185304	P0DJD1	symbol	
RGPD4	HGNC:32417	ENSG00000196862	Q7Z3J3	symbol	
RGPD5	HGNC:32418	ENSG00000015568	Q99666	symbol	
RGPD8	HGNC:9849	ENSG00000169629	O14715	symbol	
RGS10	HGNC:9992	ENSG00000148908	O43665	symbol	
RGS17	HGNC:14088	ENSG00000091844	Q9UGC6	symbol	
RGS19	HGNC:13735	ENSG00000171700	P49795	symbol	
RGS3	HGNC:9999	ENSG00000138835	P49796	symbol	
RGS5	HGNC:10001	ENSG00000143248	O15539	symbol	
RGS8	HGNC:16810	ENSG00000135824	P57771	symbol	
RHBDD1	HGNC:23081	ENSG00000144468	Q8TEB9	symbol	
RHBDD2	HGNC:23082	ENSG00000005486	Q6NTF9	symbol	
RHEB	HGNC:10011	ENSG00000106615	Q15382	symbol	
RHEX	HGNC:25341	ENSG00000263961	Q6ZWK4	symbol	
RHOA	HGNC:667	ENSG00000067560	P61586	symbol	
RHOB	HGNC:668	ENSG00000143878	P62745	symbol	
RHOC	HGNC:669	ENSG00000155366	P08134	symbol	
RHOD	HGNC:670	ENSG00000173156	O00212	symbol	
RHOF	HGNC:15703	ENSG00000139725	Q9HBH0	symbol	
RHOG	HGNC:672	ENSG00000177105	P84095	symbol	
RHOT1	HGNC:21168	ENSG00000126858	Q8IXI2	symbol	
RHOT2	HGNC:21169	ENSG00000140983	Q8IXI1	symbol	
RHOU	HGNC:17794	ENSG00000116574	Q7L0Q8	symbol	
RHPN1	HGNC:19973	ENSG00000158106	Q8TCX5	symbol	
RHPN2	HGNC:19974	ENSG00000131941	Q8IUC4	symbol	
RHPN2P1	HGNC:37708	ENSG00000258628	A8MT19	symbol	
RIC8A	HGNC:29550	ENSG00000177963	Q9NPQ8	symbol	
RIC8B	HGNC:25555	ENSG00000111785	Q9NVN3	symbol	
RICTOR	HGNC:28611	ENSG00000164327	Q6R327	symbol	
RIDA	HGNC:16897	ENSG00000132541	P52758	symbol	
RIF1	HGNC:23207	ENSG00000080345	Q5UIP0	symbol	
RILP	HGNC:30266	ENSG00000167705	Q96NA2	symbol	
RILPL1	HGNC:26814	ENSG00000188026	Q5EBL4	symbol	
RIMBP3	HGNC:29344	ENSG00000275793	Q9UFD9	symbol	
RIMOC1	HGNC:27750	ENSG00000205765	A6NDU8	symbol	
RIMS1	HGNC:17282	ENSG00000079841	Q86UR5	symbol	
RIN1	HGNC:18749	ENSG00000174791	Q13671	symbol	
RIN2	HGNC:18750	ENSG00000132669	Q8WYP3	symbol	
RING1	HGNC:10018	ENSG00000204227	Q06587	symbol	
RINT1	HGNC:21876	ENSG00000135249	Q6NUQ1	symbol	
RIOK1	HGNC:18656	ENSG00000124784	Q9BRS2	symbol	
RIOK2	HGNC:18999	ENSG00000058729	Q9BVS4	symbol	
RIOK3	HGNC:11451	ENSG00000101782	O14730	symbol	
RIOX1	HGNC:20968	ENSG00000170468	Q9H6W3	symbol	
RIOX2	HGNC:19441	ENSG00000170854	Q8IUF8	symbol	
RIPK1	HGNC:10019	ENSG00000137275	Q13546	symbol	
RIPK2	HGNC:10020	ENSG00000104312	O43353	symbol	
RIPOR1	HGNC:25836	ENSG00000039523	Q6ZS17	symbol	
RIPOR2	HGNC:13872	ENSG00000111913	Q9Y4F9	symbol	
RLF	HGNC:10025	ENSG00000117000	Q13129	symbol	
RLIM	HGNC:13429	ENSG00000131263	Q9NVW2	symbol	
RMC1	HGNC:24326	ENSG00000141452	Q96DM3	symbol	
RMDN1	HGNC:24285	ENSG00000176623	Q96DB5	symbol	
RMDN3	HGNC:25550	ENSG00000137824	Q96TC7	symbol	
RMI1	HGNC:25764	ENSG00000178966	Q9H9A7	symbol	
RMI2	HGNC:28349	ENSG00000175643	Q96E14	symbol	
RMND1	HGNC:21176	ENSG00000155906	Q9NWS8	symbol	
RMND5A	HGNC:25850	ENSG00000153561	Q9H871	symbol	
RNASE2	HGNC:10045	ENSG00000169385	P10153	symbol	
RNASE3	HGNC:10046	ENSG00000169397	P12724	symbol	
RNASE6	HGNC:10048	ENSG00000169413	Q93091	symbol	
RNASE7	HGNC:19278	ENSG00000165799	Q9H1E1	symbol	
RNASEH1	HGNC:18466	ENSG00000171865	O60930	symbol	
RNASEH2A	HGNC:18518	ENSG00000104889	O75792	symbol	
RNASEH2B	HGNC:25671	ENSG00000136104	Q5TBB1	symbol	
RNASEH2C	HGNC:24116	ENSG00000172922	Q8TDP1	symbol	
RNASET2	HGNC:21686	ENSG00000026297	O00584	symbol	
RND3	HGNC:671	ENSG00000115963	P61587	symbol	
RNF103	HGNC:12859	ENSG00000239305	O00237	symbol	
RNF113A	HGNC:12974	ENSG00000125352	O15541	symbol	
RNF114	HGNC:13094	ENSG00000124226	Q9Y508	symbol	
RNF121	HGNC:21070	ENSG00000137522	Q9H920	symbol	
RNF123	HGNC:21148	ENSG00000164068	Q5XPI4	symbol	
RNF126	HGNC:21151	ENSG00000070423	Q9BV68	symbol	
RNF14	HGNC:10058	ENSG00000013561	Q9UBS8	symbol	
RNF167	HGNC:24544	ENSG00000108523	Q9H6Y7	symbol	
RNF168	HGNC:26661	ENSG00000163961	Q8IYW5	symbol	
RNF169	HGNC:26961	ENSG00000166439	Q8NCN4	symbol	
RNF170	HGNC:25358	ENSG00000120925	Q96K19	symbol	
RNF181	HGNC:28037	ENSG00000168894	Q9P0P0	symbol	
RNF185	HGNC:26783	ENSG00000138942	Q96GF1	symbol	
RNF2	HGNC:10061	ENSG00000121481	Q99496	symbol	
RNF20	HGNC:10062	ENSG00000155827	Q5VTR2	symbol	
RNF213	HGNC:14539	ENSG00000173821	Q63HN8	symbol	
RNF214	HGNC:25335	ENSG00000167257	Q8ND24	symbol	
RNF215	HGNC:33434	ENSG00000099999	Q9Y6U7	symbol	
RNF217	HGNC:21487	ENSG00000146373	Q8TC41	symbol	
RNF220	HGNC:25552	ENSG00000187147	Q5VTB9	symbol	
RNF25	HGNC:14662	ENSG00000163481	Q96BH1	symbol	
RNF31	HGNC:16031	ENSG00000092098	Q96EP0	symbol	
RNF34	HGNC:17297	ENSG00000170633	Q969K3	symbol	
RNF39	HGNC:18064	ENSG00000204618	Q9H2S5	symbol	
RNF40	HGNC:16867	ENSG00000103549	O75150	symbol	
RNF41	HGNC:18401	ENSG00000181852	Q9H4P4	symbol	
RNF5	HGNC:10068	ENSG00000204308	Q99942	symbol	
RNF7	HGNC:10070	ENSG00000114125	Q9UBF6	symbol	
RNGTT	HGNC:10073	ENSG00000111880	O60942	symbol	
RNH1	HGNC:10074	ENSG00000023191	P13489	symbol	
RNMT	HGNC:10075	ENSG00000101654	O43148	symbol	
RNPC3	HGNC:18666	ENSG00000185946	Q96LT9	symbol	
RNPEP	HGNC:10078	ENSG00000176393	Q9H4A4	symbol	
RNPS1	HGNC:10080	ENSG00000205937	Q15287	symbol	
RO60	HGNC:11313	ENSG00000116747	P10155	symbol	
ROBO1	HGNC:10249	ENSG00000169855	Q9Y6N7	symbol	
ROBO2	HGNC:10250	ENSG00000185008	Q9HCK4	symbol	
ROCK1	HGNC:10251	ENSG00000067900	Q13464	symbol	
ROCK2	HGNC:10252	ENSG00000134318	O75116	symbol	
ROR1	HGNC:10256	ENSG00000185483	Q01973	symbol	
ROS1	HGNC:10261	ENSG00000047936	P08922	symbol	
RP2	HGNC:10274	ENSG00000102218	O75695	symbol	
RP9	HGNC:10288	ENSG00000164610	Q8TA86	symbol	
RPA1	HGNC:10289	ENSG00000132383	P27694	symbol	
RPA2	HGNC:10290	ENSG00000117748	P15927	symbol	
RPA3	HGNC:10291	ENSG00000106399	P35244	symbol	
RPAP1	HGNC:24567	ENSG00000103932	Q9BWH6	symbol	
RPAP2	HGNC:25791	ENSG00000122484	Q8IXW5	symbol	
RPAP3	HGNC:26151	ENSG00000005175	Q9H6T3	symbol	
RPE	HGNC:10293	ENSG00000197713	Q96AT9	symbol	
RPF1	HGNC:30350	ENSG00000117133	Q9H9Y2	symbol	
RPF2	HGNC:20870	ENSG00000197498	Q9H7B2	symbol	
RPGRIP1	HGNC:13436	ENSG00000092200	Q96KN7	symbol	
RPIA	HGNC:10297	ENSG00000153574	P49247	symbol	
RPL10	HGNC:10298	ENSG00000147403	P27635	symbol	
RPL10A	HGNC:10299	ENSG00000198755	P62906	symbol	
RPL11	HGNC:10301	ENSG00000142676	P62913	symbol	
RPL12	HGNC:10302	ENSG00000197958	P30050	symbol	
RPL13	HGNC:10303	ENSG00000167526	P26373	symbol	
RPL13A	HGNC:10304	ENSG00000142541	P40429	symbol	
RPL14	HGNC:10305	ENSG00000188846	P50914	symbol	
RPL15	HGNC:10306	ENSG00000174748	P61313	symbol	
RPL17	HGNC:10307	ENSG00000265681	P18621	symbol	
RPL18	HGNC:10310	ENSG00000063177	Q07020	symbol	
RPL18A	HGNC:10311	ENSG00000105640	Q02543	symbol	
RPL19	HGNC:10312	ENSG00000108298	P84098	symbol	
RPL21	HGNC:10313	ENSG00000122026	P46778	symbol	
RPL22	HGNC:10315	ENSG00000116251	P35268	symbol	
RPL23	HGNC:10316	ENSG00000125691	P62829	symbol	
RPL23A	HGNC:10317	ENSG00000198242	P62750	symbol	
RPL24	HGNC:10325	ENSG00000114391	P83731	symbol	
RPL26	HGNC:10327	ENSG00000161970	P61254	symbol	
RPL27	HGNC:10328	ENSG00000131469	P61353	symbol	
RPL27A	HGNC:10329	ENSG00000166441	P46776	symbol	
RPL28	HGNC:10330	ENSG00000108107	P46779	symbol	
RPL29	HGNC:10331	ENSG00000162244	P47914	symbol	
RPL3	HGNC:10332	ENSG00000100316	P39023	symbol	
RPL30	HGNC:10333	ENSG00000156482	P62888	symbol	
RPL31	HGNC:10334	ENSG00000071082	P62899	symbol	
RPL32	HGNC:10336	ENSG00000144713	P62910	symbol	
RPL34	HGNC:10340	ENSG00000109475	P49207	symbol	
RPL35	HGNC:10344	ENSG00000136942	P42766	symbol	
RPL35A	HGNC:10345	ENSG00000182899	P18077	symbol	
RPL36	HGNC:13631	ENSG00000130255	C0HME6|Q9Y3U8	symbol	
RPL36A	HGNC:10359	ENSG00000241343	P83881	symbol	
RPL36AL	HGNC:10346	ENSG00000165502	Q969Q0	symbol	
RPL37	HGNC:10347	ENSG00000145592	P61927	symbol	
RPL37A	HGNC:10348	ENSG00000197756	P61513	symbol	
RPL38	HGNC:10349	ENSG00000172809	P63173	symbol	
RPL39	HGNC:10350	ENSG00000198918	P62891	symbol	
RPL39P5	HGNC:26015	ENSG00000214289	Q59GN2	symbol	
RPL4	HGNC:10353	ENSG00000174444	P36578	symbol	
RPL5	HGNC:10360	ENSG00000122406	P46777	symbol	
RPL6	HGNC:10362	ENSG00000089009	Q02878	symbol	
RPL7	HGNC:10363	ENSG00000147604	P18124	symbol	
RPL7A	HGNC:10364	ENSG00000148303	P62424	symbol	
RPL7L1	HGNC:21370	ENSG00000146223	Q6DKI1	symbol	
RPL8	HGNC:10368	ENSG00000161016	P62917	symbol	
RPL9	HGNC:10369	ENSG00000163682	P32969	symbol	
RPLP0	HGNC:10371	ENSG00000089157	P05388	symbol	
RPLP1	HGNC:10372	ENSG00000137818	P05386	symbol	
RPLP2	HGNC:10377	ENSG00000177600	P05387	symbol	
RPN1	HGNC:10381	ENSG00000163902	P04843	symbol	
RPN2	HGNC:10382	ENSG00000118705	P04844	symbol	
RPP14	HGNC:30327	ENSG00000163684	O95059	symbol	
RPP21	HGNC:21300	ENSG00000241370	Q9H633	symbol	
RPP25	HGNC:30361	ENSG00000178718	Q9BUL9	symbol	
RPP30	HGNC:17688	ENSG00000148688	P78346	symbol	
RPP38	HGNC:30329	ENSG00000152464	P78345	symbol	
RPP40	HGNC:20992	ENSG00000124787	O75818	symbol	
RPRD1A	HGNC:25560	ENSG00000141425	Q96P16	symbol	
RPRD1B	HGNC:16209	ENSG00000101413	Q9NQG5	symbol	
RPRD2	HGNC:29039	ENSG00000163125	Q5VT52	symbol	
RPS10	HGNC:10383	ENSG00000124614	P46783	symbol	
RPS11	HGNC:10384	ENSG00000142534	P62280	symbol	
RPS12	HGNC:10385	ENSG00000112306	P25398	symbol	
RPS13	HGNC:10386	ENSG00000110700	P62277	symbol	
RPS14	HGNC:10387	ENSG00000164587	P62263	symbol	
RPS15	HGNC:10388	ENSG00000115268	P62841	symbol	
RPS15A	HGNC:10389	ENSG00000134419	P62244	symbol	
RPS16	HGNC:10396	ENSG00000105193	P62249	symbol	
RPS17	HGNC:10397	ENSG00000182774	P08708	symbol	
RPS18	HGNC:10401	ENSG00000231500	P62269	symbol	
RPS19	HGNC:10402	ENSG00000105372	P39019	symbol	
RPS19BP1	HGNC:28749	ENSG00000187051	Q86WX3	symbol	
RPS2	HGNC:10404	ENSG00000140988	P15880	symbol	
RPS20	HGNC:10405	ENSG00000008988	P60866	symbol	
RPS21	HGNC:10409	ENSG00000171858	P63220	symbol	
RPS23	HGNC:10410	ENSG00000186468	P62266	symbol	
RPS24	HGNC:10411	ENSG00000138326	P62847	symbol	
RPS25	HGNC:10413	ENSG00000118181	P62851	symbol	
RPS26	HGNC:10414	ENSG00000197728	P62854	symbol	
RPS26P11	HGNC:31817	ENSG00000196933	Q5JNZ5	symbol	
RPS27	HGNC:10416	ENSG00000177954	P42677	symbol	
RPS27A	HGNC:10417	ENSG00000143947	P62979	symbol	
RPS27L	HGNC:18476	ENSG00000185088	Q71UM5	symbol	
RPS28	HGNC:10418	ENSG00000233927	P62857	symbol	
RPS29	HGNC:10419	ENSG00000213741	P62273	symbol	
RPS3	HGNC:10420	ENSG00000149273	P23396	symbol	
RPS3A	HGNC:10421	ENSG00000145425	P61247	symbol	
RPS4X	HGNC:10424	ENSG00000198034	P62701	symbol	
RPS4Y1	HGNC:10425	ENSG00000129824	P22090	symbol	
RPS4Y2	HGNC:18501	ENSG00000280969	Q8TD47	symbol	
RPS5	HGNC:10426	ENSG00000083845	P46782	symbol	
RPS6	HGNC:10429	ENSG00000137154	P62753	symbol	
RPS6KA1	HGNC:10430	ENSG00000117676	Q15418	symbol	
RPS6KA3	HGNC:10432	ENSG00000177189	P51812	symbol	
RPS6KA4	HGNC:10433	ENSG00000162302	O75676	symbol	
RPS6KA5	HGNC:10434	ENSG00000100784	O75582	symbol	
RPS7	HGNC:10440	ENSG00000171863	P62081	symbol	
RPS8	HGNC:10441	ENSG00000142937	P62241	symbol	
RPS9	HGNC:10442	ENSG00000170889	P46781	symbol	
RPSA	HGNC:6502	ENSG00000168028	P08865	symbol	
RPTN	HGNC:26809	ENSG00000215853	Q6XPR3	symbol	
RPTOR	HGNC:30287	ENSG00000141564	Q8N122	symbol	
RPUSD2	HGNC:24180	ENSG00000166133	Q8IZ73	symbol	
RPUSD3	HGNC:28437	ENSG00000156990	Q6P087	symbol	
RPUSD4	HGNC:25898	ENSG00000165526	Q96CM3	symbol	
RRAGA	HGNC:16963	ENSG00000155876	Q7L523	symbol	
RRAGB	HGNC:19901	ENSG00000083750	Q5VZM2	symbol	
RRAGC	HGNC:19902	ENSG00000116954	Q9HB90	symbol	
RRAS	HGNC:10447	ENSG00000126458	P10301	symbol	
RRAS2	HGNC:17271	ENSG00000133818	P62070	symbol	
RRBP1	HGNC:10448	ENSG00000125844	Q9P2E9	symbol	
RREB1	HGNC:10449	ENSG00000124782	Q92766	symbol	
RRM1	HGNC:10451	ENSG00000167325	P23921	symbol	
RRM2	HGNC:10452	ENSG00000171848	P31350	symbol	
RRM2B	HGNC:17296	ENSG00000048392	Q7LG56	symbol	
RRN3	HGNC:30346	ENSG00000085721	Q9NYV6	symbol	
RRP1	HGNC:18785	ENSG00000160214	P56182	symbol	
RRP12	HGNC:29100	ENSG00000052749	Q5JTH9	symbol	
RRP15	HGNC:24255	ENSG00000067533	Q9Y3B9	symbol	
RRP1B	HGNC:23818	ENSG00000160208	Q14684	symbol	
RRP36	HGNC:21374	ENSG00000124541	Q96EU6	symbol	
RRP7A	HGNC:24286	ENSG00000189306	Q9Y3A4	symbol	
RRP8	HGNC:29030	ENSG00000132275	O43159	symbol	
RRP9	HGNC:16829	ENSG00000114767	O43818	symbol	
RRS1	HGNC:17083	ENSG00000179041	Q15050	symbol	
RSBN1	HGNC:25642	ENSG00000081019	Q5VWQ0	symbol	
RSBN1L	HGNC:24765	ENSG00000187257	Q6PCB5	symbol	
RSF1	HGNC:18118	ENSG00000048649	Q96T23	symbol	
RSL1D1	HGNC:24534	ENSG00000171490	O76021	symbol	
RSL24D1	HGNC:18479	ENSG00000137876	Q9UHA3	symbol	
RSPH10B	HGNC:27362	ENSG00000155026	P0C881	symbol	
RSPO3	HGNC:20866	ENSG00000146374	Q9BXY4	symbol	
RSPRY1	HGNC:29420	ENSG00000159579	Q96DX4	symbol	
RSRC1	HGNC:24152	ENSG00000174891	Q96IZ7	symbol	
RSRC2	HGNC:30559	ENSG00000111011	Q7L4I2	symbol	
RSU1	HGNC:10464	ENSG00000148484	Q15404	symbol	
RTCA	HGNC:17981	ENSG00000137996	O00442	symbol	
RTCB	HGNC:26935	ENSG00000100220	Q9Y3I0	symbol	
RTEL1	HGNC:15888	ENSG00000258366	Q9NZ71	symbol	
RTF1	HGNC:28996	ENSG00000137815	Q92541	symbol	
RTF2	HGNC:15890	ENSG00000022277	Q9BY42	symbol	
RTKN2	HGNC:19364	ENSG00000182010	Q8IZC4	symbol	
RTL6	HGNC:13343	ENSG00000188636	Q6ICC9	symbol	
RTL8C	HGNC:2569	ENSG00000134590	A6ZKI3|O15255	symbol	
RTN1	HGNC:10467	ENSG00000139970	Q16799	symbol	
RTN3	HGNC:10469	ENSG00000133318	O95197	symbol	
RTN4	HGNC:14085	ENSG00000115310	Q9NQC3	symbol	
RTN4IP1	HGNC:18647	ENSG00000130347	Q8WWV3	symbol	
RTN4RL2	HGNC:23053	ENSG00000186907	Q86UN3	symbol	
RTRAF	HGNC:23169	ENSG00000087302	Q9Y224	symbol	
RTTN	HGNC:18654	ENSG00000176225	Q86VV8	symbol	
RUFY1	HGNC:19760	ENSG00000176783	Q96T51	symbol	
RUFY2	HGNC:19761	ENSG00000204130	Q8WXA3	symbol	
RUSC1	HGNC:17153	ENSG00000160753	Q9BVN2	symbol	
RUSF1	HGNC:25848	ENSG00000140688	Q96GQ5	symbol	
RUVBL1	HGNC:10474	ENSG00000175792	Q9Y265	symbol	
RUVBL2	HGNC:10475	ENSG00000183207	Q9Y230	symbol	
RWDD1	HGNC:20993	ENSG00000111832	Q9H446	symbol	
RWDD2A	HGNC:21385	ENSG00000013392	Q9UIY3	symbol	
RWDD4	HGNC:23750	ENSG00000182552	Q6NW29	symbol	
RXRA	HGNC:10477	ENSG00000186350	P19793	symbol	
RXRB	HGNC:10478	ENSG00000204231	P28702	symbol	
RYR1	HGNC:10483	ENSG00000196218	P21817	symbol	
RYR2	HGNC:10484	ENSG00000198626	Q92736	symbol	
S100A10	HGNC:10487	ENSG00000197747	P60903	symbol	
S100A11	HGNC:10488	ENSG00000163191	P31949	symbol	
S100A12	HGNC:10489	ENSG00000163221	P80511	symbol	
S100A13	HGNC:10490	ENSG00000189171	Q99584	symbol	
S100A14	HGNC:18901	ENSG00000189334	Q9HCY8	symbol	
S100A16	HGNC:20441	ENSG00000188643	Q96FQ6	symbol	
S100A2	HGNC:10492	ENSG00000196754	P29034	symbol	
S100A4	HGNC:10494	ENSG00000196154	P26447	symbol	
S100A6	HGNC:10496	ENSG00000197956	P06703	symbol	
S100A7	HGNC:10497	ENSG00000143556	P31151	symbol	
S100A7A	HGNC:21657	ENSG00000184330	Q86SG5	symbol	
S100A8	HGNC:10498	ENSG00000143546	P05109	symbol	
S100A9	HGNC:10499	ENSG00000163220	P06702	symbol	
S100B	HGNC:10500	ENSG00000160307	P04271	symbol	
S100P	HGNC:10504	ENSG00000163993	P25815	symbol	
SAA1	HGNC:10513	ENSG00000173432	P0DJI8	symbol	
SAA2	HGNC:10514	ENSG00000134339	P0DJI9	symbol	
SAA4	HGNC:10516	ENSG00000148965	P35542	symbol	
SAAL1	HGNC:25158	ENSG00000166788	Q96ER3	symbol	
SAC3D1	HGNC:30179	ENSG00000168061	A6NKF1	symbol	
SACM1L	HGNC:17059	ENSG00000211456	Q9NTJ5	symbol	
SAE1	HGNC:30660	ENSG00000142230	Q9UBE0	symbol	
SAFB	HGNC:10520	ENSG00000160633	Q15424	symbol	
SAFB2	HGNC:21605	ENSG00000130254	Q14151	symbol	
SAG	HGNC:10521	ENSG00000130561	P10523	symbol	
SAMD1	HGNC:17958	ENSG00000141858	Q6SPF0	symbol	
SAMD11	HGNC:28706	ENSG00000187634	Q96NU1	symbol	
SAMD15	HGNC:18631	ENSG00000100583	Q9P1V8	symbol	
SAMD4B	HGNC:25492	ENSG00000179134	Q5PRF9	symbol	
SAMD9	HGNC:1348	ENSG00000205413	Q5K651	symbol	
SAMHD1	HGNC:15925	ENSG00000101347	Q9Y3Z3	symbol	
SAMM50	HGNC:24276	ENSG00000100347	Q9Y512	symbol	
SAP130	HGNC:29813	ENSG00000136715	Q9H0E3	symbol	
SAP18	HGNC:10530	ENSG00000150459	O00422	symbol	
SAP30	HGNC:10532	ENSG00000164105	O75446	symbol	
SAP30BP	HGNC:30785	ENSG00000161526	Q9UHR5	symbol	
SAP30L	HGNC:25663	ENSG00000164576	Q9HAJ7	symbol	
SAR1A	HGNC:10534	ENSG00000079332	Q9NR31	symbol	
SAR1B	HGNC:10535	ENSG00000152700	Q9Y6B6	symbol	
SARM1	HGNC:17074	ENSG00000004139	Q6SZW1	symbol	
SARNP	HGNC:24432	ENSG00000205323	P82979	symbol	
SARS1	HGNC:10537	ENSG00000031698	P49591	symbol	
SARS2	HGNC:17697	ENSG00000104835	Q9NP81	symbol	
SART1	HGNC:10538	ENSG00000175467	O43290	symbol	
SART3	HGNC:16860	ENSG00000075856	Q15020	symbol	
SASH3	HGNC:15975	ENSG00000122122	O75995	symbol	
SASS6	HGNC:25403	ENSG00000156876	Q6UVJ0	symbol	
SATB1	HGNC:10541	ENSG00000182568	Q01826	symbol	
SBDS	HGNC:19440	ENSG00000126524	Q9Y3A5	symbol	
SBF1	HGNC:10542	ENSG00000100241	O95248	symbol	
SBF2	HGNC:2135	ENSG00000133812	Q86WG5	symbol	
SBNO1	HGNC:22973	ENSG00000139697	A3KN83	symbol	
SBNO2	HGNC:29158	ENSG00000064932	Q9Y2G9	symbol	
SBSN	HGNC:24950	ENSG00000189001	Q6UWP8	symbol	
SCAF1	HGNC:30403	ENSG00000126461	Q9H7N4	symbol	
SCAF11	HGNC:10784	ENSG00000139218	Q99590	symbol	
SCAF4	HGNC:19304	ENSG00000156304	O95104	symbol	
SCAF8	HGNC:20959	ENSG00000213079	Q9UPN6	symbol	
SCAI	HGNC:26709	ENSG00000173611	Q8N9R8	symbol	
SCAMP1	HGNC:10563	ENSG00000085365	O15126	symbol	
SCAMP2	HGNC:10564	ENSG00000140497	O15127	symbol	
SCAMP3	HGNC:10565	ENSG00000116521	O14828	symbol	
SCAMP4	HGNC:30385	ENSG00000227500	Q969E2	symbol	
SCAMP5	HGNC:30386	ENSG00000198794	Q8TAC9	symbol	
SCAP	HGNC:30634	ENSG00000114650	Q12770	symbol	
SCARB1	HGNC:1664	ENSG00000073060	Q8WTV0	symbol	
SCARB2	HGNC:1665	ENSG00000138760	Q14108	symbol	
SCCPDH	HGNC:24275	ENSG00000143653	Q8NBX0	symbol	
SCD	HGNC:10571	ENSG00000099194	O00767	symbol	
SCEL	HGNC:10573	ENSG00000136155	O95171	symbol	
SCFD1	HGNC:20726	ENSG00000092108	Q8WVM8	symbol	
SCFD2	HGNC:30676	ENSG00000184178	Q8WU76	symbol	
SCGB1C1	HGNC:18394	ENSG00000188076	Q8TD33	symbol	
SCGB1C2	HGNC:51242	ENSG00000268320	P0DMR2	symbol	
SCGB1D1	HGNC:18395	ENSG00000168515	O95968	symbol	
SCGB1D2	HGNC:18396	ENSG00000124935	O95969	symbol	
SCGB2A1	HGNC:7051	ENSG00000124939	O75556	symbol	
SCGB2B2	HGNC:27616	ENSG00000205209	Q4G0G5	symbol	
SCGB3A2	HGNC:18391	ENSG00000164265	Q96PL1	symbol	
SCLY	HGNC:18161	ENSG00000132330	Q96I15	symbol	
SCML2	HGNC:10581	ENSG00000102098	Q9UQR0	symbol	
SCN11A	HGNC:10583	ENSG00000168356	Q9UI33	symbol	
SCN4A	HGNC:10591	ENSG00000007314	P35499	symbol	
SCO1	HGNC:10603	ENSG00000133028	O75880	symbol	
SCO2	HGNC:10604	ENSG00000284194	O43819	symbol	
SCP2	HGNC:10606	ENSG00000116171	P22307	symbol	
SCPEP1	HGNC:29507	ENSG00000121064	Q9HB40	symbol	
SCRIB	HGNC:30377	ENSG00000180900	C0HLS1|Q14160	symbol	
SCRN1	HGNC:22192	ENSG00000136193	Q12765	symbol	
SCRN2	HGNC:30381	ENSG00000141295	Q96FV2	symbol	
SCRN3	HGNC:30382	ENSG00000144306	Q0VDG4	symbol	
SCRT1	HGNC:15950	ENSG00000261678	Q9BWW7	symbol	
SCX	HGNC:32322	ENSG00000260428	Q7RTU7	symbol	
SCYL1	HGNC:14372	ENSG00000142186	Q96KG9	symbol	
SCYL2	HGNC:19286	ENSG00000136021	Q6P3W7	symbol	
SDAD1	HGNC:25537	ENSG00000198301	Q9NVU7	symbol	
SDC1	HGNC:10658	ENSG00000115884	P18827	symbol	
SDC4	HGNC:10661	ENSG00000124145	P31431	symbol	
SDCBP	HGNC:10662	ENSG00000137575	O00560	symbol	
SDCBP2	HGNC:15756	ENSG00000125775	Q9H190	symbol	
SDCCAG8	HGNC:10671	ENSG00000054282	Q86SQ7	symbol	
SDE2	HGNC:26643	ENSG00000143751	Q6IQ49	symbol	
SDF2	HGNC:10675	ENSG00000132581	Q99470	symbol	
SDF2L1	HGNC:10676	ENSG00000128228	Q9HCN8	symbol	
SDF4	HGNC:24188	ENSG00000078808	Q9BRK5	symbol	
SDHA	HGNC:10680	ENSG00000073578	P31040	symbol	
SDHAF1	HGNC:33867	ENSG00000205138	A6NFY7	symbol	
SDHB	HGNC:10681	ENSG00000117118	P21912	symbol	
SDHC	HGNC:10682	ENSG00000143252	Q99643	symbol	
SDR16C5	HGNC:30311	ENSG00000170786	Q8N3Y7	symbol	
SDR39U1	HGNC:20275	ENSG00000100445	Q9NRG7	symbol	
SDR9C7	HGNC:29958	ENSG00000170426	Q8NEX9	symbol	
SDSL	HGNC:30404	ENSG00000139410	Q96GA7	symbol	
SEC11A	HGNC:17718	ENSG00000140612	P67812	symbol	
SEC11B	HGNC:31884	ENSG00000226098	P0C7V7	symbol	
SEC11C	HGNC:23400	ENSG00000166562	Q9BY50	symbol	
SEC13	HGNC:10697	ENSG00000157020	P55735	symbol	
SEC14L1	HGNC:10698	ENSG00000129657	Q92503	symbol	
SEC16A	HGNC:29006	ENSG00000148396	O15027	symbol	
SEC22A	HGNC:20260	ENSG00000121542	Q96IW7	symbol	
SEC22B	HGNC:10700	ENSG00000265808	O75396	symbol	
SEC23A	HGNC:10701	ENSG00000100934	Q15436	symbol	
SEC23B	HGNC:10702	ENSG00000101310	Q15437	symbol	
SEC23IP	HGNC:17018	ENSG00000107651	Q9Y6Y8	symbol	
SEC24A	HGNC:10703	ENSG00000113615	O95486	symbol	
SEC24B	HGNC:10704	ENSG00000138802	O95487	symbol	
SEC24C	HGNC:10705	ENSG00000176986	P53992	symbol	
SEC24D	HGNC:10706	ENSG00000150961	O94855	symbol	
SEC31A	HGNC:17052	ENSG00000138674	O94979	symbol	
SEC31B	HGNC:23197	ENSG00000075826	Q9NQW1	symbol	
SEC61A1	HGNC:18276	ENSG00000058262	P61619	symbol	
SEC61A2	HGNC:17702	ENSG00000065665	Q9H9S3	symbol	
SEC61B	HGNC:16993	ENSG00000106803	P60468	symbol	
SEC61G	HGNC:18277	ENSG00000132432	P60059	symbol	
SEC62	HGNC:11846	ENSG00000008952	Q99442	symbol	
SEC63	HGNC:21082	ENSG00000025796	Q9UGP8	symbol	
SECISBP2	HGNC:30972	ENSG00000187742	Q96T21	symbol	
SECISBP2L	HGNC:28997	ENSG00000138593	Q93073	symbol	
SEH1L	HGNC:30379	ENSG00000085415	Q96EE3	symbol	
SEL1L	HGNC:10717	ENSG00000071537	Q9UBV2	symbol	
SELENBP1	HGNC:10719	ENSG00000143416	Q13228	symbol	
SELENOF	HGNC:17705	ENSG00000183291	O60613	symbol	
SELENOH	HGNC:18251	ENSG00000211450	Q8IZQ5	symbol	
SELENOK	HGNC:30394	ENSG00000113811	Q9Y6D0	symbol	
SELENOM	HGNC:30397	ENSG00000198832	Q8WWX9	symbol	
SELENOS	HGNC:30396	ENSG00000131871	Q9BQE4	symbol	
SELENOT	HGNC:18136	ENSG00000198843	P62341	symbol	
SELP	HGNC:10721	ENSG00000174175	P16109	symbol	
SEMA3A	HGNC:10723	ENSG00000075213	Q14563	symbol	
SEMA3B	HGNC:10724	ENSG00000012171	Q13214	symbol	
SEMA3C	HGNC:10725	ENSG00000075223	Q99985	symbol	
SEMA4B	HGNC:10730	ENSG00000185033	Q9NPR2	symbol	
SEMG1	HGNC:10742	ENSG00000124233	P04279	symbol	
SEMG2	HGNC:10743	ENSG00000124157	Q02383	symbol	
SENP1	HGNC:17927	ENSG00000079387	Q9P0U3	symbol	
SENP2	HGNC:23116	ENSG00000163904	Q9HC62	symbol	
SENP3	HGNC:17862	ENSG00000161956	Q9H4L4	symbol	
SENP5	HGNC:28407	ENSG00000119231	Q96HI0	symbol	
SENP6	HGNC:20944	ENSG00000112701	Q9GZR1	symbol	
SENP8	HGNC:22992	ENSG00000166192	Q96LD8	symbol	
SEPHS1	HGNC:19685	ENSG00000086475	P49903	symbol	
SEPHS2	HGNC:19686	ENSG00000179918	Q99611	symbol	
SEPSECS	HGNC:30605	ENSG00000109618	Q9HD40	symbol	
SEPTIN1	HGNC:2879	ENSG00000180096	Q8WYJ6	symbol	
SEPTIN10	HGNC:14349	ENSG00000186522	Q9P0V9	symbol	
SEPTIN11	HGNC:25589	ENSG00000138758	Q9NVA2	symbol	
SEPTIN2	HGNC:7729	ENSG00000168385	Q15019	symbol	
SEPTIN5	HGNC:9164	ENSG00000184702	Q99719	symbol	
SEPTIN6	HGNC:15848	ENSG00000125354	Q14141	symbol	
SEPTIN7	HGNC:1717	ENSG00000122545	Q16181	symbol	
SEPTIN8	HGNC:16511	ENSG00000164402	Q92599	symbol	
SEPTIN9	HGNC:7323	ENSG00000184640	Q9UHD8	symbol	
SERBP1	HGNC:17860	ENSG00000142864	Q8NC51	symbol	
SERF2	HGNC:10757	ENSG00000140264	P84101	symbol	
SERINC1	HGNC:13464	ENSG00000111897	Q9NRX5	symbol	
SERPINA1	HGNC:8941	ENSG00000197249	P01009	symbol	
SERPINA12	HGNC:18359	ENSG00000165953	Q8IW75	symbol	
SERPINA3	HGNC:16	ENSG00000196136	P01011	symbol	
SERPINA4	HGNC:8948	ENSG00000100665	P29622	symbol	
SERPINA5	HGNC:8723	ENSG00000188488	P05154	symbol	
SERPINA7	HGNC:11583	ENSG00000123561	P05543	symbol	
SERPINB1	HGNC:3311	ENSG00000021355	P30740	symbol	
SERPINB10	HGNC:8942	ENSG00000242550	P48595	symbol	
SERPINB12	HGNC:14220	ENSG00000166634	Q96P63	symbol	
SERPINB13	HGNC:8944	ENSG00000197641	Q9UIV8	symbol	
SERPINB2	HGNC:8584	ENSG00000197632	P05120	symbol	
SERPINB3	HGNC:10569	ENSG00000057149	P29508	symbol	
SERPINB4	HGNC:10570	ENSG00000206073	P48594	symbol	
SERPINB5	HGNC:8949	ENSG00000206075	P36952	symbol	
SERPINB6	HGNC:8950	ENSG00000124570	P35237	symbol	
SERPINB7	HGNC:13902	ENSG00000166396	O75635	symbol	
SERPINB8	HGNC:8952	ENSG00000166401	P50452	symbol	
SERPINB9	HGNC:8955	ENSG00000170542	P50453	symbol	
SERPINC1	HGNC:775	ENSG00000117601	P01008	symbol	
SERPIND1	HGNC:4838	ENSG00000099937	P05546	symbol	
SERPINE1	HGNC:8583	ENSG00000106366	P05121	symbol	
SERPINE2	HGNC:8951	ENSG00000135919	P07093	symbol	
SERPINF1	HGNC:8824	ENSG00000132386	P36955	symbol	
SERPINF2	HGNC:9075	ENSG00000167711	P08697	symbol	
SERPING1	HGNC:1228	ENSG00000149131	P05155	symbol	
SERPINH1	HGNC:1546	ENSG00000149257	P50454	symbol	
SERPINI1	HGNC:8943	ENSG00000163536	Q99574	symbol	
SESN2	HGNC:20746	ENSG00000130766	P58004	symbol	
SESTD1	HGNC:18379	ENSG00000187231	Q86VW0	symbol	
SET	HGNC:10760	ENSG00000119335	Q01105	symbol	
SETD1A	HGNC:29010	ENSG00000099381	O15047	symbol	
SETD1B	HGNC:29187	ENSG00000139718	Q9UPS6	symbol	
SETD2	HGNC:18420	ENSG00000181555	Q9BYW2	symbol	
SETD3	HGNC:20493	ENSG00000183576	Q86TU7	symbol	
SETD4	HGNC:1258	ENSG00000185917	Q9NVD3	symbol	
SETD7	HGNC:30412	ENSG00000145391	Q8WTS6	symbol	
SETDB1	HGNC:10761	ENSG00000143379	Q15047	symbol	
SETMAR	HGNC:10762	ENSG00000170364	Q53H47	symbol	
SETSIP	HGNC:42937	ENSG00000230667	P0DME0	symbol	
SETX	HGNC:445	ENSG00000107290	Q7Z333	symbol	
SEZ6L2	HGNC:30844	ENSG00000174938	Q6UXD5	symbol	
SF1	HGNC:12950	ENSG00000168066	Q15637	symbol	
SF3A1	HGNC:10765	ENSG00000099995	Q15459	symbol	
SF3A2	HGNC:10766	ENSG00000104897	Q15428	symbol	
SF3A3	HGNC:10767	ENSG00000183431	Q12874	symbol	
SF3B1	HGNC:10768	ENSG00000115524	O75533	symbol	
SF3B2	HGNC:10769	ENSG00000087365	Q13435	symbol	
SF3B3	HGNC:10770	ENSG00000189091	Q15393	symbol	
SF3B4	HGNC:10771	ENSG00000143368	Q15427	symbol	
SF3B5	HGNC:21083	ENSG00000169976	Q9BWJ5	symbol	
SF3B6	HGNC:30096	ENSG00000115128	Q9Y3B4	symbol	
SFN	HGNC:10773	ENSG00000175793	P31947	symbol	
SFPQ	HGNC:10774	ENSG00000116560	P23246	symbol	
SFR1	HGNC:29574	ENSG00000156384	Q86XK3	symbol	
SFSWAP	HGNC:10790	ENSG00000061936	Q12872	symbol	
SFT2D2	HGNC:25140	ENSG00000213064	O95562	symbol	
SFT2D3	HGNC:28767	ENSG00000173349	Q587I9	symbol	
SFXN1	HGNC:16085	ENSG00000164466	Q9H9B4	symbol	
SFXN2	HGNC:16086	ENSG00000156398	Q96NB2	symbol	
SFXN3	HGNC:16087	ENSG00000107819	Q9BWM7	symbol	
SFXN4	HGNC:16088	ENSG00000183605	Q6P4A7	symbol	
SGCD	HGNC:10807	ENSG00000170624	Q92629	symbol	
SGCE	HGNC:10808	ENSG00000127990	O43556	symbol	
SGF29	HGNC:25156	ENSG00000176476	Q96ES7	symbol	
SGO1	HGNC:25088	ENSG00000129810	Q5FBB7	symbol	
SGO2	HGNC:30812	ENSG00000163535	Q562F6	symbol	
SGPL1	HGNC:10817	ENSG00000166224	O95470	symbol	
SGPP1	HGNC:17720	ENSG00000126821	Q9BX95	symbol	
SGSH	HGNC:10818	ENSG00000181523	P51688	symbol	
SGSM1	HGNC:29410	ENSG00000167037	Q2NKQ1	symbol	
SGTA	HGNC:10819	ENSG00000104969	O43765	symbol	
SGTB	HGNC:23567	ENSG00000197860	Q96EQ0	symbol	
SH2B1	HGNC:30417	ENSG00000178188	Q9NRF2	symbol	
SH2D1A	HGNC:10820	ENSG00000183918	O60880	symbol	
SH2D1B	HGNC:30416	ENSG00000198574	O14796	symbol	
SH2D4A	HGNC:26102	ENSG00000104611	Q9H788	symbol	
SH3BGRL	HGNC:10823	ENSG00000131171	O75368	symbol	
SH3BGRL2	HGNC:15567	ENSG00000198478	Q9UJC5	symbol	
SH3BGRL3	HGNC:15568	ENSG00000142669	Q9H299	symbol	
SH3BP1	HGNC:10824	ENSG00000100092	Q9Y3L3	symbol	
SH3BP4	HGNC:10826	ENSG00000130147	Q9P0V3	symbol	
SH3BP5L	HGNC:29360	ENSG00000175137	Q7L8J4	symbol	
SH3D19	HGNC:30418	ENSG00000109686	Q5HYK7	symbol	
SH3GL1	HGNC:10830	ENSG00000141985	Q99961	symbol	
SH3GL2	HGNC:10831	ENSG00000107295	Q99962	symbol	
SH3GLB1	HGNC:10833	ENSG00000097033	Q9Y371	symbol	
SH3GLB2	HGNC:10834	ENSG00000148341	Q9NR46	symbol	
SH3KBP1	HGNC:13867	ENSG00000147010	Q96B97	symbol	
SH3PXD2A	HGNC:23664	ENSG00000107957	Q5TCZ1	symbol	
SH3PXD2B	HGNC:29242	ENSG00000174705	A1X283	symbol	
SH3TC1	HGNC:26009	ENSG00000125089	Q8TE82	symbol	
SH3TC2	HGNC:29427	ENSG00000169247	Q8TF17	symbol	
SHANK1	HGNC:15474	ENSG00000161681	Q9Y566	symbol	
SHANK2	HGNC:14295	ENSG00000162105	Q9UPX8	symbol	
SHARPIN	HGNC:25321	ENSG00000179526	Q9H0F6	symbol	
SHBG	HGNC:10839	ENSG00000129214	P04278	symbol	
SHC1	HGNC:10840	ENSG00000160691	P29353	symbol	
SHCBP1	HGNC:29547	ENSG00000171241	Q8NEM2	symbol	
SHE	HGNC:27004	ENSG00000169291	Q5VZ18	symbol	
SHH	HGNC:10848	ENSG00000164690	Q15465	symbol	
SHKBP1	HGNC:19214	ENSG00000160410	Q8TBC3	symbol	
SHMT1	HGNC:10850	ENSG00000176974	P34896	symbol	
SHMT2	HGNC:10852	ENSG00000182199	P34897	symbol	
SHOC2	HGNC:15454	ENSG00000108061	Q9UQ13	symbol	
SHPK	HGNC:1492	ENSG00000197417	Q9UHJ6	symbol	
SHQ1	HGNC:25543	ENSG00000144736	Q6PI26	symbol	
SHROOM2	HGNC:630	ENSG00000146950	Q13796	symbol	
SHROOM3	HGNC:30422	ENSG00000138771	Q8TF72	symbol	
SHROOM4	HGNC:29215	ENSG00000158352	Q9ULL8	symbol	
SHTN1	HGNC:29319	ENSG00000187164	A0MZ66	symbol	
SI	HGNC:10856	ENSG00000090402	P14410	symbol	
SIAE	HGNC:18187	ENSG00000110013	Q9HAT2	symbol	
SIDT2	HGNC:24272	ENSG00000149577	Q8NBJ9	symbol	
SIGIRR	HGNC:30575	ENSG00000185187	Q6IA17	symbol	
SIGMAR1	HGNC:8157	ENSG00000147955	Q99720	symbol	
SIKE1	HGNC:26119	ENSG00000052723	Q9BRV8	symbol	
SIL1	HGNC:24624	ENSG00000120725	Q9H173	symbol	
SIN3A	HGNC:19353	ENSG00000169375	Q96ST3	symbol	
SINHCAF	HGNC:30702	ENSG00000139146	Q9NP50	symbol	
SIPA1	HGNC:10885	ENSG00000213445	Q96FS4	symbol	
SIPA1L1	HGNC:20284	ENSG00000197555	O43166	symbol	
SIPA1L3	HGNC:23801	ENSG00000105738	O60292	symbol	
SIRPA	HGNC:9662	ENSG00000198053	P78324	symbol	
SIRT1	HGNC:14929	ENSG00000096717	Q96EB6	symbol	
SIRT3	HGNC:14931	ENSG00000142082	Q9NTG7	symbol	
SIRT5	HGNC:14933	ENSG00000124523	Q9NXA8	symbol	
SIRT6	HGNC:14934	ENSG00000077463	Q8N6T7	symbol	
SIVA1	HGNC:17712	ENSG00000184990	O15304	symbol	
SIX5	HGNC:10891	ENSG00000177045	Q8N196	symbol	
SKA1	HGNC:28109	ENSG00000154839	Q96BD8	symbol	
SKA2	HGNC:28006	ENSG00000182628	Q8WVK7	symbol	
SKA3	HGNC:20262	ENSG00000165480	Q8IX90	symbol	
SKAP1	HGNC:15605	ENSG00000141293	Q86WV1	symbol	
SKAP2	HGNC:15687	ENSG00000005020	O75563	symbol	
SKIL	HGNC:10897	ENSG00000136603	P12757	symbol	
SKP1	HGNC:10899	ENSG00000113558	P63208	symbol	
SKP2	HGNC:10901	ENSG00000145604	Q13309	symbol	
SLAIN2	HGNC:29282	ENSG00000109171	Q9P270	symbol	
SLC11A2	HGNC:10908	ENSG00000110911	P49281	symbol	
SLC12A1	HGNC:10910	ENSG00000074803	Q13621	symbol	
SLC12A2	HGNC:10911	ENSG00000064651	P55011	symbol	
SLC12A3	HGNC:10912	ENSG00000070915	P55017	symbol	
SLC12A4	HGNC:10913	ENSG00000124067	Q9UP95	symbol	
SLC12A5	HGNC:13818	ENSG00000124140	Q9H2X9	symbol	
SLC12A6	HGNC:10914	ENSG00000140199	Q9UHW9	symbol	
SLC12A7	HGNC:10915	ENSG00000113504	Q9Y666	symbol	
SLC12A9	HGNC:17435	ENSG00000146828	Q9BXP2	symbol	
SLC15A1	HGNC:10920	ENSG00000088386	P46059	symbol	
SLC15A4	HGNC:23090	ENSG00000139370	Q8N697	symbol	
SLC16A1	HGNC:10922	ENSG00000155380	P53985	symbol	
SLC16A13	HGNC:31037	ENSG00000174327	Q7RTY0	symbol	
SLC16A3	HGNC:10924	ENSG00000141526	O15427	symbol	
SLC16A6	HGNC:10927	ENSG00000108932	O15403	symbol	
SLC16A7	HGNC:10928	ENSG00000118596	O60669	symbol	
SLC17A5	HGNC:10933	ENSG00000119899	Q9NRA2	symbol	
SLC18B1	HGNC:21573	ENSG00000146409	Q6NT16	symbol	
SLC19A1	HGNC:10937	ENSG00000173638	P41440	symbol	
SLC19A2	HGNC:10938	ENSG00000117479	O60779	symbol	
SLC1A3	HGNC:10941	ENSG00000079215	P43003	symbol	
SLC1A4	HGNC:10942	ENSG00000115902	P43007	symbol	
SLC1A5	HGNC:10943	ENSG00000105281	Q15758	symbol	
SLC20A1	HGNC:10946	ENSG00000144136	Q8WUM9	symbol	
SLC22A18	HGNC:10964	ENSG00000110628	Q96BI1	alias_or_prev_symbol	
SLC22A3	HGNC:10967	ENSG00000146477	O75751	symbol	
SLC22A8	HGNC:10972	ENSG00000149452	Q8TCC7	symbol	
SLC24A5	HGNC:20611	ENSG00000188467	Q71RS6	symbol	
SLC25A1	HGNC:10979	ENSG00000100075	P53007	symbol	
SLC25A10	HGNC:10980	ENSG00000183048	Q9UBX3	symbol	
SLC25A11	HGNC:10981	ENSG00000108528	Q02978	symbol	
SLC25A12	HGNC:10982	ENSG00000115840	O75746	symbol	
SLC25A13	HGNC:10983	ENSG00000004864	Q9UJS0	symbol	
SLC25A14	HGNC:10984	ENSG00000102078	O95258	symbol	
SLC25A15	HGNC:10985	ENSG00000102743	Q9Y619	symbol	
SLC25A17	HGNC:10987	ENSG00000100372	O43808	symbol	
SLC25A19	HGNC:14409	ENSG00000125454	Q9HC21	symbol	
SLC25A20	HGNC:1421	ENSG00000178537	O43772	symbol	
SLC25A22	HGNC:19954	ENSG00000177542	Q9H936	symbol	
SLC25A24	HGNC:20662	ENSG00000085491	Q6NUK1	symbol	
SLC25A3	HGNC:10989	ENSG00000075415	Q00325	symbol	
SLC25A31	HGNC:25319	ENSG00000151475	Q9H0C2	symbol	
SLC25A32	HGNC:29683	ENSG00000164933	Q9H2D1	symbol	
SLC25A33	HGNC:29681	ENSG00000171612	Q9BSK2	symbol	
SLC25A36	HGNC:25554	ENSG00000114120	Q96CQ1	symbol	
SLC25A4	HGNC:10990	ENSG00000151729	P12235	symbol	
SLC25A40	HGNC:29680	ENSG00000075303	Q8TBP6	symbol	
SLC25A44	HGNC:29036	ENSG00000160785	Q96H78	symbol	
SLC25A46	HGNC:25198	ENSG00000164209	Q96AG3	symbol	
SLC25A5	HGNC:10991	ENSG00000005022	P05141	symbol	
SLC25A6	HGNC:10992	ENSG00000169100	P12236	symbol	
SLC26A2	HGNC:10994	ENSG00000155850	P50443	symbol	
SLC26A6	HGNC:14472	ENSG00000225697	Q9BXS9	symbol	
SLC27A2	HGNC:10996	ENSG00000140284	O14975	symbol	
SLC27A3	HGNC:10997	ENSG00000143554	Q5K4L6	symbol	
SLC27A4	HGNC:10998	ENSG00000167114	Q6P1M0	symbol	
SLC28A1	HGNC:11001	ENSG00000156222	O00337	symbol	
SLC28A2	HGNC:11002	ENSG00000137860	O43868	symbol	
SLC29A1	HGNC:11003	ENSG00000112759	Q99808	symbol	
SLC29A2	HGNC:11004	ENSG00000174669	Q14542	symbol	
SLC2A1	HGNC:11005	ENSG00000117394	P11166	symbol	
SLC2A13	HGNC:15956	ENSG00000151229	Q96QE2	symbol	
SLC2A3	HGNC:11007	ENSG00000059804	P11169	symbol	
SLC2A5	HGNC:11010	ENSG00000142583	P22732	symbol	
SLC2A6	HGNC:11011	ENSG00000160326	Q9UGQ3	symbol	
SLC2A9	HGNC:13446	ENSG00000109667	Q9NRM0	symbol	
SLC30A1	HGNC:11012	ENSG00000170385	Q9Y6M5	symbol	
SLC30A5	HGNC:19089	ENSG00000145740	Q8TAD4	symbol	
SLC30A6	HGNC:19305	ENSG00000152683	Q6NXT4	symbol	
SLC30A7	HGNC:19306	ENSG00000162695	Q8NEW0	symbol	
SLC30A9	HGNC:1329	ENSG00000014824	Q6PML9	symbol	
SLC31A1	HGNC:11016	ENSG00000136868	O15431	symbol	
SLC33A1	HGNC:95	ENSG00000169359	O00400	symbol	
SLC35A1	HGNC:11021	ENSG00000164414	P78382	symbol	
SLC35A4	HGNC:20753	ENSG00000176087	L0R6Q1|Q96G79	symbol	
SLC35B2	HGNC:16872	ENSG00000157593	Q8TB61	symbol	
SLC35E1	HGNC:20803	ENSG00000127526	Q96K37	symbol	
SLC35F2	HGNC:23615	ENSG00000110660	Q8IXU6	symbol	
SLC35F3	HGNC:23616	ENSG00000183780	Q8IY50	symbol	
SLC35F6	HGNC:26055	ENSG00000213699	Q8N357	symbol	
SLC36A1	HGNC:18761	ENSG00000123643	Q7Z2H8	symbol	
SLC37A4	HGNC:4061	ENSG00000137700	O43826	symbol	
SLC38A1	HGNC:13447	ENSG00000111371	Q9H2H9	symbol	
SLC38A10	HGNC:28237	ENSG00000157637	Q9HBR0	symbol	
SLC38A2	HGNC:13448	ENSG00000134294	Q96QD8	symbol	
SLC38A5	HGNC:18070	ENSG00000017483	Q8WUX1	symbol	
SLC38A7	HGNC:25582	ENSG00000103042	Q9NVC3	symbol	
SLC39A1	HGNC:12876	ENSG00000143570	Q9NY26	symbol	
SLC39A10	HGNC:20861	ENSG00000196950	Q9ULF5	symbol	
SLC39A11	HGNC:14463	ENSG00000133195	Q8N1S5	symbol	
SLC39A14	HGNC:20858	ENSG00000104635	Q15043	symbol	
SLC39A4	HGNC:17129	ENSG00000147804	Q6P5W5	symbol	
SLC39A6	HGNC:18607	ENSG00000141424	Q13433	symbol	
SLC39A7	HGNC:4927	ENSG00000112473	Q92504	symbol	
SLC39A8	HGNC:20862	ENSG00000138821	Q9C0K1	symbol	
SLC3A2	HGNC:11026	ENSG00000168003	P08195	symbol	
SLC44A1	HGNC:18798	ENSG00000070214	Q8WWI5	symbol	
SLC44A2	HGNC:17292	ENSG00000129353	Q8IWA5	symbol	
SLC44A4	HGNC:13941	ENSG00000204385	Q53GD3	symbol	
SLC46A1	HGNC:30521	ENSG00000076351	Q96NT5	symbol	
SLC47A1	HGNC:25588	ENSG00000142494	Q96FL8	symbol	
SLC49A4	HGNC:16628	ENSG00000138463	Q96SL1	symbol	
SLC4A1	HGNC:11027	ENSG00000004939	P02730	symbol	
SLC4A1AP	HGNC:13813	ENSG00000163798	Q9BWU0	symbol	
SLC4A2	HGNC:11028	ENSG00000164889	P04920	symbol	
SLC4A7	HGNC:11033	ENSG00000033867	Q9Y6M7	symbol	
SLC52A2	HGNC:30224	ENSG00000185803	Q9HAB3	symbol	
SLC5A3	HGNC:11038	ENSG00000198743	P53794	symbol	
SLC5A6	HGNC:11041	ENSG00000138074	Q9Y289	symbol	
SLC6A15	HGNC:13621	ENSG00000072041	Q9H2J7	symbol	
SLC6A6	HGNC:11052	ENSG00000131389	P31641	symbol	
SLC6A8	HGNC:11055	ENSG00000130821	P48029	symbol	
SLC6A9	HGNC:11056	ENSG00000196517	P48067	symbol	
SLC7A1	HGNC:11057	ENSG00000139514	P30825	symbol	
SLC7A11	HGNC:11059	ENSG00000151012	Q9UPY5	symbol	
SLC7A2	HGNC:11060	ENSG00000003989	P52569	symbol	
SLC7A5	HGNC:11063	ENSG00000103257	Q01650	symbol	
SLC7A8	HGNC:11066	ENSG00000092068	Q9UHI5	symbol	
SLC9A1	HGNC:11071	ENSG00000090020	P19634	symbol	
SLC9A6	HGNC:11079	ENSG00000198689	Q92581	symbol	
SLCO1B1	HGNC:10959	ENSG00000134538	Q9Y6L6	symbol	
SLCO1B3	HGNC:10961	ENSG00000111700	Q9NPD5	symbol	
SLCO1B3-SLCO1B7	HGNC:54403	ENSG00000257046	F5H094	symbol	
SLCO1B7	HGNC:32934	ENSG00000205754	G3V0H7	symbol	
SLCO3A1	HGNC:10952	ENSG00000176463	Q9UIG8	symbol	
SLCO4A1	HGNC:10953	ENSG00000101187	Q96BD0	symbol	
SLF1	HGNC:25408	ENSG00000133302	Q9BQI6	symbol	
SLFN11	HGNC:26633	ENSG00000172716	Q7Z7L1	symbol	
SLFN12	HGNC:25500	ENSG00000172123	Q8IYM2	symbol	
SLFN12L	HGNC:33920	ENSG00000205045	Q6IEE8	symbol	
SLFN5	HGNC:28286	ENSG00000166750	Q08AF3	symbol	
SLIRP	HGNC:20495	ENSG00000119705	Q9GZT3	symbol	
SLITRK1	HGNC:20297	ENSG00000178235	Q96PX8	symbol	
SLITRK3	HGNC:23501	ENSG00000121871	O94933	symbol	
SLITRK5	HGNC:20295	ENSG00000165300	O94991	symbol	
SLK	HGNC:11088	ENSG00000065613	Q9H2G2	symbol	
SLMAP	HGNC:16643	ENSG00000163681	Q14BN4	symbol	
SLPI	HGNC:11092	ENSG00000124107	P03973	symbol	
SLTM	HGNC:20709	ENSG00000137776	Q9NWH9	symbol	
SLU7	HGNC:16939	ENSG00000164609	O95391	symbol	
SLURP2	HGNC:25549	ENSG00000283992	P0DP57	symbol	
SLX4	HGNC:23845	ENSG00000188827	Q8IY92	symbol	
SLX9	HGNC:15811	ENSG00000160256	Q9NSI2	symbol	
SMAD1	HGNC:6767	ENSG00000170365	Q15797	symbol	
SMAD2	HGNC:6768	ENSG00000175387	Q15796	symbol	
SMAD3	HGNC:6769	ENSG00000166949	P84022	symbol	
SMAD4	HGNC:6770	ENSG00000141646	Q13485	symbol	
SMAD5	HGNC:6771	ENSG00000113658	Q99717	symbol	
SMAP1	HGNC:19651	ENSG00000112305	Q8IYB5	symbol	
SMAP2	HGNC:25082	ENSG00000084070	Q8WU79	symbol	
SMARCA1	HGNC:11097	ENSG00000102038	P28370	symbol	
SMARCA2	HGNC:11098	ENSG00000080503	P51531	symbol	
SMARCA4	HGNC:11100	ENSG00000127616	P51532	symbol	
SMARCA5	HGNC:11101	ENSG00000153147	O60264	symbol	
SMARCAD1	HGNC:18398	ENSG00000163104	Q9H4L7	symbol	
SMARCAL1	HGNC:11102	ENSG00000138375	Q9NZC9	symbol	
SMARCB1	HGNC:11103	ENSG00000099956	Q12824	symbol	
SMARCC1	HGNC:11104	ENSG00000173473	Q92922	symbol	
SMARCC2	HGNC:11105	ENSG00000139613	Q8TAQ2	symbol	
SMARCD1	HGNC:11106	ENSG00000066117	Q96GM5	symbol	
SMARCD2	HGNC:11107	ENSG00000108604	Q92925	symbol	
SMARCE1	HGNC:11109	ENSG00000073584	Q969G3	symbol	
SMC1A	HGNC:11111	ENSG00000072501	Q14683	symbol	
SMC1B	HGNC:11112	ENSG00000077935	Q8NDV3	symbol	
SMC2	HGNC:14011	ENSG00000136824	O95347	symbol	
SMC3	HGNC:2468	ENSG00000108055	Q9UQE7	symbol	
SMC4	HGNC:14013	ENSG00000113810	Q9NTJ3	symbol	
SMC5	HGNC:20465	ENSG00000198887	Q8IY18	symbol	
SMC6	HGNC:20466	ENSG00000163029	Q96SB8	symbol	
SMCHD1	HGNC:29090	ENSG00000101596	A6NHR9	symbol	
SMCO1	HGNC:27407	ENSG00000214097	Q147U7	symbol	
SMCR8	HGNC:17921	ENSG00000176994	Q8TEV9	symbol	
SMDT1	HGNC:25055	ENSG00000183172	Q9H4I9	symbol	
SMG1	HGNC:30045	ENSG00000157106	Q96Q15	symbol	
SMG5	HGNC:24644	ENSG00000198952	Q9UPR3	symbol	
SMG6	HGNC:17809	ENSG00000070366	Q86US8	symbol	
SMG7	HGNC:16792	ENSG00000116698	Q92540	symbol	
SMG8	HGNC:25551	ENSG00000167447	Q8ND04	symbol	
SMG9	HGNC:25763	ENSG00000105771	Q9H0W8	symbol	
SMIM12	HGNC:25154	ENSG00000163866	Q96EX1	symbol	
SMIM13	HGNC:27356	ENSG00000224531	P0DJ93	symbol	
SMIM20	HGNC:37260	ENSG00000250317	Q8N5G0	symbol	
SMN1	HGNC:11117	ENSG00000172062	Q16637	symbol	
SMNDC1	HGNC:16900	ENSG00000119953	O75940	symbol	
SMOC1	HGNC:20318	ENSG00000198732	Q9H4F8	symbol	
SMOC2	HGNC:20323	ENSG00000112562	Q9H3U7	symbol	
SMPD1	HGNC:11120	ENSG00000166311	P17405	symbol	
SMPD2	HGNC:11121	ENSG00000135587	O60906	symbol	
SMPD3	HGNC:14240	ENSG00000103056	Q9NY59	symbol	
SMPD4	HGNC:32949	ENSG00000136699	Q9NXE4	symbol	
SMPDL3A	HGNC:17389	ENSG00000172594	Q92484	symbol	
SMPDL3B	HGNC:21416	ENSG00000130768	Q92485	symbol	
SMR3B	HGNC:17326	ENSG00000171201	P02814	symbol	
SMS	HGNC:11123	ENSG00000102172	P52788	symbol	
SMTN	HGNC:11126	ENSG00000183963	P53814	symbol	
SMU1	HGNC:18247	ENSG00000122692	Q2TAY7	symbol	
SMURF1	HGNC:16807	ENSG00000198742	Q9HCE7	symbol	
SMURF2	HGNC:16809	ENSG00000108854	Q9HAU4	symbol	
SMYD3	HGNC:15513	ENSG00000185420	Q9H7B4	symbol	
SMYD5	HGNC:16258	ENSG00000135632	Q6GMV2	symbol	
SNAP23	HGNC:11131	ENSG00000092531	O00161	symbol	
SNAP25	HGNC:11132	ENSG00000132639	P60880	symbol	
SNAP29	HGNC:11133	ENSG00000099940	O95721	symbol	
SNAPC4	HGNC:11137	ENSG00000165684	Q5SXM2	symbol	
SNAPIN	HGNC:17145	ENSG00000143553	O95295	symbol	
SNCA	HGNC:11138	ENSG00000145335	P37840	symbol	
SNCAIP	HGNC:11139	ENSG00000064692	Q9Y6H5	symbol	
SND1	HGNC:30646	ENSG00000197157	Q7KZF4	symbol	
SNF8	HGNC:17028	ENSG00000159210	Q96H20	symbol	
SNIP1	HGNC:30587	ENSG00000163877	Q8TAD8	symbol	
SNRK	HGNC:30598	ENSG00000163788	Q9NRH2	symbol	
SNRNP200	HGNC:30859	ENSG00000144028	O75643	symbol	
SNRNP27	HGNC:30240	ENSG00000124380	Q8WVK2	symbol	
SNRNP35	HGNC:30852	ENSG00000184209	Q16560	symbol	
SNRNP40	HGNC:30857	ENSG00000060688	Q96DI7	symbol	
SNRNP70	HGNC:11150	ENSG00000104852	P08621	symbol	
SNRPA	HGNC:11151	ENSG00000077312	P09012	symbol	
SNRPA1	HGNC:11152	ENSG00000131876	P09661	symbol	
SNRPB	HGNC:11153	ENSG00000125835	P14678	symbol	
SNRPB2	HGNC:11155	ENSG00000125870	P08579	symbol	
SNRPC	HGNC:11157	ENSG00000124562	P09234	symbol	
SNRPD1	HGNC:11158	ENSG00000167088	P62314	symbol	
SNRPD2	HGNC:11159	ENSG00000125743	P62316	symbol	
SNRPD3	HGNC:11160	ENSG00000100028	P62318	symbol	
SNRPE	HGNC:11161	ENSG00000182004	P62304	symbol	
SNRPF	HGNC:11162	ENSG00000139343	P62306	symbol	
SNRPG	HGNC:11163	ENSG00000143977	P62308	symbol	
SNRPGP15	HGNC:49371	ENSG00000224543	A8MWD9	symbol	
SNRPN	HGNC:11164	ENSG00000128739	P63162	symbol	
SNTB1	HGNC:11168	ENSG00000172164	Q13884	symbol	
SNTB2	HGNC:11169	ENSG00000168807	Q13425	symbol	
SNTG2	HGNC:13741	ENSG00000172554	Q9NY99	symbol	
SNU13	HGNC:7819	ENSG00000100138	P55769	symbol	
SNUPN	HGNC:14245	ENSG00000169371	O95149	symbol	
SNW1	HGNC:16696	ENSG00000100603	Q13573	symbol	
SNX1	HGNC:11172	ENSG00000028528	Q13596	symbol	
SNX12	HGNC:14976	ENSG00000147164	Q9UMY4	symbol	
SNX15	HGNC:14978	ENSG00000110025	Q9NRS6	symbol	
SNX17	HGNC:14979	ENSG00000115234	Q15036	symbol	
SNX18	HGNC:19245	ENSG00000178996	Q96RF0	symbol	
SNX2	HGNC:11173	ENSG00000205302	O60749	symbol	
SNX21	HGNC:16154	ENSG00000124104	Q969T3	symbol	
SNX24	HGNC:21533	ENSG00000064652	Q9Y343	symbol	
SNX27	HGNC:20073	ENSG00000143376	Q96L92	symbol	
SNX29	HGNC:30542	ENSG00000048471	Q8TEQ0	symbol	
SNX3	HGNC:11174	ENSG00000112335	O60493	symbol	
SNX30	HGNC:23685	ENSG00000148158	Q5VWJ9	symbol	
SNX4	HGNC:11175	ENSG00000114520	O95219	symbol	
SNX5	HGNC:14969	ENSG00000089006	Q9Y5X3	symbol	
SNX6	HGNC:14970	ENSG00000129515	Q9UNH7	symbol	
SNX8	HGNC:14972	ENSG00000106266	Q9Y5X2	symbol	
SNX9	HGNC:14973	ENSG00000130340	Q9Y5X1	symbol	
SOAT1	HGNC:11177	ENSG00000057252	P35610	symbol	
SOD1	HGNC:11179	ENSG00000142168	P00441	symbol	
SOD2	HGNC:11180	ENSG00000291237	P04179	symbol	
SOD3	HGNC:11181	ENSG00000109610	P08294	symbol	
SOGA1	HGNC:16111	ENSG00000149639	O94964	alias_or_prev_symbol	
SON	HGNC:11183	ENSG00000159140	P18583	symbol	
SORBS2	HGNC:24098	ENSG00000154556	O94875	symbol	
SORBS3	HGNC:30907	ENSG00000120896	O60504	symbol	
SORCS2	HGNC:16698	ENSG00000184985	Q96PQ0	symbol	
SORD	HGNC:11184	ENSG00000140263	Q00796	symbol	
SORL1	HGNC:11185	ENSG00000137642	Q92673	symbol	
SORT1	HGNC:11186	ENSG00000134243	Q99523	symbol	
SOS1	HGNC:11187	ENSG00000115904	Q07889	symbol	
SOSTDC1	HGNC:21748	ENSG00000171243	Q6X4U4	symbol	
SOWAHC	HGNC:26149	ENSG00000198142	Q53LP3	symbol	
SOX15	HGNC:11196	ENSG00000129194	O60248	symbol	
SOX6	HGNC:16421	ENSG00000110693	P35712	symbol	
SP1	HGNC:11205	ENSG00000185591	P08047	symbol	
SP100	HGNC:11206	ENSG00000067066	P23497	symbol	
SP140	HGNC:17133	ENSG00000079263	Q13342	symbol	
SP2	HGNC:11207	ENSG00000167182	Q02086	symbol	
SP3	HGNC:11208	ENSG00000172845	Q02447	symbol	
SPAG1	HGNC:11212	ENSG00000104450	Q07617	symbol	
SPAG5	HGNC:13452	ENSG00000076382	Q96R06	symbol	
SPAG7	HGNC:11216	ENSG00000091640	O75391	symbol	
SPAG9	HGNC:14524	ENSG00000008294	O60271	symbol	
SPANXN2	HGNC:33175	ENSG00000268988	Q5MJ10	symbol	
SPARC	HGNC:11219	ENSG00000113140	P09486	symbol	
SPARCL1	HGNC:11220	ENSG00000152583	Q14515	symbol	
SPART	HGNC:18514	ENSG00000133104	Q8N0X7	symbol	
SPAST	HGNC:11233	ENSG00000021574	Q9UBP0	symbol	
SPATA1	HGNC:14682	ENSG00000122432	Q5VX52	symbol	
SPATA2	HGNC:14681	ENSG00000158480	Q9UM82	symbol	
SPATA20	HGNC:26125	ENSG00000006282	Q8TB22	symbol	
SPATA33	HGNC:26463	ENSG00000167523	Q96N06	symbol	
SPATS2	HGNC:18650	ENSG00000123352	Q86XZ4	symbol	
SPATS2L	HGNC:24574	ENSG00000196141	Q9NUQ6	symbol	
SPC24	HGNC:26913	ENSG00000161888	Q8NBT2	symbol	
SPC25	HGNC:24031	ENSG00000152253	Q9HBM1	symbol	
SPCS1	HGNC:23401	ENSG00000114902	Q9Y6A9	symbol	
SPCS2	HGNC:28962	ENSG00000118363	Q15005	symbol	
SPCS3	HGNC:26212	ENSG00000129128	P61009	symbol	
SPDL1	HGNC:26010	ENSG00000040275	Q96EA4	symbol	
SPECC1	HGNC:30615	ENSG00000128487	Q5M775	symbol	
SPECC1L	HGNC:29022	ENSG00000100014	Q69YQ0	symbol	
SPEG	HGNC:16901	ENSG00000072195	Q15772	symbol	
SPEM3	HGNC:53651	ENSG00000283439	A0A1B0GUW6	symbol	
SPEN	HGNC:17575	ENSG00000065526	Q96T58	symbol	
SPG21	HGNC:20373	ENSG00000090487	Q9NZD8	symbol	
SPG7	HGNC:11237	ENSG00000197912	Q9UQ90	symbol	
SPHK2	HGNC:18859	ENSG00000063176	Q9NRA0	symbol	
SPI1	HGNC:11241	ENSG00000066336	P17947	symbol	
SPICE1	HGNC:25083	ENSG00000163611	Q8N0Z3	symbol	
SPIDR	HGNC:28971	ENSG00000164808	Q14159	symbol	
SPIN1	HGNC:11243	ENSG00000106723	Q9Y657	symbol	
SPINK13	HGNC:27200	ENSG00000214510	Q1W4C9	symbol	
SPINK5	HGNC:15464	ENSG00000133710	Q9NQ38	symbol	
SPINK7	HGNC:24643	ENSG00000145879	P58062	symbol	
SPINT1	HGNC:11246	ENSG00000166145	O43278	symbol	
SPINT2	HGNC:11247	ENSG00000167642	O43291	symbol	
SPIRE2	HGNC:30623	ENSG00000204991	Q8WWL2	symbol	
SPN	HGNC:11249	ENSG00000197471	P16150	symbol	
SPOCK2	HGNC:13564	ENSG00000107742	Q92563	symbol	
SPOUT1	HGNC:26933	ENSG00000198917	Q5T280	symbol	
SPP1	HGNC:11255	ENSG00000118785	P10451	symbol	
SPPL2A	HGNC:30227	ENSG00000138600	Q8TCT8	symbol	
SPR	HGNC:11257	ENSG00000116096	P35270	symbol	
SPRR1A	HGNC:11259	ENSG00000169474	P35321	symbol	
SPRR1B	HGNC:11260	ENSG00000169469	P22528	symbol	
SPRR2F	HGNC:11266	ENSG00000244094	Q96RM1	symbol	
SPRR2G	HGNC:11267	ENSG00000159516	Q9BYE4	symbol	
SPRR3	HGNC:11268	ENSG00000163209	Q9UBC9	symbol	
SPRYD4	HGNC:27468	ENSG00000176422	Q8WW59	symbol	
SPRYD7	HGNC:14297	ENSG00000123178	Q5W111	symbol	
SPTA1	HGNC:11272	ENSG00000163554	P02549	symbol	
SPTAN1	HGNC:11273	ENSG00000197694	Q13813	symbol	
SPTB	HGNC:11274	ENSG00000070182	P11277	symbol	
SPTBN1	HGNC:11275	ENSG00000115306	Q01082	symbol	
SPTBN2	HGNC:11276	ENSG00000173898	O15020	symbol	
SPTBN4	HGNC:14896	ENSG00000160460	Q9H254	symbol	
SPTLC1	HGNC:11277	ENSG00000090054	O15269	symbol	
SPTLC2	HGNC:11278	ENSG00000100596	O15270	symbol	
SPTSSA	HGNC:20361	ENSG00000165389	Q969W0	symbol	
SPTY2D1	HGNC:26818	ENSG00000179119	Q68D10	symbol	
SQOR	HGNC:20390	ENSG00000137767	Q9Y6N5	symbol	
SQSTM1	HGNC:11280	ENSG00000161011	Q13501	symbol	
SRA1	HGNC:11281	ENSG00000213523	Q9HD15	symbol	
SRBD1	HGNC:25521	ENSG00000068784	Q8N5C6	symbol	
SRC	HGNC:11283	ENSG00000197122	P12931	symbol	
SRCAP	HGNC:16974	ENSG00000080603	Q6ZRS2	symbol	
SRCIN1	HGNC:29506	ENSG00000277363	Q9C0H9	symbol	
SREBF1	HGNC:11289	ENSG00000072310	P36956	symbol	
SREK1	HGNC:17882	ENSG00000153914	Q8WXA9	symbol	
SREK1IP1	HGNC:26716	ENSG00000153006	Q8N9Q2	symbol	
SRFBP1	HGNC:26333	ENSG00000151304	Q8NEF9	symbol	
SRGAP1	HGNC:17382	ENSG00000196935	Q7Z6B7	symbol	
SRGAP2	HGNC:19751	ENSG00000266028	O75044	symbol	
SRI	HGNC:11292	ENSG00000075142	P30626	symbol	
SRL	HGNC:11295	ENSG00000185739	Q86TD4	symbol	
SRM	HGNC:11296	ENSG00000116649	P19623	symbol	
SRP14	HGNC:11299	ENSG00000140319	P37108	symbol	
SRP19	HGNC:11300	ENSG00000153037	P09132	symbol	
SRP54	HGNC:11301	ENSG00000100883	P61011	symbol	
SRP68	HGNC:11302	ENSG00000167881	Q9UHB9	symbol	
SRP72	HGNC:11303	ENSG00000174780	O76094	symbol	
SRP9	HGNC:11304	ENSG00000143742	P49458	symbol	
SRPK1	HGNC:11305	ENSG00000096063	Q96SB4	symbol	
SRPK2	HGNC:11306	ENSG00000135250	P78362	symbol	
SRPRA	HGNC:11307	ENSG00000182934	P08240	symbol	
SRPRB	HGNC:24085	ENSG00000144867	Q9Y5M8	symbol	
SRRM1	HGNC:16638	ENSG00000133226	Q8IYB3	symbol	
SRRM2	HGNC:16639	ENSG00000167978	Q9UQ35	symbol	
SRRT	HGNC:24101	ENSG00000087087	Q9BXP5	symbol	
SRSF1	HGNC:10780	ENSG00000136450	Q07955	symbol	
SRSF10	HGNC:16713	ENSG00000188529	O75494	symbol	
SRSF11	HGNC:10782	ENSG00000116754	Q05519	symbol	
SRSF2	HGNC:10783	ENSG00000161547	Q01130	symbol	
SRSF3	HGNC:10785	ENSG00000112081	P84103	symbol	
SRSF4	HGNC:10786	ENSG00000116350	Q08170	symbol	
SRSF5	HGNC:10787	ENSG00000100650	Q13243	symbol	
SRSF6	HGNC:10788	ENSG00000124193	Q13247	symbol	
SRSF7	HGNC:10789	ENSG00000115875	Q16629	symbol	
SRSF8	HGNC:16988	ENSG00000263465	Q9BRL6	symbol	
SRSF9	HGNC:10791	ENSG00000111786	Q13242	symbol	
SRXN1	HGNC:16132	ENSG00000271303	Q9BYN0	symbol	
SRY	HGNC:11311	ENSG00000184895	Q05066	symbol	
SS18	HGNC:11340	ENSG00000141380	Q15532	symbol	
SS18L1	HGNC:15592	ENSG00000184402	O75177	symbol	
SSB	HGNC:11316	ENSG00000138385	P05455	symbol	
SSBP1	HGNC:11317	ENSG00000106028	Q04837	symbol	
SSBP2	HGNC:15831	ENSG00000145687	P81877	symbol	
SSBP3	HGNC:15674	ENSG00000157216	Q9BWW4	symbol	
SSBP4	HGNC:15676	ENSG00000130511	Q9BWG4	symbol	
SSH3	HGNC:30581	ENSG00000172830	Q8TE77	symbol	
SSNA1	HGNC:11321	ENSG00000176101	O43805	symbol	
SSR1	HGNC:11323	ENSG00000124783	P43307	symbol	
SSR3	HGNC:11325	ENSG00000114850	Q9UNL2	symbol	
SSR4	HGNC:11326	ENSG00000180879	P51571	symbol	
SSRP1	HGNC:11327	ENSG00000149136	Q08945	symbol	
SSU72	HGNC:25016	ENSG00000160075	Q9NP77	symbol	
SSX7	HGNC:19653	ENSG00000187754	Q7RTT5	symbol	
ST13	HGNC:11343	ENSG00000100380	P50502	symbol	
ST3GAL1	HGNC:10862	ENSG00000008513	Q11201	symbol	
ST3GAL3	HGNC:10866	ENSG00000126091	Q11203	symbol	
ST3GAL4	HGNC:10864	ENSG00000110080	Q11206	symbol	
ST6GALNAC1	HGNC:23614	ENSG00000070526	Q9NSC7	symbol	
ST6GALNAC4	HGNC:17846	ENSG00000136840	Q9H4F1	symbol	
ST7	HGNC:11351	ENSG00000004866	Q9NRC1	symbol	
ST8SIA4	HGNC:10871	ENSG00000113532	Q92187	symbol	
STAB1	HGNC:18628	ENSG00000010327	Q9NY15	symbol	
STAB2	HGNC:18629	ENSG00000136011	Q8WWQ8	symbol	
STAG1	HGNC:11354	ENSG00000118007	Q8WVM7	symbol	
STAG2	HGNC:11355	ENSG00000101972	Q8N3U4	symbol	
STAM	HGNC:11357	ENSG00000136738	Q92783	symbol	
STAM2	HGNC:11358	ENSG00000115145	O75886	symbol	
STAMBP	HGNC:16950	ENSG00000124356	O95630	symbol	
STAMBPL1	HGNC:24105	ENSG00000138134	Q96FJ0	symbol	
STAP1	HGNC:24133	ENSG00000035720	Q9ULZ2	symbol	
STARD10	HGNC:10666	ENSG00000214530	Q9Y365	symbol	
STARD3NL	HGNC:19169	ENSG00000010270	O95772	symbol	
STARD5	HGNC:18065	ENSG00000172345	Q9NSY2	symbol	
STARD7	HGNC:18063	ENSG00000084090	Q9NQZ5	symbol	
STARD8	HGNC:19161	ENSG00000130052	Q92502	symbol	
STAT1	HGNC:11362	ENSG00000115415	P42224	symbol	
STAT2	HGNC:11363	ENSG00000170581	P52630	symbol	
STAT3	HGNC:11364	ENSG00000168610	P40763	symbol	
STAT4	HGNC:11365	ENSG00000138378	Q14765	symbol	
STAT5A	HGNC:11366	ENSG00000126561	P42229	symbol	
STAT5B	HGNC:11367	ENSG00000173757	P51692	symbol	
STAT6	HGNC:11368	ENSG00000166888	P42226	symbol	
STAU1	HGNC:11370	ENSG00000124214	O95793	symbol	
STAU2	HGNC:11371	ENSG00000040341	Q9NUL3	symbol	
STBD1	HGNC:24854	ENSG00000118804	O95210	symbol	
STEAP2	HGNC:17885	ENSG00000157214	Q8NFT2	symbol	
STEAP3	HGNC:24592	ENSG00000115107	Q658P3	symbol	
STEEP1	HGNC:26239	ENSG00000018610	Q9H5V9	symbol	
STIL	HGNC:10879	ENSG00000123473	Q15468	symbol	
STIM1	HGNC:11386	ENSG00000167323	Q13586	symbol	
STING1	HGNC:27962	ENSG00000184584	Q86WV6	symbol	
STIP1	HGNC:11387	ENSG00000168439	P31948	symbol	
STK10	HGNC:11388	ENSG00000072786	O94804	symbol	
STK11	HGNC:11389	ENSG00000118046	Q15831	symbol	
STK16	HGNC:11394	ENSG00000115661	O75716	symbol	
STK24	HGNC:11403	ENSG00000102572	Q9Y6E0	symbol	
STK26	HGNC:18174	ENSG00000134602	Q9P289	symbol	
STK3	HGNC:11406	ENSG00000104375	Q13188	symbol	
STK31	HGNC:11407	ENSG00000196335	Q9BXU1	symbol	
STK32C	HGNC:21332	ENSG00000165752	Q86UX6	symbol	
STK38	HGNC:17847	ENSG00000112079	Q15208	symbol	
STK39	HGNC:17717	ENSG00000198648	Q9UEW8	symbol	
STK4	HGNC:11408	ENSG00000101109	Q13043	symbol	
STMN1	HGNC:6510	ENSG00000117632	P16949	symbol	
STMN2	HGNC:10577	ENSG00000104435	Q93045	symbol	
STN1	HGNC:26200	ENSG00000107960	Q9H668	symbol	
STOM	HGNC:3383	ENSG00000148175	P27105	symbol	
STOML2	HGNC:14559	ENSG00000165283	Q9UJZ1	symbol	
STOML3	HGNC:19420	ENSG00000133115	Q8TAV4	symbol	
STON2	HGNC:30652	ENSG00000140022	Q8WXE9	symbol	
STRADB	HGNC:13205	ENSG00000082146	Q9C0K7	symbol	
STRAP	HGNC:30796	ENSG00000023734	Q9Y3F4	symbol	
STRBP	HGNC:16462	ENSG00000165209	Q96SI9	symbol	
STRC	HGNC:16035	ENSG00000242866	Q7RTU9	symbol	
STRN	HGNC:11424	ENSG00000115808	O43815	symbol	
STRN3	HGNC:15720	ENSG00000196792	Q13033	symbol	
STRN4	HGNC:15721	ENSG00000090372	Q9NRL3	symbol	
STS	HGNC:11425	ENSG00000101846	P08842	symbol	
STT3A	HGNC:6172	ENSG00000134910	P46977	symbol	
STT3B	HGNC:30611	ENSG00000163527	Q8TCJ2	symbol	
STUB1	HGNC:11427	ENSG00000103266	Q9UNE7	symbol	
STX10	HGNC:11428	ENSG00000104915	O60499	symbol	
STX11	HGNC:11429	ENSG00000135604	O75558	symbol	
STX12	HGNC:11430	ENSG00000117758	Q86Y82	symbol	
STX16	HGNC:11431	ENSG00000124222	O14662	symbol	
STX17	HGNC:11432	ENSG00000136874	P56962	symbol	
STX18	HGNC:15942	ENSG00000168818	Q9P2W9	symbol	
STX1B	HGNC:18539	ENSG00000099365	P61266	symbol	
STX2	HGNC:3403	ENSG00000111450	P32856	symbol	
STX4	HGNC:11439	ENSG00000103496	Q12846	symbol	
STX5	HGNC:11440	ENSG00000162236	Q13190	symbol	
STX6	HGNC:11441	ENSG00000135823	O43752	symbol	
STX7	HGNC:11442	ENSG00000079950	O15400	symbol	
STX8	HGNC:11443	ENSG00000170310	Q9UNK0	symbol	
STXBP1	HGNC:11444	ENSG00000136854	P61764	symbol	
STXBP2	HGNC:11445	ENSG00000076944	Q15833	symbol	
STXBP3	HGNC:11446	ENSG00000116266	O00186	symbol	
STXBP4	HGNC:19694	ENSG00000166263	Q6ZWJ1	symbol	
STXBP5	HGNC:19665	ENSG00000164506	Q5T5C0	symbol	
STYXL2	HGNC:25034	ENSG00000198842	Q5VZP5	symbol	
SUB1	HGNC:19985	ENSG00000113387	P53999	symbol	
SUCLA2	HGNC:11448	ENSG00000136143	Q9P2R7	symbol	
SUCLG1	HGNC:11449	ENSG00000163541	P53597	symbol	
SUCLG2	HGNC:11450	ENSG00000172340	Q96I99	symbol	
SUDS3	HGNC:29545	ENSG00000111707	Q9H7L9	symbol	
SUGP1	HGNC:18643	ENSG00000105705	Q8IWZ8	symbol	
SUGP2	HGNC:18641	ENSG00000064607	Q8IX01	symbol	
SUGT1	HGNC:16987	ENSG00000165416	Q9Y2Z0	symbol	
SULT1A1	HGNC:11453	ENSG00000196502	P50225	symbol	
SULT1A3	HGNC:11455	ENSG00000261052	P0DMM9	symbol	
SULT1A4	HGNC:30004	ENSG00000213648	P0DMN0	symbol	
SULT1B1	HGNC:17845	ENSG00000173597	O43704	symbol	
SULT1C2	HGNC:11456	ENSG00000198203	O00338	symbol	
SULT1C4	HGNC:11457	ENSG00000198075	O75897	symbol	
SULT2B1	HGNC:11459	ENSG00000088002	O00204	symbol	
SUMF1	HGNC:20376	ENSG00000144455	Q8NBK3	symbol	
SUMF2	HGNC:20415	ENSG00000129103	Q8NBJ7	symbol	
SUMO1	HGNC:12502	ENSG00000116030	P63165	symbol	
SUMO2	HGNC:11125	ENSG00000188612	P61956	symbol	
SUMO3	HGNC:11124	ENSG00000184900	P55854	symbol	
SUMO4	HGNC:21181	ENSG00000177688	Q6EEV6	symbol	
SUN1	HGNC:18587	ENSG00000164828	O94901	symbol	
SUN2	HGNC:14210	ENSG00000100242	Q9UH99	symbol	
SUPT16H	HGNC:11465	ENSG00000092201	Q9Y5B9	symbol	
SUPT4H1	HGNC:11467	ENSG00000213246	P63272	symbol	
SUPT5H	HGNC:11469	ENSG00000196235	O00267	symbol	
SUPT6H	HGNC:11470	ENSG00000109111	Q7KZ85	symbol	
SUPT7L	HGNC:30632	ENSG00000119760	O94864	symbol	
SUPV3L1	HGNC:11471	ENSG00000156502	Q8IYB8	symbol	
SURF1	HGNC:11474	ENSG00000148290	Q15526	symbol	
SURF4	HGNC:11476	ENSG00000148248	O15260	symbol	
SURF6	HGNC:11478	ENSG00000148296	O75683	symbol	
SUSD2	HGNC:30667	ENSG00000099994	Q9UGT4	symbol	
SUSD5	HGNC:29061	ENSG00000173705	O60279	symbol	
SUV39H2	HGNC:17287	ENSG00000152455	Q9H5I1	symbol	
SUZ12	HGNC:17101	ENSG00000178691	Q15022	symbol	
SVIL	HGNC:11480	ENSG00000197321	O95425	symbol	
SVIP	HGNC:25238	ENSG00000198168	Q8NHG7	symbol	
SWAP70	HGNC:17070	ENSG00000133789	Q9UH65	symbol	
SYAP1	HGNC:16273	ENSG00000169895	Q96A49	symbol	
SYCP1	HGNC:11487	ENSG00000198765	Q15431	symbol	
SYCP2	HGNC:11490	ENSG00000196074	Q9BX26	symbol	
SYF2	HGNC:19824	ENSG00000117614	O95926	symbol	
SYK	HGNC:11491	ENSG00000165025	P43405	symbol	
SYMPK	HGNC:22935	ENSG00000125755	Q92797	symbol	
SYN1	HGNC:11494	ENSG00000008056	P17600	symbol	
SYN2	HGNC:11495	ENSG00000157152	Q92777	symbol	
SYNCRIP	HGNC:16918	ENSG00000135316	O60506	symbol	
SYNE1	HGNC:17089	ENSG00000131018	Q8NF91	symbol	
SYNE2	HGNC:17084	ENSG00000054654	Q8WXH0	symbol	
SYNE3	HGNC:19861	ENSG00000176438	Q6ZMZ3	symbol	
SYNGAP1	HGNC:11497	ENSG00000197283	Q96PV0	symbol	
SYNGR1	HGNC:11498	ENSG00000100321	O43759	symbol	
SYNGR2	HGNC:11499	ENSG00000108639	O43760	symbol	
SYNGR3	HGNC:11501	ENSG00000127561	O43761	symbol	
SYNJ1	HGNC:11503	ENSG00000159082	O43426	symbol	
SYNJ2	HGNC:11504	ENSG00000078269	O15056	symbol	
SYNJ2BP	HGNC:18955	ENSG00000213463	P57105	symbol	
SYNM	HGNC:24466	ENSG00000182253	O15061	symbol	
SYNPO	HGNC:30672	ENSG00000171992	Q8N3V7	symbol	
SYNRG	HGNC:557	ENSG00000275066	Q9UMZ2	symbol	
SYPL1	HGNC:11507	ENSG00000008282	Q16563	symbol	
SYS1	HGNC:16162	ENSG00000204070	Q8N2H4	symbol	
SYT1	HGNC:11509	ENSG00000067715	P21579	symbol	
SYT14	HGNC:23143	ENSG00000143469	Q8NB59	symbol	
SYTL1	HGNC:15584	ENSG00000142765	Q8IYJ3	symbol	
SYTL4	HGNC:15588	ENSG00000102362	Q96C24	symbol	
SYTL5	HGNC:15589	ENSG00000147041	Q8TDW5	symbol	
SYVN1	HGNC:20738	ENSG00000162298	Q86TM6	symbol	
SZRD1	HGNC:30232	ENSG00000055070	Q7Z422	symbol	
SZT2	HGNC:29040	ENSG00000198198	Q5T011	symbol	
TAAR1	HGNC:17734	ENSG00000146399	Q96RJ0	symbol	
TAB1	HGNC:18157	ENSG00000100324	Q15750	symbol	
TAB2	HGNC:17075	ENSG00000055208	Q9NYJ8	symbol	
TAB3	HGNC:30681	ENSG00000157625	Q8N5C8	symbol	
TACC1	HGNC:11522	ENSG00000147526	O75410	symbol	
TACC2	HGNC:11523	ENSG00000138162	O95359	symbol	
TACC3	HGNC:11524	ENSG00000013810	Q9Y6A5	symbol	
TACO1	HGNC:24316	ENSG00000136463	Q9BSH4	symbol	
TACR3	HGNC:11528	ENSG00000169836	P29371	symbol	
TACSTD2	HGNC:11530	ENSG00000184292	P09758	symbol	
TADA2A	HGNC:11531	ENSG00000276234	O75478	symbol	
TADA2B	HGNC:30781	ENSG00000173011	Q86TJ2	symbol	
TADA3	HGNC:19422	ENSG00000171148	O75528	symbol	
TAF1	HGNC:11535	ENSG00000147133	P21675	symbol	
TAF10	HGNC:11543	ENSG00000166337	Q12962	symbol	
TAF12	HGNC:11545	ENSG00000120656	Q16514	symbol	
TAF15	HGNC:11547	ENSG00000270647	Q92804	symbol	
TAF1A	HGNC:11532	ENSG00000143498	Q15573	symbol	
TAF1C	HGNC:11534	ENSG00000103168	Q15572	symbol	
TAF2	HGNC:11536	ENSG00000064313	Q6P1X5	symbol	
TAF3	HGNC:17303	ENSG00000165632	Q5VWG9	symbol	
TAF4	HGNC:11537	ENSG00000130699	O00268	symbol	
TAF5	HGNC:11539	ENSG00000148835	Q15542	symbol	
TAF5L	HGNC:17304	ENSG00000135801	O75529	symbol	
TAF6	HGNC:11540	ENSG00000106290	P49848	symbol	
TAF6L	HGNC:17305	ENSG00000162227	Q9Y6J9	symbol	
TAF7	HGNC:11541	ENSG00000178913	Q15545	symbol	
TAF9	HGNC:11542	ENSG00000273841	Q16594	symbol	
TAF9B	HGNC:17306	ENSG00000187325	Q9HBM6	symbol	
TAGLN2	HGNC:11554	ENSG00000158710	P37802	symbol	
TAGLN3	HGNC:29868	ENSG00000144834	Q9UI15	symbol	
TALDO1	HGNC:11559	ENSG00000177156	P37837	symbol	
TAMM41	HGNC:25187	ENSG00000144559	Q96BW9	symbol	
TANC1	HGNC:29364	ENSG00000115183	Q9C0D5	symbol	
TANC2	HGNC:30212	ENSG00000170921	Q9HCD6	symbol	
TANGO6	HGNC:25749	ENSG00000103047	Q9C0B7	symbol	
TANK	HGNC:11562	ENSG00000136560	Q92844	symbol	
TAOK1	HGNC:29259	ENSG00000160551	Q7L7X3	symbol	
TAOK2	HGNC:16835	ENSG00000149930	Q9UL54	symbol	
TAOK3	HGNC:18133	ENSG00000135090	Q9H2K8	symbol	
TAP1	HGNC:43	ENSG00000168394	Q03518	symbol	
TAP2	HGNC:44	ENSG00000204267	Q03519	symbol	
TAPBP	HGNC:11566	ENSG00000231925	O15533	symbol	
TAPBPL	HGNC:30683	ENSG00000139192	Q9BX59	symbol	
TARBP1	HGNC:11568	ENSG00000059588	Q13395	symbol	
TARBP2	HGNC:11569	ENSG00000139546	Q15633	symbol	
TARDBP	HGNC:11571	ENSG00000120948	Q13148	symbol	
TARS1	HGNC:11572	ENSG00000113407	P26639	symbol	
TARS2	HGNC:30740	ENSG00000143374	Q9BW92	symbol	
TAS1R1	HGNC:14448	ENSG00000173662	Q7RTX1	symbol	
TASOR	HGNC:30314	ENSG00000163946	Q9UK61	symbol	
TASOR2	HGNC:23484	ENSG00000108021	Q5VWN6	symbol	
TATDN1	HGNC:24220	ENSG00000147687	Q6P1N9	symbol	
TATDN3	HGNC:27010	ENSG00000203705	Q17R31	symbol	
TAX1BP1	HGNC:11575	ENSG00000106052	Q86VP1	symbol	
TAX1BP3	HGNC:30684	ENSG00000213977	O14907	symbol	
TBC1D10A	HGNC:23609	ENSG00000099992	Q9BXI6	symbol	
TBC1D10B	HGNC:24510	ENSG00000169221	Q4KMP7	symbol	
TBC1D10C	HGNC:24702	ENSG00000175463	Q8IV04	symbol	
TBC1D13	HGNC:25571	ENSG00000107021	Q9NVG8	symbol	
TBC1D15	HGNC:25694	ENSG00000121749	Q8TC07	symbol	
TBC1D17	HGNC:25699	ENSG00000104946	Q9HA65	symbol	
TBC1D2	HGNC:18026	ENSG00000095383	Q9BYX2	symbol	
TBC1D20	HGNC:16133	ENSG00000125875	Q96BZ9	symbol	
TBC1D22A	HGNC:1309	ENSG00000054611	Q8WUA7	symbol	
TBC1D23	HGNC:25622	ENSG00000036054	Q9NUY8	symbol	
TBC1D24	HGNC:29203	ENSG00000162065	Q9ULP9	symbol	
TBC1D2B	HGNC:29183	ENSG00000167202	Q9UPU7	symbol	
TBC1D31	HGNC:30888	ENSG00000156787	Q96DN5	symbol	
TBC1D4	HGNC:19165	ENSG00000136111	O60343	symbol	
TBC1D5	HGNC:19166	ENSG00000131374	Q92609	symbol	
TBC1D8	HGNC:17791	ENSG00000204634	O95759	symbol	
TBC1D8B	HGNC:24715	ENSG00000133138	Q0IIM8	symbol	
TBC1D9	HGNC:21710	ENSG00000109436	Q6ZT07	symbol	
TBC1D9B	HGNC:29097	ENSG00000197226	Q66K14	symbol	
TBCA	HGNC:11579	ENSG00000171530	O75347	symbol	
TBCB	HGNC:1989	ENSG00000105254	Q99426	symbol	
TBCC	HGNC:11580	ENSG00000124659	Q15814	symbol	
TBCD	HGNC:11581	ENSG00000141556	Q9BTW9	symbol	
TBCE	HGNC:11582	ENSG00000284770	Q15813	symbol	
TBK1	HGNC:11584	ENSG00000183735	Q9UHD2	symbol	
TBL1X	HGNC:11585	ENSG00000101849	O60907	symbol	
TBL1XR1	HGNC:29529	ENSG00000177565	Q9BZK7	symbol	
TBL2	HGNC:11586	ENSG00000106638	Q9Y4P3	symbol	
TBL3	HGNC:11587	ENSG00000183751	Q12788	symbol	
TBP	HGNC:11588	ENSG00000112592	P20226	symbol	
TBPL1	HGNC:11589	ENSG00000028839	P62380	symbol	
TBPL2	HGNC:19841	ENSG00000182521	Q6SJ96	symbol	
TBR1	HGNC:11590	ENSG00000136535	Q16650	symbol	
TBRG4	HGNC:17443	ENSG00000136270	Q969Z0	alias_or_prev_symbol	
TBX21	HGNC:11599	ENSG00000073861	Q9UL17	symbol	
TBX3	HGNC:11602	ENSG00000135111	O15119	symbol	
TBXAS1	HGNC:11609	ENSG00000059377	P24557	symbol	
TBXT	HGNC:11515	ENSG00000164458	O15178	symbol	
TC2N	HGNC:19859	ENSG00000165929	Q8N9U0	symbol	
TCAF1	HGNC:22201	ENSG00000198420	Q9Y4C2	symbol	
TCAF2	HGNC:26878	ENSG00000170379	A6NFQ2	symbol	
TCAIM	HGNC:25241	ENSG00000179152	Q8N3R3	symbol	
TCEA1	HGNC:11612	ENSG00000187735	P23193	symbol	
TCEAL1	HGNC:11616	ENSG00000172465	Q15170	symbol	
TCEAL3	HGNC:28247	ENSG00000196507	Q969E4	symbol	
TCEAL4	HGNC:26121	ENSG00000133142	Q96EI5	symbol	
TCEAL5	HGNC:22282	ENSG00000204065	Q5H9L2	symbol	
TCEAL9	HGNC:30084	ENSG00000185222	Q9UHQ7	symbol	
TCERG1	HGNC:15630	ENSG00000113649	O14776	symbol	
TCF12	HGNC:11623	ENSG00000140262	Q99081	symbol	
TCF20	HGNC:11631	ENSG00000100207	Q9UGU0	symbol	
TCF25	HGNC:29181	ENSG00000141002	Q9BQ70	symbol	
TCF3	HGNC:11633	ENSG00000071564	P15923	symbol	
TCHP	HGNC:28135	ENSG00000139437	Q9BT92	symbol	
TCIRG1	HGNC:11647	ENSG00000110719	Q13488	symbol	
TCL1A	HGNC:11648	ENSG00000100721	P56279	symbol	
TCN1	HGNC:11652	ENSG00000134827	P20061	symbol	
TCOF1	HGNC:11654	ENSG00000070814	Q13428	symbol	
TCP1	HGNC:11655	ENSG00000120438	P17987	symbol	
TCP11L1	HGNC:25655	ENSG00000176148	Q9NUJ3	symbol	
TCTN1	HGNC:26113	ENSG00000204852	Q2MV58	symbol	
TDP1	HGNC:18884	ENSG00000042088	Q9NUW8	symbol	
TDP2	HGNC:17768	ENSG00000111802	O95551	symbol	
TDRD1	HGNC:11712	ENSG00000095627	Q9BXT4	symbol	
TDRD12	HGNC:25044	ENSG00000173809	Q587J7	symbol	
TDRD3	HGNC:20612	ENSG00000083544	Q9H7E2	symbol	
TDRD5	HGNC:20614	ENSG00000162782	Q8NAT2	symbol	
TDRD6	HGNC:21339	ENSG00000180113	O60522	symbol	
TDRD7	HGNC:30831	ENSG00000196116	Q8NHU6	symbol	
TDRKH	HGNC:11713	ENSG00000182134	Q9Y2W6	symbol	
TDRP	HGNC:26951	ENSG00000180190	Q86YL5	symbol	
TEAD1	HGNC:11714	ENSG00000187079	P28347	symbol	
TEAD2	HGNC:11715	ENSG00000074219	Q15562	symbol	
TEAD3	HGNC:11716	ENSG00000007866	Q99594	symbol	
TEAD4	HGNC:11717	ENSG00000197905	Q15561	symbol	
TECPR1	HGNC:22214	ENSG00000205356	Q7Z6L1	symbol	
TECR	HGNC:4551	ENSG00000099797	Q9NZ01	symbol	
TECTA	HGNC:11720	ENSG00000109927	O75443	symbol	
TEF	HGNC:11722	ENSG00000167074	Q10587	symbol	
TEFM	HGNC:26223	ENSG00000172171	Q96QE5	symbol	
TEKT1	HGNC:15534	ENSG00000167858	Q969V4	symbol	
TEKT2	HGNC:11725	ENSG00000092850	Q9UIF3	symbol	
TELO2	HGNC:29099	ENSG00000100726	Q9Y4R8	symbol	
TENM4	HGNC:29945	ENSG00000149256	Q6N022	symbol	
TENT4B	HGNC:30758	ENSG00000121274	Q8NDF8	symbol	
TENT5A	HGNC:18345	ENSG00000112773	Q96IP4	symbol	
TEPSIN	HGNC:26458	ENSG00000167302	Q96N21	symbol	
TERB2	HGNC:28520	ENSG00000167014	Q8NHR7	symbol	
TERF1	HGNC:11728	ENSG00000147601	P54274	symbol	
TERF2	HGNC:11729	ENSG00000132604	Q15554	symbol	
TERF2IP	HGNC:19246	ENSG00000166848	Q9NYB0	symbol	
TES	HGNC:14620	ENSG00000135269	Q9UGI8	symbol	
TESC	HGNC:26065	ENSG00000088992	Q96BS2	symbol	
TESPA1	HGNC:29109	ENSG00000135426	A2RU30	symbol	
TET1	HGNC:29484	ENSG00000138336	Q8NFU7	symbol	
TEX10	HGNC:25988	ENSG00000136891	Q9NXF1	symbol	
TEX2	HGNC:30884	ENSG00000136478	Q8IWB9	symbol	
TEX261	HGNC:30712	ENSG00000144043	Q6UWH6	symbol	
TEX264	HGNC:30247	ENSG00000164081	Q9Y6I9	symbol	
TEX30	HGNC:25188	ENSG00000151287	Q5JUR7	symbol	
TF	HGNC:11740	ENSG00000091513	P02787	symbol	
TFAM	HGNC:11741	ENSG00000108064	Q00059	symbol	
TFAP2A	HGNC:11742	ENSG00000137203	P05549	symbol	
TFAP2C	HGNC:11744	ENSG00000087510	Q92754	symbol	
TFAP4	HGNC:11745	ENSG00000090447	Q01664	symbol	
TFB1M	HGNC:17037	ENSG00000029639	Q8WVM0	symbol	
TFB2M	HGNC:18559	ENSG00000162851	Q9H5Q4	symbol	
TFCP2	HGNC:11748	ENSG00000135457	Q12800	symbol	
TFDP1	HGNC:11749	ENSG00000198176	Q14186	symbol	
TFF1	HGNC:11755	ENSG00000160182	P04155	symbol	
TFG	HGNC:11758	ENSG00000114354	Q92734	symbol	
TFIP11	HGNC:17165	ENSG00000100109	Q9UBB9	symbol	
TFPI	HGNC:11760	ENSG00000003436	P10646	symbol	
TFPT	HGNC:13630	ENSG00000105619	P0C1Z6	symbol	
TFR2	HGNC:11762	ENSG00000106327	Q9UP52	symbol	
TFRC	HGNC:11763	ENSG00000072274	P02786	symbol	
TG	HGNC:11764	ENSG00000042832	P01266	symbol	
TGFB1	HGNC:11766	ENSG00000105329	P01137	symbol	
TGFB1I1	HGNC:11767	ENSG00000140682	O43294	symbol	
TGFBI	HGNC:11771	ENSG00000120708	Q15582	symbol	
TGFBR1	HGNC:11772	ENSG00000106799	P36897	symbol	
TGFBR3	HGNC:11774	ENSG00000069702	Q03167	symbol	
TGFBR3L	HGNC:44152	ENSG00000260001	H3BV60	symbol	
TGFBRAP1	HGNC:16836	ENSG00000135966	Q8WUH2	symbol	
TGIF1	HGNC:11776	ENSG00000177426	Q15583	symbol	
TGIF2	HGNC:15764	ENSG00000118707	Q9GZN2	symbol	
TGM1	HGNC:11777	ENSG00000092295	P22735	symbol	
TGM2	HGNC:11778	ENSG00000198959	P21980	symbol	
TGM3	HGNC:11779	ENSG00000125780	Q08188	symbol	
TGM5	HGNC:11781	ENSG00000104055	O43548	symbol	
TGOLN2	HGNC:15450	ENSG00000152291	O43493	symbol	
TGS1	HGNC:17843	ENSG00000137574	Q96RS0	symbol	
TH	HGNC:11782	ENSG00000180176	P07101	symbol	
THADA	HGNC:19217	ENSG00000115970	Q6YHU6	symbol	
THAP11	HGNC:23194	ENSG00000168286	Q96EK4	symbol	
THAP12	HGNC:9440	ENSG00000137492	O43422	symbol	
THAP5	HGNC:23188	ENSG00000177683	Q7Z6K1	symbol	
THBS1	HGNC:11785	ENSG00000137801	P07996	symbol	
THBS4	HGNC:11788	ENSG00000113296	P35443	symbol	
THEM4	HGNC:17947	ENSG00000159445	Q5T1C6	symbol	
THEM6	HGNC:29656	ENSG00000130193	Q8WUY1	symbol	
THEMIS	HGNC:21569	ENSG00000172673	Q8N1K5	symbol	
THEMIS2	HGNC:16839	ENSG00000130775	Q5TEJ8	symbol	
THG1L	HGNC:26053	ENSG00000113272	Q9NWX6	symbol	
THNSL1	HGNC:26160	ENSG00000185875	Q8IYQ7	symbol	
THOC1	HGNC:19070	ENSG00000079134	Q96FV9	symbol	
THOC2	HGNC:19073	ENSG00000125676	Q8NI27	symbol	
THOC3	HGNC:19072	ENSG00000051596	Q96J01	symbol	
THOC5	HGNC:19074	ENSG00000100296	Q13769	symbol	
THOC6	HGNC:28369	ENSG00000131652	Q86W42	symbol	
THOC7	HGNC:29874	ENSG00000163634	Q6I9Y2	symbol	
THOP1	HGNC:11793	ENSG00000172009	P52888	symbol	
THRAP3	HGNC:22964	ENSG00000054118	Q9Y2W1	symbol	
THSD4	HGNC:25835	ENSG00000187720	Q6ZMP0	symbol	
THSD7B	HGNC:29348	ENSG00000144229	Q9C0I4	symbol	
THTPA	HGNC:18987	ENSG00000259431	Q9BU02	symbol	
THUMPD1	HGNC:23807	ENSG00000066654	Q9NXG2	symbol	
THUMPD2	HGNC:14890	ENSG00000138050	Q9BTF0	symbol	
THUMPD3	HGNC:24493	ENSG00000134077	Q9BV44	symbol	
THYN1	HGNC:29560	ENSG00000151500	Q9P016	symbol	
TIA1	HGNC:11802	ENSG00000116001	P31483	symbol	
TIAL1	HGNC:11804	ENSG00000151923	Q01085	symbol	
TIAM1	HGNC:11805	ENSG00000156299	Q13009	symbol	
TIAM2	HGNC:11806	ENSG00000146426	Q8IVF5	symbol	
TICAM2	HGNC:21354	ENSG00000243414	Q86XR7	symbol	
TIE1	HGNC:11809	ENSG00000066056	P35590	symbol	
TIGAR	HGNC:1185	ENSG00000078237	Q9NQ88	symbol	
TIGD1	HGNC:14523	ENSG00000221944	Q96MW7	symbol	
TIGD3	HGNC:18334	ENSG00000173825	Q6B0B8	symbol	
TIGD7	HGNC:18331	ENSG00000140993	Q6NT04	symbol	
TIMELESS	HGNC:11813	ENSG00000111602	Q9UNS1	symbol	
TIMM10	HGNC:11814	ENSG00000134809	P62072	symbol	
TIMM10B	HGNC:4022	ENSG00000132286	Q9Y5J6	symbol	
TIMM13	HGNC:11816	ENSG00000099800	Q9Y5L4	symbol	
TIMM17A	HGNC:17315	ENSG00000134375	Q99595	symbol	
TIMM17B	HGNC:17310	ENSG00000126768	O60830	symbol	
TIMM21	HGNC:25010	ENSG00000075336	Q9BVV7	symbol	
TIMM22	HGNC:17317	ENSG00000177370	Q9Y584	symbol	
TIMM23	HGNC:17312	ENSG00000265354	O14925	symbol	
TIMM29	HGNC:25152	ENSG00000142444	Q9BSF4	symbol	
TIMM44	HGNC:17316	ENSG00000104980	O43615	symbol	
TIMM50	HGNC:23656	ENSG00000105197	Q3ZCQ8	symbol	
TIMM8A	HGNC:11817	ENSG00000126953	O60220	symbol	
TIMM8B	HGNC:11818	ENSG00000150779	Q9Y5J9	symbol	
TIMM9	HGNC:11819	ENSG00000100575	Q9Y5J7	symbol	
TIMMDC1	HGNC:1321	ENSG00000113845	Q9NPL8	symbol	
TIMP1	HGNC:11820	ENSG00000102265	P01033	symbol	
TIMP2	HGNC:11821	ENSG00000035862	P16035	symbol	
TIMP3	HGNC:11822	ENSG00000100234	P35625	symbol	
TINCR	HGNC:14607	ENSG00000223573	A0A2R8Y7D0	symbol	
TIPIN	HGNC:30750	ENSG00000075131	Q9BVW5	symbol	
TIPRL	HGNC:30231	ENSG00000143155	O75663	symbol	
TJAP1	HGNC:17949	ENSG00000137221	Q5JTD0	symbol	
TJP1	HGNC:11827	ENSG00000104067	Q07157	symbol	
TJP2	HGNC:11828	ENSG00000119139	Q9UDY2	symbol	
TJP3	HGNC:11829	ENSG00000105289	O95049	symbol	
TK1	HGNC:11830	ENSG00000167900	P04183	symbol	
TK2	HGNC:11831	ENSG00000166548	O00142	symbol	
TKFC	HGNC:24552	ENSG00000149476	Q3LXA3	symbol	
TKT	HGNC:11834	ENSG00000163931	P29401	symbol	
TKTL2	HGNC:25313	ENSG00000151005	Q9H0I9	symbol	
TLCD3A	HGNC:29646	ENSG00000167695	Q8TBR7	symbol	
TLE3	HGNC:11839	ENSG00000140332	Q04726	symbol	
TLE4	HGNC:11840	ENSG00000106829	Q04727	symbol	
TLE5	HGNC:307	ENSG00000104964	Q08117	symbol	
TLK2	HGNC:11842	ENSG00000146872	Q86UE8	symbol	
TLL2	HGNC:11844	ENSG00000095587	Q9Y6L7	symbol	
TLN1	HGNC:11845	ENSG00000137076	Q9Y490	symbol	
TLN2	HGNC:15447	ENSG00000171914	Q9Y4G6	symbol	
TLR2	HGNC:11848	ENSG00000137462	O60603	symbol	
TLR6	HGNC:16711	ENSG00000174130	Q9Y2C9	symbol	
TLR8	HGNC:15632	ENSG00000101916	Q9NR97	symbol	
TLR9	HGNC:15633	ENSG00000239732	Q9NR96	symbol	
TM2D3	HGNC:24128	ENSG00000184277	Q9BRN9	symbol	
TM4SF1	HGNC:11853	ENSG00000169908	P30408	symbol	
TM7SF2	HGNC:11863	ENSG00000149809	O76062	symbol	
TM9SF1	HGNC:11864	ENSG00000100926	O15321	symbol	
TM9SF2	HGNC:11865	ENSG00000125304	Q99805	symbol	
TM9SF3	HGNC:21529	ENSG00000077147	Q9HD45	symbol	
TM9SF4	HGNC:30797	ENSG00000101337	Q92544	symbol	
TMA7	HGNC:26932	ENSG00000232112	Q9Y2S6	symbol	
TMBIM1	HGNC:23410	ENSG00000135926	Q969X1	symbol	
TMBIM6	HGNC:11723	ENSG00000139644	P55061	symbol	
TMCO1	HGNC:18188	ENSG00000143183	Q9UM00	symbol	
TMCO5A	HGNC:28558	ENSG00000166069	Q8N6Q1	symbol	
TMED1	HGNC:17291	ENSG00000099203	Q13445	symbol	
TMED10	HGNC:16998	ENSG00000170348	P49755	symbol	
TMED2	HGNC:16996	ENSG00000086598	Q15363	symbol	
TMED3	HGNC:28889	ENSG00000166557	Q9Y3Q3	symbol	
TMED4	HGNC:22301	ENSG00000158604	Q7Z7H5	symbol	
TMED5	HGNC:24251	ENSG00000117500	Q9Y3A6	symbol	
TMED7	HGNC:24253	ENSG00000134970	Q9Y3B3	symbol	
TMED8	HGNC:18633	ENSG00000100580	Q6PL24	symbol	
TMED9	HGNC:24878	ENSG00000184840	Q9BVK6	symbol	
TMEM102	HGNC:26722	ENSG00000181284	Q8N9M5	symbol	
TMEM106B	HGNC:22407	ENSG00000106460	Q9NUM4	symbol	
TMEM109	HGNC:28771	ENSG00000110108	Q9BVC6	symbol	
TMEM11	HGNC:16823	ENSG00000178307	P17152	symbol	
TMEM120A	HGNC:21697	ENSG00000189077	Q9BXJ8	symbol	
TMEM121	HGNC:20511	ENSG00000184986	Q9BTD3	symbol	
TMEM123	HGNC:30138	ENSG00000152558	Q8N131	symbol	
TMEM126A	HGNC:25382	ENSG00000171202	Q9H061	symbol	
TMEM126B	HGNC:30883	ENSG00000171204	Q8IUX1	symbol	
TMEM128	HGNC:28201	ENSG00000132406	Q5BJH2	symbol	
TMEM131	HGNC:30366	ENSG00000075568	Q92545	symbol	
TMEM132D	HGNC:29411	ENSG00000151952	Q14C87	symbol	
TMEM147	HGNC:30414	ENSG00000105677	Q9BVK8	symbol	
TMEM160	HGNC:26042	ENSG00000130748	Q9NX00	symbol	
TMEM165	HGNC:30760	ENSG00000134851	Q9HC07	symbol	
TMEM167A	HGNC:28330	ENSG00000174695	Q8TBQ9	symbol	
TMEM169	HGNC:25130	ENSG00000163449	Q96HH4	symbol	
TMEM177	HGNC:28143	ENSG00000144120	Q53S58	symbol	
TMEM181	HGNC:20958	ENSG00000146433	Q9P2C4	symbol	
TMEM184C	HGNC:25587	ENSG00000164168	Q9NVA4	symbol	
TMEM185B	HGNC:18896	ENSG00000226479	Q9H7F4	symbol	
TMEM191A	HGNC:25317	ENSG00000226287	Q9H0A3	symbol	
TMEM199	HGNC:18085	ENSG00000244045	Q8N511	alias_or_prev_symbol	
TMEM201	HGNC:33719	ENSG00000188807	Q5SNT2	symbol	
TMEM205	HGNC:29631	ENSG00000105518	Q6UW68	symbol	
TMEM209	HGNC:21898	ENSG00000146842	Q96SK2	symbol	
TMEM214	HGNC:25983	ENSG00000119777	Q6NUQ4	symbol	
TMEM223	HGNC:28464	ENSG00000168569	A0PJW6	symbol	
TMEM230	HGNC:15876	ENSG00000089063	Q96A57	symbol	
TMEM237	HGNC:14432	ENSG00000155755	Q96Q45	symbol	
TMEM245	HGNC:1363	ENSG00000106771	Q9H330	symbol	
TMEM254	HGNC:25804	ENSG00000133678	Q8TBM7	symbol	
TMEM258	HGNC:1164	ENSG00000134825	P61165	symbol	
TMEM259	HGNC:17039	ENSG00000182087	Q4ZIN3	symbol	
TMEM260	HGNC:20185	ENSG00000070269	Q9NX78	symbol	
TMEM263	HGNC:28281	ENSG00000151135	Q8WUH6	symbol	
TMEM30A	HGNC:16667	ENSG00000112697	Q9NV96	alias_or_prev_symbol	
TMEM33	HGNC:25541	ENSG00000109133	P57088	symbol	
TMEM38B	HGNC:25535	ENSG00000095209	Q9NVV0	symbol	
TMEM40	HGNC:25620	ENSG00000088726	Q8WWA1	symbol	
TMEM41B	HGNC:28948	ENSG00000166471	Q5BJD5	symbol	
TMEM43	HGNC:28472	ENSG00000170876	Q9BTV4	symbol	
TMEM45B	HGNC:25194	ENSG00000151715	Q96B21	symbol	
TMEM50A	HGNC:30590	ENSG00000183726	O95807	symbol	
TMEM50B	HGNC:1280	ENSG00000142188	P56557	symbol	
TMEM51	HGNC:25488	ENSG00000171729	Q9NW97	symbol	
TMEM59	HGNC:1239	ENSG00000116209	Q9BXS4	symbol	
TMEM62	HGNC:26269	ENSG00000137842	Q0P6H9	symbol	
TMEM63A	HGNC:29118	ENSG00000196187	O94886	symbol	
TMEM63B	HGNC:17735	ENSG00000137216	Q5T3F8	symbol	
TMEM64	HGNC:25441	ENSG00000180694	Q6YI46	symbol	
TMEM65	HGNC:25203	ENSG00000164983	Q6PI78	symbol	
TMEM70	HGNC:26050	ENSG00000175606	Q9BUB7	symbol	
TMEM87A	HGNC:24522	ENSG00000103978	Q8NBN3	symbol	
TMEM9	HGNC:18823	ENSG00000116857	Q9P0T7	symbol	
TMEM97	HGNC:28106	ENSG00000109084	Q5BJF2	symbol	
TMF1	HGNC:11870	ENSG00000144747	P82094	symbol	
TMLHE	HGNC:18308	ENSG00000185973	Q9NVH6	symbol	
TMOD1	HGNC:11871	ENSG00000136842	P28289	symbol	
TMOD3	HGNC:11873	ENSG00000138594	Q9NYL9	symbol	
TMPO	HGNC:11875	ENSG00000120802	P42166|P42167	symbol	
TMPPE	HGNC:33865	ENSG00000188167	Q6ZT21	symbol	
TMPRSS11D	HGNC:24059	ENSG00000153802	O60235	symbol	
TMPRSS11E	HGNC:24465	ENSG00000087128	Q9UL52	symbol	
TMPRSS7	HGNC:30846	ENSG00000176040	Q7RTY8	symbol	
TMSB10	HGNC:11879	ENSG00000034510	P63313	symbol	
TMSB15A	HGNC:30744	ENSG00000158164	P0CG34	symbol	
TMSB4X	HGNC:11881	ENSG00000205542	P62328	symbol	
TMTC3	HGNC:26899	ENSG00000139324	Q6ZXV5	symbol	
TMUB1	HGNC:21709	ENSG00000164897	Q9BVT8	symbol	
TMUB2	HGNC:28459	ENSG00000168591	Q71RG4	symbol	
TMX1	HGNC:15487	ENSG00000139921	Q9H3N1	symbol	
TMX2	HGNC:30739	ENSG00000213593	Q9Y320	symbol	
TMX3	HGNC:24718	ENSG00000166479	Q96JJ7	symbol	
TMX4	HGNC:25237	ENSG00000125827	Q9H1E5	symbol	
TNC	HGNC:5318	ENSG00000041982	P24821	symbol	
TNFAIP2	HGNC:11895	ENSG00000185215	Q03169	symbol	
TNFAIP8	HGNC:17260	ENSG00000145779	O95379	symbol	
TNFAIP8L2	HGNC:26277	ENSG00000163154	Q6P589	alias_or_prev_symbol	
TNFRSF10A	HGNC:11904	ENSG00000104689	O00220	symbol	
TNFRSF17	HGNC:11913	ENSG00000048462	Q02223	symbol	
TNFRSF8	HGNC:11923	ENSG00000120949	P28908	symbol	
TNFSF12	HGNC:11927	ENSG00000239697	O43508	symbol	
TNFSF13	HGNC:11928	ENSG00000161955	O75888	symbol	
TNFSF13B	HGNC:11929	ENSG00000102524	Q9Y275	symbol	
TNIK	HGNC:30765	ENSG00000154310	Q9UKE5	symbol	
TNIP1	HGNC:16903	ENSG00000145901	Q15025	symbol	
TNKS1BP1	HGNC:19081	ENSG00000149115	Q9C0C2	alias_or_prev_symbol	
TNKS2	HGNC:15677	ENSG00000107854	Q9H2K2	symbol	
TNNC2	HGNC:11944	ENSG00000101470	P02585	symbol	
TNNT1	HGNC:11948	ENSG00000105048	P13805	symbol	
TNNT3	HGNC:11950	ENSG00000130595	P45378	symbol	
TNPO1	HGNC:6401	ENSG00000083312	Q92973	symbol	
TNPO2	HGNC:19998	ENSG00000105576	O14787	symbol	
TNPO3	HGNC:17103	ENSG00000064419	Q9Y5L0	symbol	
TNR	HGNC:11953	ENSG00000116147	Q92752	symbol	
TNRC18	HGNC:11962	ENSG00000182095	O15417	symbol	
TNRC6A	HGNC:11969	ENSG00000090905	Q8NDV7	symbol	
TNRC6B	HGNC:29190	ENSG00000100354	Q9UPQ9	symbol	
TNRC6C	HGNC:29318	ENSG00000078687	Q9HCJ0	symbol	
TNS1	HGNC:11973	ENSG00000079308	Q9HBL0	symbol	
TNS2	HGNC:19737	ENSG00000111077	Q63HR2	symbol	
TNS3	HGNC:21616	ENSG00000136205	Q68CZ2	symbol	
TNS4	HGNC:24352	ENSG00000131746	Q8IZW8	symbol	
TNXA	HGNC:11975	ENSG00000248290	Q16473	symbol	
TNXB	HGNC:11976	ENSG00000168477	P22105	symbol	
TOE1	HGNC:15954	ENSG00000132773	Q96GM8	symbol	
TOLLIP	HGNC:16476	ENSG00000078902	Q9H0E2	symbol	
TOM1	HGNC:11982	ENSG00000100284	O60784	symbol	
TOM1L1	HGNC:11983	ENSG00000141198	O75674	symbol	
TOM1L2	HGNC:11984	ENSG00000175662	Q6ZVM7	symbol	
TOMM20	HGNC:20947	ENSG00000173726	Q15388	symbol	
TOMM22	HGNC:18002	ENSG00000100216	Q9NS69	symbol	
TOMM34	HGNC:15746	ENSG00000025772	Q15785	symbol	
TOMM40	HGNC:18001	ENSG00000130204	O96008	symbol	
TOMM5	HGNC:31369	ENSG00000175768	Q8N4H5	symbol	
TOMM6	HGNC:34528	ENSG00000214736	Q96B49	symbol	
TOMM70	HGNC:11985	ENSG00000154174	O94826	symbol	
TONSL	HGNC:7801	ENSG00000160949	Q96HA7	symbol	
TOP1	HGNC:11986	ENSG00000198900	P11387	symbol	
TOP2A	HGNC:11989	ENSG00000131747	P11388	symbol	
TOP2B	HGNC:11990	ENSG00000077097	Q02880	symbol	
TOP3A	HGNC:11992	ENSG00000177302	Q13472	symbol	
TOP3B	HGNC:11993	ENSG00000100038	O95985	symbol	
TOPBP1	HGNC:17008	ENSG00000163781	Q92547	symbol	
TOPORS	HGNC:21653	ENSG00000197579	Q9NS56	symbol	
TOR1A	HGNC:3098	ENSG00000136827	O14656	symbol	
TOR1AIP1	HGNC:29456	ENSG00000143337	Q5JTV8	symbol	
TOR1AIP2	HGNC:24055	ENSG00000169905	Q8NFQ8|Q9H496	symbol	
TOR1B	HGNC:11995	ENSG00000136816	O14657	symbol	
TOR2A	HGNC:11996	ENSG00000160404	Q5JU69|Q8N2E6	symbol	
TOR3A	HGNC:11997	ENSG00000186283	Q9H497	symbol	
TOR4A	HGNC:25981	ENSG00000198113	Q9NXH8	symbol	
TOX	HGNC:18988	ENSG00000198846	O94900	symbol	
TOX4	HGNC:20161	ENSG00000092203	O94842	symbol	
TP53	HGNC:11998	ENSG00000141510	P04637	symbol	
TP53BP1	HGNC:11999	ENSG00000067369	Q12888	symbol	
TP53BP2	HGNC:12000	ENSG00000143514	Q13625	symbol	
TP53I11	HGNC:16842	ENSG00000175274	O14683	symbol	
TP53I3	HGNC:19373	ENSG00000115129	Q53FA7	symbol	
TP53RK	HGNC:16197	ENSG00000172315	Q96S44	symbol	
TP63	HGNC:15979	ENSG00000073282	Q9H3D4	symbol	
TP73	HGNC:12003	ENSG00000078900	O15350	symbol	
TPBG	HGNC:12004	ENSG00000146242	Q13641	symbol	
TPD52	HGNC:12005	ENSG00000076554	P55327	symbol	
TPD52L1	HGNC:12006	ENSG00000111907	Q16890	symbol	
TPD52L2	HGNC:12007	ENSG00000101150	O43399	symbol	
TPH1	HGNC:12008	ENSG00000129167	P17752	symbol	
TPI1	HGNC:12009	ENSG00000111669	P60174	symbol	
TPM1	HGNC:12010	ENSG00000140416	P09493	symbol	
TPM2	HGNC:12011	ENSG00000198467	P07951	symbol	
TPM3	HGNC:12012	ENSG00000143549	P06753	symbol	
TPM4	HGNC:12013	ENSG00000167460	P67936	symbol	
TPMT	HGNC:12014	ENSG00000137364	P51580	symbol	
TPP1	HGNC:2073	ENSG00000166340	O14773	symbol	
TPP2	HGNC:12016	ENSG00000134900	P29144	symbol	
TPPP	HGNC:24164	ENSG00000171368	O94811	symbol	
TPPP3	HGNC:24162	ENSG00000159713	Q9BW30	symbol	
TPR	HGNC:12017	ENSG00000047410	P12270	symbol	
TPRKB	HGNC:24259	ENSG00000144034	Q9Y3C4	symbol	
TPSB2	HGNC:14120	ENSG00000197253	P20231	symbol	
TPT1	HGNC:12022	ENSG00000133112	P13693	symbol	
TPX2	HGNC:1249	ENSG00000088325	Q9ULW0	symbol	
TRA2A	HGNC:16645	ENSG00000164548	Q13595	symbol	
TRA2B	HGNC:10781	ENSG00000136527	P62995	symbol	
TRABD	HGNC:28805	ENSG00000170638	Q9H4I3	symbol	
TRADD	HGNC:12030	ENSG00000102871	Q15628	symbol	
TRAF1	HGNC:12031	ENSG00000056558	Q13077	symbol	
TRAF2	HGNC:12032	ENSG00000127191	Q12933	symbol	
TRAF3IP3	HGNC:30766	ENSG00000009790	Q9Y228	symbol	
TRAF4	HGNC:12034	ENSG00000076604	Q9BUZ4	symbol	
TRAF6	HGNC:12036	ENSG00000175104	Q9Y4K3	symbol	
TRAFD1	HGNC:24808	ENSG00000135148	O14545	symbol	
TRAK1	HGNC:29947	ENSG00000182606	Q9UPV9	symbol	
TRAM1	HGNC:20568	ENSG00000067167	Q15629	symbol	
TRAM2	HGNC:16855	ENSG00000065308	Q15035	symbol	
TRANK1	HGNC:29011	ENSG00000168016	O15050	symbol	
TRAP1	HGNC:16264	ENSG00000126602	Q12931	symbol	
TRAPPC1	HGNC:19894	ENSG00000170043	Q9Y5R8	symbol	
TRAPPC10	HGNC:11868	ENSG00000160218	P48553	symbol	
TRAPPC11	HGNC:25751	ENSG00000168538	Q7Z392	symbol	
TRAPPC12	HGNC:24284	ENSG00000171853	Q8WVT3	symbol	
TRAPPC13	HGNC:25828	ENSG00000113597	A5PLN9	symbol	
TRAPPC14	HGNC:25604	ENSG00000146826	Q8WVR3	symbol	
TRAPPC2L	HGNC:30887	ENSG00000167515	Q9UL33	symbol	
TRAPPC3	HGNC:19942	ENSG00000054116	O43617	symbol	
TRAPPC4	HGNC:19943	ENSG00000196655	Q9Y296	symbol	
TRAPPC5	HGNC:23067	ENSG00000181029	Q8IUR0	symbol	
TRAPPC6B	HGNC:23066	ENSG00000182400	Q86SZ2	symbol	
TRAPPC8	HGNC:29169	ENSG00000153339	Q9Y2L5	symbol	
TRAPPC9	HGNC:30832	ENSG00000167632	Q96Q05	symbol	
TRARG1	HGNC:29592	ENSG00000184811	Q8IXB3	symbol	
TRDN	HGNC:12261	ENSG00000186439	Q13061	symbol	
TREML1	HGNC:20434	ENSG00000161911	Q86YW5	symbol	
TREX1	HGNC:12269	ENSG00000213689	Q9NSU2	symbol	
TREX2	HGNC:12270	ENSG00000183479	Q9BQ50	symbol	
TRIAP1	HGNC:26937	ENSG00000170855	O43715	symbol	
TRIB1	HGNC:16891	ENSG00000173334	Q96RU8	symbol	
TRIM11	HGNC:16281	ENSG00000154370	Q96F44	symbol	
TRIM14	HGNC:16283	ENSG00000106785	Q14142	symbol	
TRIM16	HGNC:17241	ENSG00000221926	O95361	symbol	
TRIM17	HGNC:13430	ENSG00000162931	Q9Y577	symbol	
TRIM2	HGNC:15974	ENSG00000109654	Q9C040	symbol	
TRIM21	HGNC:11312	ENSG00000132109	P19474	symbol	
TRIM23	HGNC:660	ENSG00000113595	P36406	symbol	
TRIM24	HGNC:11812	ENSG00000122779	O15164	symbol	
TRIM25	HGNC:12932	ENSG00000121060	Q14258	symbol	
TRIM26	HGNC:12962	ENSG00000234127	Q12899	symbol	
TRIM27	HGNC:9975	ENSG00000204713	P14373	symbol	
TRIM28	HGNC:16384	ENSG00000130726	Q13263	symbol	
TRIM29	HGNC:17274	ENSG00000137699	Q14134	symbol	
TRIM3	HGNC:10064	ENSG00000110171	O75382	symbol	
TRIM32	HGNC:16380	ENSG00000119401	Q13049	symbol	
TRIM33	HGNC:16290	ENSG00000197323	Q9UPN9	symbol	
TRIM37	HGNC:7523	ENSG00000108395	O94972	symbol	
TRIM38	HGNC:10059	ENSG00000112343	O00635	symbol	
TRIM4	HGNC:16275	ENSG00000146833	Q9C037	symbol	
TRIM41	HGNC:19013	ENSG00000146063	Q8WV44	symbol	
TRIM47	HGNC:19020	ENSG00000132481	Q96LD4	symbol	
TRIM48	HGNC:19021	ENSG00000150244	Q8IWZ4	symbol	
TRIM49	HGNC:13431	ENSG00000168930	P0CI25	symbol	
TRIM49B	HGNC:42955	ENSG00000182053	A6NDI0	symbol	
TRIM49C	HGNC:38877	ENSG00000204449	P0CI26	symbol	
TRIM49D1	HGNC:43973	ENSG00000223417	C9J1S8	symbol	
TRIM5	HGNC:16276	ENSG00000132256	Q9C035	symbol	
TRIM56	HGNC:19028	ENSG00000169871	Q9BRZ2	symbol	
TRIM65	HGNC:27316	ENSG00000141569	Q6PJ69	symbol	
TRIM66	HGNC:29005	ENSG00000166436	O15016	symbol	
TRIM7	HGNC:16278	ENSG00000146054	Q9C029	symbol	
TRIM8	HGNC:15579	ENSG00000171206	Q9BZR9	symbol	
TRIM9	HGNC:16288	ENSG00000100505	Q9C026	symbol	
TRIML2	HGNC:26378	ENSG00000179046	Q8N7C3	symbol	
TRIO	HGNC:12303	ENSG00000038382	O75962	symbol	
TRIOBP	HGNC:17009	ENSG00000100106	Q9H2D6	symbol	
TRIP10	HGNC:12304	ENSG00000125733	Q15642	symbol	
TRIP11	HGNC:12305	ENSG00000100815	Q15643	symbol	
TRIP12	HGNC:12306	ENSG00000153827	Q14669	symbol	
TRIP13	HGNC:12307	ENSG00000071539	Q15645	symbol	
TRIP4	HGNC:12310	ENSG00000103671	Q15650	symbol	
TRIP6	HGNC:12311	ENSG00000087077	Q15654	symbol	
TRIQK	HGNC:27828	ENSG00000205133	Q629K1	symbol	
TRIR	HGNC:28424	ENSG00000123144	Q9BQ61	symbol	
TRIT1	HGNC:20286	ENSG00000043514	Q9H3H1	symbol	
TRMT1	HGNC:25980	ENSG00000104907	Q9NXH9	symbol	
TRMT10A	HGNC:28403	ENSG00000145331	Q8TBZ6	symbol	
TRMT10C	HGNC:26022	ENSG00000174173	Q7L0Y3	symbol	
TRMT11	HGNC:21080	ENSG00000066651	Q7Z4G4	symbol	
TRMT112	HGNC:26940	ENSG00000173113	Q9UI30	symbol	
TRMT13	HGNC:25502	ENSG00000122435	Q9NUP7	symbol	
TRMT1L	HGNC:16782	ENSG00000121486	Q7Z2T5	symbol	
TRMT2A	HGNC:24974	ENSG00000099899	Q8IZ69	symbol	
TRMT5	HGNC:23141	ENSG00000126814	Q32P41	symbol	
TRMT6	HGNC:20900	ENSG00000089195	Q9UJA5	symbol	
TRMT61A	HGNC:23790	ENSG00000166166	Q96FX7	symbol	
TRMT61B	HGNC:26070	ENSG00000171103	Q9BVS5	symbol	
TRMU	HGNC:25481	ENSG00000100416	O75648	symbol	
TRNAU1AP	HGNC:30813	ENSG00000180098	Q9NX07	symbol	
TRNT1	HGNC:17341	ENSG00000072756	Q96Q11	symbol	
TRPA1	HGNC:497	ENSG00000104321	O75762	symbol	
TRPC4	HGNC:12336	ENSG00000133107	Q9UBN4	symbol	
TRPC4AP	HGNC:16181	ENSG00000100991	Q8TEL6	symbol	
TRPC6	HGNC:12338	ENSG00000137672	Q9Y210	symbol	
TRPC7	HGNC:20754	ENSG00000069018	Q9HCX4	symbol	
TRPM6	HGNC:17995	ENSG00000119121	Q9BX84	symbol	
TRPT1	HGNC:20316	ENSG00000149743	Q86TN4	symbol	
TRPV2	HGNC:18082	ENSG00000187688	Q9Y5S1	symbol	
TRRAP	HGNC:12347	ENSG00000196367	Q9Y4A5	symbol	
TRUB1	HGNC:16060	ENSG00000165832	Q8WWH5	symbol	
TRUB2	HGNC:17170	ENSG00000167112	O95900	symbol	
TSC1	HGNC:12362	ENSG00000165699	Q92574	symbol	
TSC2	HGNC:12363	ENSG00000103197	P49815	symbol	
TSC22D1	HGNC:16826	ENSG00000102804	Q15714	symbol	
TSC22D2	HGNC:29095	ENSG00000196428	O75157	symbol	
TSC22D4	HGNC:21696	ENSG00000166925	Q9Y3Q8	symbol	
TSEN2	HGNC:28422	ENSG00000154743	Q8NCE0	symbol	
TSEN34	HGNC:15506	ENSG00000170892	Q9BSV6	symbol	
TSEN54	HGNC:27561	ENSG00000182173	Q7Z6J9	symbol	
TSFM	HGNC:12367	ENSG00000123297	P43897	symbol	
TSG101	HGNC:15971	ENSG00000074319	Q99816	symbol	
TSHZ1	HGNC:10669	ENSG00000179981	Q6ZSZ6	symbol	
TSN	HGNC:12379	ENSG00000211460	Q15631	symbol	
TSNAX	HGNC:12380	ENSG00000116918	Q99598	symbol	
TSPAN15	HGNC:23298	ENSG00000099282	O95858	symbol	
TSPAN3	HGNC:17752	ENSG00000140391	O60637	symbol	
TSPAN31	HGNC:10539	ENSG00000135452	Q12999	symbol	
TSPAN33	HGNC:28743	ENSG00000158457	Q86UF1	symbol	
TSPAN4	HGNC:11859	ENSG00000214063	O14817	symbol	
TSPAN6	HGNC:11858	ENSG00000000003	O43657	symbol	
TSPAN8	HGNC:11855	ENSG00000127324	P19075	symbol	
TSPOAP1	HGNC:16831	ENSG00000005379	O95153	symbol	
TSPYL5	HGNC:29367	ENSG00000180543	Q86VY4	symbol	
TSR1	HGNC:25542	ENSG00000167721	Q2NL82	symbol	
TSR2	HGNC:25455	ENSG00000158526	Q969E8	symbol	
TSR3	HGNC:14175	ENSG00000007520	Q9UJK0	symbol	
TSSC4	HGNC:12386	ENSG00000184281	Q9Y5U2	symbol	
TST	HGNC:12388	ENSG00000128311	Q16762	symbol	
TSTD1	HGNC:35410	ENSG00000215845	Q8NFU3	symbol	
TTBK2	HGNC:19141	ENSG00000128881	Q6IQ55	symbol	
TTC1	HGNC:12391	ENSG00000113312	Q99614	symbol	
TTC16	HGNC:26536	ENSG00000167094	Q8NEE8	symbol	
TTC17	HGNC:25596	ENSG00000052841	Q96AE7	symbol	
TTC19	HGNC:26006	ENSG00000011295	Q6DKK2	symbol	
TTC21A	HGNC:30761	ENSG00000168026	Q8NDW8	symbol	
TTC21B	HGNC:25660	ENSG00000123607	Q7Z4L5	symbol	
TTC22	HGNC:26067	ENSG00000006555	Q5TAA0	symbol	
TTC27	HGNC:25986	ENSG00000018699	Q6P3X3	symbol	
TTC28	HGNC:29179	ENSG00000100154	Q96AY4	symbol	
TTC3	HGNC:12393	ENSG00000182670	P53804	symbol	
TTC33	HGNC:29959	ENSG00000113638	Q6PID6	symbol	
TTC38	HGNC:26082	ENSG00000075234	Q5R3I4	symbol	
TTC39C	HGNC:26595	ENSG00000168234	Q8N584	symbol	
TTC4	HGNC:12394	ENSG00000243725	O95801	symbol	
TTC5	HGNC:19274	ENSG00000136319	Q8N0Z6	symbol	
TTC9C	HGNC:28432	ENSG00000162222	Q8N5M4	symbol	
TTF1	HGNC:12397	ENSG00000125482	Q15361	symbol	
TTF2	HGNC:12398	ENSG00000116830	Q9UNY4	symbol	
TTI1	HGNC:29029	ENSG00000101407	O43156	symbol	
TTI2	HGNC:26262	ENSG00000129696	Q6NXR4	symbol	
TTK	HGNC:12401	ENSG00000112742	P33981	symbol	
TTL	HGNC:21586	ENSG00000114999	Q8NG68	symbol	
TTLL12	HGNC:28974	ENSG00000100304	Q14166	symbol	
TTLL5	HGNC:19963	ENSG00000119685	Q6EMB2	symbol	
TTLL7	HGNC:26242	ENSG00000137941	Q6ZT98	symbol	
TTN	HGNC:12403	ENSG00000155657	Q8WZ42	symbol	
TTR	HGNC:12405	ENSG00000118271	P02766	symbol	
TTYH2	HGNC:13877	ENSG00000141540	Q9BSA4	symbol	
TTYH3	HGNC:22222	ENSG00000136295	Q9C0H2	symbol	
TUB	HGNC:12406	ENSG00000166402	P50607	symbol	
TUBA1A	HGNC:20766	ENSG00000167552	Q71U36	symbol	
TUBA1B	HGNC:18809	ENSG00000123416	P68363	symbol	
TUBA1C	HGNC:20768	ENSG00000167553	Q9BQE3	symbol	
TUBA3C	HGNC:12408	ENSG00000198033	P0DPH7	symbol	
TUBA3D	HGNC:24071	ENSG00000075886	P0DPH8	symbol	
TUBA4A	HGNC:12407	ENSG00000127824	P68366	symbol	
TUBA4B	HGNC:18637	ENSG00000243910	Q9H853	symbol	
TUBA8	HGNC:12410	ENSG00000183785	Q9NY65	symbol	
TUBB	HGNC:20778	ENSG00000196230	P07437	symbol	
TUBB1	HGNC:16257	ENSG00000101162	Q9H4B7	symbol	
TUBB2A	HGNC:12412	ENSG00000137267	Q13885	symbol	
TUBB2B	HGNC:30829	ENSG00000137285	Q9BVA1	symbol	
TUBB3	HGNC:20772	ENSG00000258947	Q13509	symbol	
TUBB4A	HGNC:20774	ENSG00000104833	P04350	symbol	
TUBB4B	HGNC:20771	ENSG00000188229	P68371	symbol	
TUBB6	HGNC:20776	ENSG00000176014	Q9BUF5	symbol	
TUBG1	HGNC:12417	ENSG00000131462	P23258	symbol	
TUBG2	HGNC:12419	ENSG00000037042	Q9NRH3	symbol	
TUBGCP2	HGNC:18599	ENSG00000130640	Q9BSJ2	symbol	
TUBGCP3	HGNC:18598	ENSG00000126216	Q96CW5	symbol	
TUBGCP4	HGNC:16691	ENSG00000137822	Q9UGJ1	symbol	
TUBGCP6	HGNC:18127	ENSG00000128159	Q96RT7	symbol	
TUFM	HGNC:12420	ENSG00000178952	P49411	symbol	
TUFT1	HGNC:12422	ENSG00000143367	Q9NNX1	symbol	
TUSC2	HGNC:17034	ENSG00000114383	O75896	symbol	
TUSC3	HGNC:30242	ENSG00000104723	Q13454	symbol	
TUT1	HGNC:26184	ENSG00000149016	Q9H6E5	symbol	
TUT4	HGNC:28981	ENSG00000134744	Q5TAX3	symbol	
TUT7	HGNC:25817	ENSG00000083223	Q5VYS8	symbol	
TVP23B	HGNC:20399	ENSG00000171928	Q9NYZ1	symbol	
TVP23C	HGNC:30453	ENSG00000175106	Q96ET8	symbol	
TWF1	HGNC:9620	ENSG00000151239	Q12792	symbol	
TWF2	HGNC:9621	ENSG00000247596	Q6IBS0	symbol	
TXK	HGNC:12434	ENSG00000074966	P42681	symbol	
TXLNA	HGNC:30685	ENSG00000084652	P40222	symbol	
TXLNG	HGNC:18578	ENSG00000086712	Q9NUQ3	symbol	
TXN	HGNC:12435	ENSG00000136810	P10599	symbol	
TXN2	HGNC:17772	ENSG00000100348	Q99757	symbol	
TXNDC11	HGNC:28030	ENSG00000153066	Q6PKC3	symbol	
TXNDC12	HGNC:24626	ENSG00000117862	O95881	symbol	
TXNDC15	HGNC:20652	ENSG00000113621	Q96J42	symbol	
TXNDC17	HGNC:28218	ENSG00000129235	Q9BRA2	symbol	
TXNDC5	HGNC:21073	ENSG00000239264	Q8NBS9	symbol	
TXNDC9	HGNC:24110	ENSG00000115514	O14530	symbol	
TXNL1	HGNC:12436	ENSG00000091164	O43396	symbol	
TXNL4A	HGNC:30551	ENSG00000141759	P83876	symbol	
TXNRD1	HGNC:12437	ENSG00000198431	Q16881	symbol	
TXNRD2	HGNC:18155	ENSG00000184470	Q9NNW7	symbol	
TYK2	HGNC:12440	ENSG00000105397	P29597	symbol	
TYMP	HGNC:3148	ENSG00000025708	P19971	symbol	
TYMS	HGNC:12441	ENSG00000176890	P04818	symbol	
TYROBP	HGNC:12449	ENSG00000011600	O43914	symbol	
TYSND1	HGNC:28531	ENSG00000156521	Q2T9J0	symbol	
TYW1	HGNC:25598	ENSG00000198874	Q9NV66	symbol	
TYW1B	HGNC:33908	ENSG00000277149	Q6NUM6	symbol	
TYW3	HGNC:24757	ENSG00000162623	Q6IPR3	symbol	
TYW5	HGNC:26754	ENSG00000162971	A2RUC4	symbol	
U2AF1	HGNC:12453	ENSG00000160201	Q01081	symbol	
U2AF2	HGNC:23156	ENSG00000063244	P26368	symbol	
U2SURP	HGNC:30855	ENSG00000163714	O15042	symbol	
UACA	HGNC:15947	ENSG00000137831	Q9BZF9	symbol	
UAP1	HGNC:12457	ENSG00000117143	Q16222	symbol	
UAP1L1	HGNC:28082	ENSG00000197355	Q3KQV9	symbol	
UBA1	HGNC:12469	ENSG00000130985	P22314	symbol	
UBA2	HGNC:30661	ENSG00000126261	Q9UBT2	symbol	
UBA3	HGNC:12470	ENSG00000144744	Q8TBC4	symbol	
UBA5	HGNC:23230	ENSG00000081307	Q9GZZ9	symbol	
UBA52	HGNC:12458	ENSG00000221983	P62987	symbol	
UBA6	HGNC:25581	ENSG00000033178	A0AVT1	symbol	
UBA7	HGNC:12471	ENSG00000182179	P41226	symbol	
UBAC1	HGNC:30221	ENSG00000130560	Q9BSL1	symbol	
UBAC2	HGNC:20486	ENSG00000134882	Q8NBM4	symbol	
UBAP1	HGNC:12461	ENSG00000165006	Q9NZ09	symbol	
UBAP2	HGNC:14185	ENSG00000137073	Q5T6F2	symbol	
UBAP2L	HGNC:29877	ENSG00000143569	Q14157	symbol	
UBASH3B	HGNC:29884	ENSG00000154127	Q8TF42	symbol	
UBB	HGNC:12463	ENSG00000170315	P0CG47	symbol	
UBC	HGNC:12468	ENSG00000150991	P0CG48	symbol	
UBE2A	HGNC:12472	ENSG00000077721	P49459	symbol	
UBE2B	HGNC:12473	ENSG00000119048	P63146	symbol	
UBE2C	HGNC:15937	ENSG00000175063	O00762	symbol	
UBE2D1	HGNC:12474	ENSG00000072401	P51668	symbol	
UBE2D2	HGNC:12475	ENSG00000131508	P62837	symbol	
UBE2D3	HGNC:12476	ENSG00000109332	P61077	symbol	
UBE2D4	HGNC:21647	ENSG00000078967	Q9Y2X8	symbol	
UBE2E1	HGNC:12477	ENSG00000170142	P51965	symbol	
UBE2E2	HGNC:12478	ENSG00000182247	Q96LR5	symbol	
UBE2E3	HGNC:12479	ENSG00000170035	Q969T4	symbol	
UBE2G1	HGNC:12482	ENSG00000132388	P62253	symbol	
UBE2G2	HGNC:12483	ENSG00000184787	P60604	symbol	
UBE2H	HGNC:12484	ENSG00000186591	P62256	symbol	
UBE2I	HGNC:12485	ENSG00000103275	P63279	symbol	
UBE2J1	HGNC:17598	ENSG00000198833	Q9Y385	symbol	
UBE2K	HGNC:4914	ENSG00000078140	P61086	symbol	
UBE2L3	HGNC:12488	ENSG00000185651	P68036	symbol	
UBE2L5	HGNC:13477	ENSG00000236444	A0A1B0GUS4	symbol	
UBE2M	HGNC:12491	ENSG00000130725	P61081	symbol	
UBE2N	HGNC:12492	ENSG00000177889	P61088	symbol	
UBE2O	HGNC:29554	ENSG00000175931		symbol	
UBE2Q1	HGNC:15698	ENSG00000160714	Q7Z7E8	symbol	
UBE2R2	HGNC:19907	ENSG00000107341	Q712K3	symbol	
UBE2S	HGNC:17895	ENSG00000108106	Q16763	symbol	
UBE2T	HGNC:25009	ENSG00000077152	Q9NPD8	symbol	
UBE2V1	HGNC:12494	ENSG00000244687	Q13404	symbol	
UBE2V2	HGNC:12495	ENSG00000169139	Q15819	symbol	
UBE2Z	HGNC:25847	ENSG00000159202	Q9H832	symbol	
UBE3A	HGNC:12496	ENSG00000114062	Q05086	symbol	
UBE3B	HGNC:13478	ENSG00000151148	Q7Z3V4	symbol	
UBE3C	HGNC:16803	ENSG00000009335	Q15386	symbol	
UBE4A	HGNC:12499	ENSG00000110344	Q14139	symbol	
UBE4B	HGNC:12500	ENSG00000130939	O95155	symbol	
UBFD1	HGNC:30565	ENSG00000103353	O14562	symbol	
UBL3	HGNC:12504	ENSG00000122042	O95164	symbol	
UBL4A	HGNC:12505	ENSG00000102178	P11441	symbol	
UBL5	HGNC:13736	ENSG00000198258	Q9BZL1	symbol	
UBL7	HGNC:28221	ENSG00000138629	Q96S82	symbol	
UBLCP1	HGNC:28110	ENSG00000164332	Q8WVY7	symbol	
UBN2	HGNC:21931	ENSG00000157741	Q6ZU65	symbol	
UBP1	HGNC:12507	ENSG00000153560	Q9NZI7	symbol	
UBQLN1	HGNC:12508	ENSG00000135018	Q9UMX0	symbol	
UBQLN2	HGNC:12509	ENSG00000188021	Q9UHD9	symbol	
UBQLN4	HGNC:1237	ENSG00000160803	Q9NRR5	symbol	
UBR1	HGNC:16808	ENSG00000159459	Q8IWV7	symbol	
UBR2	HGNC:21289	ENSG00000024048	Q8IWV8	symbol	
UBR3	HGNC:30467	ENSG00000144357	Q6ZT12	symbol	
UBR4	HGNC:30313	ENSG00000127481	Q5T4S7	symbol	
UBR5	HGNC:16806	ENSG00000104517	O95071	symbol	
UBR7	HGNC:20344	ENSG00000012963	Q8N806	symbol	
UBTD1	HGNC:25683	ENSG00000165886	Q9HAC8	symbol	
UBTD2	HGNC:24463	ENSG00000168246	Q8WUN7	symbol	
UBTF	HGNC:12511	ENSG00000108312	P17480	symbol	
UBTFL1	HGNC:14533	ENSG00000255009	P0CB47	symbol	
UBXN1	HGNC:18402	ENSG00000162191	Q04323	symbol	
UBXN11	HGNC:30600	ENSG00000158062	Q5T124	symbol	
UBXN4	HGNC:14860	ENSG00000144224	Q92575	symbol	
UBXN6	HGNC:14928	ENSG00000167671	Q9BZV1	symbol	
UBXN7	HGNC:29119	ENSG00000163960	O94888	symbol	
UCHL1	HGNC:12513	ENSG00000154277	P09936	symbol	
UCHL3	HGNC:12515	ENSG00000118939	P15374	symbol	
UCHL5	HGNC:19678	ENSG00000116750	Q9Y5K5	symbol	
UCK1	HGNC:14859	ENSG00000130717	Q9HA47	symbol	
UCK2	HGNC:12562	ENSG00000143179	Q9BZX2	symbol	
UCKL1	HGNC:15938	ENSG00000198276	Q9NWZ5	symbol	
UCP3	HGNC:12519	ENSG00000175564	P55916	symbol	
UEVLD	HGNC:30866	ENSG00000151116	Q8IX04	symbol	
UFC1	HGNC:26941	ENSG00000143222	Q9Y3C8	symbol	
UFD1	HGNC:12520	ENSG00000070010	Q92890	symbol	
UFL1	HGNC:23039	ENSG00000014123	O94874	symbol	
UFM1	HGNC:20597	ENSG00000120686	P61960	symbol	
UFSP2	HGNC:25640	ENSG00000109775	Q9NUQ7	symbol	
UGDH	HGNC:12525	ENSG00000109814	O60701	symbol	
UGGT1	HGNC:15663	ENSG00000136731	Q9NYU2	symbol	
UGGT2	HGNC:15664	ENSG00000102595	Q9NYU1	symbol	
UGP2	HGNC:12527	ENSG00000169764	Q16851	symbol	
UGT2B10	HGNC:12544	ENSG00000109181	P36537	symbol	
UGT8	HGNC:12555	ENSG00000174607	Q16880	symbol	
UHRF1	HGNC:12556	ENSG00000276043	Q96T88	symbol	
UHRF2	HGNC:12557	ENSG00000147854	Q96PU4	symbol	
UIMC1	HGNC:30298	ENSG00000087206	Q96RL1	symbol	
ULBP2	HGNC:14894	ENSG00000131015	Q9BZM5	symbol	
ULBP3	HGNC:14895	ENSG00000131019	Q9BZM4	symbol	
ULK3	HGNC:19703	ENSG00000140474	Q6PHR2	symbol	
ULK4	HGNC:15784	ENSG00000168038	Q96C45	symbol	
UMAD1	HGNC:48955	ENSG00000219545	C9J7I0	symbol	
UMOD	HGNC:12559	ENSG00000169344	P07911	symbol	
UMPS	HGNC:12563	ENSG00000114491	P11172	symbol	
UNC119B	HGNC:16488	ENSG00000175970	A6NIH7	symbol	
UNC13B	HGNC:12566	ENSG00000198722	O14795	symbol	
UNC13D	HGNC:23147	ENSG00000092929	Q70J99	symbol	
UNC45A	HGNC:30594	ENSG00000140553	Q9H3U1	symbol	
UNC5B	HGNC:12568	ENSG00000107731	Q8IZJ1	symbol	
UNC80	HGNC:26582	ENSG00000144406	Q8N2C7	symbol	
UNC93B1	HGNC:13481	ENSG00000110057	Q9H1C4	symbol	
UNG	HGNC:12572	ENSG00000076248	P13051	symbol	
UNK	HGNC:29369	ENSG00000132478	Q9C0B0	symbol	
UPF1	HGNC:9962	ENSG00000005007	Q92900	symbol	
UPF2	HGNC:17854	ENSG00000151461	Q9HAU5	symbol	
UPF3A	HGNC:20332	ENSG00000169062	Q9H1J1	symbol	
UPF3B	HGNC:20439	ENSG00000125351	Q9BZI7	symbol	
UPP1	HGNC:12576	ENSG00000183696	Q16831	symbol	
UPRT	HGNC:28334	ENSG00000094841	Q96BW1	symbol	
UQCC1	HGNC:15891	ENSG00000101019	Q9NVA1	symbol	
UQCC2	HGNC:21237	ENSG00000137288	Q9BRT2	symbol	
UQCC3	HGNC:34399	ENSG00000204922	Q6UW78	symbol	
UQCR10	HGNC:30863	ENSG00000184076	Q9UDW1	symbol	
UQCR11	HGNC:30862	ENSG00000127540	O14957	symbol	
UQCRB	HGNC:12582	ENSG00000156467	P14927	symbol	
UQCRC1	HGNC:12585	ENSG00000010256	P31930	symbol	
UQCRC2	HGNC:12586	ENSG00000140740	P22695	symbol	
UQCRFS1	HGNC:12587	ENSG00000169021	P47985	symbol	
UQCRFS1P1	HGNC:12588	ENSG00000226085	P0C7P4	symbol	
UQCRH	HGNC:12590	ENSG00000173660	P07919	symbol	
UQCRQ	HGNC:29594	ENSG00000164405	O14949	symbol	
URB1	HGNC:17344	ENSG00000142207	O60287	symbol	
URB2	HGNC:28967	ENSG00000135763	Q14146	symbol	
URGCP	HGNC:30890	ENSG00000106608	Q8TCY9	symbol	
URI1	HGNC:13236	ENSG00000105176	O94763	symbol	
URM1	HGNC:28378	ENSG00000167118	Q9BTM9	symbol	
UROC1	HGNC:26444	ENSG00000159650	Q96N76	symbol	
UROD	HGNC:12591	ENSG00000126088	P06132	symbol	
UROS	HGNC:12592	ENSG00000188690	P10746	symbol	
USE1	HGNC:30882	ENSG00000053501	Q9NZ43	symbol	
USF1	HGNC:12593	ENSG00000158773	P22415	symbol	
USF2	HGNC:12594	ENSG00000105698	Q15853	symbol	
USF3	HGNC:30494	ENSG00000176542	Q68DE3	symbol	
USH2A	HGNC:12601	ENSG00000042781	O75445	symbol	
USO1	HGNC:30904	ENSG00000138768	O60763	symbol	
USP10	HGNC:12608	ENSG00000103194	Q14694	symbol	
USP11	HGNC:12609	ENSG00000102226	P51784	symbol	
USP13	HGNC:12611	ENSG00000058056	Q92995	symbol	
USP14	HGNC:12612	ENSG00000101557	P54578	symbol	
USP15	HGNC:12613	ENSG00000135655	Q9Y4E8	symbol	
USP16	HGNC:12614	ENSG00000156256	Q9Y5T5	symbol	
USP17L7	HGNC:37180	ENSG00000226430	P0C7H9	symbol	
USP19	HGNC:12617	ENSG00000172046	O94966	symbol	
USP24	HGNC:12623	ENSG00000162402	Q9UPU5	symbol	
USP25	HGNC:12624	ENSG00000155313	Q9UHP3	symbol	
USP28	HGNC:12625	ENSG00000048028	Q96RU2	symbol	
USP3	HGNC:12626	ENSG00000140455	Q9Y6I4	symbol	
USP31	HGNC:20060	ENSG00000103404	Q70CQ4	symbol	
USP33	HGNC:20059	ENSG00000077254	Q8TEY7	symbol	
USP34	HGNC:20066	ENSG00000115464	Q70CQ2	symbol	
USP36	HGNC:20062	ENSG00000055483	Q9P275	symbol	
USP39	HGNC:20071	ENSG00000168883	Q53GS9	symbol	
USP4	HGNC:12627	ENSG00000114316	Q13107	symbol	
USP42	HGNC:20068	ENSG00000106346	Q9H9J4	symbol	
USP44	HGNC:20064	ENSG00000136014	Q9H0E7	symbol	
USP47	HGNC:20076	ENSG00000170242	Q96K76	symbol	
USP48	HGNC:18533	ENSG00000090686	Q86UV5	symbol	
USP49	HGNC:20078	ENSG00000164663	Q70CQ1	symbol	
USP5	HGNC:12628	ENSG00000111667	P45974	symbol	
USP54	HGNC:23513	ENSG00000166348	Q70EL1	symbol	
USP6NL	HGNC:16858	ENSG00000148429	Q92738	symbol	
USP7	HGNC:12630	ENSG00000187555	Q93009	symbol	
USP8	HGNC:12631	ENSG00000138592	P40818	symbol	
USP9X	HGNC:12632	ENSG00000124486	Q93008	symbol	
USP9Y	HGNC:12633	ENSG00000114374	O00507	symbol	
UTP11	HGNC:24329	ENSG00000183520	Q9Y3A2	symbol	
UTP14A	HGNC:10665	ENSG00000156697	Q9BVJ6	symbol	
UTP14C	HGNC:20321	ENSG00000253797	Q5TAP6	symbol	
UTP15	HGNC:25758	ENSG00000164338	Q8TED0	symbol	
UTP18	HGNC:24274	ENSG00000011260	Q9Y5J1	symbol	
UTP20	HGNC:17897	ENSG00000120800	O75691	symbol	
UTP23	HGNC:28224	ENSG00000147679	Q9BRU9	symbol	
UTP25	HGNC:28440	ENSG00000117597	Q68CQ4	symbol	
UTP3	HGNC:24477	ENSG00000132467	Q9NQZ2	symbol	
UTP4	HGNC:1983	ENSG00000141076	Q969X6	symbol	
UTP6	HGNC:18279	ENSG00000108651	Q9NYH9	symbol	
UTRN	HGNC:12635	ENSG00000152818	P46939	symbol	
UTS2	HGNC:12636	ENSG00000049247	O95399	symbol	
UTY	HGNC:12638	ENSG00000183878	O14607	symbol	
UVRAG	HGNC:12640	ENSG00000198382	Q9P2Y5	symbol	
UXS1	HGNC:17729	ENSG00000115652	Q8NBZ7	symbol	
UXT	HGNC:12641	ENSG00000126756	Q9UBK9	symbol	
VAC14	HGNC:25507	ENSG00000103043	Q08AM6	symbol	
VAMP2	HGNC:12643	ENSG00000220205	P63027	symbol	
VAMP3	HGNC:12644	ENSG00000049245	Q15836	symbol	
VAMP4	HGNC:12645	ENSG00000117533	O75379	symbol	
VAMP5	HGNC:12646	ENSG00000168899	O95183	symbol	
VAMP7	HGNC:11486	ENSG00000124333	P51809	symbol	
VAMP8	HGNC:12647	ENSG00000118640	Q9BV40	symbol	
VANGL1	HGNC:15512	ENSG00000173218	Q8TAA9	symbol	
VAPA	HGNC:12648	ENSG00000101558	Q9P0L0	symbol	
VAPB	HGNC:12649	ENSG00000124164	O95292	symbol	
VARS1	HGNC:12651	ENSG00000204394	P26640	symbol	
VARS2	HGNC:21642	ENSG00000137411	Q5ST30	symbol	
VASP	HGNC:12652	ENSG00000125753	P50552	symbol	
VAT1	HGNC:16919	ENSG00000108828	Q99536	symbol	
VAV1	HGNC:12657	ENSG00000141968	P15498	symbol	
VAV2	HGNC:12658	ENSG00000160293	P52735	symbol	
VBP1	HGNC:12662	ENSG00000155959	P61758	symbol	
VCAN	HGNC:2464	ENSG00000038427	P13611	symbol	
VCL	HGNC:12665	ENSG00000035403	P18206	symbol	
VCP	HGNC:12666	ENSG00000165280	P55072	symbol	
VCPIP1	HGNC:30897	ENSG00000175073	Q96JH7	symbol	
VCY1B	HGNC:31751	ENSG00000129862	O14598	symbol	
VDAC1	HGNC:12669	ENSG00000213585	P21796	symbol	
VDAC2	HGNC:12672	ENSG00000165637	P45880	symbol	
VDAC3	HGNC:12674	ENSG00000078668	Q9Y277	symbol	
VEZF1	HGNC:12949	ENSG00000136451	Q14119	symbol	
VEZT	HGNC:18258	ENSG00000028203	Q9HBM0	symbol	
VIL1	HGNC:12690	ENSG00000127831	P09327	symbol	
VIM	HGNC:12692	ENSG00000026025	P08670	symbol	
VIPAS39	HGNC:20347	ENSG00000151445	Q9H9C1	symbol	
VIRMA	HGNC:24500	ENSG00000164944	Q69YN4	symbol	
VKORC1	HGNC:23663	ENSG00000167397	Q9BQB6	symbol	
VKORC1L1	HGNC:21492	ENSG00000196715	Q8N0U8	symbol	
VMA21	HGNC:22082	ENSG00000160131	Q3ZAQ7	symbol	
VMP1	HGNC:29559	ENSG00000062716	Q96GC9	symbol	
VN1R5	HGNC:19870	ENSG00000197617	Q7Z5H4	symbol	
VNN1	HGNC:12705	ENSG00000112299	O95497	symbol	
VPS11	HGNC:14583	ENSG00000160695	Q9H270	symbol	
VPS13A	HGNC:1908	ENSG00000197969	Q96RL7	symbol	
VPS13B	HGNC:2183	ENSG00000132549	Q7Z7G8	symbol	
VPS13C	HGNC:23594	ENSG00000129003	Q709C8	symbol	
VPS13D	HGNC:23595	ENSG00000048707	Q5THJ4	symbol	
VPS16	HGNC:14584	ENSG00000215305	Q9H269	symbol	
VPS18	HGNC:15972	ENSG00000104142	Q9P253	symbol	
VPS25	HGNC:28122	ENSG00000131475	Q9BRG1	symbol	
VPS26A	HGNC:12711	ENSG00000122958	O75436	symbol	
VPS26B	HGNC:28119	ENSG00000151502	Q4G0F5	symbol	
VPS26C	HGNC:3044	ENSG00000157538	O14972	symbol	
VPS28	HGNC:18178	ENSG00000160948	Q9UK41	symbol	
VPS29	HGNC:14340	ENSG00000111237	Q9UBQ0	symbol	
VPS33A	HGNC:18179	ENSG00000139719	Q96AX1	symbol	
VPS33B	HGNC:12712	ENSG00000184056	Q9H267	symbol	
VPS35	HGNC:13487	ENSG00000069329	Q96QK1	symbol	
VPS35L	HGNC:24641	ENSG00000103544	Q7Z3J2	symbol	
VPS36	HGNC:20312	ENSG00000136100	Q86VN1	symbol	
VPS37A	HGNC:24928	ENSG00000155975	Q8NEZ2	symbol	
VPS37B	HGNC:25754	ENSG00000139722	Q9H9H4	symbol	
VPS37C	HGNC:26097	ENSG00000167987	A5D8V6	symbol	
VPS39	HGNC:20593	ENSG00000166887	Q96JC1	symbol	
VPS41	HGNC:12713	ENSG00000006715	P49754	symbol	
VPS45	HGNC:14579	ENSG00000136631	Q9NRW7	symbol	
VPS4A	HGNC:13488	ENSG00000132612	Q9UN37	symbol	
VPS4B	HGNC:10895	ENSG00000119541	O75351	symbol	
VPS50	HGNC:25956	ENSG00000004766	Q96JG6	symbol	
VPS51	HGNC:1172	ENSG00000149823	Q9UID3	symbol	
VPS52	HGNC:10518	ENSG00000223501	Q8N1B4	symbol	
VPS53	HGNC:25608	ENSG00000141252	Q5VIR6	symbol	
VPS72	HGNC:11644	ENSG00000163159	Q15906	symbol	
VPS8	HGNC:29122	ENSG00000156931	Q8N3P4	symbol	
VRK1	HGNC:12718	ENSG00000100749	Q99986	symbol	
VRK2	HGNC:12719	ENSG00000028116	Q86Y07	symbol	
VSIG10L	HGNC:27111	ENSG00000186806	Q86VR7	symbol	
VSIG10L2	HGNC:27879	ENSG00000283703	P0DP72	symbol	
VSIG8	HGNC:32063	ENSG00000243284	P0DPA2	symbol	
VSIR	HGNC:30085	ENSG00000107738	Q9H7M9	symbol	
VSNL1	HGNC:12722	ENSG00000163032	P62760	symbol	
VTA1	HGNC:20954	ENSG00000009844	Q9NP79	symbol	
VTCN1	HGNC:28873	ENSG00000134258	Q7Z7D3	symbol	
VTI1A	HGNC:17792	ENSG00000151532	Q96AJ9	symbol	
VTI1B	HGNC:17793	ENSG00000100568	Q9UEU0	symbol	
VTN	HGNC:12724	ENSG00000109072	P04004	symbol	
VWA2	HGNC:24709	ENSG00000165816	Q5GFL6	symbol	
VWA5A	HGNC:6658	ENSG00000110002	O00534	symbol	
VWA5B1	HGNC:26538	ENSG00000158816	Q5TIE3	symbol	
VWA7	HGNC:13939	ENSG00000204396	Q9Y334	symbol	
VWA8	HGNC:29071	ENSG00000102763	A3KMH1	symbol	
VWDE	HGNC:21897	ENSG00000146530	Q8N2E2	symbol	
VWF	HGNC:12726	ENSG00000110799	P04275	symbol	
WAC	HGNC:17327	ENSG00000095787	Q9BTA9	symbol	
WAPL	HGNC:23293	ENSG00000062650	Q7Z5K2	symbol	
WARS1	HGNC:12729	ENSG00000140105	P23381	symbol	
WARS2	HGNC:12730	ENSG00000116874	Q9UGM6	symbol	
WAS	HGNC:12731	ENSG00000015285	P42768	symbol	
WASF2	HGNC:12733	ENSG00000158195	Q9Y6W5	symbol	
WASH2P	HGNC:33145	ENSG00000146556	Q6VEQ5	symbol	
WASH3P	HGNC:24362	ENSG00000185596	C4AMC7	symbol	
WASH4P	HGNC:14126	ENSG00000234769	A8MWX3	symbol	
WASH6P	HGNC:31685	ENSG00000182484	Q9NQA3	symbol	
WASHC1	HGNC:24361	ENSG00000181404	A8K0Z3	symbol	
WASHC2A	HGNC:23416	ENSG00000099290	Q641Q2	symbol	
WASHC2C	HGNC:23414	ENSG00000172661	Q9Y4E1	symbol	
WASHC3	HGNC:24256	ENSG00000120860	Q9Y3C0	symbol	
WASHC4	HGNC:29174	ENSG00000136051	Q2M389	symbol	
WASHC5	HGNC:28984	ENSG00000164961	Q12768	symbol	
WASL	HGNC:12735	ENSG00000106299	O00401	symbol	
WBP1	HGNC:12737	ENSG00000239779	Q96G27	symbol	
WBP11	HGNC:16461	ENSG00000084463	Q9Y2W2	symbol	
WBP2	HGNC:12738	ENSG00000132471	Q969T9	symbol	
WBP4	HGNC:12739	ENSG00000120688	O75554	symbol	
WDCP	HGNC:26157	ENSG00000163026	Q9H6R7	symbol	
WDFY1	HGNC:20451	ENSG00000085449	Q8IWB7	symbol	
WDFY3	HGNC:20751	ENSG00000163625	Q8IZQ1	symbol	
WDFY4	HGNC:29323	ENSG00000128815	Q6ZS81	symbol	
WDHD1	HGNC:23170	ENSG00000198554	O75717	symbol	
WDR1	HGNC:12754	ENSG00000071127	O75083	symbol	
WDR11	HGNC:13831	ENSG00000120008	Q9BZH6	symbol	
WDR12	HGNC:14098	ENSG00000138442	Q9GZL7	symbol	
WDR13	HGNC:14352	ENSG00000101940	Q9H1Z4	symbol	
WDR17	HGNC:16661	ENSG00000150627	Q8IZU2	symbol	
WDR18	HGNC:17956	ENSG00000065268	Q9BV38	symbol	
WDR20	HGNC:19667	ENSG00000140153	Q8TBZ3	symbol	
WDR24	HGNC:20852	ENSG00000127580	Q96S15	symbol	
WDR26	HGNC:21208	ENSG00000162923	Q9H7D7	symbol	
WDR3	HGNC:12755	ENSG00000065183	Q9UNX4	symbol	
WDR33	HGNC:25651	ENSG00000136709	Q9C0J8	symbol	
WDR36	HGNC:30696	ENSG00000134987	Q8NI36	symbol	
WDR37	HGNC:31406	ENSG00000047056	Q9Y2I8	symbol	
WDR4	HGNC:12756	ENSG00000160193	P57081	symbol	
WDR41	HGNC:25601	ENSG00000164253	Q9HAD4	symbol	
WDR43	HGNC:28945	ENSG00000163811	Q15061	symbol	
WDR44	HGNC:30512	ENSG00000131725	Q5JSH3	symbol	
WDR45	HGNC:28912	ENSG00000196998	Q9Y484	symbol	
WDR45B	HGNC:25072	ENSG00000141580	Q5MNZ6	symbol	
WDR46	HGNC:13923	ENSG00000227057	O15213	symbol	
WDR47	HGNC:29141	ENSG00000085433	O94967	symbol	
WDR48	HGNC:30914	ENSG00000114742	Q8TAF3	symbol	
WDR5	HGNC:12757	ENSG00000196363	P61964	symbol	
WDR53	HGNC:28786	ENSG00000185798	Q7Z5U6	symbol	
WDR54	HGNC:25770	ENSG00000005448	Q9H977	symbol	
WDR55	HGNC:25971	ENSG00000120314	Q9H6Y2	symbol	
WDR5B	HGNC:17826	ENSG00000196981	Q86VZ2	symbol	
WDR6	HGNC:12758	ENSG00000178252	Q9NNW5	symbol	
WDR62	HGNC:24502	ENSG00000075702	O43379	symbol	
WDR7	HGNC:13490	ENSG00000091157	Q9Y4E6	symbol	
WDR70	HGNC:25495	ENSG00000082068	Q9NW82	symbol	
WDR73	HGNC:25928	ENSG00000177082	Q6P4I2	symbol	
WDR74	HGNC:25529	ENSG00000133316	Q6RFH5	symbol	
WDR75	HGNC:25725	ENSG00000115368	Q8IWA0	symbol	
WDR76	HGNC:25773	ENSG00000092470	Q9H967	symbol	
WDR77	HGNC:29652	ENSG00000116455	Q9BQA1	symbol	
WDR81	HGNC:26600	ENSG00000167716	Q562E7	symbol	
WDR82	HGNC:28826	ENSG00000164091	Q6UXN9	symbol	
WDR83	HGNC:32672	ENSG00000123154	Q9BRX9	symbol	
WDR89	HGNC:20489	ENSG00000140006	Q96FK6	symbol	
WDR91	HGNC:24997	ENSG00000105875	A4D1P6	symbol	
WFS1	HGNC:12762	ENSG00000109501	O76024	symbol	
WIPF1	HGNC:12736	ENSG00000115935	O43516	symbol	
WIPF2	HGNC:30923	ENSG00000171475	Q8TF74	symbol	
WIPI2	HGNC:32225	ENSG00000157954	Q9Y4P8	symbol	
WIZ	HGNC:30917	ENSG00000011451	O95785	symbol	
WLS	HGNC:30238	ENSG00000116729	Q5T9L3	symbol	
WNK1	HGNC:14540	ENSG00000060237	Q9H4A3	symbol	
WNT5A	HGNC:12784	ENSG00000114251	P41221	symbol	
WNT7B	HGNC:12787	ENSG00000188064	P56706	symbol	
WNT8A	HGNC:12788	ENSG00000061492	Q9H1J5	symbol	
WRAP53	HGNC:25522	ENSG00000141499	Q9BUR4	symbol	
WRN	HGNC:12791	ENSG00000165392	Q14191	symbol	
WRNIP1	HGNC:20876	ENSG00000124535	Q96S55	symbol	
WSCD1	HGNC:29060	ENSG00000179314	Q658N2	symbol	
WTAP	HGNC:16846	ENSG00000146457	Q15007	symbol	
WWC1	HGNC:29435	ENSG00000113645	Q8IX03	symbol	
WWC2	HGNC:24148	ENSG00000151718	Q6AWC2	symbol	
WWP1	HGNC:17004	ENSG00000123124	Q9H0M0	symbol	
WWP2	HGNC:16804	ENSG00000198373	O00308	symbol	
XAB2	HGNC:14089	ENSG00000076924	Q9HCS7	symbol	
XDH	HGNC:12805	ENSG00000158125	P47989	symbol	
XIAP	HGNC:592	ENSG00000101966	P98170	symbol	
XIRP1	HGNC:14301	ENSG00000168334	Q702N8	symbol	
XPC	HGNC:12816	ENSG00000154767	Q01831	symbol	
XPNPEP1	HGNC:12822	ENSG00000108039	Q9NQW7	symbol	
XPNPEP3	HGNC:28052	ENSG00000196236	Q9NQH7	symbol	
XPO1	HGNC:12825	ENSG00000082898	O14980	symbol	
XPO4	HGNC:17796	ENSG00000132953	Q9C0E2	symbol	
XPO5	HGNC:17675	ENSG00000124571	Q9HAV4	symbol	
XPO6	HGNC:19733	ENSG00000169180	Q96QU8	symbol	
XPO7	HGNC:14108	ENSG00000130227	Q9UIA9	symbol	
XPOT	HGNC:12826	ENSG00000184575	O43592	symbol	
XRCC1	HGNC:12828	ENSG00000073050	P18887	symbol	
XRCC4	HGNC:12831	ENSG00000152422	Q13426	symbol	
XRCC5	HGNC:12833	ENSG00000079246	P13010	symbol	
XRCC6	HGNC:4055	ENSG00000196419	P12956	symbol	
XRN1	HGNC:30654	ENSG00000114127	Q8IZH2	symbol	
XRN2	HGNC:12836	ENSG00000088930	Q9H0D6	symbol	
XXYLT1	HGNC:26639	ENSG00000173950	Q8NBI6	symbol	
XYLB	HGNC:12839	ENSG00000093217	O75191	symbol	
XYLT1	HGNC:15516	ENSG00000103489	Q86Y38	symbol	
YAP1	HGNC:16262	ENSG00000137693	P46937	symbol	
YARS1	HGNC:12840	ENSG00000134684	P54577	symbol	
YARS2	HGNC:24249	ENSG00000139131	Q9Y2Z4	symbol	
YBEY	HGNC:1299	ENSG00000182362	P58557	symbol	
YBX1	HGNC:8014	ENSG00000065978	P67809	symbol	
YBX3	HGNC:2428	ENSG00000060138	P16989	symbol	
YEATS4	HGNC:24859	ENSG00000127337	O95619	symbol	
YES1	HGNC:12841	ENSG00000176105	P07947	symbol	
YIF1A	HGNC:16688	ENSG00000174851	O95070	symbol	
YIF1B	HGNC:30511	ENSG00000167645	Q5BJH7	symbol	
YIPF1	HGNC:25231	ENSG00000058799	Q9Y548	symbol	
YIPF4	HGNC:28145	ENSG00000119820	Q9BSR8	symbol	
YIPF5	HGNC:24877	ENSG00000145817	Q969M3	symbol	
YIPF6	HGNC:28304	ENSG00000181704	Q96EC8	symbol	
YJU2	HGNC:25518	ENSG00000105248	Q9BW85	symbol	
YKT6	HGNC:16959	ENSG00000106636	O15498	symbol	
YLPM1	HGNC:17798	ENSG00000119596	P49750	symbol	
YME1L1	HGNC:12843	ENSG00000136758	Q96TA2	symbol	
YOD1	HGNC:25035	ENSG00000180667	Q5VVQ6	symbol	
YPEL5	HGNC:18329	ENSG00000119801	P62699	symbol	
YRDC	HGNC:28905	ENSG00000196449	Q86U90	symbol	
YTHDC1	HGNC:30626	ENSG00000083896	Q96MU7	symbol	
YTHDC2	HGNC:24721	ENSG00000047188	Q9H6S0	symbol	
YTHDF1	HGNC:15867	ENSG00000149658	Q9BYJ9	symbol	
YTHDF2	HGNC:31675	ENSG00000198492	Q9Y5A9	symbol	
YTHDF3	HGNC:26465	ENSG00000185728	Q7Z739	symbol	
YWHAB	HGNC:12849	ENSG00000166913	P31946	symbol	
YWHAE	HGNC:12851	ENSG00000108953	P62258	symbol	
YWHAG	HGNC:12852	ENSG00000170027	P61981	symbol	
YWHAH	HGNC:12853	ENSG00000128245	Q04917	symbol	
YWHAQ	HGNC:12854	ENSG00000134308	P27348	symbol	
YWHAZ	HGNC:12855	ENSG00000164924	P63104	symbol	
YY1	HGNC:12856	ENSG00000100811	P25490	symbol	
YY2	HGNC:31684	ENSG00000230797	O15391	symbol	
ZAP70	HGNC:12858	ENSG00000115085	P43403	symbol	
ZBED1	HGNC:447	ENSG00000214717	O96006	symbol	
ZBED4	HGNC:20721	ENSG00000100426	O75132	symbol	
ZBED6	HGNC:33273	ENSG00000257315	P86452	symbol	
ZBTB1	HGNC:20259	ENSG00000126804	Q9Y2K1	symbol	
ZBTB11	HGNC:16740	ENSG00000066422	O95625	symbol	
ZBTB17	HGNC:12936	ENSG00000116809	Q13105	symbol	
ZBTB2	HGNC:20868	ENSG00000181472	Q8N680	symbol	
ZBTB21	HGNC:13083	ENSG00000173276	Q9ULJ3	symbol	
ZBTB24	HGNC:21143	ENSG00000112365	O43167	symbol	
ZBTB33	HGNC:16682	ENSG00000177485	Q86T24	symbol	
ZBTB4	HGNC:23847	ENSG00000174282	Q9P1Z0	symbol	
ZBTB40	HGNC:29045	ENSG00000184677	Q9NUA8	symbol	
ZBTB41	HGNC:24819	ENSG00000177888	Q5SVQ8	symbol	
ZBTB47	HGNC:26955	ENSG00000114853	Q9UFB7	symbol	
ZBTB7A	HGNC:18078	ENSG00000178951	O95365	symbol	
ZBTB7B	HGNC:18668	ENSG00000160685	O15156	symbol	
ZBTB8OS	HGNC:24094	ENSG00000176261	Q8IWT0	alias_or_prev_symbol	
ZBTB9	HGNC:28323	ENSG00000213588	Q96C00	symbol	
ZC2HC1A	HGNC:24277	ENSG00000104427	Q96GY0	symbol	
ZC3H10	HGNC:25893	ENSG00000135482	Q96K80	symbol	
ZC3H11A	HGNC:29093	ENSG00000058673	O75152	symbol	
ZC3H12C	HGNC:29362	ENSG00000149289	Q9C0D7	symbol	
ZC3H13	HGNC:20368	ENSG00000123200	Q5T200	symbol	
ZC3H14	HGNC:20509	ENSG00000100722	Q6PJT7	symbol	
ZC3H15	HGNC:29528	ENSG00000065548	Q8WU90	symbol	
ZC3H18	HGNC:25091	ENSG00000158545	Q86VM9	symbol	
ZC3H3	HGNC:28972	ENSG00000014164	Q8IXZ2	symbol	
ZC3H4	HGNC:17808	ENSG00000130749	Q9UPT8	symbol	
ZC3H6	HGNC:24762	ENSG00000188177	P61129	symbol	
ZC3H7A	HGNC:30959	ENSG00000122299	Q8IWR0	symbol	
ZC3H7B	HGNC:30869	ENSG00000100403	Q9UGR2	symbol	
ZC3H8	HGNC:30941	ENSG00000144161	Q8N5P1	symbol	
ZC3HAV1	HGNC:23721	ENSG00000105939	Q7Z2W4	symbol	
ZC3HAV1L	HGNC:22423	ENSG00000146858	Q96H79	symbol	
ZC3HC1	HGNC:29913	ENSG00000091732	Q86WB0	symbol	
ZCCHC17	HGNC:30246	ENSG00000121766	Q9NP64	symbol	
ZCCHC3	HGNC:16230	ENSG00000247315	Q9NUD5	symbol	
ZCCHC4	HGNC:22917	ENSG00000168228	Q9H5U6	symbol	
ZCCHC7	HGNC:26209	ENSG00000147905	Q8N3Z6	symbol	
ZCCHC8	HGNC:25265	ENSG00000033030	Q6NZY4	symbol	
ZCRB1	HGNC:29620	ENSG00000139168	Q8TBF4	symbol	
ZDHHC13	HGNC:18413	ENSG00000177054	Q8IUH4	symbol	
ZDHHC17	HGNC:18412	ENSG00000186908	Q8IUH5	symbol	
ZDHHC20	HGNC:20749	ENSG00000180776	Q5W0Z9	symbol	
ZDHHC3	HGNC:18470	ENSG00000163812	Q9NYG2	symbol	
ZDHHC5	HGNC:18472	ENSG00000156599	Q9C0B5	symbol	
ZDHHC6	HGNC:19160	ENSG00000023041	Q9H6R6	symbol	
ZDHHC9	HGNC:18475	ENSG00000188706	Q9Y397	symbol	
ZEB1	HGNC:11642	ENSG00000148516	P37275	symbol	
ZFAND6	HGNC:30164	ENSG00000086666	Q6FIF0	symbol	
ZFAT	HGNC:19899	ENSG00000066827	Q9P243	symbol	
ZFC3H1	HGNC:28328	ENSG00000133858	O60293	symbol	
ZFHX2	HGNC:20152	ENSG00000136367	Q9C0A1	symbol	
ZFP37	HGNC:12863	ENSG00000136866	Q9Y6Q3	symbol	
ZFP64	HGNC:15940	ENSG00000020256	Q9NTW7	symbol	
ZFP69	HGNC:24708	ENSG00000187815	Q49AA0	symbol	
ZFP91	HGNC:14983	ENSG00000186660	Q96JP5	symbol	
ZFPL1	HGNC:12868	ENSG00000162300	O95159	symbol	
ZFR	HGNC:17277	ENSG00000056097	Q96KR1	symbol	
ZFX	HGNC:12869	ENSG00000005889	P17010	symbol	
ZFY	HGNC:12870	ENSG00000067646	P08048	symbol	
ZFYVE16	HGNC:20756	ENSG00000039319	Q7Z3T8	symbol	
ZFYVE19	HGNC:20758	ENSG00000166140	Q96K21	symbol	
ZFYVE26	HGNC:20761	ENSG00000072121	Q68DK2	symbol	
ZFYVE27	HGNC:26559	ENSG00000155256	Q5T4F4	symbol	
ZG16B	HGNC:30456	ENSG00000162078	Q96DA0	symbol	
ZGPAT	HGNC:15948	ENSG00000197114	Q8N5A5	symbol	
ZGRF1	HGNC:25654	ENSG00000138658	Q86YA3	symbol	
ZHX1	HGNC:12871	ENSG00000165156	Q9UKY1	symbol	
ZHX2	HGNC:18513	ENSG00000178764	Q9Y6X8	symbol	
ZIM3	HGNC:16366	ENSG00000141946	Q96PE6	symbol	
ZKSCAN1	HGNC:13101	ENSG00000106261	P17029	symbol	
ZKSCAN7	HGNC:12955	ENSG00000196345	Q9P0L1	symbol	
ZMAT1	HGNC:29377	ENSG00000166432	Q5H9K5	symbol	
ZMAT2	HGNC:26433	ENSG00000146007	Q96NC0	symbol	
ZMIZ2	HGNC:22229	ENSG00000122515	Q8NF64	symbol	
ZMPSTE24	HGNC:12877	ENSG00000084073	O75844	symbol	
ZMYM1	HGNC:26253	ENSG00000197056	Q5SVZ6	symbol	
ZMYM2	HGNC:12989	ENSG00000121741	Q9UBW7	symbol	
ZMYM3	HGNC:13054	ENSG00000147130	Q14202	symbol	
ZMYM4	HGNC:13055	ENSG00000146463	Q5VZL5	symbol	
ZMYM6	HGNC:13050	ENSG00000163867	O95789	symbol	
ZMYND15	HGNC:20997	ENSG00000141497	Q9H091	symbol	
ZMYND8	HGNC:9397	ENSG00000101040	Q9ULU4	symbol	
ZNF106	HGNC:12886	ENSG00000103994	Q9H2Y7	symbol	
ZNF112	HGNC:12892	ENSG00000062370	Q9UJU3	symbol	
ZNF131	HGNC:12915	ENSG00000172262	P52739	alias_or_prev_symbol	
ZNF136	HGNC:12920	ENSG00000196646	P52737	symbol	
ZNF141	HGNC:12926	ENSG00000131127	Q15928	symbol	
ZNF143	HGNC:12928	ENSG00000166478	P52747	symbol	
ZNF146	HGNC:12931	ENSG00000167635	Q15072	symbol	
ZNF148	HGNC:12933	ENSG00000163848	Q9UQR1	symbol	
ZNF182	HGNC:13001	ENSG00000147118	P17025	symbol	
ZNF185	HGNC:12976	ENSG00000147394	O15231	symbol	
ZNF195	HGNC:12986	ENSG00000005801	O14628	symbol	
ZNF2	HGNC:12991	ENSG00000275111	Q9BSG1	symbol	
ZNF200	HGNC:12993	ENSG00000010539	P98182	symbol	
ZNF207	HGNC:12998	ENSG00000010244	O43670	symbol	
ZNF212	HGNC:13004	ENSG00000170260	Q9UDV6	symbol	
ZNF227	HGNC:13020	ENSG00000131115	Q86WZ6	symbol	
ZNF239	HGNC:13031	ENSG00000196793	Q16600	symbol	
ZNF24	HGNC:13032	ENSG00000172466	P17028	symbol	
ZNF248	HGNC:13041	ENSG00000198105	Q8NDW4	symbol	
ZNF251	HGNC:13045	ENSG00000198169	Q9BRH9	symbol	
ZNF253	HGNC:13497	ENSG00000256771	O75346	symbol	
ZNF257	HGNC:13498	ENSG00000197134	Q9Y2Q1	symbol	
ZNF26	HGNC:13053	ENSG00000198393	P17031	symbol	
ZNF274	HGNC:13068	ENSG00000171606	Q96GC6	symbol	
ZNF28	HGNC:13073	ENSG00000198538	P17035	symbol	
ZNF280C	HGNC:25955	ENSG00000056277	Q8ND82	symbol	
ZNF281	HGNC:13075	ENSG00000162702	Q9Y2X9	symbol	
ZNF292	HGNC:18410	ENSG00000188994	O60281	symbol	
ZNF30	HGNC:13090	ENSG00000168661	P17039	symbol	
ZNF311	HGNC:13847	ENSG00000197935	Q5JNZ3	symbol	
ZNF316	HGNC:13843	ENSG00000205903	A6NFI3	symbol	
ZNF317	HGNC:13507	ENSG00000130803	Q96PQ6	symbol	
ZNF318	HGNC:13578	ENSG00000171467	Q5VUA4	symbol	
ZNF320	HGNC:13842	ENSG00000182986	A2RRD8	symbol	
ZNF324	HGNC:14096	ENSG00000083812	O75467	symbol	
ZNF324B	HGNC:33107	ENSG00000249471	Q6AW86	symbol	
ZNF326	HGNC:14104	ENSG00000162664	Q5BKZ1	symbol	
ZNF330	HGNC:15462	ENSG00000109445	Q9Y3S2	alias_or_prev_symbol	
ZNF333	HGNC:15624	ENSG00000160961	Q96JL9	symbol	
ZNF34	HGNC:13098	ENSG00000196378	Q8IZ26	symbol	
ZNF341	HGNC:15992	ENSG00000131061	Q9BYN7	symbol	
ZNF346	HGNC:16403	ENSG00000113761	Q9UL40	symbol	
ZNF347	HGNC:16447	ENSG00000197937	Q96SE7	symbol	
ZNF354A	HGNC:11628	ENSG00000169131	O60765	symbol	
ZNF354B	HGNC:17197	ENSG00000178338	Q96LW1	symbol	
ZNF365	HGNC:18194	ENSG00000138311	Q70YC4|Q70YC5	symbol	
ZNF384	HGNC:11955	ENSG00000126746	Q8TF68	symbol	
ZNF385A	HGNC:17521	ENSG00000161642	Q96PM9	symbol	
ZNF404	HGNC:19417	ENSG00000176222	Q494X3	symbol	
ZNF41	HGNC:13107	ENSG00000147124	P51814	symbol	
ZNF419	HGNC:20648	ENSG00000105136	Q96HQ0	symbol	
ZNF425	HGNC:20690	ENSG00000204947	Q6IV72	symbol	
ZNF428	HGNC:20804	ENSG00000131116	Q96B54	symbol	
ZNF433	HGNC:20811	ENSG00000197647	Q8N7K0	symbol	
ZNF445	HGNC:21018	ENSG00000185219	P59923	symbol	
ZNF446	HGNC:21036	ENSG00000083838	Q9NWS9	symbol	
ZNF451	HGNC:21091	ENSG00000112200	Q9Y4E5	symbol	
ZNF462	HGNC:21684	ENSG00000148143	Q96JM2	symbol	
ZNF468	HGNC:33105	ENSG00000204604	Q5VIY5	symbol	
ZNF471	HGNC:23226	ENSG00000196263	Q9BX82	symbol	
ZNF473	HGNC:23239	ENSG00000142528	Q8WTR7	symbol	
ZNF479	HGNC:23258	ENSG00000185177	Q96JC4	symbol	
ZNF484	HGNC:23385	ENSG00000127081	Q5JVG2	symbol	
ZNF486	HGNC:20807	ENSG00000256229	Q96H40	symbol	
ZNF490	HGNC:23705	ENSG00000188033	Q9ULM2	symbol	
ZNF502	HGNC:23718	ENSG00000196653	Q8TBZ5	symbol	
ZNF506	HGNC:23780	ENSG00000081665	Q5JVG8	symbol	
ZNF512	HGNC:29380	ENSG00000243943	Q96ME7	symbol	
ZNF512B	HGNC:29212	ENSG00000196700	Q96KM6	symbol	
ZNF516	HGNC:28990	ENSG00000101493	Q92618	symbol	
ZNF519	HGNC:30574	ENSG00000175322	Q8TB69	symbol	
ZNF525	HGNC:29423	ENSG00000203326	Q8N782	symbol	
ZNF527	HGNC:29385	ENSG00000189164	Q8NB42	symbol	
ZNF528	HGNC:29384	ENSG00000167555	Q3MIS6	symbol	
ZNF529	HGNC:29328	ENSG00000186020	Q6P280	symbol	
ZNF534	HGNC:26337	ENSG00000198633	Q76KX8	symbol	
ZNF543	HGNC:25281	ENSG00000178229	Q08ER8	symbol	
ZNF544	HGNC:16759	ENSG00000198131	Q6NX49	symbol	
ZNF548	HGNC:26561	ENSG00000188785	Q8NEK5	symbol	
ZNF551	HGNC:25108	ENSG00000204519	Q7Z340	symbol	
ZNF556	HGNC:25669	ENSG00000172000	Q9HAH1	symbol	
ZNF560	HGNC:26484	ENSG00000198028	Q96MR9	symbol	
ZNF573	HGNC:26420	ENSG00000189144	Q86YE8	symbol	
ZNF579	HGNC:26646	ENSG00000218891	Q8NAF0	symbol	
ZNF582	HGNC:26421	ENSG00000018869	Q96NG8	symbol	
ZNF585A	HGNC:26305	ENSG00000196967	Q6P3V2	symbol	
ZNF585B	HGNC:30948	ENSG00000245680	Q52M93	symbol	
ZNF592	HGNC:28986	ENSG00000166716	Q92610	symbol	
ZNF593	HGNC:30943	ENSG00000142684	O00488	symbol	
ZNF595	HGNC:27196	ENSG00000272602	Q8IYB9	symbol	
ZNF596	HGNC:27268	ENSG00000172748	Q8TC21	symbol	
ZNF598	HGNC:28079	ENSG00000167962	Q86UK7	symbol	
ZNF599	HGNC:26408	ENSG00000153896	Q96NL3	symbol	
ZNF605	HGNC:28068	ENSG00000196458	Q86T29	symbol	
ZNF608	HGNC:29238	ENSG00000168916	Q9ULD9	symbol	
ZNF609	HGNC:29003	ENSG00000180357	O15014	symbol	
ZNF610	HGNC:26687	ENSG00000167554	Q8N9Z0	symbol	
ZNF613	HGNC:25827	ENSG00000176024	Q6PF04	symbol	
ZNF618	HGNC:29416	ENSG00000157657	Q5T7W0	symbol	
ZNF622	HGNC:30958	ENSG00000173545	Q969S3	symbol	
ZNF625	HGNC:30571	ENSG00000257591	Q96I27	symbol	
ZNF626	HGNC:30461	ENSG00000188171	Q68DY1	symbol	
ZNF629	HGNC:29008	ENSG00000102870	Q9UEG4	symbol	
ZNF638	HGNC:17894	ENSG00000075292	Q14966	symbol	
ZNF639	HGNC:30950	ENSG00000121864	Q9UID6	symbol	
ZNF644	HGNC:29222	ENSG00000122482	Q9H582	symbol	
ZNF646	HGNC:29004	ENSG00000167395	O15015	symbol	
ZNF652	HGNC:29147	ENSG00000198740	Q9Y2D9	symbol	
ZNF66	HGNC:13135	ENSG00000160229	Q6ZN08	symbol	
ZNF665	HGNC:25885	ENSG00000197497	Q9H7R5	symbol	
ZNF672	HGNC:26179	ENSG00000171161	Q499Z4	symbol	
ZNF679	HGNC:28650	ENSG00000197123	Q8IYX0	symbol	
ZNF682	HGNC:28857	ENSG00000197124	O95780	symbol	
ZNF687	HGNC:29277	ENSG00000143373	Q8N1G0	symbol	
ZNF692	HGNC:26049	ENSG00000171163	Q9BU19	symbol	
ZNF695	HGNC:30954	ENSG00000197472	Q8IW36	symbol	
ZNF697	HGNC:32034	ENSG00000143067	Q5TEC3	symbol	
ZNF700	HGNC:25292	ENSG00000196757	Q9H0M5	symbol	
ZNF701	HGNC:25597	ENSG00000167562	Q9NV72	symbol	
ZNF704	HGNC:32291	ENSG00000164684	Q6ZNC4	symbol	
ZNF706	HGNC:24992	ENSG00000120963	Q9Y5V0	symbol	
ZNF713	HGNC:22043	ENSG00000178665	Q8N859	symbol	
ZNF716	HGNC:32458	ENSG00000182111	A6NP11	symbol	
ZNF718	HGNC:26889	ENSG00000250312	Q3SXZ3	symbol	
ZNF722	HGNC:22571	ENSG00000241149	A0A1W2PQL4	symbol	
ZNF723	HGNC:32286	ENSG00000268696	P0DPD5	symbol	
ZNF729	HGNC:32464	ENSG00000196350	A6NN14	symbol	
ZNF732	HGNC:37138	ENSG00000186777	B4DXR9	symbol	
ZNF735	HGNC:32466	ENSG00000223614	P0CB33	symbol	
ZNF740	HGNC:27465	ENSG00000139651	Q8NDX6	symbol	
ZNF749	HGNC:32783	ENSG00000186230	O43361	symbol	
ZNF761	HGNC:23179	ENSG00000160336	Q86XN6	symbol	
ZNF765	HGNC:25092	ENSG00000196417	Q7L2R6	symbol	
ZNF766	HGNC:28063	ENSG00000196214	Q5HY98	symbol	
ZNF768	HGNC:26273	ENSG00000169957	Q9H5H4	symbol	
ZNF770	HGNC:26061	ENSG00000198146	Q6IQ21	symbol	
ZNF772	HGNC:33106	ENSG00000197128	Q68DY9	symbol	
ZNF776	HGNC:26765	ENSG00000152443	Q68DI1	symbol	
ZNF777	HGNC:22213	ENSG00000196453	Q9ULD5	symbol	
ZNF778	HGNC:26479	ENSG00000170100	Q96MU6	symbol	
ZNF782	HGNC:33110	ENSG00000196597	Q6ZMW2	symbol	
ZNF783	HGNC:27222	ENSG00000204946	Q6ZMS7	symbol	
ZNF787	HGNC:26998	ENSG00000142409	Q6DD87	symbol	
ZNF789	HGNC:27801	ENSG00000198556	Q5FWF6	symbol	
ZNF800	HGNC:27267	ENSG00000048405	Q2TB10	symbol	
ZNF81	HGNC:13156	ENSG00000197779	P51508	symbol	
ZNF813	HGNC:33257	ENSG00000198346	Q6ZN06	symbol	
ZNF830	HGNC:28291	ENSG00000198783	Q96NB3	symbol	
ZNF835	HGNC:34332	ENSG00000127903	Q9Y2P0	symbol	
ZNF843	HGNC:28710	ENSG00000176723	Q8N446	symbol	
ZNF845	HGNC:25112	ENSG00000213799	Q96IR2	symbol	
ZNF85	HGNC:13160	ENSG00000105750	Q03923	symbol	
ZNF888	HGNC:38695	ENSG00000213793	P0CJ79	symbol	
ZNF891	HGNC:38709	ENSG00000214029	A8MT65	symbol	
ZNF90	HGNC:13165	ENSG00000213988	Q03938	symbol	
ZNF92	HGNC:13168	ENSG00000146757	Q03936	symbol	
ZNF93	HGNC:13169	ENSG00000184635	P35789	symbol	
ZNFX1	HGNC:29271	ENSG00000124201	Q9P2E3	symbol	
ZNHIT2	HGNC:1177	ENSG00000174276	Q9UHR6	symbol	
ZNRD2	HGNC:11328	ENSG00000173465	O60232	symbol	
ZNRF2	HGNC:22316	ENSG00000180233	Q8NHG8	symbol	
ZPR1	HGNC:13051	ENSG00000109917	O75312	symbol	
ZRANB2	HGNC:13058	ENSG00000132485	O95218	symbol	
ZRANB3	HGNC:25249	ENSG00000121988	Q5FWF4	symbol	
ZRSR2	HGNC:23019	ENSG00000169249	Q15696	symbol	
ZRSR2P1	HGNC:12456	ENSG00000212643	Q15695	symbol	
ZSCAN1	HGNC:23712	ENSG00000152467	Q8NBB4	symbol	
ZSCAN12	HGNC:13172	ENSG00000158691	O43309	symbol	
ZSCAN5A	HGNC:23710	ENSG00000131848	Q9BUG6	symbol	
ZSWIM4	HGNC:25704	ENSG00000132003	Q9H7M6	symbol	
ZSWIM6	HGNC:29316	ENSG00000130449	Q9HCJ5	symbol	
ZW10	HGNC:13194	ENSG00000086827	O43264	symbol	
ZWILCH	HGNC:25468	ENSG00000174442	Q9H900	symbol	
ZWINT	HGNC:13195	ENSG00000122952	O95229	symbol	
ZYG11B	HGNC:25820	ENSG00000162378	Q9C0D3	symbol	
ZYX	HGNC:13200	ENSG00000159840	Q15942	symbol	
ZZEF1	HGNC:29027	ENSG00000074755	O43149	symbol	
