gene,bubis_hela,bubis_lung,bubis_candidates,pbmc240,scope2,fulcher,n_sources,in_old_reference
A1BG,False,True,False,False,False,False,1,False
A2M,True,True,True,True,False,False,4,False
A2ML1,False,True,False,True,False,False,2,False
AAAS,True,True,True,False,False,False,3,False
AACS,True,True,True,False,False,False,3,False
AADAC,False,False,False,False,True,False,1,True
AADACL2,False,True,False,False,False,False,1,False
AAGAB,True,True,True,False,False,False,3,False
AAK1,True,True,True,False,False,False,3,False
AAMDC,True,True,True,False,False,False,3,False
AAMP,True,True,True,False,False,False,3,False
AAR2,True,True,True,False,False,False,3,False
AARS1,True,True,True,True,True,True,6,True
AARS2,True,True,True,False,False,False,3,False
AARSD1,True,True,True,False,False,False,3,False
AASDHPPT,True,True,True,False,False,False,3,False
AATF,True,True,True,False,False,False,3,False
ABCA12,False,True,False,False,True,False,2,True
ABCA13,True,False,False,False,True,False,2,True
ABCA3,False,False,False,False,True,False,1,True
ABCA5,False,False,False,False,True,False,1,True
ABCA6,False,True,False,False,False,False,1,False
ABCA7,False,False,False,False,True,False,1,True
ABCB10,True,True,True,False,False,False,3,False
ABCB4,False,False,False,False,True,False,1,True
ABCB6,True,True,True,False,False,False,3,False
ABCB7,True,True,True,False,False,False,3,False
ABCB8,True,True,True,False,False,False,3,False
ABCC1,True,True,True,False,True,False,4,True
ABCC11,False,False,True,False,True,False,2,True
ABCC12,False,False,True,False,False,False,1,False
ABCC2,True,True,True,False,False,False,3,False
ABCC3,True,True,True,False,False,False,3,False
ABCC4,True,True,True,False,False,False,3,False
ABCC5,False,False,True,False,True,False,2,True
ABCC6,False,True,True,False,False,False,2,False
ABCD1,True,False,True,False,False,False,2,False
ABCD2,False,False,False,False,True,False,1,True
ABCD3,True,True,True,False,False,False,3,False
ABCD4,False,False,True,False,False,False,1,False
ABCE1,True,True,True,True,True,True,6,True
ABCF1,True,True,True,True,True,True,6,True
ABCF2,True,True,True,False,False,False,3,False
ABCF3,True,True,True,False,False,False,3,False
ABCG2,False,True,False,False,False,False,1,False
ABHD10,True,True,True,True,False,True,5,False
ABHD11,True,True,True,False,False,False,3,False
ABHD12,True,True,True,False,False,False,3,False
ABHD14B,True,True,True,True,False,True,5,False
ABHD16A,True,True,True,True,False,False,4,False
ABHD17A,True,False,True,True,False,False,3,False
ABHD17B,False,False,True,False,False,False,1,False
ABHD4,False,False,True,False,False,False,1,False
ABHD5,False,False,True,False,False,False,1,False
ABHD6,True,False,True,False,False,False,2,False
ABI1,True,True,True,True,False,True,5,False
ABI2,True,True,True,False,False,False,3,False
ABI3,False,False,False,True,False,False,1,False
ABL1,True,False,False,False,False,False,1,False
ABL2,True,False,True,False,False,False,2,False
ABLIM1,True,True,True,False,False,False,3,False
ABR,True,True,True,False,False,False,3,False
ABRACL,False,True,True,False,True,False,3,True
ABRAXAS2,True,True,True,True,False,False,4,False
ABT1,True,True,True,False,True,False,4,True
ABTB2,False,True,False,False,False,False,1,False
ACAA1,True,True,True,True,True,True,6,True
ACAA2,True,True,True,True,True,True,6,True
ACACA,True,True,True,True,False,False,4,False
ACACB,False,True,False,True,True,False,3,True
ACAD10,False,False,True,False,False,False,1,False
ACAD11,True,False,False,False,False,False,1,False
ACAD8,False,False,False,True,False,False,1,False
ACAD9,True,True,True,True,False,False,4,False
ACADL,False,False,False,True,False,False,1,False
ACADM,True,True,True,True,True,True,6,True
ACADS,True,True,True,True,True,True,6,True
ACADSB,True,True,True,True,False,False,4,False
ACADVL,True,True,True,True,False,True,5,False
ACAP1,False,False,False,True,False,True,2,False
ACAP2,True,True,True,True,False,False,4,False
ACAP3,False,False,True,False,False,False,1,False
ACAT1,True,True,True,True,True,True,6,True
ACAT2,True,True,False,True,True,True,5,True
ACBD3,True,True,True,True,False,False,4,False
ACBD5,True,True,True,True,False,False,4,False
ACBD6,True,True,True,False,False,False,3,False
ACE,False,True,False,False,False,False,1,False
ACHE,True,False,False,False,False,False,1,False
ACIN1,True,True,True,True,True,True,6,True
ACLY,True,True,True,True,True,True,6,True
ACO1,True,True,True,False,False,False,3,False
ACO2,True,True,True,True,True,True,6,True
ACOT1,True,True,True,True,False,False,4,False
ACOT11,False,True,False,False,False,False,1,False
ACOT13,True,True,True,False,False,True,4,False
ACOT2,False,False,False,True,True,False,2,True
ACOT6,False,False,False,True,False,False,1,False
ACOT7,True,True,True,True,True,False,5,True
ACOT8,True,False,True,False,False,False,2,False
ACOT9,True,True,True,True,True,True,6,True
ACOX1,True,True,True,True,False,False,4,False
ACOX3,False,True,False,False,False,False,1,False
ACOXL,True,False,False,False,False,False,1,False
ACP1,True,True,True,True,True,True,6,True
ACP2,True,True,True,True,False,False,4,False
ACP3,False,True,False,True,False,True,3,False
ACP6,True,False,True,False,False,False,2,False
ACP7,False,True,False,False,True,False,2,True
ACR,False,False,False,False,True,False,1,True
ACSBG1,False,False,False,False,True,False,1,True
ACSF2,True,True,True,True,False,False,4,False
ACSF3,True,True,True,False,False,False,3,False
ACSL1,False,True,False,True,True,False,3,True
ACSL3,True,True,True,False,False,False,3,False
ACSL4,True,True,True,True,True,False,5,True
ACSL5,True,False,True,True,False,False,3,False
ACSL6,False,False,False,False,True,False,1,True
ACSS1,False,True,False,True,False,False,2,False
ACSS2,True,False,True,False,False,False,2,False
ACTA1,False,False,False,False,True,False,1,True
ACTA2,True,False,True,True,False,False,3,False
ACTB,True,True,True,True,False,True,5,False
ACTBL2,True,True,False,True,False,False,3,False
ACTC1,False,True,False,False,False,True,2,False
ACTG1,True,True,True,True,True,False,5,True
ACTG2,True,False,False,True,True,False,3,True
ACTL6A,True,True,True,True,False,True,5,False
ACTL8,True,False,False,False,False,False,1,False
ACTN1,True,True,True,True,True,True,6,True
ACTN2,False,True,False,True,False,False,2,False
ACTN4,True,True,True,True,True,True,6,True
ACTR10,True,True,True,False,False,False,3,False
ACTR1A,True,True,True,True,False,False,4,False
ACTR1B,True,True,True,True,True,True,6,True
ACTR2,True,True,True,True,True,True,6,True
ACTR3,True,True,True,True,True,True,6,True
ACTR3B,True,False,True,False,True,False,3,True
ACTR5,True,False,True,False,False,False,2,False
ACTR6,True,False,True,False,False,False,2,False
ACTR8,True,True,True,False,False,False,3,False
ACVR1B,False,False,False,False,True,False,1,True
ACY1,True,True,True,False,False,False,3,False
ACYP1,True,True,True,False,False,False,3,False
ACYP2,True,True,True,True,False,False,4,False
ADA,True,True,True,True,False,False,4,False
ADA2,False,False,False,True,False,True,2,False
ADAM10,True,True,True,True,False,False,4,False
ADAM12,False,False,False,False,True,False,1,True
ADAM15,True,False,True,False,False,False,2,False
ADAM17,True,True,True,False,False,False,3,False
ADAM28,False,False,False,False,True,False,1,True
ADAM9,True,True,True,False,False,False,3,False
ADAMTS1,True,False,True,False,False,False,2,False
ADAMTS13,False,False,True,False,False,False,1,False
ADAMTS19,False,False,False,False,True,False,1,True
ADAMTS7,False,False,False,False,True,False,1,True
ADAP1,False,False,False,False,True,False,1,True
ADAR,True,True,True,True,False,True,5,False
ADARB1,True,False,True,False,False,False,2,False
ADARB2,False,True,False,False,False,False,1,False
ADAT2,False,False,True,False,False,False,1,False
ADCK1,False,False,False,False,True,False,1,True
ADCK2,False,False,False,False,True,False,1,True
ADCY1,False,False,False,True,True,False,2,True
ADCY5,False,False,False,False,True,False,1,True
ADD1,True,True,True,True,False,True,5,False
ADD2,False,True,False,True,False,False,2,False
ADD3,True,True,True,True,False,True,5,False
ADGRA3,False,False,False,False,True,False,1,True
ADGRB1,False,False,False,False,True,False,1,True
ADGRB3,False,False,False,False,True,False,1,True
ADGRE2,True,False,True,False,False,False,2,False
ADGRE5,True,True,True,True,False,False,4,False
ADGRG1,True,False,True,False,True,False,3,True
ADGRG2,False,True,False,False,False,False,1,False
ADGRG6,False,True,False,False,False,False,1,False
ADGRG7,False,False,False,False,True,False,1,True
ADGRL2,False,True,False,False,False,False,1,False
ADGRV1,False,False,False,False,True,False,1,True
ADH1B,False,False,False,True,False,False,1,False
ADH5,True,True,True,True,True,True,6,True
ADH6,False,False,False,False,True,False,1,True
ADH7,False,True,False,False,False,False,1,False
ADI1,True,True,True,True,True,False,5,True
ADIPOR1,False,False,False,False,True,False,1,True
ADIRF,False,True,False,False,False,False,1,False
ADK,True,True,True,True,True,False,5,True
ADNP,True,True,True,False,False,False,3,False
ADNP2,True,False,True,False,False,False,2,False
ADO,True,False,True,False,False,False,2,False
ADPGK,True,True,True,True,False,False,4,False
ADPRM,False,False,False,False,True,False,1,True
ADPRS,True,True,True,True,False,False,4,False
ADRA2B,False,False,False,False,True,False,1,True
ADRM1,True,True,True,False,True,False,4,True
ADSL,True,True,True,True,False,True,5,False
ADSS1,True,False,True,False,False,False,2,False
ADSS2,True,True,True,True,True,True,6,True
ADTRP,False,False,False,False,True,False,1,True
AEBP2,False,True,False,False,False,False,1,False
AFAP1,True,True,True,False,False,False,3,False
AFAP1L1,False,False,False,False,True,False,1,True
AFAP1L2,False,True,False,False,False,False,1,False
AFDN,True,True,True,True,False,False,4,False
AFF1,True,False,False,False,False,False,1,False
AFF3,False,False,False,False,True,False,1,True
AFF4,True,True,True,False,False,False,3,False
AFG3L2,True,True,True,True,True,True,6,True
AFM,False,True,False,False,False,False,1,False
AFP,True,True,True,True,True,True,6,True
AFTPH,True,True,True,False,True,False,4,True
AGA,False,True,False,True,True,False,3,True
AGAP1,False,True,False,False,False,False,1,False
AGAP2,False,False,False,False,True,False,1,True
AGAP3,True,True,True,False,False,False,3,False
AGBL1,False,False,False,False,True,False,1,True
AGBL3,False,False,False,False,True,False,1,True
AGFG1,True,True,True,True,False,False,4,False
AGFG2,True,False,True,False,False,False,2,False
AGGF1,False,False,True,False,False,False,1,False
AGK,True,True,True,True,False,True,5,False
AGL,True,True,True,False,False,False,3,False
AGMAT,True,True,True,False,False,False,3,False
AGO1,False,True,True,False,False,False,2,False
AGO2,True,True,True,False,False,False,3,False
AGO3,True,False,True,False,False,False,2,False
AGPAT1,False,False,True,False,False,False,1,False
AGPAT2,True,False,True,False,False,False,2,False
AGPAT3,True,True,True,False,False,False,3,False
AGPAT5,True,True,True,True,True,False,5,True
AGPS,True,True,True,True,False,True,5,False
AGR2,False,True,False,False,False,False,1,False
AGRN,True,True,True,False,False,False,3,False
AGT,False,True,False,False,True,False,2,True
AGTRAP,False,True,True,True,True,False,4,True
AHCTF1,True,True,True,False,False,False,3,False
AHCY,True,True,True,True,True,True,6,True
AHCYL1,True,True,True,True,True,False,5,True
AHCYL2,True,False,True,False,False,False,2,False
AHI1,False,False,False,False,True,False,1,True
AHNAK,True,True,True,True,True,True,6,True
AHNAK2,True,True,True,False,False,False,3,False
AHSA1,True,True,True,True,True,True,6,True
AHSG,True,True,True,True,False,False,4,False
AIDA,True,True,True,False,False,False,3,False
AIF1,False,False,False,True,False,True,2,False
AIF1L,True,False,True,False,False,False,2,False
AIFM1,True,True,True,True,True,True,6,True
AIFM2,True,True,True,False,False,False,3,False
AIFM3,False,False,False,False,True,False,1,True
AIM2,True,False,False,False,False,False,1,False
AIMP1,True,True,True,True,True,False,5,True
AIMP2,True,True,True,False,True,False,4,True
AIP,True,True,True,True,False,True,5,False
AIPL1,False,False,False,False,True,False,1,True
AJUBA,True,True,True,False,False,False,3,False
AK1,True,True,True,True,False,False,4,False
AK2,True,True,True,True,True,True,6,True
AK3,True,True,True,True,False,True,5,False
AK4,True,True,True,True,False,False,4,False
AK6,True,True,True,False,False,False,3,False
AKAP1,True,True,True,False,False,False,3,False
AKAP10,True,False,True,False,False,False,2,False
AKAP11,False,False,True,False,True,False,2,True
AKAP12,True,True,False,True,False,False,3,False
AKAP13,True,True,True,True,True,False,5,True
AKAP17A,True,True,True,False,False,False,3,False
AKAP3,False,False,False,False,True,False,1,True
AKAP6,False,False,False,False,True,False,1,True
AKAP8,True,True,True,False,False,False,3,False
AKAP8L,True,True,True,False,False,False,3,False
AKAP9,True,True,True,False,False,False,3,False
AKNAD1,False,False,False,False,True,False,1,True
AKR1A1,True,True,True,True,True,True,6,True
AKR1B1,True,True,True,True,True,True,6,True
AKR1B10,False,True,False,False,True,False,2,True
AKR1C1,False,False,False,True,False,False,1,False
AKR1C2,False,True,False,True,False,False,2,False
AKR1C3,True,True,True,False,False,True,4,False
AKR1D1,False,False,True,False,False,False,1,False
AKR7A2,True,True,True,True,False,True,5,False
AKT1,True,True,False,False,False,False,2,False
AKT1S1,True,True,True,False,False,False,3,False
AKT2,False,True,True,False,False,False,2,False
AKTIP,False,True,False,False,False,False,1,False
ALAD,True,True,True,True,False,False,4,False
ALAS1,True,True,False,False,False,False,2,False
ALB,True,True,True,True,True,True,6,True
ALCAM,True,True,True,False,False,False,3,False
ALDH16A1,True,True,True,True,False,False,4,False
ALDH18A1,True,True,True,True,True,False,5,True
ALDH1A1,False,True,False,True,False,False,2,False
ALDH1A3,False,True,False,False,False,False,1,False
ALDH1B1,True,True,True,False,False,True,4,False
ALDH1L1,True,True,False,True,True,False,4,True
ALDH1L2,False,True,False,False,False,False,1,False
ALDH2,True,True,True,True,False,True,5,False
ALDH3A1,False,True,False,True,False,False,2,False
ALDH3A2,True,True,True,True,False,True,5,False
ALDH3B1,True,True,True,True,False,False,4,False
ALDH3B2,False,False,False,True,False,False,1,False
ALDH4A1,True,True,True,True,False,True,5,False
ALDH5A1,True,True,True,True,False,False,4,False
ALDH6A1,True,True,True,True,False,True,5,False
ALDH7A1,True,True,True,True,False,False,4,False
ALDH9A1,True,True,True,True,True,True,6,True
ALDOA,True,True,True,True,True,True,6,True
ALDOB,True,False,True,False,False,False,2,False
ALDOC,True,True,True,True,True,True,6,True
ALG1,True,True,True,False,False,False,3,False
ALG10,True,False,True,False,False,False,2,False
ALG10B,True,False,True,False,False,False,2,False
ALG11,True,False,True,False,False,False,2,False
ALG13,True,True,True,False,True,False,4,True
ALG2,True,False,True,True,False,False,3,False
ALG3,True,True,True,False,True,False,4,True
ALG5,True,True,True,False,False,False,3,False
ALG6,False,False,True,False,False,False,1,False
ALG8,True,True,True,False,False,False,3,False
ALG9,True,True,True,False,False,False,3,False
ALK,False,True,False,False,False,False,1,False
ALKBH1,False,False,False,False,True,False,1,True
ALKBH2,True,False,True,False,False,False,2,False
ALKBH5,True,True,True,False,True,False,4,True
ALKBH6,False,False,False,False,True,False,1,True
ALLC,False,False,False,False,True,False,1,True
ALOX12,False,True,False,True,False,False,2,False
ALOX12B,False,True,False,True,False,False,2,False
ALOX15B,False,True,False,True,False,False,2,False
ALOX5,False,False,False,True,False,True,2,False
ALOX5AP,False,True,False,True,True,True,4,True
ALOXE3,False,True,False,True,False,False,2,False
ALPI,False,False,False,True,False,False,1,False
ALPK3,False,False,False,False,True,False,1,True
ALX1,False,True,False,False,False,False,1,False
ALYREF,True,True,True,True,True,True,6,True
AMACR,True,False,True,False,True,False,3,True
AMBP,True,True,True,True,False,False,4,False
AMBRA1,False,False,False,False,True,False,1,True
AMD1,False,True,False,False,False,False,1,False
AMDHD2,True,False,True,False,False,False,2,False
AMFR,True,True,True,False,False,False,3,False
AMMECR1,True,False,True,False,False,False,2,False
AMPD2,True,True,True,True,False,False,4,False
AMPD3,False,False,False,True,True,False,2,True
AMPH,False,False,False,True,False,False,1,False
AMT,False,False,False,False,True,False,1,True
AMY1A,True,True,True,True,False,False,4,False
AMY1B,True,True,True,True,False,False,4,False
AMY1C,True,True,True,True,False,False,4,False
AMY2A,False,True,False,True,False,False,2,False
AMY2B,True,False,True,True,False,False,3,False
AMZ2,False,True,False,False,True,False,2,True
ANAPC1,True,True,True,False,False,False,3,False
ANAPC10,True,True,True,False,False,False,3,False
ANAPC11,True,False,True,False,False,False,2,False
ANAPC15,True,False,False,False,False,False,1,False
ANAPC16,False,False,False,False,True,False,1,True
ANAPC2,True,True,True,False,False,False,3,False
ANAPC4,True,True,True,False,False,False,3,False
ANAPC5,True,True,True,False,False,False,3,False
ANAPC7,True,True,True,False,False,False,3,False
ANGEL2,True,True,True,False,True,False,4,True
ANGPTL1,False,True,False,False,False,False,1,False
ANGPTL3,True,False,False,False,False,False,1,False
ANK2,False,False,False,True,True,False,2,True
ANK3,False,True,False,False,True,False,2,True
ANKEF1,True,False,True,False,False,False,2,False
ANKFN1,False,False,False,False,True,False,1,True
ANKFY1,True,True,True,True,False,False,4,False
ANKH,False,True,True,False,False,False,2,False
ANKHD1,True,True,True,False,False,False,3,False
ANKIB1,False,False,False,False,False,True,1,False
ANKLE2,True,True,True,False,True,False,4,True
ANKMY2,True,False,True,False,False,False,2,False
ANKRD13A,True,False,True,True,False,False,3,False
ANKRD17,True,True,True,False,False,False,3,False
ANKRD2,False,True,False,False,False,False,1,False
ANKRD22,False,True,False,False,False,False,1,False
ANKRD28,True,True,True,False,False,False,3,False
ANKRD30A,False,False,False,False,True,False,1,True
ANKRD30B,False,False,False,False,True,False,1,True
ANKRD31,False,False,False,False,True,False,1,True
ANKRD35,False,False,False,False,True,False,1,True
ANKRD40,False,True,False,False,False,False,1,False
ANKRD44,False,False,True,True,False,True,3,False
ANKRD50,True,False,True,False,False,False,2,False
ANKRD52,True,True,True,False,True,False,4,True
ANKRD54,True,False,True,False,False,False,2,False
ANKS1A,True,False,True,False,True,False,3,True
ANKS4B,False,True,False,False,False,False,1,False
ANKS6,False,False,True,False,False,False,1,False
ANKZF1,True,False,True,False,True,False,3,True
ANLN,True,True,True,False,False,False,3,False
ANO10,True,True,True,True,True,False,5,True
ANO5,False,False,False,False,True,False,1,True
ANO6,True,True,True,True,True,False,5,True
ANOS1,False,False,False,False,True,False,1,True
ANP32A,True,True,True,True,True,True,6,True
ANP32B,True,True,True,True,True,True,6,True
ANP32E,True,True,True,True,True,True,6,True
ANPEP,False,False,False,True,True,False,2,True
ANTXR1,False,True,False,False,True,False,2,True
ANTXR2,False,False,False,False,True,False,1,True
ANXA1,True,True,True,True,True,True,6,True
ANXA11,True,True,True,True,True,True,6,True
ANXA13,False,True,False,False,False,False,1,False
ANXA2,True,True,True,True,True,True,6,True
ANXA3,True,True,True,True,False,False,4,False
ANXA4,True,True,True,True,True,True,6,True
ANXA5,True,True,True,True,True,True,6,True
ANXA6,True,True,True,True,True,True,6,True
ANXA7,True,True,True,True,True,True,6,True
ANXA8,True,False,True,True,False,False,3,False
ANXA8L1,True,True,True,True,False,False,4,False
ANXA9,False,True,False,False,False,False,1,False
AP1AR,False,False,False,False,True,False,1,True
AP1B1,True,True,True,True,False,True,5,False
AP1G1,True,True,True,True,True,True,6,True
AP1G2,False,True,False,False,False,False,1,False
AP1M1,True,True,True,True,False,True,5,False
AP1S1,True,True,False,False,False,False,2,False
AP1S2,False,False,True,True,True,True,4,True
AP1S3,False,True,False,False,False,False,1,False
AP2A1,True,True,True,True,False,True,5,False
AP2A2,True,True,True,True,False,False,4,False
AP2B1,True,True,True,True,False,True,5,False
AP2M1,True,True,True,True,False,True,5,False
AP2S1,True,True,True,True,False,True,5,False
AP3B1,True,True,True,True,False,False,4,False
AP3D1,True,True,True,True,False,True,5,False
AP3M1,True,True,True,True,False,False,4,False
AP3S1,True,False,False,True,False,False,2,False
AP4B1,True,False,True,False,False,False,2,False
AP4E1,True,False,True,False,False,False,2,False
AP4M1,True,False,True,False,False,False,2,False
AP4S1,False,False,True,False,False,False,1,False
AP5Z1,False,False,False,False,True,False,1,True
APAF1,True,True,True,True,False,False,4,False
APBA3,False,False,True,False,False,False,1,False
APBB1IP,False,False,False,True,False,True,2,False
APC,True,False,True,False,True,False,3,True
APC2,False,False,False,False,True,False,1,True
APCS,False,True,False,False,False,False,1,False
APEH,True,True,True,True,True,True,6,True
APEX1,True,True,True,True,True,True,6,True
APEX2,True,False,True,False,False,False,2,False
APH1A,True,False,True,False,False,False,2,False
API5,True,True,True,True,True,True,6,True
APIP,True,False,True,False,False,False,2,False
APLF,False,False,False,False,True,False,1,True
APLP1,False,False,False,True,False,False,1,False
APMAP,True,True,True,True,True,True,6,True
APOA1,False,True,False,True,False,False,2,False
APOA4,False,True,False,False,False,False,1,False
APOB,True,True,True,True,True,False,5,True
APOBEC3A,False,False,False,True,False,False,1,False
APOBEC3B,False,True,False,False,False,False,1,False
APOBEC3C,False,False,False,True,False,False,1,False
APOBEC3D,False,False,False,True,False,False,1,False
APOBEC3F,False,True,False,True,True,False,3,True
APOBEC3G,False,False,False,True,False,False,1,False
APOBR,False,False,False,True,True,True,3,True
APOC3,True,True,False,True,False,False,3,False
APOD,False,True,False,True,False,False,2,False
APOE,True,False,True,True,False,False,3,False
APOH,False,True,False,False,False,False,1,False
APOL1,False,False,False,True,False,False,1,False
APOL2,True,True,True,True,False,False,4,False
APOL3,False,False,False,True,False,False,1,False
APOL6,False,False,False,False,True,False,1,True
APOM,True,True,True,False,False,False,3,False
APOO,True,True,True,True,False,False,4,False
APOOL,True,True,True,False,False,False,3,False
APP,True,True,True,True,False,False,4,False
APPL1,True,True,True,True,False,False,4,False
APPL2,False,True,True,False,False,False,2,False
APRT,True,True,True,True,True,True,6,True
APTX,True,True,True,False,False,False,3,False
AQP1,False,False,False,True,False,False,1,False
AQR,True,True,True,True,False,False,4,False
AR,False,False,False,False,True,False,1,True
ARAF,True,True,True,True,True,False,5,True
ARAP1,True,True,True,True,True,False,5,True
ARAP2,False,True,False,False,False,False,1,False
ARAP3,True,False,True,False,True,False,3,True
ARCN1,True,True,True,True,False,True,5,False
ARF1,True,True,True,False,True,False,4,True
ARF3,True,False,False,False,False,True,2,False
ARF4,True,True,True,True,True,True,6,True
ARF5,True,True,True,True,False,True,5,False
ARF6,True,True,True,True,False,False,4,False
ARFGAP1,True,True,True,True,False,False,4,False
ARFGAP2,True,True,True,True,True,False,5,True
ARFGAP3,True,False,True,False,False,False,2,False
ARFGEF1,True,True,True,True,True,False,5,True
ARFGEF2,True,True,True,False,False,False,3,False
ARFIP1,True,True,True,True,False,False,4,False
ARFIP2,True,True,True,False,False,False,3,False
ARFRP1,True,False,True,False,False,False,2,False
ARG1,False,True,False,True,False,True,3,False
ARG2,False,False,False,False,True,False,1,True
ARGLU1,True,True,True,True,False,True,5,False
ARHGAP1,True,True,True,True,True,True,6,True
ARHGAP11A,True,True,False,False,True,False,3,True
ARHGAP12,True,True,False,False,False,False,2,False
ARHGAP15,False,False,False,True,False,False,1,False
ARHGAP17,True,True,True,True,False,False,4,False
ARHGAP18,True,True,True,True,False,False,4,False
ARHGAP20,False,False,False,False,True,False,1,True
ARHGAP21,True,True,True,False,True,False,4,True
ARHGAP23,False,False,True,True,False,False,2,False
ARHGAP24,False,False,False,False,True,False,1,True
ARHGAP25,False,False,False,True,False,True,2,False
ARHGAP28,False,False,False,False,True,False,1,True
ARHGAP29,False,True,False,False,False,False,1,False
ARHGAP30,False,False,False,True,False,True,2,False
ARHGAP31,False,False,False,False,True,False,1,True
ARHGAP33,False,False,False,False,True,False,1,True
ARHGAP35,True,True,True,False,False,False,3,False
ARHGAP4,False,True,False,True,False,True,3,False
ARHGAP42,False,True,True,False,False,False,2,False
ARHGAP45,True,False,True,True,False,True,4,False
ARHGAP5,True,True,True,False,False,False,3,False
ARHGAP9,False,False,False,True,False,False,1,False
ARHGDIA,True,True,True,True,True,True,6,True
ARHGDIB,False,True,False,True,True,True,4,True
ARHGEF1,True,True,True,True,False,True,5,False
ARHGEF10,True,True,True,False,False,False,3,False
ARHGEF11,False,True,True,False,True,False,3,True
ARHGEF12,False,True,False,False,False,False,1,False
ARHGEF16,True,False,True,False,False,False,2,False
ARHGEF18,True,False,True,False,True,False,3,True
ARHGEF2,True,True,True,True,True,True,6,True
ARHGEF39,False,False,False,False,True,False,1,True
ARHGEF40,True,False,False,False,False,False,1,False
ARHGEF5,True,False,True,False,True,False,3,True
ARHGEF6,False,False,True,True,False,True,3,False
ARHGEF7,True,True,True,True,False,False,4,False
ARID1A,True,True,True,True,False,False,4,False
ARID1B,True,False,True,False,False,False,2,False
ARID2,True,True,True,False,False,False,3,False
ARID3A,True,False,True,False,False,False,2,False
ARID4A,False,False,True,False,True,False,2,True
ARID4B,True,True,True,False,True,False,4,True
ARID5A,False,False,False,False,True,False,1,True
ARIH1,True,True,True,False,False,False,3,False
ARIH2,True,True,True,False,False,False,3,False
ARL1,True,True,True,True,False,False,4,False
ARL2,True,True,True,False,False,False,3,False
ARL2BP,True,False,True,False,False,False,2,False
ARL3,True,True,True,False,False,False,3,False
ARL4C,False,False,False,False,True,False,1,True
ARL5A,False,False,True,False,False,False,1,False
ARL5B,True,False,True,False,False,False,2,False
ARL6IP1,False,True,True,True,False,False,3,False
ARL6IP4,True,True,True,False,False,False,3,False
ARL6IP5,True,True,True,True,True,True,6,True
ARL6IP6,False,True,True,False,False,False,2,False
ARL8A,True,True,True,False,False,False,3,False
ARL8B,True,True,True,True,True,True,6,True
ARMC1,True,True,True,False,False,False,3,False
ARMC10,True,True,True,False,False,False,3,False
ARMC3,False,True,False,False,False,False,1,False
ARMC6,True,True,True,False,False,False,3,False
ARMC8,True,False,True,False,False,False,2,False
ARMC9,False,True,False,False,False,False,1,False
ARMCX3,True,True,True,False,False,False,3,False
ARMCX4,False,True,False,False,True,False,2,True
ARMH3,True,True,True,False,True,False,4,True
ARMT1,True,True,True,False,False,False,3,False
ARNT,True,False,True,False,True,False,3,True
ARPC1A,True,True,True,True,False,False,4,False
ARPC1B,True,True,True,True,True,True,6,True
ARPC2,True,True,True,True,True,True,6,True
ARPC3,True,True,True,True,True,True,6,True
ARPC4,True,True,True,True,True,True,6,True
ARPC5,True,True,True,True,True,True,6,True
ARPC5L,True,True,True,True,False,True,5,False
ARPIN,True,True,True,False,False,False,3,False
ARPP19,True,True,True,False,False,False,3,False
ARR3,False,False,False,True,False,False,1,False
ARRB1,True,False,True,True,False,True,4,False
ARRB2,False,True,True,True,False,True,4,False
ARRDC1,True,False,True,False,False,False,2,False
ARSA,False,True,False,True,False,False,2,False
ARSB,True,False,False,False,False,False,1,False
ARSF,False,True,False,True,False,False,2,False
ARV1,True,False,True,False,False,False,2,False
ARVCF,False,False,False,False,True,False,1,True
ASAH1,True,True,True,True,True,True,6,True
ASAP1,False,True,True,False,False,False,2,False
ASAP2,False,False,True,False,True,False,2,True
ASAP3,False,False,False,False,True,False,1,True
ASB16,False,True,False,False,False,False,1,False
ASB3,False,False,False,False,True,False,1,True
ASB6,True,True,False,False,True,False,3,True
ASB9,True,False,False,False,False,False,1,False
ASCC1,True,False,True,False,False,False,2,False
ASCC2,True,True,True,False,False,False,3,False
ASCC3,True,True,True,False,False,False,3,False
ASDURF,True,True,True,False,False,False,3,False
ASF1A,True,False,True,False,False,False,2,False
ASH1L,False,False,True,False,False,False,1,False
ASH2L,True,True,True,False,False,False,3,False
ASL,True,True,True,False,False,False,3,False
ASMTL,True,True,True,True,False,False,4,False
ASNS,True,True,True,False,False,False,3,False
ASPG,False,False,False,False,True,False,1,True
ASPH,True,True,True,True,False,False,4,False
ASPM,False,True,False,False,True,False,2,True
ASPRV1,False,True,False,True,False,False,2,False
ASPSCR1,True,True,True,False,False,False,3,False
ASRGL1,True,True,False,False,True,False,3,True
ASS1,True,True,True,True,False,False,4,False
ASXL1,False,False,False,False,True,False,1,True
ASZ1,False,False,False,False,True,False,1,True
ATAD1,True,True,True,False,False,False,3,False
ATAD2,True,True,True,False,False,False,3,False
ATAD2B,True,False,True,False,False,False,2,False
ATAD3A,True,True,True,True,True,False,5,True
ATAD3B,True,True,True,False,False,True,4,False
ATAD5,False,False,True,False,True,False,2,True
ATE1,True,True,True,False,False,False,3,False
ATF1,False,True,False,True,False,False,2,False
ATF2,True,False,False,False,False,False,1,False
ATF7,True,False,True,False,False,False,2,False
ATF7IP,True,False,True,False,False,False,2,False
ATG101,False,True,False,False,False,False,1,False
ATG12,False,True,True,False,False,False,2,False
ATG13,False,False,True,False,False,False,1,False
ATG16L1,True,True,True,False,True,False,4,True
ATG2B,True,False,True,False,False,False,2,False
ATG3,True,True,True,True,False,True,5,False
ATG4B,False,False,True,False,False,False,1,False
ATG5,True,True,True,False,False,False,3,False
ATG7,True,True,True,True,False,False,4,False
ATG9A,True,True,True,False,False,False,3,False
ATIC,True,True,True,True,True,True,6,True
ATL1,False,True,False,False,False,False,1,False
ATL2,True,True,True,True,False,False,4,False
ATL3,True,True,True,True,False,True,5,False
ATM,True,False,True,True,True,False,4,True
ATMIN,False,False,False,False,True,False,1,True
ATOX1,False,True,True,True,True,True,5,True
ATP11A,True,False,True,False,False,False,2,False
ATP11B,False,False,False,False,True,False,1,True
ATP11C,True,True,True,False,False,False,3,False
ATP13A1,True,True,True,True,True,False,5,True
ATP13A2,False,False,False,False,False,True,1,False
ATP13A3,True,False,True,False,True,False,3,True
ATP13A5,False,False,False,False,True,False,1,True
ATP1A1,True,True,True,True,True,True,6,True
ATP1A3,False,False,False,True,False,False,1,False
ATP1B1,True,True,True,True,False,False,4,False
ATP1B3,True,True,True,True,False,True,5,False
ATP1B4,False,False,False,False,True,False,1,True
ATP2A1,False,True,False,False,False,False,1,False
ATP2A2,True,True,True,True,True,True,6,True
ATP2A3,False,False,False,True,False,True,2,False
ATP2B1,True,True,True,False,False,False,3,False
ATP2B3,False,False,False,False,True,False,1,True
ATP2B4,True,False,True,True,True,False,4,True
ATP2C1,True,False,True,False,False,False,2,False
ATP2C2,False,False,False,False,True,False,1,True
ATP4A,False,False,False,False,True,False,1,True
ATP5F1A,True,True,True,True,True,True,6,True
ATP5F1B,True,True,True,True,True,True,6,True
ATP5F1C,True,True,True,True,True,True,6,True
ATP5F1D,True,True,True,True,True,True,6,True
ATP5F1E,False,False,True,True,True,True,4,True
ATP5F1EP2,False,False,True,True,False,False,2,False
ATP5IF1,False,True,True,False,True,True,4,True
ATP5MC2,False,False,False,False,False,True,1,False
ATP5MC3,False,False,False,False,True,False,1,True
ATP5ME,True,True,True,True,True,True,6,True
ATP5MF,True,True,True,False,False,True,4,False
ATP5MG,True,True,True,True,True,True,6,True
ATP5MJ,True,True,True,True,False,False,4,False
ATP5MK,True,True,True,True,False,True,5,False
ATP5PB,True,True,True,True,True,True,6,True
ATP5PD,True,True,True,True,True,True,6,True
ATP5PF,False,True,False,True,True,True,4,True
ATP5PO,True,True,True,True,True,True,6,True
ATP6AP1,True,True,True,True,False,True,5,False
ATP6AP2,True,True,True,True,False,False,4,False
ATP6V0A1,True,True,True,True,False,False,4,False
ATP6V0A2,True,True,True,False,False,False,3,False
ATP6V0C,False,True,False,False,False,False,1,False
ATP6V0D1,True,True,True,True,False,True,5,False
ATP6V1A,True,True,True,True,True,True,6,True
ATP6V1B2,True,True,True,True,True,True,6,True
ATP6V1C1,True,True,True,True,True,False,5,True
ATP6V1C2,False,False,False,True,False,False,1,False
ATP6V1D,True,False,False,True,False,False,2,False
ATP6V1E1,True,True,True,True,True,True,6,True
ATP6V1F,True,True,True,False,True,False,4,True
ATP6V1G1,True,True,True,True,False,True,5,False
ATP6V1H,True,True,True,True,True,True,6,True
ATP7A,True,True,True,False,False,False,3,False
ATP8A1,False,False,False,True,False,False,1,False
ATP8B1,False,False,False,False,True,False,1,True
ATP9A,True,False,True,False,False,False,2,False
ATP9B,False,False,True,False,False,False,1,False
ATPAF1,True,True,True,False,False,False,3,False
ATPAF2,True,True,True,False,False,False,3,False
ATR,True,False,True,False,True,False,3,True
ATRAID,False,True,False,False,False,False,1,False
ATRIP,True,False,True,False,False,False,2,False
ATRN,False,True,False,False,False,False,1,False
ATRX,True,True,True,False,True,False,4,True
ATXN10,True,True,True,False,False,False,3,False
ATXN2,True,True,True,False,False,False,3,False
ATXN2L,True,True,True,True,False,False,4,False
ATXN3,True,True,True,True,False,True,5,False
ATXN7,False,False,False,False,True,False,1,True
ATXN7L1,False,False,False,False,True,False,1,True
ATXN7L3B,True,True,True,False,False,False,3,False
AUH,True,True,True,False,False,False,3,False
AUP1,True,True,True,False,False,False,3,False
AURKA,True,True,True,False,False,False,3,False
AURKB,True,True,True,False,False,False,3,False
AUTS2,False,False,True,False,True,False,2,True
AVEN,True,True,True,False,False,False,3,False
AVIL,False,True,False,False,False,False,1,False
AVL9,False,True,True,False,False,False,2,False
AXDND1,False,False,False,False,True,False,1,True
AXIN1,False,False,False,False,True,False,1,True
AXL,False,True,True,False,False,False,2,False
AZGP1,False,True,False,True,False,True,3,False
AZI2,True,False,True,False,False,False,2,False
AZIN2,False,False,False,False,True,False,1,True
AZU1,False,True,False,True,False,False,2,False
B2M,False,True,False,True,True,True,4,True
B3GALNT1,False,False,False,False,True,False,1,True
B3GALT2,False,False,False,False,True,False,1,True
B3GALT6,True,False,False,False,True,False,2,True
B3GAT3,True,True,True,False,False,False,3,False
B3GLCT,False,True,False,False,False,False,1,False
B4GALNT2,False,False,False,False,True,False,1,True
B4GALNT4,False,True,False,False,False,False,1,False
B4GALT1,True,True,True,True,False,False,4,False
B4GALT4,False,True,False,False,True,False,2,True
B4GALT7,False,False,True,False,False,False,1,False
B4GAT1,True,True,True,False,False,False,3,False
B9D1,False,True,False,False,False,False,1,False
BABAM1,False,True,True,False,False,False,2,False
BABAM2,True,True,True,True,False,False,4,False
BACH1,False,False,True,False,False,False,1,False
BAD,False,True,False,False,False,False,1,False
BAG1,True,True,True,True,False,False,4,False
BAG2,True,True,True,False,False,False,3,False
BAG3,True,True,True,False,False,False,3,False
BAG4,True,True,True,False,False,False,3,False
BAG5,True,True,True,False,False,False,3,False
BAG6,True,True,True,False,False,False,3,False
BAHCC1,False,False,False,False,True,False,1,True
BAIAP2,True,True,True,True,False,False,4,False
BAIAP2L1,True,True,True,False,False,False,3,False
BAIAP3,False,False,False,False,True,False,1,True
BAK1,True,False,True,False,False,False,2,False
BANF1,True,True,True,True,True,True,6,True
BANP,True,False,True,False,False,False,2,False
BAP1,True,False,True,False,False,False,2,False
BARD1,True,True,False,True,False,False,3,False
BASP1,True,True,True,True,False,True,5,False
BAX,True,True,True,True,False,True,5,False
BAZ1A,True,True,True,False,True,False,4,True
BAZ1B,True,True,True,False,True,True,5,True
BAZ2A,True,True,True,False,False,False,3,False
BAZ2B,False,False,False,False,True,False,1,True
BBC3,False,False,False,False,True,False,1,True
BBLN,True,True,False,False,False,False,2,False
BBOX1,False,False,False,True,False,False,1,False
BBS2,False,False,False,False,True,False,1,True
BBS4,False,True,False,False,False,False,1,False
BBX,False,False,True,False,False,False,1,False
BCAM,False,True,False,False,False,False,1,False
BCAP29,False,True,True,False,False,False,2,False
BCAP31,True,True,True,True,True,True,6,True
BCAR1,True,True,True,False,False,False,3,False
BCAR3,True,False,True,False,False,False,2,False
BCAS2,True,True,True,False,False,False,3,False
BCAS3,True,True,True,False,False,False,3,False
BCAT1,False,True,False,False,False,False,1,False
BCAT2,True,True,True,False,False,True,4,False
BCCIP,True,True,True,False,True,False,4,True
BCKDHA,True,True,True,False,False,False,3,False
BCKDHB,True,False,True,False,False,False,2,False
BCKDK,True,True,True,False,False,False,3,False
BCL10,True,True,True,False,False,False,3,False
BCL2L1,False,True,False,False,False,False,1,False
BCL2L13,True,True,True,False,False,False,3,False
BCL2L2,False,False,False,True,False,False,1,False
BCL7A,False,True,False,False,False,False,1,False
BCL7B,False,True,False,False,False,False,1,False
BCL7C,False,True,True,False,False,False,2,False
BCL9L,True,True,True,False,False,False,3,False
BCLAF1,True,True,True,True,True,True,6,True
BCLAF3,True,False,False,False,False,False,1,False
BCOR,False,False,False,False,True,False,1,True
BCORL1,True,False,False,False,False,False,1,False
BCR,True,False,True,False,False,False,2,False
BCS1L,True,True,True,False,False,False,3,False
BDH2,True,True,False,True,False,False,3,False
BECN1,True,True,True,False,False,False,3,False
BEGAIN,True,False,True,False,False,False,2,False
BEND3,True,False,True,False,False,False,2,False
BEST1,False,False,False,False,True,False,1,True
BFSP2,False,False,False,False,True,False,1,True
BGN,False,False,False,False,True,False,1,True
BICC1,False,True,False,False,False,False,1,False
BICD1,False,True,False,False,False,False,1,False
BICD2,True,True,True,False,False,False,3,False
BID,True,True,True,True,True,False,5,True
BIN1,True,True,True,True,False,False,4,False
BIN2,False,False,False,True,False,True,2,False
BIRC5,True,False,False,False,False,False,1,False
BIRC6,True,True,True,False,True,False,4,True
BLM,True,True,True,False,False,False,3,False
BLMH,True,True,True,True,False,False,4,False
BLOC1S1,True,True,True,True,False,False,4,False
BLOC1S2,False,True,False,True,False,False,2,False
BLOC1S3,True,False,True,False,False,False,2,False
BLOC1S5,True,False,True,True,False,False,3,False
BLOC1S6,True,False,False,False,False,False,1,False
BLVRA,True,True,True,True,False,True,5,False
BLVRB,True,True,True,True,True,True,6,True
BMI1,False,True,False,False,False,False,1,False
BMP1,True,False,True,False,False,False,2,False
BMP2K,True,True,False,False,False,False,2,False
BMP6,True,False,False,False,False,False,1,False
BMP8A,False,True,False,False,False,False,1,False
BMP8B,False,True,False,False,False,False,1,False
BMS1,True,True,True,False,True,False,4,True
BNC1,False,False,False,False,True,False,1,True
BNIP1,True,True,True,False,False,False,3,False
BNIP2,True,True,True,False,False,False,3,False
BOD1L1,True,True,True,False,False,False,3,False
BOD1L2,False,False,False,False,True,False,1,True
BOLA1,True,True,True,False,False,False,3,False
BOLA2,True,True,True,True,False,False,4,False
BOLA2B,False,False,False,False,True,False,1,True
BOP1,True,True,True,False,False,False,3,False
BORCS5,True,False,True,False,False,False,2,False
BORCS6,True,True,True,False,False,False,3,False
BORCS7,False,False,False,True,False,False,1,False
BPGM,True,False,True,False,False,False,2,False
BPHL,False,False,True,False,True,False,2,True
BPI,False,True,False,True,False,True,3,False
BPIFA1,False,True,False,True,False,False,2,False
BPIFA2,False,True,False,True,False,False,2,False
BPIFB1,False,True,False,True,False,False,2,False
BPIFB2,False,True,False,False,False,False,1,False
BPIFB4,False,True,False,False,False,False,1,False
BPIFB6,False,False,False,False,True,False,1,True
BPIFC,False,True,False,False,False,False,1,False
BPNT1,True,True,True,True,False,True,5,False
BPNT2,True,True,True,False,False,False,3,False
BPTF,True,True,True,False,True,False,4,True
BRAF,True,False,False,False,False,False,1,False
BRAP,True,False,True,False,False,False,2,False
BRAT1,True,True,True,False,False,False,3,False
BRCA1,True,False,False,False,True,False,2,True
BRCA2,False,True,False,False,True,False,2,True
BRCC3,True,True,True,True,False,False,4,False
BRD1,True,False,False,False,True,False,2,True
BRD2,True,True,True,False,False,False,3,False
BRD3,True,True,True,False,False,False,3,False
BRD4,True,True,True,True,False,False,4,False
BRD7,True,True,True,False,False,False,3,False
BRD8,True,True,True,False,False,False,3,False
BRF1,False,False,True,False,True,False,2,True
BRF2,False,False,True,False,False,False,1,False
BRI3BP,True,True,True,False,False,False,3,False
BRIX1,True,True,True,False,False,False,3,False
BRK1,True,True,True,True,False,True,5,False
BRMS1,True,True,False,False,True,False,3,True
BRMS1L,True,False,False,False,False,False,1,False
BROX,True,True,True,True,False,False,4,False
BRPF1,True,False,False,False,False,False,1,False
BRSK1,False,True,False,False,False,False,1,False
BRWD1,True,False,False,False,True,False,2,True
BRWD3,True,False,False,False,False,False,1,False
BSCL2,False,True,False,False,False,False,1,False
BSDC1,True,True,True,False,False,False,3,False
BSG,True,True,True,True,True,True,6,True
BSN,False,True,False,False,False,False,1,False
BST1,False,False,False,True,False,True,2,False
BST2,True,False,True,True,False,False,3,False
BTAF1,True,True,True,False,False,False,3,False
BTD,True,True,True,False,False,False,3,False
BTF3,True,True,True,True,True,False,5,True
BTF3L4,True,True,True,True,False,True,5,False
BTG3,True,False,False,False,False,False,1,False
BTK,False,False,False,True,False,False,1,False
BTN1A1,False,True,False,False,False,False,1,False
BTN2A1,False,True,False,False,False,False,1,False
BTN3A1,True,False,True,False,False,False,2,False
BTRC,True,True,True,False,False,False,3,False
BUB1,False,True,False,False,True,False,2,True
BUB1B,True,True,True,False,False,False,3,False
BUB3,True,True,True,True,True,True,6,True
BUD13,True,False,True,False,False,False,2,False
BUD23,True,True,True,False,False,False,3,False
BUD31,True,True,True,False,False,False,3,False
BYSL,True,True,True,False,False,False,3,False
BZW1,True,True,True,True,True,True,6,True
BZW2,True,True,True,True,True,False,5,True
C11ORF42,False,False,False,False,True,False,1,True
C11ORF54,True,True,True,False,False,False,3,False
C11ORF58,False,False,False,False,True,False,1,True
C11ORF68,True,False,True,False,False,False,2,False
C11ORF98,True,True,True,False,False,False,3,False
C12ORF57,True,True,True,False,False,False,3,False
C12ORF60,False,True,False,False,False,False,1,False
C15ORF39,True,False,True,False,False,False,2,False
C15ORF40,True,False,True,False,False,False,2,False
C16ORF46,False,False,False,False,True,False,1,True
C17ORF113,False,False,False,False,True,False,1,True
C17ORF75,True,True,True,False,False,False,3,False
C18ORF21,True,False,True,False,False,False,2,False
C18ORF32,True,True,True,False,False,False,3,False
C19ORF25,True,False,False,False,False,False,1,False
C19ORF47,True,True,True,False,False,False,3,False
C19ORF53,False,True,False,False,False,True,2,False
C1D,False,True,False,False,False,False,1,False
C1GALT1C1,True,False,True,False,False,False,2,False
C1ORF122,True,False,True,False,False,False,2,False
C1ORF131,True,True,True,False,False,False,3,False
C1ORF159,False,False,False,False,True,False,1,True
C1ORF167,False,False,False,False,True,False,1,True
C1ORF174,True,True,True,True,False,False,4,False
C1ORF50,True,False,False,False,False,False,1,False
C1ORF87,False,False,True,False,False,False,1,False
C1QA,False,False,False,True,True,False,2,True
C1QB,False,False,False,True,False,False,1,False
C1QBP,True,True,True,True,True,True,6,True
C1QC,False,True,False,False,False,False,1,False
C1QTNF1,False,False,False,False,True,False,1,True
C1R,False,False,True,True,False,False,2,False
C1S,False,True,False,False,True,False,2,True
C2CD5,True,True,True,False,False,False,3,False
C2CD6,False,False,True,False,False,False,1,False
C2ORF16,False,True,False,False,False,False,1,False
C2ORF49,True,True,True,False,False,False,3,False
C2ORF68,True,False,False,False,False,False,1,False
C2ORF69,False,False,False,False,True,False,1,True
C3,True,True,True,True,True,False,5,True
C3ORF49,False,False,False,False,True,False,1,True
C4A,True,True,True,False,False,True,4,False
C4B,True,True,False,True,False,False,3,False
C4BPA,True,True,False,True,False,False,3,False
C4BPB,True,False,True,False,False,False,2,False
C5,True,False,True,False,True,False,3,True
C5AR1,False,False,False,True,True,False,2,True
C5ORF22,False,True,False,False,False,False,1,False
C5ORF24,True,True,True,False,False,False,3,False
C5ORF46,False,True,False,False,False,False,1,False
C6ORF118,False,False,True,False,False,False,1,False
C6ORF132,False,False,False,False,True,False,1,True
C7,False,False,True,True,False,False,2,False
C7ORF25,False,False,True,False,False,False,1,False
C7ORF50,True,True,True,False,False,False,3,False
C8B,True,False,True,False,True,False,3,True
C8ORF33,True,True,True,False,False,False,3,False
C8ORF82,False,True,True,False,False,False,2,False
C9,True,False,True,True,False,False,3,False
C9ORF40,True,True,True,False,False,False,3,False
C9ORF43,False,False,False,False,True,False,1,True
C9ORF72,False,True,False,False,False,False,1,False
C9ORF78,True,True,True,False,False,False,3,False
CA1,False,True,False,False,False,False,1,False
CA12,False,True,False,False,False,False,1,False
CA13,False,False,False,False,True,False,1,True
CA2,False,True,False,True,False,False,2,False
CA3,False,True,False,True,False,False,2,False
CA4,False,False,False,False,True,False,1,True
CA5B,True,False,False,True,False,False,2,False
CA6,False,True,False,False,False,False,1,False
CA8,False,True,False,False,False,False,1,False
CA9,True,False,False,False,True,False,2,True
CAAP1,False,True,True,False,False,False,2,False
CAB39,True,True,True,True,False,True,5,False
CAB39L,False,False,True,False,False,False,1,False
CABIN1,True,False,False,False,False,False,1,False
CABP1,False,True,False,False,True,False,2,True
CACNA1C,False,False,False,False,True,False,1,True
CACNA1F,False,False,False,False,True,False,1,True
CACNA1H,False,False,False,False,True,False,1,True
CACNA2D1,True,True,True,False,False,False,3,False
CACNA2D2,False,False,False,False,True,False,1,True
CACNG6,False,False,True,False,True,True,3,True
CACTIN,True,False,True,False,False,False,2,False
CACUL1,False,False,True,False,False,False,1,False
CACYBP,True,True,True,True,True,True,6,True
CAD,True,True,True,True,True,False,5,True
CADPS,False,False,False,True,False,False,1,False
CALB2,False,True,False,False,False,False,1,False
CALCOCO2,False,False,True,False,False,False,1,False
CALD1,True,True,True,True,False,False,4,False
CALM1,True,True,True,True,True,True,6,True
CALM2,True,True,True,True,False,False,4,False
CALM3,True,True,True,True,False,False,4,False
CALML3,False,True,False,True,False,False,2,False
CALML5,False,True,True,True,False,True,4,False
CALR,True,True,True,True,True,True,6,True
CALR3,False,False,False,False,True,False,1,True
CALU,True,True,True,True,True,True,6,True
CAMK1,False,False,False,True,False,False,1,False
CAMK1D,True,False,True,False,False,False,2,False
CAMK2A,False,False,False,True,False,False,1,False
CAMK2B,False,False,False,True,False,False,1,False
CAMK2D,True,True,True,True,False,False,4,False
CAMK2G,True,True,True,False,False,True,4,False
CAMKK1,True,False,True,False,False,False,2,False
CAMKK2,False,True,True,False,False,False,2,False
CAMLG,True,False,True,False,True,False,3,True
CAMP,False,True,False,True,False,True,3,False
CAMSAP1,True,True,True,False,False,False,3,False
CAMSAP2,True,True,True,False,True,False,4,True
CAMSAP3,True,False,True,False,True,False,3,True
CAND1,True,True,True,True,True,True,6,True
CANT1,True,True,True,False,False,False,3,False
CANX,True,True,True,True,True,True,6,True
CAP1,True,True,True,True,True,True,6,True
CAP2,True,True,True,True,False,False,4,False
CAPG,True,True,True,True,True,True,6,True
CAPN1,True,True,True,True,True,True,6,True
CAPN11,False,False,False,False,True,False,1,True
CAPN2,True,True,True,True,True,True,6,True
CAPN7,True,False,True,False,False,False,2,False
CAPNS1,True,True,True,True,True,True,6,True
CAPNS2,False,True,False,True,False,False,2,False
CAPRIN1,True,True,True,True,True,True,6,True
CAPZA1,True,True,True,True,True,True,6,True
CAPZA2,True,True,True,True,True,True,6,True
CAPZB,True,True,True,True,True,True,6,True
CARD10,False,False,False,False,True,False,1,True
CARD16,True,False,True,True,False,False,3,False
CARD18,False,True,False,False,False,False,1,False
CARD19,True,False,True,True,False,False,3,False
CARD6,False,False,True,False,False,False,1,False
CARHSP1,True,True,True,True,False,False,4,False
CARM1,True,True,True,False,False,False,3,False
CARMIL1,True,True,True,False,True,False,4,True
CARMIL2,False,False,True,False,False,False,1,False
CARNS1,False,False,True,False,False,False,1,False
CARS1,True,True,True,True,False,False,4,False
CARS2,True,True,True,False,False,False,3,False
CASC3,False,True,True,False,False,False,2,False
CASK,True,True,True,True,False,False,4,False
CASKIN2,True,True,True,False,True,False,4,True
CASP1,True,False,True,True,False,True,4,False
CASP14,False,True,False,True,False,True,3,False
CASP2,True,False,True,False,False,False,2,False
CASP3,True,True,True,True,False,False,4,False
CASP4,True,False,True,True,False,False,3,False
CASP6,True,True,True,False,False,False,3,False
CASP7,True,True,True,False,False,False,3,False
CASP8,True,True,True,True,True,False,5,True
CASP8AP2,False,False,False,False,True,False,1,True
CASP9,True,False,True,False,False,False,2,False
CAST,True,True,True,True,False,True,5,False
CASTOR2,False,True,False,False,False,False,1,False
CASZ1,False,False,False,True,False,False,1,False
CAT,True,True,True,True,True,True,6,True
CATSPER1,False,True,False,False,False,False,1,False
CATSPER3,False,False,False,False,True,False,1,True
CAV1,True,True,True,True,False,False,4,False
CAV2,False,True,False,False,False,False,1,False
CAVIN1,True,True,True,True,False,False,4,False
CAVIN2,False,True,False,True,False,False,2,False
CAVIN3,False,True,False,False,False,False,1,False
CBFB,True,True,True,True,True,True,6,True
CBL,True,False,True,True,False,False,3,False
CBLL1,True,False,True,False,False,False,2,False
CBR1,True,True,True,True,True,True,6,True
CBR3,True,True,True,True,False,False,4,False
CBR4,True,True,True,False,False,False,3,False
CBS,True,True,True,False,False,False,3,False
CBX1,True,True,True,True,False,True,5,False
CBX2,True,False,False,False,False,False,1,False
CBX3,True,True,True,True,True,True,6,True
CBX4,True,True,True,False,False,False,3,False
CBX5,True,True,True,True,True,True,6,True
CBX8,True,True,True,False,False,False,3,False
CBY2,False,False,True,False,False,False,1,False
CC2D1A,True,True,True,False,False,False,3,False
CC2D1B,True,True,True,False,False,False,3,False
CCAR1,True,True,True,True,False,True,5,False
CCAR2,True,True,True,True,True,True,6,True
CCDC110,False,False,False,False,True,False,1,True
CCDC115,False,True,False,False,False,False,1,False
CCDC117,True,False,True,False,False,False,2,False
CCDC12,True,True,True,False,False,False,3,False
CCDC124,True,True,True,True,True,False,5,True
CCDC127,True,True,True,False,False,False,3,False
CCDC13,False,False,False,False,True,False,1,True
CCDC134,False,False,True,False,False,False,1,False
CCDC137,True,True,True,False,False,False,3,False
CCDC14,False,False,True,False,True,False,2,True
CCDC141,False,False,False,False,True,False,1,True
CCDC150,False,False,False,False,True,False,1,True
CCDC157,False,False,False,False,True,False,1,True
CCDC158,False,True,False,False,False,False,1,False
CCDC17,False,False,False,False,True,False,1,True
CCDC171,False,False,True,False,False,False,1,False
CCDC175,False,False,False,False,True,False,1,True
CCDC177,False,False,False,False,True,False,1,True
CCDC180,False,False,False,False,True,False,1,True
CCDC184,False,False,False,False,True,False,1,True
CCDC186,False,False,True,False,False,False,1,False
CCDC191,False,False,False,False,True,False,1,True
CCDC192,True,False,False,False,True,False,2,True
CCDC195,False,False,False,False,True,False,1,True
CCDC22,True,True,True,True,False,False,4,False
CCDC25,True,True,True,False,False,False,3,False
CCDC33,False,False,False,False,True,False,1,True
CCDC39,False,False,False,False,True,False,1,True
CCDC43,True,True,True,False,False,False,3,False
CCDC47,True,True,True,True,False,False,4,False
CCDC50,True,True,True,True,False,False,4,False
CCDC51,True,True,True,False,False,False,3,False
CCDC59,True,True,True,False,False,False,3,False
CCDC6,True,True,True,True,False,False,4,False
CCDC60,False,False,False,False,True,False,1,True
CCDC61,False,False,False,False,True,False,1,True
CCDC70,False,False,False,False,True,False,1,True
CCDC71L,False,False,False,False,True,False,1,True
CCDC73,False,False,False,False,True,False,1,True
CCDC74B,False,False,False,False,True,False,1,True
CCDC86,True,True,True,False,True,False,4,True
CCDC88A,True,True,True,True,False,False,4,False
CCDC88C,True,False,True,False,False,False,2,False
CCDC89,False,False,False,False,True,False,1,True
CCDC9,True,True,True,False,False,False,3,False
CCDC90B,True,False,True,False,False,False,2,False
CCDC91,True,True,True,False,False,False,3,False
CCDC93,True,True,True,False,False,False,3,False
CCDC97,True,True,True,False,False,False,3,False
CCER1,False,False,False,False,True,False,1,True
CCHCR1,False,False,False,False,True,False,1,True
CCIN,False,False,False,False,True,False,1,True
CCL13,False,False,False,False,True,False,1,True
CCL14,False,False,False,False,True,False,1,True
CCL24,False,True,False,False,False,False,1,False
CCL5,False,False,False,True,False,False,1,False
CCN1,True,False,True,False,False,False,2,False
CCN6,False,False,False,False,True,False,1,True
CCNA2,False,True,False,False,True,False,2,True
CCNB1,True,True,True,False,False,False,3,False
CCNB2,False,True,True,False,False,False,2,False
CCNB3,False,False,False,False,True,False,1,True
CCNC,False,False,True,False,False,False,1,False
CCNDBP1,True,True,False,False,False,False,2,False
CCNH,True,False,True,False,False,False,2,False
CCNK,True,True,True,False,False,False,3,False
CCNL1,False,False,True,False,True,False,2,True
CCNL2,True,False,False,False,False,False,1,False
CCNT1,True,True,True,False,False,False,3,False
CCNT2,False,False,True,False,False,False,1,False
CCNYL1,False,False,False,False,True,False,1,True
CCPG1,True,True,True,False,False,False,3,False
CCRL2,False,False,False,False,True,False,1,True
CCS,True,True,True,False,False,False,3,False
CCSER2,False,False,False,False,True,False,1,True
CCT2,True,True,True,True,True,True,6,True
CCT3,True,True,True,True,True,True,6,True
CCT4,True,True,True,True,True,True,6,True
CCT5,True,True,True,True,True,True,6,True
CCT6A,True,True,True,True,True,True,6,True
CCT6B,False,False,False,True,False,False,1,False
CCT7,True,True,True,True,True,True,6,True
CCT8,True,True,True,True,True,True,6,True
CCZ1,True,True,True,False,False,False,3,False
CCZ1B,True,True,True,False,False,False,3,False
CD109,True,True,True,False,True,False,4,True
CD14,False,True,False,True,False,True,3,False
CD151,True,True,True,True,False,False,4,False
CD180,False,False,False,True,False,False,1,False
CD19,False,False,True,False,False,False,1,False
CD2,False,False,False,True,False,False,1,False
CD207,False,True,False,True,False,False,2,False
CD226,False,False,False,True,False,False,1,False
CD247,False,False,False,True,False,True,2,False
CD27,False,False,False,False,True,False,1,True
CD274,False,False,False,False,True,False,1,True
CD276,True,False,True,False,False,False,2,False
CD2AP,True,True,True,True,False,False,4,False
CD2BP2,True,True,True,False,False,False,3,False
CD300A,False,False,False,True,False,False,1,False
CD320,True,True,True,False,False,False,3,False
CD33,True,False,False,True,False,False,2,False
CD34,False,True,False,False,False,False,1,False
CD36,False,True,False,True,True,True,4,True
CD37,False,False,False,True,False,False,1,False
CD3D,False,False,False,True,False,True,2,False
CD3E,False,False,False,True,False,True,2,False
CD3G,False,False,False,False,False,True,1,False
CD4,False,False,False,True,False,False,1,False
CD44,True,True,True,True,True,True,6,True
CD46,True,False,True,True,False,False,3,False
CD47,False,True,False,True,True,True,4,True
CD48,False,False,False,True,False,True,2,False
CD5,False,False,False,True,False,False,1,False
CD53,False,False,False,False,False,True,1,False
CD55,True,False,True,True,False,False,3,False
CD58,False,True,True,True,False,False,3,False
CD59,True,True,True,True,False,True,5,False
CD6,False,False,False,True,False,False,1,False
CD63,True,True,True,True,False,False,4,False
CD69,False,False,False,False,True,False,1,True
CD70,False,True,False,False,False,False,1,False
CD74,False,False,False,True,False,True,2,False
CD81,True,False,True,False,False,False,2,False
CD82,False,False,False,True,False,False,1,False
CD84,False,False,False,True,False,False,1,False
CD8A,False,False,False,True,False,False,1,False
CD9,False,False,False,True,False,False,1,False
CD93,False,False,False,False,True,False,1,True
CD99,True,True,False,True,True,True,5,True
CD99L2,False,True,False,False,False,False,1,False
CDA,True,True,True,True,True,True,6,True
CDAN1,True,False,True,False,False,False,2,False
CDC123,True,True,True,False,False,False,3,False
CDC14A,True,False,False,False,False,False,1,False
CDC16,True,True,True,False,False,False,3,False
CDC20,True,True,True,False,False,False,3,False
CDC23,True,True,True,False,False,False,3,False
CDC25B,False,True,False,False,False,False,1,False
CDC25C,False,True,False,False,False,False,1,False
CDC26,True,False,True,False,False,False,2,False
CDC27,True,True,True,False,True,False,4,True
CDC34,True,True,True,False,False,False,3,False
CDC37,True,True,True,True,True,True,6,True
CDC37L1,False,False,True,False,False,False,1,False
CDC40,True,True,True,False,False,False,3,False
CDC42,True,True,True,True,True,True,6,True
CDC42BPA,True,True,True,False,True,False,4,True
CDC42BPB,True,True,True,False,False,False,3,False
CDC42EP1,True,False,True,False,False,False,2,False
CDC42EP4,True,True,True,False,False,False,3,False
CDC45,True,True,True,False,False,False,3,False
CDC5L,True,True,True,True,False,False,4,False
CDC7,False,True,False,False,False,False,1,False
CDC73,True,True,True,False,False,False,3,False
CDCA2,True,True,True,False,False,False,3,False
CDCA3,False,True,False,False,False,False,1,False
CDCA5,True,True,True,False,False,False,3,False
CDCA8,True,True,True,False,False,False,3,False
CDCP1,True,True,True,False,False,False,3,False
CDH1,False,True,False,False,False,False,1,False
CDH10,True,False,False,False,False,False,1,False
CDH11,False,False,False,False,True,False,1,True
CDH2,False,True,False,True,False,False,2,False
CDH4,False,True,False,False,True,False,2,True
CDH6,True,False,False,False,False,False,1,False
CDH7,False,False,False,False,True,False,1,True
CDH9,True,False,False,False,True,False,2,True
CDIPT,True,True,True,True,False,True,5,False
CDK1,True,True,True,False,True,False,4,True
CDK11A,True,True,True,False,False,False,3,False
CDK11B,False,False,True,True,False,False,2,False
CDK12,True,True,True,False,True,False,4,True
CDK13,True,True,True,False,False,False,3,False
CDK14,False,False,False,False,True,False,1,True
CDK16,True,False,True,False,True,False,3,True
CDK17,True,True,False,False,False,False,2,False
CDK19,False,False,True,False,False,False,1,False
CDK2,True,True,True,True,False,False,4,False
CDK4,True,True,True,False,False,False,3,False
CDK5,True,True,True,True,False,False,4,False
CDK5RAP2,True,False,True,False,False,False,2,False
CDK5RAP3,True,True,True,True,True,False,5,True
CDK6,True,True,True,False,False,False,3,False
CDK7,True,True,True,False,True,False,4,True
CDK8,False,False,True,False,False,False,1,False
CDK9,True,True,True,False,False,False,3,False
CDKAL1,True,True,True,False,False,False,3,False
CDKN1B,False,False,True,False,False,False,1,False
CDKN2A,True,False,True,False,False,False,2,False
CDKN2AIP,True,True,True,True,False,False,4,False
CDKN2AIPNL,False,True,False,False,False,False,1,False
CDO1,False,False,False,False,True,False,1,True
CDON,False,False,False,False,True,False,1,True
CDR2L,False,True,False,False,False,False,1,False
CDS2,False,True,False,False,False,False,1,False
CDSN,False,True,False,True,False,True,3,False
CDV3,True,True,True,True,True,True,6,True
CDY1,False,False,False,False,True,False,1,False
CDYL,True,False,True,False,False,False,2,False
CDYL2,True,False,True,False,False,False,2,False
CEACAM5,False,True,False,False,False,False,1,False
CEACAM6,False,True,False,False,False,False,1,False
CEACAM7,False,True,False,False,False,False,1,False
CEACAM8,False,False,False,False,True,False,1,True
CEBPB,True,True,True,True,False,False,4,False
CEBPZ,True,True,True,False,True,True,5,True
CECR2,False,False,False,False,True,False,1,True
CEL,False,True,False,False,True,False,2,True
CELF1,True,True,True,False,False,False,3,False
CELF2,False,False,False,True,False,True,2,False
CELF6,True,False,False,False,False,False,1,False
CELSR1,False,False,False,False,False,True,1,False
CEMIP2,False,True,False,False,False,False,1,False
CENATAC,True,False,False,False,False,False,1,False
CEND1,False,False,False,False,True,False,1,True
CENPA,False,True,False,False,False,False,1,False
CENPB,True,True,True,False,False,False,3,False
CENPC,True,True,True,False,False,False,3,False
CENPE,True,True,False,False,True,False,3,True
CENPF,True,True,True,False,True,False,4,True
CENPM,False,True,False,False,False,False,1,False
CENPS,True,True,True,False,False,False,3,False
CENPV,True,False,True,False,False,False,2,False
CENPX,True,False,False,False,False,False,1,False
CEP120,False,False,False,False,True,False,1,True
CEP128,False,True,False,False,False,False,1,False
CEP131,False,True,True,False,True,False,3,True
CEP135,False,False,True,False,False,False,1,False
CEP162,False,False,False,False,True,False,1,True
CEP164,False,False,False,False,True,False,1,True
CEP170,True,True,True,True,True,False,5,True
CEP170B,True,False,False,False,False,False,1,False
CEP192,False,True,True,False,False,False,2,False
CEP20,False,True,False,False,False,False,1,False
CEP250,True,False,True,False,False,False,2,False
CEP290,False,False,False,False,True,False,1,True
CEP295,False,False,False,False,True,False,1,True
CEP350,True,False,True,False,False,False,2,False
CEP41,True,False,True,False,False,False,2,False
CEP43,True,True,True,False,False,False,3,False
CEP44,False,True,True,False,False,False,2,False
CEP55,True,True,True,False,False,False,3,False
CEP83,True,False,False,False,False,False,1,False
CEP85,True,True,True,False,False,False,3,False
CEP85L,False,False,False,False,True,False,1,True
CEP97,True,True,True,False,False,False,3,False
CEPT1,True,False,True,False,False,False,2,False
CERS2,True,True,True,False,False,False,3,False
CERT1,True,True,True,True,False,False,4,False
CES1,False,True,False,True,True,True,4,True
CES1P1,False,False,False,True,False,False,1,False
CES2,False,True,False,False,False,False,1,False
CES4A,False,True,False,False,True,False,2,True
CETN2,False,True,False,False,False,False,1,False
CETN3,True,True,False,False,True,False,3,True
CFAP100,False,False,False,False,False,True,1,False
CFAP20,True,True,True,False,False,True,4,False
CFAP298,True,False,True,False,False,False,2,False
CFAP36,True,True,False,False,False,False,2,False
CFAP46,False,False,False,False,True,False,1,True
CFAP47,False,False,False,False,True,False,1,True
CFAP52,False,False,False,False,True,False,1,True
CFAP54,False,False,False,False,True,False,1,True
CFAP65,False,True,False,False,True,False,2,True
CFAP74,False,True,False,False,True,False,2,True
CFB,False,True,False,False,False,False,1,False
CFDP1,True,True,True,False,False,False,3,False
CFH,True,True,True,True,False,False,4,False
CFL1,True,True,True,True,True,True,6,True
CFL2,True,True,True,False,False,False,3,False
CFLAR,False,False,False,False,True,False,1,True
CFP,False,False,False,True,False,False,1,False
CGA,True,False,True,False,False,False,2,False
CGAS,True,True,True,False,False,False,3,False
CGGBP1,True,True,True,True,False,True,5,False
CGN,False,True,False,False,False,False,1,False
CGREF1,False,True,False,False,False,False,1,False
CGRRF1,False,False,True,False,True,False,2,True
CHAC2,True,True,True,False,False,False,3,False
CHAF1A,True,True,True,False,True,False,4,True
CHAF1B,True,True,True,False,False,False,3,False
CHAMP1,True,True,True,False,False,False,3,False
CHCHD1,False,False,True,False,False,False,1,False
CHCHD2,True,True,True,False,False,False,3,False
CHCHD2P9,True,True,True,False,False,False,3,False
CHCHD3,True,True,True,True,True,True,6,True
CHCHD4,True,False,True,False,True,False,3,True
CHCHD5,True,True,True,False,False,False,3,False
CHCHD6,True,True,True,False,False,False,3,False
CHD1,True,True,True,False,False,False,3,False
CHD1L,True,True,True,False,False,False,3,False
CHD2,True,True,True,False,True,False,4,True
CHD3,True,True,True,False,True,False,4,True
CHD4,True,True,True,True,False,True,5,False
CHD6,True,False,True,False,False,False,2,False
CHD7,True,False,True,False,True,False,3,True
CHD8,True,True,True,False,False,False,3,False
CHD9,True,True,True,False,False,False,3,False
CHEK1,True,True,True,False,False,False,3,False
CHEK2,False,True,True,False,False,False,2,False
CHERP,True,True,True,False,True,True,5,True
CHFR,False,False,False,False,True,False,1,True
CHI3L1,False,True,False,False,False,False,1,False
CHI3L2,False,True,False,False,False,False,1,False
CHIA,True,False,True,False,False,False,2,False
CHID1,True,True,True,False,False,True,4,False
CHKA,True,True,True,False,False,False,3,False
CHL1,False,False,False,False,True,False,1,True
CHML,True,True,True,False,False,False,3,False
CHMP1A,True,True,True,True,False,True,5,False
CHMP1B,False,True,False,True,False,True,3,False
CHMP2A,True,True,True,True,False,False,4,False
CHMP2B,False,True,True,True,False,False,3,False
CHMP3,True,True,True,False,False,False,3,False
CHMP4A,True,True,True,True,False,False,4,False
CHMP4B,True,True,True,True,True,False,5,True
CHMP5,False,False,False,False,True,False,1,True
CHMP6,True,True,True,False,False,False,3,False
CHMP7,True,True,True,False,False,False,3,False
CHORDC1,True,True,True,False,False,False,3,False
CHP1,True,True,True,True,False,True,5,False
CHPT1,True,False,False,False,False,False,1,False
CHRAC1,False,True,False,False,False,False,1,False
CHRDL2,False,False,True,False,False,False,1,False
CHST14,True,True,True,False,False,False,3,False
CHST3,True,False,True,False,False,False,2,False
CHST6,False,False,True,False,False,False,1,False
CHSY1,False,False,False,False,True,False,1,True
CHSY3,False,False,False,False,True,False,1,True
CHTF18,True,False,True,False,False,False,2,False
CHTOP,True,True,True,False,False,True,4,False
CHUK,True,True,True,False,False,False,3,False
CHURC1,True,False,True,False,False,False,2,False
CIAO1,True,False,True,True,False,False,3,False
CIAO2A,True,True,True,False,False,True,4,False
CIAO2B,False,False,True,False,False,False,1,False
CIAO3,True,True,True,False,True,False,4,True
CIAPIN1,True,True,True,True,False,False,4,False
CIB1,True,False,True,False,False,False,2,False
CIC,False,False,False,False,True,False,1,True
CILK1,False,False,False,False,True,False,1,True
CILP,False,False,False,False,True,False,1,True
CILP2,False,False,False,False,True,False,1,True
CINP,True,True,True,False,False,False,3,False
CIP2A,True,True,True,False,False,False,3,False
CIRBP,True,True,True,True,True,True,6,True
CISD1,True,True,True,True,False,False,4,False
CISD2,True,True,True,True,False,True,5,False
CISD3,True,False,True,False,False,False,2,False
CIT,True,True,True,False,False,False,3,False
CIZ1,True,False,True,False,False,False,2,False
CKAP2,True,True,True,False,False,False,3,False
CKAP2L,False,True,False,False,False,False,1,False
CKAP4,True,True,True,True,True,True,6,True
CKAP5,True,True,True,True,True,False,5,True
CKB,True,True,True,True,False,False,4,False
CKM,True,True,True,True,False,False,4,False
CKMT1A,False,True,False,True,False,False,2,False
CKMT2,False,False,False,True,False,False,1,False
CKS1B,True,True,True,False,False,False,3,False
CKS2,False,True,False,False,False,False,1,False
CLASP1,True,True,True,False,True,False,4,True
CLASP2,True,True,True,False,False,False,3,False
CLASRP,False,False,True,False,False,False,1,False
CLC,False,False,False,False,False,True,1,False
CLCA4,False,True,False,False,False,False,1,False
CLCC1,True,True,True,False,False,False,3,False
CLCN1,False,False,False,False,True,False,1,True
CLCN3,False,True,False,False,False,False,1,False
CLCN4,False,True,False,False,False,False,1,False
CLCN5,False,True,False,False,False,False,1,False
CLCN7,True,True,True,False,False,False,3,False
CLCNKB,False,True,False,False,False,False,1,False
CLDN4,False,True,False,False,False,False,1,False
CLEC11A,True,False,True,False,False,False,2,False
CLEC16A,False,False,False,False,True,False,1,True
CLEC18A,True,False,False,False,False,False,1,False
CLEC18B,True,False,False,False,False,False,1,False
CLEC18C,True,False,False,False,False,False,1,False
CLEC1B,False,False,False,False,True,False,1,True
CLEC2B,False,False,False,False,True,False,1,True
CLEC3B,True,False,False,False,False,False,1,False
CLIC1,True,True,True,True,True,True,6,True
CLIC3,True,False,True,True,False,False,3,False
CLIC4,True,True,True,True,True,False,5,True
CLIC6,False,False,False,False,True,False,1,True
CLINT1,True,True,True,True,False,False,4,False
CLIP1,True,True,True,False,True,False,4,True
CLIP2,False,True,False,True,False,False,2,False
CLK1,False,False,False,False,True,False,1,True
CLK2,False,False,True,False,False,False,1,False
CLK3,True,False,True,False,False,False,2,False
CLMN,False,True,False,False,False,False,1,False
CLMP,False,False,True,False,False,False,1,False
CLN5,False,True,False,False,False,False,1,False
CLNS1A,True,True,True,False,False,False,3,False
CLP1,True,True,True,True,False,False,4,False
CLPB,True,True,True,False,False,True,4,False
CLPP,True,True,True,False,False,True,4,False
CLPTM1,True,True,True,True,False,False,4,False
CLPTM1L,True,True,True,False,False,False,3,False
CLPX,True,True,True,False,False,False,3,False
CLSPN,False,True,False,False,True,False,2,True
CLSTN1,True,False,False,True,False,False,2,False
CLSTN3,False,False,False,False,True,False,1,True
CLTA,False,True,True,True,True,True,5,True
CLTB,True,True,True,True,False,False,4,False
CLTC,True,True,True,True,True,True,6,True
CLTCL1,False,False,True,True,True,False,3,True
CLU,True,True,True,True,False,False,4,False
CLUH,True,True,True,False,False,False,3,False
CLYBL,False,True,False,True,False,True,3,False
CMAS,True,True,True,True,True,True,6,True
CMBL,True,True,True,True,False,False,4,False
CMC1,True,True,True,False,False,False,3,False
CMC2,True,True,True,False,False,False,3,False
CMC4,False,False,True,False,False,False,1,False
CMIP,False,True,False,False,False,False,1,False
CMPK1,True,True,True,True,True,False,5,True
CMSS1,False,True,False,False,True,False,2,True
CMTM4,False,True,True,False,False,False,2,False
CMTM5,False,False,False,True,False,False,1,False
CMTM6,False,True,False,True,False,False,2,False
CMTR1,True,True,True,False,False,False,3,False
CMTR2,True,False,True,False,True,False,3,True
CNBD2,False,False,False,False,True,False,1,True
CNBP,True,False,True,True,False,False,3,False
CNDP2,True,True,True,True,True,True,6,True
CNGB1,True,False,False,False,False,False,1,False
CNGB3,False,False,False,False,True,False,1,True
CNIH4,True,True,False,False,False,False,2,False
CNN2,True,True,True,True,True,True,6,True
CNN3,True,True,False,False,False,False,2,False
CNNM2,True,False,True,False,False,False,2,False
CNNM3,True,True,True,False,False,False,3,False
CNNM4,True,False,True,False,False,False,2,False
CNOT1,True,True,True,True,False,False,4,False
CNOT10,True,True,True,False,False,False,3,False
CNOT11,True,True,True,False,False,False,3,False
CNOT2,True,True,True,False,False,False,3,False
CNOT3,True,True,True,False,False,False,3,False
CNOT4,True,False,True,False,False,False,2,False
CNOT6,True,False,False,False,False,False,1,False
CNOT6L,True,False,False,False,False,False,1,False
CNOT7,True,True,True,False,False,False,3,False
CNOT9,True,True,True,False,True,False,4,True
CNP,True,True,True,True,False,True,5,False
CNPY2,True,True,True,True,False,False,4,False
CNPY3,True,False,True,True,False,True,4,False
CNPY4,True,False,True,False,False,False,2,False
CNRIP1,False,False,False,True,False,False,1,False
CNTFR,False,False,False,True,False,False,1,False
CNTLN,False,False,False,False,True,False,1,True
CNTN1,True,True,True,True,False,False,4,False
CNTN2,False,False,False,False,True,False,1,True
CNTNAP1,True,False,False,False,False,False,1,False
CNTNAP3,False,True,False,False,False,False,1,False
CNTNAP3B,False,True,False,False,False,False,1,False
CNTRL,False,False,False,False,True,False,1,True
COA1,True,True,False,False,False,False,2,False
COA3,True,True,True,False,False,False,3,False
COA4,True,False,True,False,False,False,2,False
COA5,False,False,True,False,False,False,1,False
COA6,True,True,True,True,False,False,4,False
COA7,True,True,True,False,False,False,3,False
COASY,True,True,True,True,True,True,6,True
COBL,True,False,True,False,False,False,2,False
COBLL1,True,False,True,False,False,False,2,False
COG1,True,False,True,False,False,False,2,False
COG2,True,True,True,False,False,False,3,False
COG3,True,True,True,False,False,False,3,False
COG4,True,True,True,False,False,False,3,False
COG5,True,True,True,False,False,False,3,False
COG6,False,True,True,False,False,False,2,False
COG7,True,True,True,False,False,False,3,False
COG8,True,True,True,False,False,False,3,False
COIL,True,True,True,False,True,False,4,True
COL11A2,False,False,False,False,True,False,1,True
COL12A1,True,False,True,False,True,False,3,True
COL15A1,False,False,False,False,True,False,1,True
COL16A1,False,False,False,False,True,False,1,True
COL18A1,False,True,False,False,False,False,1,False
COL19A1,False,False,False,False,True,False,1,True
COL1A1,True,True,False,True,False,False,3,False
COL1A2,False,True,False,True,False,False,2,False
COL21A1,True,False,True,False,False,False,2,False
COL24A1,False,False,False,False,True,False,1,True
COL2A1,False,True,False,False,False,False,1,False
COL3A1,False,True,False,False,False,False,1,False
COL4A1,False,False,False,False,True,False,1,True
COL4A2,True,True,True,False,False,False,3,False
COL4A5,False,False,True,False,True,False,2,True
COL4A6,False,False,True,False,False,False,1,False
COL5A1,False,True,True,False,False,False,2,False
COL5A2,False,True,False,False,True,False,2,True
COL6A1,True,True,True,False,True,False,4,True
COL6A2,False,False,True,False,True,False,2,True
COL6A3,True,False,True,False,True,False,3,True
COL7A1,True,True,True,False,False,False,3,False
COL8A1,False,True,False,False,False,False,1,False
COLEC10,True,False,True,False,True,False,3,True
COLGALT1,True,True,True,True,True,True,6,True
COMMD1,True,True,True,False,False,False,3,False
COMMD10,True,True,True,False,False,False,3,False
COMMD2,True,True,True,False,False,False,3,False
COMMD3,True,True,True,False,False,True,4,False
COMMD4,True,False,True,False,False,False,2,False
COMMD5,True,True,True,False,False,False,3,False
COMMD6,True,False,True,False,False,False,2,False
COMMD7,True,True,True,True,False,False,4,False
COMMD8,True,True,True,False,False,False,3,False
COMMD9,True,False,True,False,False,False,2,False
COMP,True,False,True,False,False,False,2,False
COMT,True,True,True,True,True,True,6,True
COMTD1,False,True,True,False,False,False,2,False
COP1,False,False,False,False,True,False,1,True
COPA,True,True,True,True,True,True,6,True
COPB1,True,True,True,True,True,True,6,True
COPB2,True,True,True,True,True,True,6,True
COPE,True,True,True,True,True,True,6,True
COPG1,True,True,True,True,True,True,6,True
COPG2,True,True,True,True,True,False,5,True
COPRS,False,True,False,False,False,False,1,False
COPS2,True,True,True,True,True,False,5,True
COPS3,True,True,True,True,False,False,4,False
COPS4,True,True,True,True,False,False,4,False
COPS5,True,True,True,True,False,False,4,False
COPS6,True,True,True,True,False,False,4,False
COPS7A,True,True,True,False,False,False,3,False
COPS7B,True,True,True,False,False,False,3,False
COPS8,True,True,True,True,False,True,5,False
COPZ1,True,True,True,True,False,False,4,False
COQ3,False,False,True,False,False,False,1,False
COQ4,False,False,False,False,True,False,1,True
COQ5,True,True,True,False,False,False,3,False
COQ6,True,True,True,False,False,False,3,False
COQ7,True,True,True,False,False,False,3,False
COQ8A,True,True,True,False,False,False,3,False
COQ8B,True,True,True,False,False,False,3,False
COQ9,True,True,True,False,False,True,4,False
CORIN,True,False,False,False,False,False,1,False
CORO1A,True,True,True,True,True,True,6,True
CORO1B,True,True,True,True,False,True,5,False
CORO1C,True,True,True,True,True,True,6,True
CORO2B,False,False,False,True,False,False,1,False
CORO7,True,True,True,True,True,True,6,True
COTL1,True,True,True,True,True,True,6,True
COX11,True,False,True,False,False,False,2,False
COX15,False,True,True,False,False,False,2,False
COX16,True,True,True,False,False,False,3,False
COX17,True,True,True,False,False,False,3,False
COX19,True,True,True,False,True,False,4,True
COX20,True,True,True,True,False,False,4,False
COX4I1,True,True,True,True,True,True,6,True
COX5A,False,True,False,True,True,True,4,True
COX5B,True,True,True,True,True,True,6,True
COX6A1,False,True,False,True,False,True,3,False
COX6B1,True,True,True,True,True,True,6,True
COX6C,True,True,True,True,True,True,6,True
COX7A2,True,True,True,True,True,True,6,True
COX7A2L,True,True,True,True,False,True,5,False
COX7B,False,True,False,False,True,False,2,True
COX7C,True,True,True,True,True,True,6,True
CP,True,True,True,False,False,False,3,False
CPA3,False,False,False,False,True,False,1,True
CPA4,False,True,False,True,False,False,2,False
CPAMD8,False,False,True,False,True,False,2,True
CPB1,False,False,False,False,True,False,1,True
CPD,True,True,True,False,True,False,4,True
CPE,False,True,False,False,False,False,1,False
CPEB4,True,False,True,False,False,False,2,False
CPLANE1,False,False,False,False,True,False,1,True
CPLX2,False,True,False,False,False,False,1,False
CPM,True,True,True,True,False,False,4,False
CPN1,False,False,True,False,False,False,1,False
CPNE1,True,True,True,True,True,True,6,True
CPNE2,True,True,True,True,False,False,4,False
CPNE3,True,True,True,True,True,True,6,True
CPNE7,False,False,False,False,True,False,1,True
CPNE8,True,True,True,False,False,False,3,False
CPOX,True,True,True,True,False,False,4,False
CPPED1,True,True,True,True,False,True,5,False
CPQ,False,True,False,False,False,False,1,False
CPS1,True,True,True,True,True,False,5,True
CPSF1,True,True,True,False,False,False,3,False
CPSF2,True,True,True,False,True,False,4,True
CPSF3,True,True,True,False,True,False,4,True
CPSF4,True,False,True,False,False,False,2,False
CPSF6,True,True,True,True,True,False,5,True
CPSF7,True,True,True,True,False,False,4,False
CPT1A,True,True,True,True,False,True,5,False
CPT2,True,True,True,True,False,True,5,False
CPTP,False,True,True,False,False,False,2,False
CPVL,True,True,True,True,False,True,5,False
CR1,False,False,False,True,False,True,2,False
CR1L,False,False,False,False,True,False,1,True
CR2,False,False,False,False,True,False,1,True
CRABP1,False,True,False,False,False,False,1,False
CRABP2,False,True,False,True,False,False,2,False
CRACR2A,False,False,False,False,True,False,1,True
CRADD,True,False,False,False,False,False,1,False
CRAT,False,True,False,True,True,False,3,True
CRBN,True,False,True,False,False,False,2,False
CRCT1,False,True,False,True,False,False,2,False
CREB1,True,True,True,True,False,True,5,False
CREBBP,True,True,True,False,True,False,4,True
CREBRF,False,True,False,False,False,False,1,False
CREG1,False,True,False,False,False,False,1,False
CREG2,False,False,False,False,True,False,1,True
CRELD1,True,False,True,False,False,False,2,False
CRELD2,True,True,True,False,False,False,3,False
CREM,False,False,False,True,False,False,1,False
CRIM1,True,True,True,False,False,False,3,False
CRIP1,True,True,True,True,True,True,6,True
CRIP2,True,True,True,True,True,False,5,True
CRIPT,False,False,True,False,False,False,1,False
CRISP1,False,False,False,False,True,False,1,True
CRISP2,False,True,False,False,False,False,1,False
CRISP3,False,True,False,False,False,False,1,False
CRK,True,True,True,True,False,False,4,False
CRKL,True,True,True,True,False,False,4,False
CRLF3,True,True,True,True,False,True,5,False
CRMP1,False,False,False,True,False,False,1,False
CRNKL1,True,True,True,False,True,False,4,True
CRNN,False,True,False,False,True,False,2,True
CROCC,False,False,True,True,True,False,3,True
CRTAP,True,True,True,False,True,False,4,True
CRTC1,True,False,True,False,False,False,2,False
CRTC2,True,False,False,False,False,False,1,False
CRTC3,True,False,True,False,False,False,2,False
CRYAB,False,True,False,True,False,False,2,False
CRYBG1,True,True,True,False,True,False,4,True
CRYBG3,False,False,True,False,True,False,2,True
CRYL1,False,False,False,True,True,True,3,True
CRYM,False,False,False,True,False,False,1,False
CRYZ,True,True,True,True,False,True,5,False
CRYZL1,True,False,True,False,False,False,2,False
CS,True,True,True,True,True,True,6,True
CSDE1,True,True,True,True,True,False,5,True
CSE1L,True,True,True,True,True,True,6,True
CSF2RA,True,False,True,False,False,False,2,False
CSGALNACT1,False,True,True,False,True,False,3,True
CSK,True,True,True,True,True,True,6,True
CSN1S1,False,True,False,False,False,False,1,False
CSN2,False,True,False,False,False,False,1,False
CSN3,False,True,False,False,False,False,1,False
CSNK1A1,True,True,True,False,False,False,3,False
CSNK1D,True,True,True,False,False,False,3,False
CSNK1E,True,False,True,False,False,False,2,False
CSNK1G1,False,True,False,False,False,False,1,False
CSNK1G2,True,False,True,False,False,False,2,False
CSNK1G3,True,False,True,False,False,False,2,False
CSNK2A1,True,True,True,True,True,True,6,True
CSNK2A2,True,True,True,True,False,True,5,False
CSNK2B,True,True,True,False,False,True,4,False
CSPG4,True,False,True,False,False,False,2,False
CSPP1,False,False,False,False,True,False,1,True
CSRP1,True,True,True,True,True,True,6,True
CSRP2,False,True,False,False,True,False,2,True
CST1,False,True,False,False,False,False,1,False
CST2,False,True,False,True,False,False,2,False
CST3,False,True,True,False,False,True,3,False
CST4,False,True,False,True,False,False,2,False
CST5,False,True,False,False,False,False,1,False
CST6,False,True,False,True,False,False,2,False
CST7,False,False,False,True,True,False,2,True
CSTA,False,True,False,True,True,True,4,True
CSTB,True,True,True,True,True,True,6,True
CSTF1,True,True,True,False,False,False,3,False
CSTF2,True,True,True,True,False,False,4,False
CSTF2T,True,True,True,False,False,False,3,False
CSTF3,True,True,True,True,False,False,4,False
CT83,False,False,True,False,False,False,1,False
CTBP1,True,True,True,True,False,True,5,False
CTBP2,True,True,True,True,False,False,4,False
CTBS,False,True,False,True,False,False,2,False
CTCF,True,True,True,True,False,True,5,False
CTDNEP1,False,True,False,False,False,False,1,False
CTDP1,True,True,False,False,True,False,3,True
CTDSPL2,True,True,True,False,False,False,3,False
CTH,True,True,True,False,False,False,3,False
CTNNA1,True,True,True,True,False,False,4,False
CTNNA2,False,False,False,False,False,True,1,False
CTNNA3,False,True,False,False,False,False,1,False
CTNNB1,False,True,False,True,False,False,2,False
CTNNBIP1,False,True,False,False,False,False,1,False
CTNNBL1,True,True,True,True,False,True,5,False
CTNND1,True,True,True,False,True,False,4,True
CTNND2,False,False,False,False,True,False,1,True
CTPS1,True,True,True,True,False,False,4,False
CTPS2,True,True,True,False,True,False,4,True
CTR9,True,True,True,False,False,False,3,False
CTSA,True,True,True,True,False,True,5,False
CTSB,True,True,True,True,True,True,6,True
CTSC,True,True,True,True,False,True,5,False
CTSD,True,True,True,True,True,True,6,True
CTSF,False,True,False,False,False,False,1,False
CTSG,False,True,False,True,True,True,4,True
CTSH,False,True,False,True,False,True,3,False
CTSK,False,False,False,False,True,False,1,True
CTSL,False,True,True,False,False,False,2,False
CTSS,False,True,False,True,False,True,3,False
CTSV,False,True,False,False,False,False,1,False
CTSW,False,False,False,True,False,False,1,False
CTSZ,True,True,True,True,True,True,6,True
CTTN,True,True,True,True,True,False,5,True
CTTNBP2NL,True,True,True,False,False,False,3,False
CTU1,True,False,True,False,False,False,2,False
CTU2,True,True,True,False,False,False,3,False
CTXN2,False,False,False,False,True,False,1,True
CUEDC1,False,True,False,False,False,False,1,False
CUEDC2,False,False,True,False,False,False,1,False
CUL1,True,True,True,False,False,False,3,False
CUL2,True,True,True,True,False,False,4,False
CUL3,True,True,True,True,False,False,4,False
CUL4A,True,True,True,True,False,True,5,False
CUL4B,True,True,True,True,False,False,4,False
CUL5,True,True,True,True,False,False,4,False
CUTA,True,True,True,False,True,True,5,True
CUTC,True,True,True,True,False,False,4,False
CUX1,True,True,True,False,False,False,3,False
CWC15,True,True,True,True,True,False,5,True
CWC22,True,True,True,False,False,False,3,False
CWC25,True,False,True,False,False,False,2,False
CWC27,True,True,True,False,False,False,3,False
CWF19L1,True,True,True,True,False,False,4,False
CWF19L2,True,False,False,False,True,False,2,True
CXADR,True,False,True,True,False,False,3,False
CXCL16,False,False,False,False,True,False,1,True
CXORF38,True,True,True,True,False,False,4,False
CXORF58,False,False,False,False,True,False,1,True
CXXC1,True,False,True,False,False,False,2,False
CYB5A,False,True,False,True,False,True,3,False
CYB5B,True,True,True,False,False,True,4,False
CYB5R1,True,True,True,True,False,True,5,False
CYB5R2,False,True,False,False,True,False,2,True
CYB5R3,True,True,True,True,False,True,5,False
CYBA,False,True,False,False,True,True,3,True
CYBB,False,False,False,True,False,True,2,False
CYBC1,False,True,True,True,False,True,4,False
CYBRD1,False,True,False,False,False,False,1,False
CYC1,True,True,True,True,True,True,6,True
CYCS,True,True,True,True,True,True,6,True
CYFIP1,True,True,True,True,False,False,4,False
CYFIP2,False,False,False,True,False,False,1,False
CYLD,True,False,False,False,False,False,1,False
CYP19A1,False,True,False,False,False,False,1,False
CYP1A2,False,False,False,False,True,False,1,True
CYP1B1,False,True,False,False,False,False,1,False
CYP20A1,True,True,True,False,True,False,4,True
CYP24A1,False,True,False,False,False,False,1,False
CYP26B1,False,False,False,False,True,False,1,True
CYP27A1,False,False,False,False,True,False,1,True
CYP2C18,False,True,False,False,False,False,1,False
CYP2S1,True,True,True,False,False,False,3,False
CYP2W1,False,False,False,False,True,False,1,True
CYP3A43,False,False,False,False,True,False,1,True
CYP46A1,True,False,False,False,True,False,2,True
CYP4F11,False,True,False,False,False,False,1,False
CYP4F2,False,True,True,False,False,False,2,False
CYP4F3,False,True,False,False,False,False,1,False
CYP4X1,False,False,False,False,True,False,1,True
CYP51A1,True,True,True,False,False,False,3,False
CYP7B1,False,True,False,False,False,False,1,False
CYRIB,True,True,True,True,True,True,6,True
CYSTM1,True,True,True,False,False,False,3,False
CYTH1,False,False,True,False,False,False,1,False
CYTH2,False,False,True,False,False,False,1,False
CYTH3,False,False,True,False,False,False,1,False
CZIB,True,True,True,True,False,False,4,False
DAB2,True,True,True,False,True,False,4,True
DAD1,True,True,True,True,False,True,5,False
DAG1,True,True,True,True,False,False,4,False
DAGLB,True,False,True,False,False,False,2,False
DAP,True,True,False,True,False,False,3,False
DAP3,True,True,True,False,False,False,3,False
DAPK1,False,True,False,False,True,False,2,True
DAPK3,True,True,True,False,False,False,3,False
DARS1,True,True,True,True,True,True,6,True
DARS2,True,True,True,False,True,True,5,True
DAXX,True,False,True,False,False,False,2,False
DAZAP1,True,True,True,True,True,True,6,True
DBI,True,True,True,True,True,True,6,True
DBN1,True,True,True,True,False,False,4,False
DBNL,True,True,True,True,True,True,6,True
DBR1,True,True,True,True,False,False,4,False
DBT,True,True,True,True,False,False,4,False
DCAF1,True,True,True,False,False,False,3,False
DCAF11,True,False,True,False,False,False,2,False
DCAF13,True,True,True,False,False,False,3,False
DCAF16,True,False,True,False,False,False,2,False
DCAF5,True,False,False,False,False,False,1,False
DCAF6,True,False,False,False,True,False,2,True
DCAF7,True,False,True,False,False,False,2,False
DCAF8,True,True,True,False,False,False,3,False
DCAKD,True,True,True,False,False,False,3,False
DCBLD1,False,False,False,False,True,False,1,True
DCBLD2,False,True,False,False,False,False,1,False
DCD,True,True,False,True,True,True,5,True
DCDC2,False,True,False,False,False,False,1,False
DCHS2,True,False,False,False,False,False,1,False
DCK,True,True,True,True,False,True,5,False
DCLK1,False,False,False,True,False,False,1,False
DCN,False,False,False,False,True,False,1,True
DCP1A,True,True,True,False,False,False,3,False
DCPS,False,False,True,True,False,True,3,False
DCTD,True,True,True,False,False,False,3,False
DCTN1,True,True,True,True,True,False,5,True
DCTN2,True,True,True,True,True,True,6,True
DCTN3,True,True,True,True,False,False,4,False
DCTN4,True,True,True,False,False,False,3,False
DCTN5,True,True,True,False,False,False,3,False
DCTN6,True,True,True,True,False,False,4,False
DCTPP1,True,True,True,True,False,False,4,False
DCUN1D1,True,True,True,True,False,False,4,False
DCUN1D4,True,False,True,False,False,False,2,False
DCUN1D5,True,True,True,False,False,False,3,False
DCX,False,False,False,True,True,False,2,True
DCXR,True,True,True,True,False,True,5,False
DDA1,True,True,True,False,False,False,3,False
DDAH1,True,True,True,False,False,False,3,False
DDAH2,False,True,True,True,False,True,4,False
DDB1,True,True,True,True,True,True,6,True
DDB2,True,True,True,False,False,False,3,False
DDHD1,True,False,False,False,False,False,1,False
DDI2,True,True,True,True,False,False,4,False
DDIAS,False,False,False,False,True,False,1,True
DDOST,True,True,True,True,True,True,6,True
DDR1,True,False,False,False,False,False,1,False
DDR2,False,False,False,False,True,False,1,True
DDRGK1,True,True,True,False,False,False,3,False
DDT,True,True,True,True,False,True,5,False
DDTL,False,False,False,True,False,False,1,False
DDX1,True,True,True,True,True,True,6,True
DDX10,True,True,True,False,True,False,4,True
DDX11,True,False,False,False,False,False,1,False
DDX11L8,True,False,False,False,False,False,1,False
DDX17,True,True,True,True,True,True,6,True
DDX18,True,True,True,False,True,False,4,True
DDX19A,True,True,True,True,True,True,6,True
DDX19B,True,False,False,True,False,False,2,False
DDX20,True,True,True,False,False,False,3,False
DDX21,True,True,True,True,True,True,6,True
DDX23,True,True,True,True,True,True,6,True
DDX24,True,True,True,True,True,True,6,True
DDX27,True,True,True,False,False,False,3,False
DDX28,True,True,True,False,False,False,3,False
DDX31,True,True,True,False,True,False,4,True
DDX39A,True,True,True,True,False,True,5,False
DDX39B,True,True,True,True,True,True,6,True
DDX3X,True,True,True,True,True,True,6,True
DDX3Y,False,True,False,False,False,False,1,False
DDX41,True,True,True,False,True,False,4,True
DDX42,True,True,True,True,False,False,4,False
DDX43,True,False,False,False,False,False,1,False
DDX46,True,True,True,True,False,True,5,False
DDX47,True,True,True,False,False,False,3,False
DDX49,True,True,True,False,False,False,3,False
DDX5,True,True,True,True,True,True,6,True
DDX50,True,True,True,False,False,False,3,False
DDX51,True,True,True,False,False,False,3,False
DDX52,True,True,True,False,False,False,3,False
DDX53,False,False,False,False,True,False,1,True
DDX54,True,True,True,False,False,False,3,False
DDX55,True,True,True,False,False,False,3,False
DDX56,True,True,True,False,False,False,3,False
DDX59,True,True,True,False,False,False,3,False
DDX6,True,True,True,True,False,True,5,False
DDX60L,True,False,True,False,False,False,2,False
DEAF1,False,True,False,False,False,False,1,False
DECR1,True,True,True,True,True,True,6,True
DECR2,True,True,True,False,False,False,3,False
DEF6,False,False,False,True,True,True,3,True
DEFA1,False,True,False,True,False,True,3,False
DEFA3,False,True,False,True,False,False,2,False
DEFB103A,False,False,False,True,False,False,1,False
DEK,True,True,True,True,True,True,6,True
DENND10,True,True,True,True,False,False,4,False
DENND10P1,False,True,True,True,False,False,3,False
DENND1A,True,False,True,False,False,False,2,False
DENND1B,False,True,False,False,False,False,1,False
DENND1C,False,False,False,True,False,False,1,False
DENND2B,False,False,False,False,True,False,1,True
DENND3,False,True,False,False,False,False,1,False
DENND4A,True,False,True,False,False,False,2,False
DENND4C,True,True,True,False,False,False,3,False
DENR,True,True,True,False,False,False,3,False
DEPDC5,False,True,False,False,False,False,1,False
DEPDC7,True,False,True,False,False,False,2,False
DERA,True,True,True,False,False,False,3,False
DERL1,True,True,True,False,False,False,3,False
DERPC,True,True,True,False,False,False,3,False
DES,False,True,False,False,True,False,2,True
DESI1,True,True,True,False,False,False,3,False
DFFA,True,True,True,False,False,False,3,False
DFFB,False,False,True,False,False,False,1,False
DGCR6,False,True,False,False,False,False,1,False
DGCR8,True,False,True,False,False,False,2,False
DGKA,False,False,False,True,False,True,2,False
DGKE,True,False,False,False,False,False,1,False
DGKH,False,False,False,False,True,False,1,True
DGKQ,False,False,False,False,True,False,1,True
DGLUCY,False,False,False,True,False,True,2,False
DHCR24,True,False,True,False,False,False,2,False
DHCR7,True,True,True,True,False,False,4,False
DHFR,True,True,True,True,True,False,5,True
DHODH,True,True,True,False,False,False,3,False
DHPS,True,True,True,False,False,False,3,False
DHRS1,True,True,True,True,False,False,4,False
DHRS11,True,True,True,False,False,False,3,False
DHRS13,True,True,True,False,False,False,3,False
DHRS2,True,False,True,False,False,False,2,False
DHRS3,False,True,False,False,False,False,1,False
DHRS4,False,True,True,True,False,True,4,False
DHRS4L1,False,True,False,False,False,False,1,False
DHRS7,True,True,True,True,False,True,5,False
DHRS7B,True,False,True,False,True,False,3,True
DHRS9,False,False,False,True,False,False,1,False
DHRSX,False,True,False,False,False,False,1,False
DHTKD1,True,False,True,False,False,False,2,False
DHX15,True,True,True,True,True,True,6,True
DHX16,True,True,True,False,True,False,4,True
DHX29,True,True,True,False,True,False,4,True
DHX30,True,True,True,False,True,False,4,True
DHX32,False,False,True,False,False,False,1,False
DHX33,True,True,True,False,True,False,4,True
DHX34,True,False,True,False,True,False,3,True
DHX35,True,False,True,False,False,False,2,False
DHX36,True,True,True,False,False,False,3,False
DHX37,True,True,True,False,False,False,3,False
DHX38,True,True,True,False,False,False,3,False
DHX40,True,True,True,False,False,False,3,False
DHX57,True,True,True,False,False,False,3,False
DHX8,True,True,True,False,False,False,3,False
DHX9,True,True,True,True,True,True,6,True
DIABLO,True,True,True,True,False,True,5,False
DIAPH1,True,True,True,True,False,True,5,False
DIAPH2,True,False,True,False,False,False,2,False
DIAPH3,True,True,True,False,False,False,3,False
DICER1,True,True,True,False,False,False,3,False
DIDO1,True,True,True,False,True,False,4,True
DIMT1,True,True,True,True,False,False,4,False
DIP2A,True,True,True,False,False,False,3,False
DIP2B,True,True,True,False,False,False,3,False
DIPK2A,True,True,True,False,False,False,3,False
DIPK2B,True,False,False,False,False,False,1,False
DIRAS3,False,False,False,False,True,False,1,True
DIS3,True,True,True,False,True,False,4,True
DIS3L,True,False,True,False,False,False,2,False
DIS3L2,True,True,True,False,False,False,3,False
DISP1,True,False,False,False,True,False,2,True
DIXDC1,False,False,False,False,True,False,1,True
DKC1,True,True,True,True,False,True,5,False
DLAT,True,True,True,True,True,True,6,True
DLC1,False,False,False,False,True,False,1,True
DLD,True,True,True,True,True,True,6,True
DLG1,True,True,True,False,False,False,3,False
DLG2,False,False,True,True,True,False,3,True
DLG3,True,False,True,True,False,False,3,False
DLG4,False,False,False,True,False,False,1,False
DLG5,True,True,True,False,True,False,4,True
DLGAP3,False,False,False,False,True,False,1,True
DLGAP4,True,False,True,False,False,False,2,False
DLGAP5,True,True,True,False,True,False,4,True
DLST,True,True,True,True,True,True,6,True
DMAC1,True,True,True,False,False,False,3,False
DMAC2,True,True,True,False,False,False,3,False
DMAC2L,True,True,True,False,False,False,3,False
DMAP1,True,True,True,False,False,False,3,False
DMBT1,False,True,False,True,False,False,2,False
DMD,True,False,True,False,True,False,3,True
DMKN,False,True,False,True,False,True,3,False
DMRT1,False,False,False,False,True,False,1,True
DMTN,False,True,True,False,True,False,3,True
DMXL1,True,False,False,False,False,False,1,False
DMXL2,True,False,False,False,True,False,2,True
DNA2,False,False,False,False,True,False,1,True
DNAAF1,False,True,False,False,False,False,1,False
DNAAF10,True,True,True,False,False,False,3,False
DNAAF2,True,False,True,False,False,False,2,False
DNAAF4,False,False,False,False,True,False,1,True
DNAAF5,True,True,True,False,False,False,3,False
DNAH10,False,True,False,False,True,False,2,True
DNAH11,False,False,False,False,False,True,1,False
DNAH12,False,False,False,False,True,False,1,True
DNAH14,False,False,False,False,True,False,1,True
DNAH2,False,False,False,False,True,False,1,True
DNAH3,True,False,False,False,True,False,2,True
DNAH5,False,True,False,False,False,False,1,False
DNAH7,False,False,True,False,False,False,1,False
DNAH8,False,False,False,False,True,False,1,True
DNAH9,False,False,False,False,True,False,1,True
DNAI1,False,False,False,False,True,False,1,True
DNAI4,False,False,False,False,True,False,1,True
DNAJA1,True,True,True,True,True,False,5,True
DNAJA2,True,True,True,True,True,False,5,True
DNAJA3,True,True,True,False,False,False,3,False
DNAJA4,True,False,True,False,False,False,2,False
DNAJB1,True,True,True,True,False,True,5,False
DNAJB11,True,True,True,True,False,True,5,False
DNAJB12,True,True,True,False,False,False,3,False
DNAJB14,True,True,True,False,False,False,3,False
DNAJB2,True,False,True,False,False,False,2,False
DNAJB4,True,True,True,False,True,False,4,True
DNAJB6,True,True,True,False,False,False,3,False
DNAJB9,False,False,False,False,True,False,1,True
DNAJC1,True,False,True,False,False,False,2,False
DNAJC10,True,True,True,False,False,False,3,False
DNAJC11,True,True,True,False,True,False,4,True
DNAJC12,True,False,True,False,False,False,2,False
DNAJC13,True,True,True,True,False,True,5,False
DNAJC14,False,True,False,False,False,False,1,False
DNAJC16,True,False,True,False,False,False,2,False
DNAJC17,True,True,True,False,False,False,3,False
DNAJC19,True,True,True,True,False,False,4,False
DNAJC2,True,True,True,False,False,False,3,False
DNAJC21,True,False,True,False,False,False,2,False
DNAJC3,True,True,True,True,False,False,4,False
DNAJC5,True,True,False,False,False,False,2,False
DNAJC7,True,True,True,True,False,False,4,False
DNAJC8,True,True,True,True,True,True,6,True
DNAJC9,True,True,True,True,False,True,5,False
DNASE1,False,True,False,False,True,False,2,True
DNASE1L2,False,True,False,False,False,False,1,False
DNASE1L3,False,True,False,False,False,False,1,False
DNASE2,True,True,True,True,True,False,5,True
DND1,False,False,False,False,True,False,1,True
DNLZ,True,False,False,False,False,False,1,False
DNM1,False,True,True,True,False,False,3,False
DNM1L,True,True,True,True,False,True,5,False
DNM2,True,True,True,True,True,True,6,True
DNMBP,False,True,True,False,False,False,2,False
DNMT1,True,True,True,False,True,False,4,True
DNPEP,True,True,True,True,False,True,5,False
DNPH1,False,True,True,False,False,False,2,False
DNTTIP1,True,False,True,False,False,False,2,False
DNTTIP2,True,True,True,False,False,False,3,False
DOC2A,False,False,False,False,True,False,1,True
DOCK1,True,True,True,False,True,False,4,True
DOCK10,False,True,False,True,True,False,3,True
DOCK11,False,False,False,True,True,False,2,True
DOCK2,False,False,False,True,True,True,3,True
DOCK3,False,False,False,False,True,False,1,True
DOCK5,True,True,True,False,False,False,3,False
DOCK6,True,False,False,False,True,False,2,True
DOCK7,True,True,True,False,False,False,3,False
DOCK8,False,False,False,True,False,True,2,False
DOCK9,False,True,True,False,False,False,2,False
DOHH,True,False,True,False,False,False,2,False
DOK2,False,False,False,True,True,True,3,True
DOK3,False,False,False,True,False,False,1,False
DOP1B,False,True,False,False,True,False,2,True
DPAGT1,False,False,True,True,False,False,2,False
DPCD,True,True,True,False,False,False,3,False
DPF2,True,True,True,False,False,False,3,False
DPH1,True,False,True,False,False,False,2,False
DPH2,True,True,True,False,False,False,3,False
DPH5,False,True,True,False,False,False,2,False
DPH6,False,True,False,False,False,False,1,False
DPM1,True,True,True,True,False,True,5,False
DPM3,True,True,True,True,False,True,5,False
DPP10,False,False,False,False,True,False,1,True
DPP3,True,True,True,True,False,True,5,False
DPP4,False,True,False,True,False,False,2,False
DPP7,True,True,True,True,False,True,5,False
DPP8,True,False,True,False,False,False,2,False
DPP9,True,True,True,True,True,False,5,True
DPY19L1,True,False,True,False,False,False,2,False
DPY30,False,True,True,True,False,True,4,False
DPYD,True,False,True,True,True,True,5,True
DPYS,False,False,True,False,False,False,1,False
DPYSL2,True,True,True,True,True,True,6,True
DPYSL3,False,True,False,True,False,False,2,False
DPYSL4,False,True,False,True,True,False,3,True
DPYSL5,False,True,False,True,True,False,3,True
DR1,True,True,True,True,False,True,5,False
DRAP1,True,True,True,True,False,False,4,False
DRC1,False,False,False,False,True,False,1,True
DRD2,False,False,False,False,True,False,1,True
DRG1,True,True,True,True,True,False,5,True
DRG2,True,True,True,True,False,False,4,False
DROSHA,False,True,False,False,False,False,1,False
DSC1,False,True,False,True,False,False,2,False
DSC2,False,True,False,True,False,False,2,False
DSC3,False,True,False,True,False,False,2,False
DSCAM,False,False,False,False,True,False,1,True
DSCC1,True,True,True,False,False,False,3,False
DSG1,False,True,False,True,False,True,3,False
DSG2,True,True,True,False,False,False,3,False
DSG3,False,True,False,False,False,False,1,False
DSG4,False,True,False,False,False,False,1,False
DSN1,True,True,True,False,False,False,3,False
DSP,True,True,True,True,False,True,5,False
DST,True,True,True,False,True,False,4,True
DSTN,True,True,True,True,False,True,5,False
DSTYK,True,False,False,False,False,False,1,False
DTD1,True,True,True,True,False,False,4,False
DTD2,False,True,False,False,False,False,1,False
DTL,False,True,True,False,False,False,2,False
DTNBP1,False,True,True,False,False,False,2,False
DTWD1,False,False,True,False,False,False,1,False
DTWD2,False,True,True,False,False,False,2,False
DTX3L,True,True,True,True,True,False,5,True
DTYMK,True,True,True,True,False,True,5,False
DUS1L,True,True,True,False,False,False,3,False
DUS2,True,True,True,False,False,False,3,False
DUS3L,True,False,True,False,False,False,2,False
DUSP10,False,False,False,False,True,False,1,True
DUSP12,True,False,True,False,False,False,2,False
DUSP14,False,False,False,True,False,False,1,False
DUSP19,True,False,False,False,False,False,1,False
DUSP23,False,True,False,True,False,False,2,False
DUSP3,True,True,True,False,False,True,4,False
DUSP4,False,False,False,False,True,False,1,True
DUSP7,False,False,False,False,True,False,1,True
DUT,True,True,True,True,True,False,5,True
DVL1,True,False,True,False,False,False,2,False
DVL2,True,True,True,False,False,False,3,False
DVL3,True,False,True,False,False,False,2,False
DXO,True,False,False,False,False,False,1,False
DYM,True,False,False,False,False,False,1,False
DYNC1H1,True,True,True,True,True,True,6,True
DYNC1I1,False,False,False,True,False,False,1,False
DYNC1I2,True,True,True,True,True,True,6,True
DYNC1LI1,True,True,True,True,False,False,4,False
DYNC1LI2,True,True,True,True,False,False,4,False
DYNC2H1,True,True,False,False,False,False,2,False
DYNC2I2,True,False,True,False,False,False,2,False
DYNLL1,False,True,False,True,True,False,3,True
DYNLL2,False,True,False,True,True,True,4,True
DYNLRB1,True,True,True,False,True,False,4,True
DYNLRB2,True,True,False,False,False,True,3,False
DYNLT1,True,True,True,True,False,False,4,False
DYNLT3,True,False,True,True,False,False,3,False
DYRK1A,True,False,True,False,False,False,2,False
DYRK2,False,False,False,False,True,False,1,True
DYRK3,False,False,False,False,True,False,1,True
DYRK4,False,False,False,False,True,False,1,True
DYSF,True,False,False,True,False,True,3,False
DZIP3,False,False,True,False,False,False,1,False
E2F1,False,False,False,False,True,False,1,True
E2F4,True,False,False,False,False,False,1,False
EAPP,True,True,True,False,False,False,3,False
EARS2,True,True,True,False,False,False,3,False
EBNA1BP2,True,True,True,False,False,False,3,False
EBP,True,True,True,True,False,False,4,False
ECD,True,True,True,False,False,False,3,False
ECE1,True,True,True,False,True,False,4,True
ECH1,True,True,True,True,True,True,6,True
ECHDC1,True,True,True,True,False,True,5,False
ECHS1,True,True,True,True,True,True,6,True
ECI1,True,True,True,False,False,True,4,False
ECI2,True,True,True,True,False,False,4,False
ECM1,False,True,False,True,False,False,2,False
ECPAS,True,True,True,True,False,False,4,False
ECSIT,True,True,True,False,False,False,3,False
ECT2,True,True,True,False,False,False,3,False
ECT2L,True,False,True,False,False,False,2,False
EDARADD,False,False,False,False,True,False,1,True
EDC3,True,True,True,False,False,False,3,False
EDC4,True,True,True,True,False,True,5,False
EDEM1,False,True,False,False,False,False,1,False
EDEM3,True,False,True,False,False,False,2,False
EDF1,True,True,True,True,True,False,5,True
EDN3,False,True,False,False,False,False,1,False
EDRF1,True,False,True,False,True,False,3,True
EEA1,True,True,True,True,True,False,5,True
EED,True,True,True,False,False,False,3,False
EEF1A1,True,True,True,True,False,True,5,False
EEF1A1P5,False,False,False,True,False,False,1,False
EEF1A2,True,True,True,True,False,False,4,False
EEF1AKMT2,False,False,True,False,False,False,1,False
EEF1AKMT4,True,False,True,False,False,False,2,False
EEF1AKMT4-ECE2,True,False,True,False,False,False,2,False
EEF1B2,True,True,True,True,True,True,6,True
EEF1D,True,True,True,True,True,True,6,True
EEF1E1,True,True,True,True,False,False,4,False
EEF1G,True,True,True,True,True,True,6,True
EEF2,True,True,True,True,True,True,6,True
EEF2K,True,True,True,False,False,False,3,False
EEFSEC,True,True,True,True,False,False,4,False
EFCAB11,False,False,False,False,True,False,1,True
EFCAB13,False,False,False,False,True,False,1,True
EFCAB5,False,True,False,False,False,False,1,False
EFEMP1,True,False,True,False,False,False,2,False
EFEMP2,False,False,False,False,True,False,1,True
EFHD2,True,True,True,True,True,True,6,True
EFL1,True,True,True,False,False,False,3,False
EFNA1,False,True,False,False,True,False,2,True
EFR3A,False,True,True,False,False,False,2,False
EFR3B,False,False,False,False,True,False,1,True
EFTUD2,True,True,True,True,True,True,6,True
EGFR,True,True,True,False,False,False,3,False
EGLN1,True,True,True,False,False,False,3,False
EHBP1,True,True,False,False,True,False,3,True
EHBP1L1,True,True,True,True,False,False,4,False
EHD1,True,True,True,True,False,True,5,False
EHD2,True,True,True,True,False,False,4,False
EHD3,False,True,False,True,False,False,2,False
EHD4,True,True,True,True,False,True,5,False
EHHADH,True,False,True,False,False,False,2,False
EHMT1,True,False,True,False,False,False,2,False
EHMT2,True,True,True,False,False,False,3,False
EI24,True,True,True,False,False,False,3,False
EID3,False,False,False,False,True,False,1,True
EIF1,True,True,True,True,False,False,4,False
EIF1AD,True,True,True,False,False,False,3,False
EIF1AX,True,True,True,True,True,False,5,True
EIF1AY,False,True,False,False,True,False,2,True
EIF1B,True,False,False,True,False,False,2,False
EIF2A,True,True,True,True,False,False,4,False
EIF2AK2,True,True,True,True,False,False,4,False
EIF2AK4,True,True,True,False,False,False,3,False
EIF2B1,True,True,True,True,False,False,4,False
EIF2B2,True,True,True,False,False,False,3,False
EIF2B3,True,True,True,True,False,False,4,False
EIF2B4,True,True,True,True,False,False,4,False
EIF2B5,True,True,True,True,True,False,5,True
EIF2D,True,True,True,False,False,False,3,False
EIF2S1,True,True,True,True,True,True,6,True
EIF2S2,True,True,True,True,True,False,5,True
EIF2S3,True,True,True,True,True,True,6,True
EIF2S3B,True,False,True,True,False,False,3,False
EIF3A,True,True,True,True,True,True,6,True
EIF3B,True,True,True,True,True,True,6,True
EIF3C,True,True,True,True,True,False,5,True
EIF3CL,True,True,True,True,False,True,5,False
EIF3D,True,True,True,True,True,True,6,True
EIF3E,True,True,True,True,True,True,6,True
EIF3F,True,True,True,True,False,True,5,False
EIF3G,True,True,True,True,True,True,6,True
EIF3H,True,True,True,True,True,True,6,True
EIF3I,True,True,True,True,True,True,6,True
EIF3J,True,True,True,True,True,False,5,True
EIF3K,True,True,True,True,True,False,5,True
EIF3L,True,True,True,True,True,True,6,True
EIF3M,True,True,True,True,True,True,6,True
EIF4A1,True,True,True,True,True,True,6,True
EIF4A2,True,True,True,True,False,True,5,False
EIF4A3,True,True,True,True,True,True,6,True
EIF4B,True,True,True,True,True,True,6,True
EIF4E,True,True,True,True,False,False,4,False
EIF4E2,False,True,False,False,False,False,1,False
EIF4EBP1,True,True,True,False,True,False,4,True
EIF4ENIF1,True,True,True,False,False,False,3,False
EIF4G1,True,True,True,True,True,True,6,True
EIF4G2,True,True,True,True,True,False,5,True
EIF4G3,True,True,True,False,False,False,3,False
EIF4H,True,True,True,True,True,True,6,True
EIF5,True,True,True,True,True,True,6,True
EIF5A,True,True,True,True,True,True,6,True
EIF5A2,True,False,True,False,False,False,2,False
EIF5AL1,True,False,True,False,False,False,2,False
EIF5B,True,True,True,True,True,False,5,True
EIF6,True,True,True,True,True,False,5,True
EIPR1,True,True,True,False,False,False,3,False
ELAC2,True,True,True,False,False,False,3,False
ELANE,False,True,False,True,True,True,4,True
ELAPOR1,False,False,False,False,True,False,1,True
ELAVL1,True,True,True,True,True,True,6,True
ELAVL2,False,True,False,False,False,False,1,False
ELAVL4,False,True,False,False,False,False,1,False
ELL,True,False,True,False,False,False,2,False
ELMO1,False,False,False,True,False,True,2,False
ELMO2,True,True,True,False,False,True,4,False
ELMO3,False,False,False,False,True,False,1,True
ELMOD1,False,True,False,False,False,False,1,False
ELMOD2,True,True,True,True,False,False,4,False
ELOA,True,True,True,False,False,False,3,False
ELOB,True,True,True,True,True,True,6,True
ELOC,True,True,True,True,True,False,5,True
ELOF1,True,False,True,False,False,False,2,False
ELOVL1,True,True,True,False,False,False,3,False
ELOVL5,False,True,True,False,False,False,2,False
ELP1,True,True,True,False,True,False,4,True
ELP2,True,True,True,False,False,False,3,False
ELP3,True,True,True,False,False,False,3,False
ELP4,True,False,True,False,False,False,2,False
ELP5,True,False,True,False,False,False,2,False
ELP6,True,False,True,False,True,False,3,True
EMC1,True,True,True,True,False,False,4,False
EMC10,False,True,False,False,False,False,1,False
EMC2,True,True,True,True,False,False,4,False
EMC3,True,True,True,False,False,False,3,False
EMC4,True,True,True,False,False,False,3,False
EMC6,True,True,True,False,False,False,3,False
EMC7,True,True,True,False,False,False,3,False
EMC8,True,True,True,True,False,False,4,False
EMC9,False,False,True,False,False,False,1,False
EMD,True,True,True,True,True,False,5,True
EME1,True,False,True,False,False,False,2,False
EMG1,True,True,True,False,False,False,3,False
EMILIN1,False,False,False,True,True,False,2,True
EML1,True,True,True,True,False,False,4,False
EML2,True,True,True,True,False,True,5,False
EML3,True,True,True,True,False,False,4,False
EML4,True,True,True,True,False,False,4,False
EML5,False,False,False,False,True,False,1,True
EML6,False,False,False,False,True,False,1,True
EMSY,True,False,True,False,True,False,3,True
ENAH,True,True,True,False,False,False,3,False
ENDOD1,False,True,False,True,False,False,2,False
ENDOG,False,True,False,False,False,False,1,False
ENDOU,False,True,False,False,False,False,1,False
ENG,True,True,True,False,False,False,3,False
ENGASE,True,False,True,False,False,False,2,False
ENO1,True,True,True,True,True,True,6,True
ENO2,True,True,True,True,False,False,4,False
ENO3,True,True,True,True,False,False,4,False
ENOPH1,True,True,True,True,False,False,4,False
ENOSF1,True,False,True,False,True,False,3,True
ENPP4,False,True,False,True,False,False,2,False
ENPP7,False,True,False,False,False,False,1,False
ENSA,False,True,False,True,False,False,2,False
ENTPD1,False,False,False,False,True,False,1,True
ENTPD5,True,False,False,False,False,False,1,False
ENTR1,False,False,True,False,False,False,1,False
ENY2,True,True,True,False,True,False,4,True
EOGT,True,False,True,False,False,False,2,False
EOMES,False,False,False,False,True,False,1,True
EP300,True,True,True,True,False,False,4,False
EP400,True,True,True,False,False,False,3,False
EPAS1,False,False,False,False,True,False,1,True
EPB41,True,False,True,True,True,False,4,True
EPB41L1,True,True,True,True,False,False,4,False
EPB41L2,True,True,True,True,False,False,4,False
EPB41L3,False,True,False,True,False,False,2,False
EPC2,False,False,False,False,True,False,1,True
EPCAM,True,True,False,False,False,False,2,False
EPDR1,True,False,True,False,False,False,2,False
EPHA2,True,True,True,False,True,False,4,True
EPHA7,False,False,False,True,False,False,1,False
EPHB2,False,True,True,True,False,False,3,False
EPHB4,True,False,True,False,True,False,3,True
EPHX1,True,True,True,False,True,False,4,True
EPHX3,False,False,False,True,False,False,1,False
EPM2AIP1,True,False,True,True,False,False,3,False
EPN1,True,True,True,False,False,False,3,False
EPN2,False,True,True,False,False,False,2,False
EPN3,False,True,False,False,False,False,1,False
EPPK1,True,True,True,True,False,False,4,False
EPRS1,True,True,True,True,True,True,6,True
EPS15,True,True,True,True,False,True,5,False
EPS15L1,True,True,True,True,False,False,4,False
EPS8,False,True,False,False,False,False,1,False
EPS8L1,False,True,False,True,False,False,2,False
EPS8L2,True,True,True,False,False,False,3,False
EPS8L3,False,False,False,False,True,False,1,True
EPX,False,False,False,True,False,True,2,False
ERAL1,True,True,True,False,False,False,3,False
ERAP1,True,True,True,True,False,True,5,False
ERAP2,False,False,False,True,True,True,3,True
ERBB2,False,True,False,False,False,False,1,False
ERBB3,False,True,False,False,False,False,1,False
ERBB4,False,True,True,False,False,False,2,False
ERBIN,True,True,True,False,False,False,3,False
ERC1,True,True,True,False,False,False,3,False
ERCC1,True,True,True,False,False,False,3,False
ERCC2,True,True,True,False,False,False,3,False
ERCC3,True,True,True,False,False,False,3,False
ERCC4,True,True,True,False,False,False,3,False
ERCC5,True,True,True,False,True,False,4,True
ERCC6,True,False,True,False,True,False,3,True
ERCC6L,True,True,True,False,False,False,3,False
ERCC6L2,False,False,True,False,False,False,1,False
ERF,False,True,False,False,False,False,1,False
ERG28,False,True,True,True,False,False,3,False
ERGIC1,True,True,True,True,False,True,5,False
ERGIC2,True,False,True,False,False,False,2,False
ERGIC3,True,True,True,False,False,False,3,False
ERH,True,True,True,True,True,True,6,True
ERI1,True,True,True,False,False,False,3,False
ERI3,True,True,True,False,False,False,3,False
ERICH1,False,False,False,False,True,False,1,True
ERICH3,False,False,False,False,True,False,1,True
ERICH6B,False,False,False,False,True,False,1,True
ERLEC1,True,True,True,False,True,False,4,True
ERLIN1,True,True,True,False,False,False,3,False
ERLIN2,True,True,True,True,False,True,5,False
ERMP1,True,True,True,True,False,True,5,False
ERO1A,True,True,True,True,False,True,5,False
ERP29,True,True,True,True,True,True,6,True
ERP44,True,True,True,True,True,True,6,True
ERRFI1,False,True,False,False,False,False,1,False
ESAM,False,False,False,True,False,False,1,False
ESCO2,True,True,True,False,False,False,3,False
ESD,True,True,True,True,True,True,6,True
ESF1,True,True,True,False,True,False,4,True
ESPL1,False,False,False,False,True,False,1,True
ESRP1,True,False,False,False,False,False,1,False
ESRP2,True,False,True,False,False,False,2,False
ESS2,True,False,True,False,False,False,2,False
ESYT1,True,True,True,True,False,True,5,False
ESYT2,True,True,True,True,False,True,5,False
ETAA1,True,False,False,False,True,False,2,True
ETF1,True,True,True,True,False,True,5,False
ETFA,True,True,True,True,True,True,6,True
ETFB,True,True,True,True,True,True,6,True
ETFDH,True,True,True,False,False,False,3,False
ETHE1,True,True,True,True,True,True,6,True
ETS2,True,False,True,False,False,False,2,False
ETV6,False,False,False,False,True,False,1,True
EVC2,False,False,False,False,True,False,1,True
EVI2B,False,False,False,True,False,True,2,False
EVI5,True,False,True,False,False,False,2,False
EVL,False,False,False,True,False,True,2,False
EVPL,True,True,True,True,False,False,4,False
EWSR1,True,True,True,True,True,True,6,True
EXD1,False,False,False,False,True,False,1,True
EXD2,True,True,True,False,False,False,3,False
EXD3,False,False,False,False,True,False,1,True
EXO1,False,True,False,False,False,False,1,False
EXOC1,True,True,True,True,False,False,4,False
EXOC2,True,True,True,True,False,False,4,False
EXOC3,True,True,True,True,False,False,4,False
EXOC4,True,True,True,True,False,False,4,False
EXOC5,True,True,True,False,True,False,4,True
EXOC6,True,True,True,False,False,False,3,False
EXOC6B,True,True,True,False,True,False,4,True
EXOC7,True,True,True,False,False,False,3,False
EXOC8,True,True,True,False,False,False,3,False
EXOG,True,False,True,False,False,False,2,False
EXOSC1,True,True,True,False,False,False,3,False
EXOSC10,True,True,True,True,False,False,4,False
EXOSC2,True,True,True,True,False,False,4,False
EXOSC3,True,True,True,False,False,False,3,False
EXOSC4,True,True,True,True,False,False,4,False
EXOSC5,True,True,True,False,False,False,3,False
EXOSC6,True,True,True,False,False,False,3,False
EXOSC7,True,True,True,False,False,False,3,False
EXOSC8,True,True,True,False,False,False,3,False
EXOSC9,True,True,True,False,False,True,4,False
EXTL2,False,True,False,False,False,False,1,False
EXTL3,False,True,False,False,False,False,1,False
EYA1,False,False,False,False,True,False,1,True
EYA3,True,False,True,False,False,False,2,False
EYA4,False,False,True,False,False,False,1,False
EYS,False,True,False,False,False,False,1,False
EZH2,True,True,True,False,False,False,3,False
EZR,True,True,True,True,True,True,6,True
F10,False,False,True,False,False,False,1,False
F11,True,False,True,False,False,False,2,False
F11R,True,True,True,True,False,False,4,False
F13A1,True,False,True,True,False,True,4,False
F13B,False,False,True,False,False,False,1,False
F2,True,False,True,False,False,False,2,False
F3,True,False,False,False,False,False,1,False
F5,True,True,True,True,False,False,4,False
F8,False,True,False,False,False,False,1,False
F8A1,False,False,True,False,False,False,1,False
F9,True,False,True,False,False,False,2,False
FA2H,False,True,False,False,False,False,1,False
FABP1,True,False,True,False,False,False,2,False
FABP3,False,True,False,False,False,False,1,False
FABP4,False,True,False,True,True,False,3,True
FABP5,True,True,True,True,True,True,6,True
FABP7,False,False,False,True,False,False,1,False
FADS1,True,True,True,False,False,False,3,False
FADS2,False,True,False,False,False,False,1,False
FADS3,True,False,True,False,False,False,2,False
FAF1,True,True,True,False,False,False,3,False
FAF2,True,True,True,True,False,False,4,False
FAH,True,True,True,True,True,False,5,True
FAHD1,True,True,True,False,False,False,3,False
FAHD2A,True,True,True,False,False,False,3,False
FAIM,True,False,True,False,False,False,2,False
FAM107B,True,True,True,True,False,False,4,False
FAM110D,False,False,False,False,True,False,1,True
FAM111A,True,False,True,False,False,False,2,False
FAM111B,True,False,True,False,True,False,3,True
FAM114A1,True,True,True,False,False,False,3,False
FAM114A2,True,True,True,True,False,False,4,False
FAM117B,False,False,False,False,True,False,1,True
FAM120A,True,True,True,True,False,True,5,False
FAM120B,True,False,True,False,False,False,2,False
FAM120C,True,True,True,False,False,False,3,False
FAM133A,True,True,True,False,False,False,3,False
FAM133B,True,True,True,False,False,False,3,False
FAM136A,True,True,True,False,False,False,3,False
FAM149B1,False,False,False,False,True,False,1,True
FAM162A,True,True,True,True,False,False,4,False
FAM169A,False,True,False,True,False,False,2,False
FAM171B,False,False,False,False,True,False,1,True
FAM172A,True,False,True,False,False,False,2,False
FAM177A1,True,True,True,False,False,False,3,False
FAM180B,False,False,False,False,True,False,1,True
FAM184A,False,False,False,False,True,False,1,True
FAM184B,False,False,False,False,True,False,1,True
FAM193A,False,False,True,False,False,False,1,False
FAM20B,True,True,True,False,False,False,3,False
FAM210A,False,False,True,False,False,False,1,False
FAM210B,False,True,False,False,False,False,1,False
FAM234A,True,False,True,False,False,False,2,False
FAM234B,False,False,True,False,False,False,1,False
FAM24B,False,False,False,False,True,False,1,True
FAM25A,False,True,False,False,False,False,1,False
FAM25C,False,True,False,False,False,False,1,False
FAM25G,False,True,False,False,False,False,1,False
FAM32A,False,False,True,False,False,False,1,False
FAM3A,False,True,False,False,False,False,1,False
FAM3C,True,True,True,True,True,False,5,True
FAM47A,False,True,False,False,True,False,2,True
FAM47C,False,True,False,False,False,False,1,False
FAM50A,True,True,True,False,False,False,3,False
FAM53C,False,False,True,False,False,False,1,False
FAM76A,True,False,False,False,False,False,1,False
FAM76B,True,False,False,False,False,False,1,False
FAM83A,False,False,True,False,False,False,1,False
FAM83B,True,False,True,False,False,False,2,False
FAM83D,True,True,True,False,False,False,3,False
FAM83H,True,True,True,True,False,False,4,False
FAM8A1,True,False,True,False,False,False,2,False
FAM91A1,True,True,True,False,False,False,3,False
FAM98A,True,True,True,False,False,False,3,False
FAM98B,True,True,True,True,False,False,4,False
FAM98C,True,False,False,False,False,False,1,False
FANCB,True,False,False,False,True,False,2,True
FANCD2,True,True,True,False,False,False,3,False
FANCG,True,False,True,False,False,False,2,False
FANCI,True,True,True,False,False,False,3,False
FANCM,True,False,False,False,False,False,1,False
FANK1,False,False,False,False,True,False,1,True
FAP,False,False,False,False,True,False,1,True
FAR1,True,True,True,False,True,False,4,True
FARP1,False,False,False,True,False,False,1,False
FARP2,True,False,True,False,False,False,2,False
FARS2,True,True,True,False,True,False,4,True
FARSA,True,True,True,True,True,False,5,True
FARSB,True,True,True,True,True,True,6,True
FAS,True,False,True,False,False,False,2,False
FASN,True,True,True,True,True,False,5,True
FASTKD1,False,False,False,False,True,False,1,True
FASTKD2,True,True,True,False,False,False,3,False
FASTKD3,True,False,False,False,False,False,1,False
FASTKD5,True,True,True,False,False,False,3,False
FAT1,True,True,True,False,False,False,3,False
FAT2,False,False,False,False,True,False,1,True
FAT4,False,False,True,False,True,False,2,True
FATE1,False,False,False,False,True,False,1,True
FAU,False,True,True,False,True,True,4,True
FBL,True,True,True,True,True,True,6,True
FBLIM1,False,True,False,False,True,False,2,True
FBLL1,False,False,True,False,False,False,1,False
FBLN1,True,False,True,True,False,False,3,False
FBLN5,False,True,False,False,False,False,1,False
FBN2,False,False,False,False,True,False,1,True
FBP1,False,True,True,True,False,False,3,False
FBP2,False,True,True,True,False,False,3,False
FBRS,False,False,False,False,True,False,1,True
FBRSL1,False,False,True,False,True,False,2,True
FBXL12,True,False,True,False,False,False,2,False
FBXL15,False,False,True,False,False,False,1,False
FBXL18,True,True,True,False,False,False,3,False
FBXL20,True,False,True,False,False,False,2,False
FBXL3,True,True,True,False,False,False,3,False
FBXO10,False,False,False,False,True,False,1,True
FBXO11,True,False,False,False,False,False,1,False
FBXO17,False,True,False,False,False,False,1,False
FBXO2,False,False,True,False,False,False,1,False
FBXO22,True,True,True,False,True,False,4,True
FBXO3,True,False,True,False,False,False,2,False
FBXO30,True,False,False,False,False,False,1,False
FBXO38,True,False,True,False,False,False,2,False
FBXO4,True,False,True,False,False,False,2,False
FBXO5,False,False,False,False,True,False,1,True
FBXO6,False,True,False,False,False,False,1,False
FBXO7,True,False,True,False,False,False,2,False
FBXO9,True,False,False,False,False,False,1,False
FBXW10,False,False,False,False,True,False,1,True
FBXW11,True,False,True,False,False,False,2,False
FCER1G,False,False,False,True,True,True,3,True
FCER2,False,False,False,False,True,False,1,True
FCF1,True,False,True,False,False,False,2,False
FCGBP,False,True,False,True,False,False,2,False
FCGR1A,False,False,False,True,False,True,2,False
FCGR2A,False,False,False,True,False,False,1,False
FCGR2C,False,False,False,True,False,False,1,False
FCGR3A,False,False,False,True,False,True,2,False
FCGR3B,False,False,False,True,True,False,2,True
FCHO2,True,True,True,False,False,False,3,False
FCHSD2,True,False,False,True,False,False,2,False
FCMR,False,False,False,False,True,False,1,True
FCN1,False,False,False,True,False,True,2,False
FCSK,True,False,False,False,False,False,1,False
FDCSP,False,True,False,False,False,False,1,False
FDFT1,True,True,True,False,True,False,4,True
FDPS,True,True,True,True,True,True,6,True
FDX1,True,True,True,False,False,False,3,False
FDXR,True,True,True,True,True,False,5,True
FECH,True,True,True,False,True,True,5,True
FEM1B,True,True,False,False,True,False,3,True
FEN1,True,True,True,True,True,True,6,True
FER,True,False,True,False,False,False,2,False
FER1L6,False,False,False,False,True,False,1,True
FERMT1,True,True,True,False,False,False,3,False
FERMT2,True,True,True,False,False,False,3,False
FERMT3,True,True,True,True,True,True,6,True
FES,False,False,False,True,False,False,1,False
FETUB,False,False,False,True,False,False,1,False
FEZ2,True,False,True,False,False,False,2,False
FGA,True,True,True,True,False,True,5,False
FGB,True,True,True,True,True,False,5,True
FGD4,True,False,False,False,False,False,1,False
FGD6,False,True,False,False,True,False,2,True
FGF11,False,False,False,False,True,False,1,True
FGF16,False,False,False,False,True,False,1,True
FGF2,True,True,True,False,False,False,3,False
FGFR1,False,True,False,False,False,False,1,False
FGFR1OP2,True,False,False,False,False,False,1,False
FGFR3,False,True,False,False,False,False,1,False
FGFR4,False,True,False,False,False,False,1,False
FGG,False,True,True,True,False,False,3,False
FGL2,False,False,False,False,False,True,1,False
FGR,False,False,False,True,False,True,2,False
FH,True,True,True,True,True,True,6,True
FHAD1,False,True,False,False,False,False,1,False
FHDC1,False,True,False,False,True,False,2,True
FHIP1B,True,False,True,False,False,False,2,False
FHIP2A,True,True,True,False,False,False,3,False
FHIP2B,False,False,True,False,False,False,1,False
FHL1,True,True,True,True,False,False,4,False
FHL2,True,True,True,False,False,False,3,False
FHL3,True,False,True,False,False,False,2,False
FHL5,False,False,False,False,True,False,1,True
FHOD1,True,True,True,False,False,False,3,False
FIBP,False,True,True,False,False,False,2,False
FIGNL1,False,False,False,False,True,False,1,True
FILIP1,False,False,False,False,True,False,1,True
FIP1L1,True,True,True,False,True,False,4,True
FIS1,True,True,True,True,False,True,5,False
FITM2,True,False,True,False,False,False,2,False
FIZ1,False,False,True,False,False,False,1,False
FKBP10,True,True,True,False,False,False,3,False
FKBP11,True,True,True,True,False,False,4,False
FKBP15,True,True,True,True,False,True,5,False
FKBP1A,True,True,True,True,True,True,6,True
FKBP1B,True,False,False,False,False,False,1,False
FKBP2,True,True,True,True,False,True,5,False
FKBP3,True,True,True,True,True,False,5,True
FKBP4,True,True,True,True,True,False,5,True
FKBP5,True,True,True,True,True,True,6,True
FKBP8,True,True,True,False,False,False,3,False
FKBP9,True,True,True,False,False,False,3,False
FKBPL,True,False,True,False,False,False,2,False
FKRP,False,True,False,False,False,False,1,False
FLACC1,False,False,False,False,True,False,1,True
FLAD1,True,True,True,False,False,False,3,False
FLG,False,True,False,True,True,True,4,True
FLG2,False,True,False,True,False,True,3,False
FLI1,False,False,False,True,False,False,1,False
FLII,True,True,True,True,False,True,5,False
FLNA,True,True,True,True,True,True,6,True
FLNB,True,True,True,True,True,True,6,True
FLOT1,True,True,True,True,False,True,5,False
FLOT2,True,True,True,True,False,True,5,False
FLVCR1,True,True,True,False,False,False,3,False
FLVCR2,True,False,False,False,False,False,1,False
FLYWCH2,True,True,True,False,False,False,3,False
FMC1,True,True,True,True,False,False,4,False
FMN1,False,False,False,False,True,False,1,True
FMNL1,True,True,True,True,True,True,6,True
FMNL2,True,True,True,False,False,False,3,False
FMO1,False,False,False,True,True,False,2,True
FMOD,True,True,True,False,False,False,3,False
FMR1,True,True,True,False,False,False,3,False
FN1,True,True,True,True,False,True,5,False
FN3KRP,True,True,True,True,False,False,4,False
FNBP1,True,True,True,True,False,True,5,False
FNBP1L,True,True,True,False,True,False,4,True
FNBP4,True,True,True,False,False,False,3,False
FNDC3A,True,True,True,False,False,False,3,False
FNDC3B,True,False,True,False,False,False,2,False
FNTA,True,True,True,True,False,False,4,False
FNTB,False,True,True,False,False,False,2,False
FOCAD,True,True,True,False,True,False,4,True
FOLR1,True,False,True,True,True,False,4,True
FOSB,True,False,False,False,True,False,2,True
FOSL2,True,False,True,True,False,False,3,False
FOXC1,True,True,True,False,False,False,3,False
FOXG1,False,False,False,False,True,False,1,True
FOXJ3,False,True,True,False,False,False,2,False
FOXK1,True,True,True,False,False,False,3,False
FOXK2,True,True,True,False,False,False,3,False
FOXRED1,True,True,True,False,False,False,3,False
FPGS,True,False,True,False,False,False,2,False
FPGT,True,True,True,False,False,False,3,False
FPR2,False,False,False,True,False,False,1,False
FRA10AC1,True,False,False,False,False,False,1,False
FREM1,False,False,False,False,True,False,1,True
FRG1,True,True,True,False,False,False,3,False
FRMD6,False,True,False,False,False,False,1,False
FRMD8,True,False,True,False,False,False,2,False
FRMPD1,False,False,False,False,True,False,1,True
FRMPD2,False,True,False,False,False,False,1,False
FRMPD3,False,False,False,False,True,False,1,True
FRRS1,False,True,False,False,False,False,1,False
FRY,False,False,False,False,True,False,1,True
FRYL,True,False,True,False,False,False,2,False
FRZB,False,False,False,False,True,False,1,True
FSCN1,True,True,True,True,False,False,4,False
FSD1,False,False,False,True,False,False,1,False
FSHR,False,False,True,False,False,False,1,False
FSIP2,False,False,False,False,True,False,1,True
FSTL3,False,False,True,False,False,False,1,False
FTH1,True,True,True,True,False,False,4,False
FTL,False,False,False,True,True,False,2,True
FTO,True,True,True,False,False,False,3,False
FTSJ1,True,False,True,False,False,False,2,False
FTSJ3,True,True,True,False,True,False,4,True
FUBP1,True,True,True,True,True,True,6,True
FUBP3,True,True,True,True,False,True,5,False
FUCA1,False,True,True,False,False,True,3,False
FUCA2,True,True,True,False,False,False,3,False
FUNDC2,True,True,True,True,False,True,5,False
FURIN,False,True,False,False,False,False,1,False
FUS,True,True,True,False,True,True,5,True
FUT8,False,True,False,True,False,False,2,False
FXN,True,True,True,True,True,True,6,True
FXR1,True,True,True,True,False,False,4,False
FXR2,True,True,True,False,False,False,3,False
FXYD2,False,True,False,False,True,False,2,True
FYB1,False,False,False,True,False,False,1,False
FYB2,False,False,False,False,True,False,1,True
FYCO1,True,True,True,False,True,False,4,True
FYTTD1,True,False,True,True,False,False,3,False
FZD2,False,True,False,False,False,False,1,False
FZD6,False,False,True,False,False,False,1,False
FZD7,False,True,False,False,False,False,1,False
G3BP1,True,True,True,True,True,True,6,True
G3BP2,True,True,True,True,True,False,5,True
G6PC3,True,True,True,False,False,False,3,False
G6PD,True,True,True,True,True,True,6,True
GAA,True,True,True,True,False,True,5,False
GAB4,False,False,True,False,False,False,1,False
GABARAP,False,False,False,True,False,False,1,False
GABARAPL2,False,True,False,True,False,False,2,False
GABPA,True,True,True,True,False,False,4,False
GABPB1,True,True,True,False,False,False,3,False
GABPB2,False,False,True,False,False,False,1,False
GABRR1,False,False,False,False,True,False,1,True
GADD45GIP1,True,True,True,False,False,False,3,False
GADL1,False,False,False,False,True,False,1,True
GAGE1,False,False,True,False,False,False,1,False
GAGE12B,False,False,True,False,False,False,1,False
GAGE12F,False,False,True,False,False,False,1,False
GAGE12G,False,False,True,False,False,False,1,False
GAGE12H,False,False,True,False,False,False,1,False
GAGE12J,False,False,True,False,False,False,1,False
GAGE13,False,False,True,False,False,False,1,False
GAGE2E,False,False,True,False,False,False,1,False
GAK,True,True,True,True,True,False,5,True
GAL,False,False,True,False,False,False,1,False
GAL3ST1,False,False,False,False,True,False,1,True
GAL3ST2,False,False,False,False,True,False,1,True
GALC,False,True,False,True,False,False,2,False
GALE,True,True,True,True,False,False,4,False
GALK1,True,True,True,True,False,True,5,False
GALK2,True,False,True,False,False,False,2,False
GALM,True,True,True,True,False,False,4,False
GALNS,True,True,True,True,False,False,4,False
GALNT1,True,True,True,False,True,False,4,True
GALNT10,False,True,True,False,False,False,2,False
GALNT12,False,True,False,False,False,False,1,False
GALNT14,False,True,False,False,False,False,1,False
GALNT16,False,True,False,False,False,False,1,False
GALNT2,True,True,True,True,False,False,4,False
GALNT7,True,True,True,False,False,False,3,False
GAMT,False,False,True,False,False,False,1,False
GAN,True,True,True,False,True,False,4,True
GANAB,True,True,True,True,True,True,6,True
GAP43,False,False,False,True,False,False,1,False
GAPDH,True,True,True,True,True,True,6,True
GAPDHS,False,True,False,False,False,False,1,False
GAPVD1,True,True,True,False,False,False,3,False
GAR1,True,True,True,True,False,True,5,False
GARRE1,False,False,False,False,True,False,1,True
GARS1,True,True,True,True,True,True,6,True
GART,True,True,True,True,True,True,6,True
GAS2,False,False,False,False,True,False,1,True
GAS2L3,False,False,False,False,True,False,1,True
GATAD1,True,False,True,False,False,False,2,False
GATAD2A,True,True,True,True,False,False,4,False
GATAD2B,True,True,True,False,False,False,3,False
GATC,True,True,False,False,False,False,2,False
GATD1,True,True,True,False,False,False,3,False
GATD3,True,True,True,True,True,False,5,True
GATM,False,True,False,False,False,False,1,False
GBA2,False,True,False,False,False,False,1,False
GBE1,True,True,True,True,True,False,5,True
GBF1,True,True,True,False,False,False,3,False
GBP1,True,False,True,True,False,True,4,False
GBP2,True,False,False,True,False,False,2,False
GBP5,False,False,False,True,False,False,1,False
GBP6,False,False,False,True,False,False,1,False
GBP7,False,False,False,False,True,False,1,True
GC,True,True,False,False,False,False,2,False
GCA,False,True,False,True,False,True,3,False
GCC1,True,False,False,False,True,False,2,True
GCC2,True,True,True,False,True,False,4,True
GCDH,False,False,True,True,False,True,3,False
GCFC2,False,False,False,False,True,False,1,True
GCGR,False,False,False,False,True,False,1,True
GCHFR,True,True,True,True,False,False,4,False
GCLC,True,True,True,False,False,False,3,False
GCLM,True,True,True,False,False,False,3,False
GCN1,True,True,True,True,True,True,6,True
GCNT3,False,True,False,False,False,False,1,False
GCSH,True,True,True,False,False,False,3,False
GDA,True,True,True,True,False,False,4,False
GDAP1,True,True,True,False,False,False,3,False
GDAP2,True,False,True,False,False,False,2,False
GDE1,True,False,True,False,False,False,2,False
GDF11,False,False,False,False,True,False,1,True
GDF15,True,True,True,False,False,False,3,False
GDI1,True,True,True,True,False,False,4,False
GDI2,True,True,True,True,True,True,6,True
GDPD1,True,False,True,False,False,False,2,False
GDPD2,False,False,False,False,True,False,1,True
GDPD3,True,True,True,False,False,False,3,False
GDPD4,False,False,False,False,True,False,1,True
GEMIN2,True,True,True,False,True,False,4,True
GEMIN4,True,True,True,False,False,False,3,False
GEMIN5,True,True,True,False,False,False,3,False
GEMIN6,True,True,True,False,False,False,3,False
GEMIN7,True,False,True,False,False,False,2,False
GEMIN8,True,False,True,False,False,False,2,False
GET3,True,True,True,True,True,True,6,True
GET4,True,True,True,False,False,False,3,False
GFM1,True,True,True,True,False,False,4,False
GFM2,True,True,True,False,False,False,3,False
GFOD2,False,False,False,False,True,False,1,True
GFPT1,True,True,True,True,False,False,4,False
GFPT2,False,True,False,False,False,False,1,False
GFRA2,False,False,False,False,True,False,1,True
GFUS,True,True,True,True,True,False,5,True
GGA1,True,True,True,False,False,False,3,False
GGA2,False,True,False,True,False,False,2,False
GGA3,True,True,True,False,True,False,4,True
GGACT,False,True,False,False,False,False,1,False
GGCT,True,True,True,True,True,True,6,True
GGCX,True,False,True,False,False,False,2,False
GGH,True,True,True,True,False,True,5,False
GGPS1,True,False,True,False,False,False,2,False
GGT1,False,True,False,False,False,False,1,False
GHDC,True,True,True,False,False,False,3,False
GHITM,True,True,True,True,False,False,4,False
GHRHR,False,False,False,False,True,False,1,True
GID4,False,True,False,False,False,False,1,False
GID8,False,False,True,False,False,False,1,False
GIGYF1,False,True,False,False,False,False,1,False
GIGYF2,True,True,True,False,False,False,3,False
GIMAP1,False,False,False,True,False,True,2,False
GIMAP4,False,False,False,True,False,True,2,False
GIMAP5,False,False,False,True,False,True,2,False
GIMAP6,False,False,False,True,False,False,1,False
GIMAP7,False,False,False,True,False,False,1,False
GIMAP8,False,False,False,True,True,True,3,True
GIN1,False,False,False,False,True,False,1,True
GINS1,True,True,True,False,False,False,3,False
GINS2,True,False,False,False,False,False,1,False
GINS3,True,True,True,False,False,False,3,False
GINS4,True,True,True,False,False,False,3,False
GIPC1,True,True,True,False,False,False,3,False
GIPC3,False,False,False,False,True,False,1,True
GIT1,True,True,True,True,False,False,4,False
GIT2,True,True,True,True,False,True,5,False
GJA1,False,True,False,False,False,False,1,False
GJA5,False,True,False,False,False,False,1,False
GJA8,False,False,False,False,True,False,1,True
GK,True,False,True,False,False,False,2,False
GKAP1,True,True,True,False,False,False,3,False
GLA,True,True,True,True,False,False,4,False
GLB1,True,True,True,True,False,True,5,False
GLB1L,False,False,False,False,True,False,1,True
GLCCI1,False,False,True,False,False,False,1,False
GLCE,False,True,False,False,False,False,1,False
GLDC,False,True,False,False,False,False,1,False
GLE1,True,True,True,False,False,False,3,False
GLG1,True,True,True,True,False,True,5,False
GLIPR2,False,True,False,True,False,True,3,False
GLMN,True,True,True,False,False,False,3,False
GLMP,True,False,True,False,False,False,2,False
GLO1,True,True,True,True,True,True,6,True
GLOD4,True,True,True,True,True,True,6,True
GLRX,True,True,True,True,False,True,5,False
GLRX3,True,True,True,True,False,True,5,False
GLRX5,True,True,True,False,False,True,4,False
GLS,True,True,True,True,False,True,5,False
GLT8D1,True,False,True,False,False,False,2,False
GLTP,True,True,True,True,False,False,4,False
GLUD1,True,True,True,True,True,True,6,True
GLUL,False,True,False,True,True,False,3,True
GLYR1,True,True,True,False,False,True,4,False
GM2A,False,True,False,True,False,True,3,False
GMDS,True,True,True,True,True,False,5,True
GMEB1,True,False,True,True,False,False,3,False
GMEB2,True,False,True,True,False,False,3,False
GMFB,True,True,True,True,False,False,4,False
GMFG,False,False,False,True,True,True,3,True
GMIP,True,False,False,True,False,False,2,False
GMNN,True,True,True,False,False,False,3,False
GMPPA,True,True,True,True,False,False,4,False
GMPPB,True,True,True,True,False,False,4,False
GMPR2,True,True,True,True,False,False,4,False
GMPS,True,True,True,True,True,True,6,True
GNA11,True,True,True,False,False,False,3,False
GNA13,True,True,True,True,False,True,5,False
GNA15,False,True,False,False,False,False,1,False
GNAI1,False,True,False,False,False,False,1,False
GNAI2,True,True,True,True,True,True,6,True
GNAI3,True,True,True,False,False,True,4,False
GNAO1,False,False,False,True,False,False,1,False
GNAQ,True,True,True,True,False,False,4,False
GNAS,True,True,True,True,False,False,4,False
GNB1,True,True,True,True,False,True,5,False
GNB1L,False,True,False,False,False,False,1,False
GNB2,True,True,True,True,False,True,5,False
GNB4,False,True,True,True,True,False,4,True
GNE,True,True,True,False,False,False,3,False
GNG10,True,False,True,False,False,False,2,False
GNG11,False,False,False,False,True,False,1,True
GNG12,False,True,False,True,False,False,2,False
GNG2,False,False,False,True,False,True,2,False
GNG5,True,True,True,True,True,True,6,True
GNL1,True,True,True,True,False,False,4,False
GNL2,True,True,True,False,False,False,3,False
GNL3,True,True,True,True,False,False,4,False
GNL3L,True,True,True,False,True,False,4,True
GNPAT,True,True,True,False,False,False,3,False
GNPDA1,True,True,True,True,False,False,4,False
GNPDA2,False,True,True,False,False,False,2,False
GNPNAT1,True,True,True,False,False,False,3,False
GNPTAB,False,False,False,False,True,False,1,True
GNS,True,True,True,True,True,True,6,True
GOLGA1,True,True,True,False,False,False,3,False
GOLGA2,True,True,True,False,False,False,3,False
GOLGA3,True,True,True,True,True,False,5,True
GOLGA4,True,True,True,False,False,False,3,False
GOLGA5,True,True,True,False,False,False,3,False
GOLGA6L2,False,False,False,False,True,False,1,True
GOLGA7,True,True,True,False,False,False,3,False
GOLGB1,True,True,True,False,True,False,4,True
GOLIM4,True,True,True,False,False,False,3,False
GOLM1,True,True,True,False,False,False,3,False
GOLM2,True,True,True,False,False,False,3,False
GOLPH3,True,True,True,False,False,False,3,False
GOLPH3L,True,False,True,False,False,False,2,False
GOLT1A,False,False,False,False,True,False,1,True
GOLT1B,True,True,True,False,False,False,3,False
GON4L,True,False,True,False,False,False,2,False
GON7,True,False,True,False,False,False,2,False
GOPC,True,True,True,False,False,False,3,False
GORAB,False,False,False,False,True,False,1,True
GORASP2,True,True,True,True,True,False,5,True
GOSR1,True,True,True,False,False,False,3,False
GOSR2,True,True,True,False,False,False,3,False
GOT1,True,True,True,True,False,False,4,False
GOT2,True,True,True,True,True,True,6,True
GP1BA,False,False,False,True,False,False,1,False
GP1BB,False,False,False,True,False,False,1,False
GP2,False,True,False,False,False,False,1,False
GP5,False,False,False,True,False,False,1,False
GP6,False,False,False,True,False,False,1,False
GP9,False,False,False,True,False,False,1,False
GPA33,False,False,False,True,False,False,1,False
GPAA1,True,True,True,False,False,False,3,False
GPALPP1,True,False,True,False,False,False,2,False
GPAM,True,False,False,False,False,False,1,False
GPAT3,True,True,False,False,True,False,3,True
GPAT4,True,True,True,False,False,False,3,False
GPATCH1,False,True,False,False,False,False,1,False
GPATCH11,True,False,True,False,False,False,2,False
GPATCH2L,True,False,False,False,False,False,1,False
GPATCH4,True,True,True,False,False,False,3,False
GPATCH8,True,True,True,False,False,False,3,False
GPC1,True,True,True,False,False,False,3,False
GPC6,False,True,False,False,False,False,1,False
GPCPD1,False,True,False,False,True,False,2,True
GPD1,False,False,False,True,False,False,1,False
GPD1L,True,True,True,True,False,False,4,False
GPD2,True,True,True,True,False,True,5,False
GPHN,True,True,True,True,False,False,4,False
GPI,True,True,True,True,True,True,6,True
GPIHBP1,False,False,False,False,True,False,1,True
GPKOW,True,True,True,False,False,False,3,False
GPLD1,False,True,False,False,False,False,1,False
GPM6A,False,False,False,True,False,False,1,False
GPN1,True,True,True,False,False,False,3,False
GPN3,True,False,True,False,False,False,2,False
GPNMB,False,True,False,True,True,False,3,True
GPR107,False,True,False,False,False,False,1,False
GPR108,True,True,True,False,True,False,4,True
GPR119,False,False,False,False,True,False,1,True
GPR12,False,False,False,False,True,False,1,True
GPR15,False,False,False,False,True,False,1,True
GPR180,True,False,True,False,True,False,3,True
GPR39,False,True,False,False,False,False,1,False
GPR89A,True,False,True,False,False,False,2,False
GPR89B,True,False,True,False,False,False,2,False
GPRASP1,False,False,False,False,True,False,1,True
GPRC5A,True,True,True,False,False,False,3,False
GPRC5B,False,True,False,False,False,False,1,False
GPRC5C,False,True,False,False,False,False,1,False
GPRIN1,True,False,False,False,False,False,1,False
GPRIN3,False,False,False,False,True,False,1,True
GPS1,True,True,True,True,False,False,4,False
GPS2,True,False,True,False,False,False,2,False
GPSM1,False,False,True,False,False,False,1,False
GPT,False,True,False,False,True,False,2,True
GPT2,False,True,True,False,False,False,2,False
GPX1,True,False,True,True,True,True,5,True
GPX3,True,False,True,False,False,False,2,False
GPX4,True,False,True,True,False,True,4,False
GPX8,True,True,True,False,False,False,3,False
GRAMD1B,True,True,True,False,False,False,3,False
GRAP2,False,False,False,True,False,True,2,False
GRB10,False,False,True,False,False,False,1,False
GRB2,True,True,True,True,True,True,6,True
GRB7,False,True,False,False,False,False,1,False
GREB1L,False,False,False,False,True,False,1,True
GREM2,False,False,False,False,True,False,1,True
GRHPR,True,True,True,True,False,True,5,False
GRIA3,False,False,False,False,True,False,1,True
GRID2,False,False,False,False,True,False,1,True
GRIK3,False,False,False,False,True,False,1,True
GRIN2B,False,False,False,False,True,False,1,True
GRIPAP1,True,True,True,True,True,False,5,True
GRK2,True,True,True,True,False,True,5,False
GRM2,False,True,False,False,False,False,1,False
GRM3,False,False,False,False,True,False,1,True
GRN,True,False,True,False,False,False,2,False
GRPEL1,True,True,True,False,True,True,5,True
GRPEL2,True,False,True,False,False,False,2,False
GRSF1,True,True,True,False,False,False,3,False
GRWD1,True,True,True,False,True,False,4,True
GSDMA,False,True,False,True,False,False,2,False
GSDMC,False,False,False,True,False,False,1,False
GSDMD,True,True,True,False,False,False,3,False
GSDME,True,True,True,False,False,False,3,False
GSK3A,True,True,True,False,False,False,3,False
GSK3B,True,True,True,True,True,False,5,True
GSKIP,True,True,True,False,False,False,3,False
GSN,True,True,True,True,True,True,6,True
GSPT1,True,True,True,True,True,False,5,True
GSPT2,False,True,False,False,False,False,1,False
GSR,True,True,True,True,True,True,6,True
GSS,True,True,True,True,True,True,6,True
GSTA5,True,True,True,False,False,False,3,False
GSTCD,True,False,False,False,False,False,1,False
GSTK1,True,True,True,True,True,True,6,True
GSTM1,False,True,False,False,False,False,1,False
GSTM2,False,False,False,True,False,False,1,False
GSTM3,True,True,True,True,False,False,4,False
GSTM5,False,False,False,True,False,False,1,False
GSTO1,True,True,True,True,True,True,6,True
GSTP1,True,True,True,True,True,True,6,True
GSTT2,True,False,True,False,False,False,2,False
GSTT2B,True,False,True,False,False,False,2,False
GSTZ1,False,False,True,False,False,False,1,False
GTF2A1,True,True,True,False,False,False,3,False
GTF2A2,True,True,True,True,False,False,4,False
GTF2B,True,True,True,False,False,False,3,False
GTF2E1,True,True,True,False,False,False,3,False
GTF2E2,True,True,True,False,False,False,3,False
GTF2F1,True,True,True,False,True,False,4,True
GTF2F2,True,True,True,False,False,False,3,False
GTF2H1,True,False,True,False,False,False,2,False
GTF2H2,True,True,True,False,False,False,3,False
GTF2H2C,True,True,True,False,False,False,3,False
GTF2H4,True,True,True,False,False,False,3,False
GTF2I,True,True,True,True,False,True,5,False
GTF2IRD1,False,False,False,False,True,False,1,True
GTF3A,True,False,True,False,False,False,2,False
GTF3C1,True,True,True,False,False,False,3,False
GTF3C2,True,True,True,False,False,False,3,False
GTF3C3,True,True,True,False,False,False,3,False
GTF3C4,True,True,True,False,True,False,4,True
GTF3C5,False,True,True,True,False,False,3,False
GTPBP1,True,False,True,False,False,False,2,False
GTPBP10,True,True,True,False,False,False,3,False
GTPBP2,True,False,True,False,False,False,2,False
GTPBP3,True,False,True,False,False,False,2,False
GTPBP4,True,True,True,False,False,False,3,False
GTPBP6,True,True,True,False,False,False,3,False
GTPBP8,True,False,False,False,False,False,1,False
GUK1,True,True,True,True,False,False,4,False
GULP1,False,True,False,False,False,False,1,False
GUSB,True,True,True,True,False,False,4,False
GXYLT1,False,False,True,False,False,False,1,False
GYG1,True,True,True,True,False,True,5,False
GYG2,False,False,False,False,True,False,1,True
GYS1,True,True,True,False,False,False,3,False
GYS2,False,True,False,False,True,False,2,True
GZMA,False,False,False,True,False,True,2,False
GZMB,False,False,False,True,False,True,2,False
GZMH,False,False,False,True,False,False,1,False
GZMK,False,False,False,True,False,False,1,False
GZMM,False,False,False,True,False,True,2,False
H1-0,True,True,True,True,True,True,6,True
H1-1,False,False,False,True,False,False,1,False
H1-10,True,True,True,True,True,True,6,True
H1-2,True,True,True,True,True,True,6,True
H1-3,False,True,False,False,True,True,3,True
H1-4,True,True,True,True,True,True,6,True
H1-5,True,True,True,True,True,True,6,True
H1-6,True,False,True,False,False,False,2,False
H1-8,False,False,False,False,True,False,1,True
H2AC1,True,False,True,False,False,False,2,False
H2AC11,True,False,True,False,False,False,2,False
H2AC12,True,False,True,False,False,False,2,False
H2AC14,True,False,True,False,True,False,3,True
H2AC18,True,True,True,False,False,False,3,False
H2AC20,True,True,True,False,False,True,4,False
H2AC21,True,False,True,True,False,False,3,False
H2AC4,True,True,True,True,False,False,4,False
H2AC6,True,False,True,False,True,False,3,True
H2AC7,True,False,True,True,True,False,4,True
H2AJ,True,False,True,False,False,False,2,False
H2AX,True,True,True,True,True,True,6,True
H2AZ1,True,True,True,False,False,True,4,False
H2AZ2,True,True,True,True,True,False,5,True
H2BC11,True,True,True,False,False,False,3,False
H2BC12,True,True,True,False,False,True,4,False
H2BC12L,True,False,True,False,False,False,2,False
H2BC13,True,True,True,True,True,False,5,True
H2BC14,True,True,True,True,False,False,4,False
H2BC15,True,True,True,True,False,False,4,False
H2BC17,True,True,True,False,False,False,3,False
H2BC18,True,True,True,True,False,False,4,False
H2BC20P,False,False,False,False,False,True,1,False
H2BC21,True,True,True,False,True,False,4,True
H2BC3,True,True,True,False,False,False,3,False
H2BC4,True,True,True,True,False,False,4,False
H2BC5,True,True,True,True,False,False,4,False
H2BC9,True,True,True,True,False,False,4,False
H3-3A,True,False,False,True,False,True,3,False
H3-4,True,True,False,False,False,False,2,False
H3-7,False,False,True,False,False,True,2,False
H3C1,True,True,False,True,False,False,3,False
H3C14,False,False,False,False,True,False,1,True
H3C15,True,True,False,True,False,False,3,False
H4C1,True,True,True,True,False,True,5,False
H6PD,True,True,False,True,False,False,3,False
HABP2,True,False,True,False,False,False,2,False
HABP4,False,True,False,False,False,False,1,False
HACD1,False,True,False,False,False,False,1,False
HACD2,True,True,True,False,False,True,4,False
HACD3,True,True,True,False,False,False,3,False
HACL1,True,True,True,False,False,False,3,False
HADH,True,True,True,True,True,True,6,True
HADHA,True,True,True,True,True,True,6,True
HADHB,True,True,True,True,True,True,6,True
HAGH,True,True,True,False,False,False,3,False
HAL,False,True,False,True,False,True,3,False
HAO1,False,False,False,False,True,False,1,True
HAPLN1,False,True,False,True,True,False,3,True
HARBI1,False,False,False,False,True,False,1,True
HARS1,True,True,True,True,False,True,5,False
HARS2,True,True,True,False,False,False,3,False
HAS1,False,False,False,False,True,False,1,True
HASPIN,False,False,True,False,False,False,1,False
HAT1,True,True,True,True,True,False,5,True
HAUS1,True,True,True,False,False,False,3,False
HAUS2,True,True,True,False,False,False,3,False
HAUS3,True,False,True,False,False,False,2,False
HAUS4,True,True,True,False,False,False,3,False
HAUS5,True,True,True,False,False,False,3,False
HAUS6,True,True,True,False,False,False,3,False
HAUS7,False,False,True,False,False,False,1,False
HAUS8,True,True,True,False,False,False,3,False
HAX1,True,True,True,False,False,False,3,False
HBA1,True,True,True,True,True,False,5,True
HBA2,False,False,False,False,False,True,1,False
HBB,True,True,True,True,False,True,5,False
HBD,True,True,True,False,False,False,3,False
HBG1,False,True,False,False,False,False,1,False
HBG2,False,True,False,True,False,False,2,False
HBS1L,True,True,True,False,False,False,3,False
HCCS,True,True,True,False,False,False,3,False
HCFC1,True,True,True,True,False,True,5,False
HCK,False,False,False,True,True,True,3,True
HCLS1,False,False,False,True,True,True,3,True
HDAC1,True,True,True,True,True,True,6,True
HDAC2,True,True,True,True,True,False,5,True
HDAC3,True,False,True,False,False,False,2,False
HDAC4,False,True,False,False,True,False,2,True
HDAC5,False,False,False,False,True,False,1,True
HDAC6,True,True,True,False,False,False,3,False
HDAC7,False,False,True,False,False,False,1,False
HDAC8,True,False,True,False,False,False,2,False
HDDC2,True,True,True,True,False,False,4,False
HDDC3,False,True,True,True,False,False,3,False
HDGF,True,True,True,True,True,True,6,True
HDGFL2,True,True,True,True,False,False,4,False
HDGFL3,True,False,True,True,False,False,3,False
HDHD2,True,True,True,False,False,False,3,False
HDHD3,True,True,True,False,False,False,3,False
HDHD5,True,True,True,True,False,True,5,False
HDLBP,True,True,True,True,True,False,5,True
HEATR1,True,True,True,False,True,False,4,True
HEATR3,True,True,True,False,False,False,3,False
HEATR5A,True,True,True,False,False,False,3,False
HEATR5B,True,True,True,False,False,False,3,False
HEATR6,True,True,True,False,False,False,3,False
HEBP1,False,True,True,True,False,False,3,False
HEBP2,True,True,False,True,False,True,4,False
HECTD1,True,True,True,False,True,False,4,True
HECTD3,True,True,True,True,False,False,4,False
HECW2,False,False,False,False,True,False,1,True
HEG1,False,False,True,False,False,False,1,False
HELLS,True,True,True,False,False,False,3,False
HELQ,False,False,False,False,True,False,1,True
HELZ,True,False,True,False,True,False,3,True
HELZ2,True,True,True,False,False,False,3,False
HEPH,False,False,False,False,True,False,1,True
HEPHL1,False,True,False,False,True,False,2,True
HERC1,True,False,True,False,True,False,3,True
HERC2,True,True,True,False,True,False,4,True
HERC3,False,False,False,False,True,False,1,True
HERC4,True,True,True,False,False,False,3,False
HERC5,False,True,True,False,False,False,2,False
HERPUD1,True,False,True,False,False,False,2,False
HEXA,True,True,True,True,True,True,6,True
HEXB,True,True,True,True,True,True,6,True
HEXIM1,True,True,True,False,False,False,3,False
HEXIM2,True,True,True,False,False,False,3,False
HFE,True,False,True,False,False,False,2,False
HGD,False,True,False,False,False,False,1,False
HGF,True,False,True,False,False,False,2,False
HGFAC,False,True,False,False,False,False,1,False
HGH1,True,True,True,False,False,False,3,False
HGS,True,True,True,True,False,True,5,False
HIBADH,True,True,True,False,False,True,4,False
HIBCH,True,True,True,True,False,False,4,False
HIF1AN,True,True,True,False,False,False,3,False
HIKESHI,True,True,True,False,False,False,3,False
HILPDA,False,True,True,False,False,False,2,False
HINT1,True,True,True,True,False,True,5,False
HINT2,True,True,True,True,False,True,5,False
HINT3,True,True,True,False,False,False,3,False
HIP1,True,True,True,True,False,False,4,False
HIP1R,True,True,True,True,False,False,4,False
HIPK1,False,False,False,False,True,False,1,True
HIRA,True,False,True,False,False,False,2,False
HIRIP3,True,False,True,False,False,False,2,False
HIVEP3,False,False,False,False,True,False,1,True
HJURP,False,True,False,False,False,False,1,False
HK1,True,True,True,True,True,True,6,True
HK2,True,True,True,True,False,False,4,False
HK3,False,False,False,True,False,True,2,False
HKDC1,False,True,False,False,False,False,1,False
HLA-A,True,True,True,True,False,True,5,False
HLA-B,False,True,True,True,False,True,4,False
HLA-C,True,False,True,True,False,True,4,False
HLA-DOB,False,False,False,True,False,False,1,False
HLA-DPA1,False,False,False,True,False,False,1,False
HLA-DPB1,False,True,False,True,False,True,3,False
HLA-DQA2,False,False,False,False,True,False,1,True
HLA-DRA,False,False,False,True,True,True,3,True
HLA-DRB1,False,False,False,True,False,True,2,False
HLA-DRB5,False,False,False,True,False,False,1,False
HLA-E,False,False,False,True,False,True,2,False
HLA-F,False,False,False,False,False,True,1,False
HLA-G,False,False,False,True,False,False,1,False
HLA-H,True,True,True,False,False,False,3,False
HLCS,True,False,True,False,True,False,3,True
HLTF,True,True,True,False,False,False,3,False
HM13,True,True,True,True,True,False,5,True
HMBS,True,True,True,False,False,False,3,False
HMCES,True,True,True,False,False,False,3,False
HMCN1,False,False,True,False,False,False,1,False
HMG20A,True,True,True,False,False,False,3,False
HMG20B,True,False,True,False,False,False,2,False
HMGA1,True,True,True,True,True,True,6,True
HMGA2,False,True,False,False,False,False,1,False
HMGB1,True,True,True,True,True,True,6,True
HMGB2,True,True,True,True,True,True,6,True
HMGB3,True,True,True,True,True,False,5,True
HMGCL,True,True,True,False,False,True,4,False
HMGCR,True,False,False,False,False,False,1,False
HMGCS1,True,True,True,True,False,False,4,False
HMGN1,True,True,True,True,True,True,6,True
HMGN2,True,True,True,True,True,True,6,True
HMGN3,True,True,True,False,False,False,3,False
HMGN4,True,True,True,True,False,True,5,False
HMGN5,True,True,True,False,False,False,3,False
HMGXB4,True,False,True,False,False,False,2,False
HMMR,True,True,True,False,True,False,4,True
HMOX1,False,True,True,True,False,False,3,False
HMOX2,True,True,True,True,False,True,5,False
HNMT,True,False,True,True,False,True,4,False
HNRNPA0,True,True,True,True,True,True,6,True
HNRNPA1,True,True,True,True,True,True,6,True
HNRNPA1L2,False,False,True,False,False,False,1,False
HNRNPA2B1,True,True,True,True,True,True,6,True
HNRNPA3,True,True,True,True,True,True,6,True
HNRNPAB,True,True,True,True,True,True,6,True
HNRNPC,True,True,True,True,True,True,6,True
HNRNPCL1,False,True,True,False,False,False,2,False
HNRNPCL3,False,False,True,False,False,False,1,False
HNRNPCL4,False,False,True,False,False,False,1,False
HNRNPD,True,True,True,True,True,True,6,True
HNRNPDL,True,True,True,True,True,True,6,True
HNRNPF,True,True,True,True,True,True,6,True
HNRNPH1,True,True,True,True,True,True,6,True
HNRNPH2,True,True,True,True,False,True,5,False
HNRNPH3,True,True,True,True,True,True,6,True
HNRNPK,True,True,True,True,True,True,6,True
HNRNPL,True,True,True,True,True,True,6,True
HNRNPLL,True,True,True,False,True,False,4,True
HNRNPM,True,True,True,True,True,True,6,True
HNRNPR,True,True,True,True,True,True,6,True
HNRNPU,True,True,True,True,True,True,6,True
HNRNPUL1,True,True,True,True,False,True,5,False
HNRNPUL2,True,True,True,True,True,True,6,True
HOMER1,False,True,False,True,False,False,2,False
HOMER2,False,True,False,False,False,False,1,False
HOMER3,False,True,True,False,False,False,2,False
HOMEZ,False,False,False,False,True,False,1,True
HOOK1,True,True,True,False,True,False,4,True
HOOK3,True,True,True,True,True,False,5,True
HOPX,False,False,False,True,False,False,1,False
HOXA13,True,False,False,False,False,False,1,False
HOXB3,False,False,False,False,True,False,1,True
HOXC10,True,False,True,False,True,False,3,True
HOXC11,False,False,False,False,True,False,1,True
HOXC13,True,False,False,False,False,False,1,False
HOXD13,False,False,False,False,True,False,1,True
HOXD4,False,False,False,False,True,False,1,True
HP,False,True,False,True,False,True,3,False
HP1BP3,True,True,True,True,True,True,6,True
HPCAL1,True,True,True,True,True,True,6,True
HPD,True,False,True,False,False,False,2,False
HPDL,True,True,True,False,False,False,3,False
HPF1,True,True,True,False,False,False,3,False
HPGD,False,True,False,True,False,False,2,False
HPRT1,True,True,True,True,True,True,6,True
HPS3,True,False,True,False,False,False,2,False
HPS5,True,False,False,False,False,False,1,False
HPS6,True,True,True,False,False,False,3,False
HPSE,False,True,False,True,False,False,2,False
HPX,False,True,False,True,False,False,2,False
HRAS,True,True,True,False,False,False,3,False
HRC,False,False,False,False,True,False,1,True
HRG,False,True,False,False,False,False,1,False
HRH2,False,False,False,False,True,False,1,True
HRNR,True,True,True,True,True,True,6,True
HS1BP3,True,True,True,True,False,False,4,False
HS2ST1,False,True,True,False,False,False,2,False
HS3ST2,False,False,False,False,True,False,1,True
HS6ST2,True,False,True,False,False,False,2,False
HSBP1,True,True,True,False,False,False,3,False
HSCB,True,True,True,False,False,False,3,False
HSD11B1L,False,False,False,False,True,False,1,True
HSD17B10,True,True,True,True,True,True,6,True
HSD17B11,True,True,True,True,False,True,5,False
HSD17B12,True,True,True,True,False,True,5,False
HSD17B13,False,False,False,False,True,False,1,True
HSD17B3,False,False,False,False,True,False,1,True
HSD17B4,True,True,True,True,True,True,6,True
HSD17B7,True,True,True,False,False,False,3,False
HSD17B8,True,True,True,False,False,False,3,False
HSDL1,True,True,True,False,False,False,3,False
HSDL2,True,True,True,False,True,False,4,True
HSF1,True,True,True,False,False,False,3,False
HSH2D,False,False,False,False,True,False,1,True
HSP90AA1,True,True,True,True,True,True,6,True
HSP90AA4P,True,True,True,False,False,False,3,False
HSP90AA5P,True,False,True,False,False,False,2,False
HSP90AB1,True,True,True,True,True,True,6,True
HSP90AB2P,True,False,True,False,False,False,2,False
HSP90AB4P,True,False,True,False,False,False,2,False
HSP90B1,True,True,True,True,True,True,6,True
HSPA12A,False,True,False,False,False,False,1,False
HSPA13,True,True,True,True,False,False,4,False
HSPA14,True,True,True,False,True,False,4,True
HSPA1A,True,True,True,True,True,True,6,True
HSPA1B,True,True,True,True,False,False,4,False
HSPA2,True,True,True,True,False,False,4,False
HSPA4,True,True,True,True,True,True,6,True
HSPA4L,True,True,True,True,False,False,4,False
HSPA5,True,True,True,True,True,True,6,True
HSPA6,False,True,False,True,True,False,3,True
HSPA8,True,True,True,True,True,True,6,True
HSPA9,True,True,True,True,True,True,6,True
HSPB1,True,True,True,True,True,False,5,True
HSPB2,False,False,False,False,True,False,1,True
HSPB6,False,True,False,True,False,False,2,False
HSPB8,False,True,True,False,False,False,2,False
HSPBAP1,True,False,False,False,False,False,1,False
HSPBP1,True,True,True,False,False,False,3,False
HSPD1,True,True,True,True,True,True,6,True
HSPE1,True,True,True,True,True,True,6,True
HSPG2,True,True,True,False,True,False,4,True
HSPH1,True,True,True,True,True,True,6,True
HTATIP2,True,True,True,True,False,False,4,False
HTATSF1,True,True,True,False,False,False,3,False
HTR3A,False,False,False,False,True,False,1,True
HTR3C,False,False,False,False,True,False,1,True
HTR5A,False,False,False,False,True,False,1,True
HTRA1,True,True,True,False,False,False,3,False
HTRA2,True,True,True,False,False,False,3,False
HTT,True,True,True,False,True,False,4,True
HUNK,False,False,False,False,True,False,1,True
HUS1,True,True,True,False,False,False,3,False
HUWE1,True,True,True,True,False,False,4,False
HVCN1,False,True,False,True,False,True,3,False
HYDIN,False,False,False,False,True,False,1,True
HYI,False,True,False,False,False,False,1,False
HYOU1,True,True,True,True,True,True,6,True
HYPK,False,True,True,False,False,False,2,False
IAH1,False,True,False,False,False,True,2,False
IARS1,True,True,True,True,True,True,6,True
IARS2,True,True,True,True,True,True,6,True
IBA57,True,False,True,False,False,False,2,False
IBTK,True,True,True,False,False,False,3,False
ICAM1,True,False,True,False,False,False,2,False
ICAM3,False,True,False,True,False,True,3,False
ICE1,False,False,True,False,False,False,1,False
ICE2,True,False,True,False,False,False,2,False
ICMT,False,True,False,False,False,False,1,False
ICOSLG,False,False,False,False,True,False,1,True
ID1,False,False,True,False,False,False,1,False
ID3,True,False,True,False,False,False,2,False
IDE,True,True,True,True,False,False,4,False
IDH1,True,True,True,True,True,True,6,True
IDH2,True,True,True,True,True,True,6,True
IDH3A,True,True,True,True,True,True,6,True
IDH3B,True,True,True,True,False,False,4,False
IDH3G,True,True,True,False,False,False,3,False
IDI1,True,True,True,False,False,False,3,False
IDS,False,True,False,True,False,False,2,False
IDUA,False,True,False,True,False,False,2,False
IER3IP1,False,True,False,False,False,False,1,False
IFI16,True,True,True,True,True,True,6,True
IFI30,True,True,True,True,True,True,6,True
IFI35,True,True,True,True,False,False,4,False
IFIH1,False,False,False,False,True,False,1,True
IFIT1,True,False,False,False,False,False,1,False
IFIT1B,True,False,False,False,False,False,1,False
IFIT3,True,False,True,True,False,False,3,False
IFIT5,True,True,False,False,False,False,2,False
IFITM3,True,True,True,True,False,False,4,False
IFNA2,False,False,False,False,True,False,1,True
IFRD1,True,True,True,False,False,False,3,False
IFRD2,True,True,True,False,False,False,3,False
IFT122,False,False,True,False,True,False,2,True
IFT172,False,False,False,False,True,False,1,True
IFT27,True,True,True,False,False,False,3,False
IFT74,False,True,True,False,False,False,2,False
IFT81,False,True,False,False,True,False,2,True
IGBP1,True,True,True,False,False,False,3,False
IGDCC3,False,False,False,False,True,False,1,True
IGF1R,True,True,True,False,True,False,4,True
IGF2BP1,True,True,True,False,True,False,4,True
IGF2BP2,True,True,True,True,False,False,4,False
IGF2BP3,True,True,True,False,True,False,4,True
IGF2R,True,True,True,True,True,False,5,True
IGFALS,True,False,True,False,False,False,2,False
IGFBP3,False,False,False,False,True,False,1,True
IGFBP4,False,True,False,False,False,False,1,False
IGFBP6,False,True,False,False,False,False,1,False
IGFBP7,False,True,False,False,False,False,1,False
IGHA1,False,True,False,True,False,True,3,False
IGHA2,False,True,False,True,False,False,2,False
IGHG1,False,True,False,True,False,False,2,False
IGHG2,False,True,False,False,False,False,1,False
IGHG3,False,True,False,True,False,False,2,False
IGHG4,False,True,False,False,False,False,1,False
IGHM,False,True,False,True,False,False,2,False
IGHMBP2,True,False,True,False,False,False,2,False
IGKC,False,True,False,True,False,True,3,False
IGLC2,False,True,False,True,False,True,3,False
IGLC3,False,True,False,True,False,False,2,False
IGLL5,False,True,False,True,False,False,2,False
IGSF1,False,False,False,False,True,False,1,True
IGSF21,False,False,False,True,True,False,2,True
IGSF3,False,True,False,True,False,False,2,False
IGSF8,True,False,True,True,False,False,3,False
IHH,False,False,False,False,True,False,1,True
IK,True,True,True,True,False,True,5,False
IKBIP,True,True,True,False,False,False,3,False
IKBKB,True,True,True,True,False,False,4,False
IKBKE,False,True,False,False,False,False,1,False
IKBKG,True,True,True,True,False,False,4,False
IKZF1,False,False,False,True,False,True,2,False
IKZF3,False,False,False,True,False,False,1,False
IL16,False,False,False,True,False,True,2,False
IL17C,False,False,False,False,True,False,1,True
IL17F,False,False,False,False,True,False,1,True
IL17RA,True,False,False,False,True,False,2,True
IL18,True,True,True,True,False,False,4,False
IL1A,False,True,False,False,True,False,2,True
IL1F10,False,False,False,False,True,False,1,True
IL1RAPL2,False,False,False,False,True,False,1,True
IL1RL2,False,False,False,False,True,False,1,True
IL1RN,False,True,False,True,False,False,2,False
IL26,False,False,False,False,True,False,1,True
IL36B,False,True,False,False,False,False,1,False
IL36G,False,True,False,True,False,False,2,False
IL36RN,False,True,False,False,False,False,1,False
IL37,False,True,False,False,False,False,1,False
IL6,False,True,False,False,False,False,1,False
IL6ST,True,True,False,False,False,False,2,False
IL9R,False,False,False,False,True,False,1,False
ILDR2,False,False,False,False,True,False,1,True
ILF2,True,True,True,True,True,True,6,True
ILF3,True,True,True,True,True,True,6,True
ILK,True,True,True,True,False,False,4,False
ILKAP,True,True,True,True,False,True,5,False
ILRUN,False,False,True,False,False,False,1,False
ILVBL,True,True,True,True,False,False,4,False
IMMT,True,True,True,True,True,True,6,True
IMP3,True,True,True,False,False,False,3,False
IMP4,True,True,True,False,False,False,3,False
IMPA1,True,True,True,False,True,False,4,True
IMPA2,True,True,True,True,False,False,4,False
IMPACT,True,True,True,False,False,False,3,False
IMPDH1,True,True,True,True,False,False,4,False
IMPDH2,True,True,True,True,True,True,6,True
INA,False,True,True,True,False,False,3,False
INAVA,False,True,False,False,False,False,1,False
INCENP,True,True,True,False,False,False,3,False
INF2,True,True,True,True,False,False,4,False
ING1,True,False,True,False,False,False,2,False
ING3,True,False,False,False,False,False,1,False
ING4,True,False,True,False,False,False,2,False
ING5,True,False,True,False,True,False,3,True
INIP,False,True,True,False,False,False,2,False
INO80,True,False,True,False,False,False,2,False
INO80B,False,False,True,False,False,False,1,False
INO80C,False,False,True,False,False,False,1,False
INO80E,False,False,True,False,False,False,1,False
INPP1,True,False,True,False,False,False,2,False
INPP4A,True,False,False,True,False,False,2,False
INPP4B,False,False,False,False,True,False,1,True
INPP5B,True,False,True,False,False,False,2,False
INPP5D,False,False,False,True,False,True,2,False
INPP5K,True,True,True,False,False,False,3,False
INPPL1,True,True,True,False,True,False,4,True
INSL3,False,False,False,False,True,False,1,True
INSM1,False,False,False,False,True,False,1,True
INSR,True,False,False,False,False,False,1,False
INTS1,True,True,True,False,False,False,3,False
INTS10,True,True,True,False,True,False,4,True
INTS11,True,True,True,False,False,False,3,False
INTS12,True,True,True,False,False,False,3,False
INTS13,True,True,True,True,False,False,4,False
INTS14,True,True,True,False,False,False,3,False
INTS2,True,False,True,False,False,False,2,False
INTS3,True,True,True,False,False,False,3,False
INTS4,True,True,True,False,False,False,3,False
INTS5,True,False,True,False,False,False,2,False
INTS6,True,True,True,False,False,False,3,False
INTS7,True,True,True,False,False,False,3,False
INTS8,True,False,True,False,True,False,3,True
INTS9,True,True,True,False,False,False,3,False
IP6K1,True,False,False,False,False,False,1,False
IPO11,True,True,True,False,False,False,3,False
IPO13,True,False,True,False,False,False,2,False
IPO4,True,True,True,False,True,False,4,True
IPO5,True,True,True,True,True,True,6,True
IPO7,True,True,True,True,False,False,4,False
IPO8,True,True,True,False,False,False,3,False
IPO9,True,True,True,True,False,False,4,False
IQGAP1,True,True,True,True,True,True,6,True
IQGAP2,False,False,False,True,True,True,3,True
IQGAP3,False,True,True,False,False,False,2,False
IQSEC1,True,False,True,False,False,False,2,False
IQSEC2,True,False,True,False,True,False,3,True
IRAK1,True,False,True,False,False,False,2,False
IRAK4,False,False,False,True,False,False,1,False
IREB2,True,True,True,False,True,False,4,True
IRF2BP1,True,True,True,False,True,False,4,True
IRF2BP2,True,True,True,True,True,False,5,True
IRF2BPL,True,True,True,True,False,False,4,False
IRF3,False,True,True,False,False,False,2,False
IRF5,False,False,False,True,True,False,2,True
IRF8,False,False,True,True,False,False,2,False
IRF9,False,False,False,False,True,False,1,True
IRGQ,True,True,True,False,False,False,3,False
IRS2,True,True,True,False,False,False,3,False
IRS4,False,False,False,False,True,False,1,True
ISCA1,True,True,True,False,False,False,3,False
ISCA2,True,True,True,False,False,False,3,False
ISCU,True,True,True,False,False,True,4,False
ISG15,False,False,True,True,True,False,3,True
ISG20,False,True,False,True,False,False,2,False
ISG20L2,True,False,True,False,False,False,2,False
ISLR,False,True,False,False,False,False,1,False
ISOC1,True,True,True,True,False,True,5,False
ISOC2,True,True,True,False,False,False,3,False
IST1,True,True,True,True,False,True,5,False
ISY1,True,True,True,False,False,False,3,False
ISYNA1,False,True,False,False,False,False,1,False
ITCH,True,True,True,True,False,False,4,False
ITFG1,True,False,True,False,False,False,2,False
ITFG2,True,False,True,False,False,False,2,False
ITGA1,True,False,True,False,False,False,2,False
ITGA2,True,True,True,True,False,False,4,False
ITGA2B,False,False,False,True,False,True,2,False
ITGA3,True,True,True,False,False,False,3,False
ITGA4,True,False,False,True,False,False,2,False
ITGA5,True,True,True,False,False,False,3,False
ITGA6,True,True,True,True,False,False,4,False
ITGAL,False,False,False,True,False,True,2,False
ITGAM,False,True,False,True,False,True,3,False
ITGAV,True,True,True,False,True,False,4,True
ITGAX,False,False,False,True,True,True,3,True
ITGB1,True,True,True,True,True,True,6,True
ITGB2,True,True,True,True,True,True,6,True
ITGB3,False,False,False,True,False,False,1,False
ITGB3BP,False,False,False,False,True,False,1,True
ITGB4,True,True,True,False,False,False,3,False
ITGB5,True,True,True,False,True,False,4,True
ITGB7,True,False,True,False,False,False,2,False
ITIH1,True,True,True,True,False,False,4,False
ITIH2,True,True,True,True,False,False,4,False
ITIH3,True,False,True,True,False,False,3,False
ITIH4,True,True,True,True,False,False,4,False
ITIH6,False,False,False,False,True,False,1,True
ITK,False,False,False,False,True,False,1,True
ITM2B,False,True,False,False,False,False,1,False
ITPA,True,True,True,False,True,False,4,True
ITPK1,True,True,True,False,False,False,3,False
ITPKC,False,True,False,False,False,False,1,False
ITPR1,True,True,True,False,False,False,3,False
ITPR2,True,True,True,False,True,False,4,True
ITPR3,True,True,True,True,True,False,5,True
ITPRID2,True,True,True,False,False,False,3,False
ITPRIP,False,True,False,False,False,False,1,False
ITSN1,True,False,True,False,True,False,3,True
ITSN2,True,True,True,True,False,False,4,False
IVD,True,True,True,True,False,True,5,False
IVL,False,True,False,True,False,False,2,False
IVNS1ABP,True,True,False,False,False,False,2,False
IWS1,True,True,True,False,False,False,3,False
IZUMO1,False,False,False,False,True,False,1,True
JADE3,False,False,True,False,False,False,1,False
JAGN1,True,True,True,True,False,True,5,False
JAK1,True,True,False,False,False,False,2,False
JAK3,False,False,False,False,True,False,1,True
JCHAIN,False,True,False,True,False,False,2,False
JHY,False,False,False,False,True,False,1,True
JKAMP,False,False,False,False,True,False,1,True
JMJD1C,False,False,False,False,True,False,1,True
JMJD6,True,True,True,False,False,False,3,False
JMJD7,False,True,False,False,False,False,1,False
JMY,True,False,True,False,False,False,2,False
JPT1,True,True,True,False,True,False,4,True
JPT2,True,True,True,False,False,False,3,False
JTB,True,False,True,False,False,False,2,False
JUNB,True,True,True,False,False,False,3,False
JUND,True,True,True,False,False,False,3,False
JUP,True,True,True,True,False,True,5,False
KALRN,False,False,False,False,True,False,1,True
KANK1,True,False,True,False,False,False,2,False
KANK2,True,True,True,False,True,False,4,True
KANK4,False,False,False,True,False,False,1,False
KANSL1,False,False,False,False,True,False,1,True
KANSL2,True,False,True,False,False,False,2,False
KANSL3,True,False,True,False,False,False,2,False
KARS1,True,True,True,True,True,True,6,True
KAT14,False,False,False,False,True,False,1,True
KAT2A,False,False,True,False,False,False,1,False
KAT6A,True,False,False,False,False,False,1,False
KAT7,True,True,True,False,False,False,3,False
KAT8,True,True,True,False,False,False,3,False
KATNA1,True,True,True,False,False,False,3,False
KATNAL2,True,False,True,False,True,False,3,True
KATNB1,True,False,True,False,False,False,2,False
KAZN,False,True,False,False,True,False,2,True
KBTBD11,False,False,False,True,False,False,1,False
KBTBD4,True,False,True,False,False,False,2,False
KCNA1,False,True,False,False,False,False,1,False
KCNA4,False,False,False,False,True,False,1,True
KCNAB2,True,True,True,True,True,False,5,True
KCND2,False,False,False,False,True,False,1,True
KCNE4,False,True,False,False,False,False,1,False
KCNG2,False,False,False,False,True,False,1,True
KCNH8,False,False,False,False,True,False,1,True
KCNJ3,False,False,False,False,True,False,1,True
KCNN4,True,False,False,False,False,False,1,False
KCNQ1,False,False,False,False,True,False,1,True
KCNS1,False,False,False,False,True,False,1,True
KCNS2,False,False,False,False,True,False,1,True
KCNT1,False,False,False,False,True,False,1,True
KCNV2,False,False,False,False,True,False,1,True
KCTD1,False,True,False,False,False,False,1,False
KCTD10,False,False,True,False,False,False,1,False
KCTD12,False,False,False,True,False,True,2,False
KCTD15,True,True,False,False,False,False,2,False
KCTD21,False,True,False,False,False,False,1,False
KCTD4,False,True,False,True,False,False,2,False
KCTD5,False,True,False,False,False,False,1,False
KCTD9,False,True,False,False,False,False,1,False
KDELR1,False,True,False,True,False,False,2,False
KDELR2,False,True,False,True,False,False,2,False
KDM1A,True,True,True,False,False,False,3,False
KDM1B,True,False,True,False,False,False,2,False
KDM2A,True,True,True,False,False,False,3,False
KDM3B,True,True,True,False,False,False,3,False
KDM4A,True,False,False,False,False,False,1,False
KDM4C,False,False,False,False,True,False,1,True
KDM4D,False,False,False,False,True,False,1,True
KDM5A,False,False,False,False,True,False,1,True
KDM5B,False,True,False,False,False,False,1,False
KDM5C,False,False,True,False,False,False,1,False
KDSR,True,False,True,False,False,False,2,False
KEAP1,True,True,True,False,False,False,3,False
KHDC4,True,True,True,False,False,False,3,False
KHDRBS1,True,True,True,True,True,True,6,True
KHDRBS3,False,False,True,False,False,False,1,False
KHK,False,True,False,False,False,False,1,False
KHSRP,True,True,True,True,True,True,6,True
KIAA0232,False,True,False,False,False,False,1,False
KIAA0319L,True,True,True,False,False,False,3,False
KIAA0513,False,False,False,True,False,False,1,False
KIAA0930,False,False,False,True,False,True,2,False
KIAA1143,True,True,True,False,False,False,3,False
KIAA1191,False,False,True,False,True,False,2,True
KIAA1217,False,False,False,False,True,False,1,True
KIAA1522,True,True,True,False,False,False,3,False
KIAA1671,True,False,True,False,True,False,3,True
KIAA2013,False,True,False,False,False,False,1,False
KIDINS220,True,True,True,False,False,False,3,False
KIF11,True,True,True,False,True,True,5,True
KIF13A,True,False,False,False,False,False,1,False
KIF13B,True,True,True,True,True,False,5,True
KIF14,True,True,True,False,False,False,3,False
KIF15,True,True,True,False,False,False,3,False
KIF16B,False,True,False,False,False,False,1,False
KIF18A,False,True,True,False,True,False,3,True
KIF18B,False,True,False,False,False,False,1,False
KIF19,False,False,False,False,True,False,1,True
KIF1B,True,True,True,False,False,False,3,False
KIF1C,True,True,True,False,False,False,3,False
KIF20A,True,True,True,False,False,False,3,False
KIF20B,False,True,True,False,False,False,2,False
KIF21A,True,True,True,False,True,False,4,True
KIF21B,False,False,False,False,True,False,1,True
KIF22,True,True,True,False,False,False,3,False
KIF23,True,True,True,False,True,False,4,True
KIF25,False,False,False,False,True,False,1,True
KIF26A,False,False,False,False,True,False,1,True
KIF2A,True,True,True,True,False,False,4,False
KIF2C,True,True,True,False,True,False,4,True
KIF3A,True,True,True,False,False,False,3,False
KIF3B,True,False,True,False,True,False,3,True
KIF4A,True,True,True,False,False,False,3,False
KIF5B,True,True,True,True,True,True,6,True
KIF5C,False,False,False,True,True,False,2,True
KIF7,False,True,False,False,False,False,1,False
KIFAP3,True,True,True,False,False,False,3,False
KIFBP,True,True,True,False,True,False,4,True
KIFC1,True,True,True,False,True,False,4,True
KIFC3,False,True,True,False,False,False,2,False
KIN,True,True,True,False,True,False,4,True
KIRREL1,False,True,True,False,False,False,2,False
KIT,False,False,False,False,True,False,1,True
KLC1,True,True,True,True,False,False,4,False
KLC2,True,True,True,False,False,False,3,False
KLC4,True,False,True,False,False,False,2,False
KLF5,True,False,True,False,False,False,2,False
KLHDC4,True,True,True,False,False,False,3,False
KLHL11,True,False,True,False,False,False,2,False
KLHL13,False,False,True,False,False,False,1,False
KLHL18,False,True,False,False,False,False,1,False
KLHL22,False,False,False,False,True,False,1,True
KLHL36,False,False,False,False,True,False,1,True
KLHL6,False,False,False,False,True,False,1,True
KLHL9,False,False,True,False,True,False,2,True
KLK1,False,True,False,False,False,False,1,False
KLK10,False,True,False,False,False,False,1,False
KLK11,False,True,False,False,False,False,1,False
KLK14,False,True,False,False,True,False,2,True
KLK3,False,True,False,False,False,False,1,False
KLK5,False,True,False,True,False,False,2,False
KLK6,False,True,False,False,False,False,1,False
KLK7,False,True,False,True,False,False,2,False
KLK8,False,True,False,False,False,False,1,False
KLLN,False,False,False,True,False,False,1,False
KMT2A,True,False,True,False,True,False,3,True
KMT2B,False,False,False,False,True,False,1,True
KMT2D,False,True,False,False,True,True,3,True
KMT5A,False,False,False,False,False,True,1,False
KNDC1,False,False,False,False,True,False,1,True
KNG1,False,True,False,True,False,False,2,False
KNL1,True,False,True,False,False,False,2,False
KNOP1,True,True,True,False,False,False,3,False
KNSTRN,True,True,False,False,False,False,2,False
KNTC1,True,True,True,False,True,False,4,True
KPNA1,True,True,True,True,False,False,4,False
KPNA2,True,True,True,False,True,False,4,True
KPNA3,True,True,True,True,True,False,5,True
KPNA4,True,True,True,True,True,False,5,True
KPNA6,True,True,True,True,False,False,4,False
KPNB1,True,True,True,True,True,True,6,True
KPRP,False,True,False,True,False,True,3,False
KRAS,True,True,True,True,True,False,5,True
KRI1,True,True,True,False,False,False,3,False
KRIT1,False,False,False,False,True,False,1,True
KRR1,True,True,True,False,False,True,4,False
KRT1,True,True,True,True,True,True,6,True
KRT10,True,True,True,True,True,True,6,True
KRT12,False,True,False,True,False,True,3,False
KRT13,True,True,True,True,False,False,4,False
KRT14,True,True,True,True,False,True,5,False
KRT15,True,True,True,True,False,False,4,False
KRT16,True,True,True,True,False,True,5,False
KRT17,True,True,True,True,False,True,5,False
KRT18,True,True,True,True,False,False,4,False
KRT19,True,True,True,True,False,False,4,False
KRT2,False,True,True,True,True,True,5,True
KRT23,False,True,False,True,False,False,2,False
KRT24,False,True,False,True,False,False,2,False
KRT27,False,True,False,False,False,False,1,False
KRT28,False,True,False,False,False,False,1,False
KRT3,False,True,False,True,False,False,2,False
KRT31,False,True,False,True,False,False,2,False
KRT32,False,True,False,False,False,False,1,False
KRT33A,False,True,False,False,False,False,1,False
KRT33B,False,True,False,True,False,False,2,False
KRT34,False,True,False,True,False,False,2,False
KRT35,True,True,False,True,False,False,3,False
KRT36,False,True,False,True,False,False,2,False
KRT38,False,False,True,False,False,False,1,False
KRT4,False,True,True,False,False,False,2,False
KRT5,False,True,False,True,False,True,3,False
KRT6A,True,True,True,True,False,True,5,False
KRT6B,True,True,False,True,False,False,3,False
KRT6C,True,True,True,False,False,False,3,False
KRT7,True,True,True,True,False,False,4,False
KRT71,False,True,False,False,False,False,1,False
KRT72,True,True,False,True,True,False,4,True
KRT73,False,True,False,False,False,False,1,False
KRT74,False,True,False,True,False,False,2,False
KRT75,True,False,False,True,False,False,2,False
KRT76,False,True,False,True,True,False,3,True
KRT77,False,True,False,True,False,True,3,False
KRT78,False,True,False,True,False,True,3,False
KRT79,False,True,False,False,False,False,1,False
KRT8,True,True,True,True,False,False,4,False
KRT80,True,True,True,True,False,True,5,False
KRT82,False,False,False,True,False,False,1,False
KRT83,True,False,False,True,False,False,2,False
KRT84,False,True,False,True,False,False,2,False
KRT85,True,True,False,True,False,False,3,False
KRT86,True,True,False,True,False,False,3,False
KRT9,False,True,True,True,True,True,5,True
KRTAP10-2,False,False,False,False,True,False,1,True
KRTAP11-1,False,False,False,False,True,False,1,True
KRTAP13-2,False,False,False,True,False,False,1,False
KRTAP2-1,False,False,False,True,False,False,1,False
KRTAP2-2,False,False,False,True,False,False,1,False
KRTAP2-3,False,False,False,True,False,False,1,False
KRTAP2-4,False,False,False,True,False,False,1,False
KRTCAP2,False,False,True,False,False,False,1,False
KSR1,False,False,False,False,True,False,1,True
KTI12,True,True,True,False,False,False,3,False
KTN1,True,True,True,True,True,False,5,True
KYAT1,True,False,True,False,False,False,2,False
KYAT3,True,True,True,False,False,False,3,False
KYNU,True,True,True,True,False,False,4,False
L1CAM,True,True,True,True,False,False,4,False
L2HGDH,True,True,True,False,False,False,3,False
L3HYPDH,False,True,False,False,False,False,1,False
L3MBTL2,False,False,True,False,False,False,1,False
L3MBTL3,False,False,False,False,True,False,1,True
LACRT,False,True,False,True,False,False,2,False
LACTB,True,True,True,True,True,True,6,True
LACTB2,True,True,True,False,False,False,3,False
LAD1,False,True,False,False,True,False,2,True
LAGE3,True,True,True,False,False,False,3,False
LALBA,False,True,False,False,False,False,1,False
LAMA1,False,True,False,True,False,False,2,False
LAMA2,True,False,True,False,True,False,3,True
LAMA5,True,True,True,False,True,False,4,True
LAMB1,True,True,True,True,False,False,4,False
LAMB2,False,True,False,False,False,False,1,False
LAMB3,True,True,True,False,False,False,3,False
LAMC1,True,True,True,True,False,False,4,False
LAMP1,True,True,True,True,True,True,6,True
LAMP2,True,True,True,True,True,True,6,True
LAMTOR1,True,True,True,True,True,True,6,True
LAMTOR2,True,True,True,True,False,True,5,False
LAMTOR3,True,True,True,True,False,True,5,False
LAMTOR4,True,True,True,False,False,False,3,False
LAMTOR5,False,True,False,False,False,True,2,False
LANCL1,True,True,True,True,False,False,4,False
LANCL2,True,True,True,False,False,True,4,False
LAP3,True,True,True,True,True,True,6,True
LARP1,True,True,True,False,False,False,3,False
LARP4,True,True,True,False,False,False,3,False
LARP4B,True,True,True,False,False,False,3,False
LARP6,False,False,False,False,True,False,1,True
LARP7,True,True,True,False,True,False,4,True
LARS1,True,True,True,True,False,True,5,False
LARS2,True,True,True,False,False,False,3,False
LAS1L,True,True,True,False,False,False,3,False
LASP1,True,True,True,True,True,True,6,True
LBP,False,False,False,True,False,False,1,False
LBR,True,True,True,True,True,True,6,True
LCA5L,False,False,False,False,True,False,1,True
LCAT,True,False,True,False,False,False,2,False
LCK,False,False,False,True,False,True,2,False
LCLAT1,True,True,True,False,False,False,3,False
LCMT1,True,True,True,False,False,False,3,False
LCMT2,True,False,True,False,False,False,2,False
LCN1,False,True,False,True,False,True,3,False
LCN15,False,True,False,False,False,False,1,False
LCN2,False,True,False,True,True,False,3,True
LCORL,False,True,False,False,False,False,1,False
LCP1,False,True,False,True,True,True,4,True
LCP2,False,False,False,True,False,True,2,False
LDAH,True,True,True,False,False,False,3,False
LDHA,True,True,True,True,True,True,6,True
LDHAL6A,False,False,False,False,True,False,1,True
LDHAL6B,False,False,True,False,False,False,1,False
LDHB,True,True,True,True,True,True,6,True
LDLR,True,True,True,False,True,False,4,True
LDLRAP1,True,False,True,False,False,False,2,False
LEF1,False,False,False,True,False,False,1,False
LEKR1,False,False,True,False,False,False,1,False
LELP1,False,False,False,False,True,False,1,True
LEMD2,True,True,True,True,False,True,5,False
LEMD3,True,True,True,False,True,False,4,True
LENG1,True,True,True,False,False,False,3,False
LENG8,False,True,True,False,True,False,3,True
LENG9,True,False,True,False,False,False,2,False
LEO1,True,True,True,False,False,False,3,False
LEPR,False,False,False,False,True,False,1,True
LEPROT,True,False,True,False,False,False,2,False
LEPROTL1,True,False,True,False,False,False,2,False
LETM1,True,True,True,True,True,True,6,True
LFNG,False,False,False,False,True,False,1,True
LGALS1,True,True,True,True,True,True,6,True
LGALS14,True,False,False,False,False,False,1,False
LGALS3,True,True,True,True,True,True,6,True
LGALS3BP,True,True,True,True,False,False,4,False
LGALS7,False,True,False,True,False,False,2,False
LGALS8,False,True,False,False,False,False,1,False
LGALS9,False,False,False,True,True,True,3,True
LGALSL,True,True,True,True,False,False,4,False
LGMN,True,False,True,False,False,False,2,False
LGR4,False,True,False,False,False,False,1,False
LHFPL6,False,False,False,False,True,False,1,True
LHPP,True,True,True,False,False,False,3,False
LIFR,False,False,False,False,True,False,1,True
LIG1,True,True,True,False,True,False,4,True
LIG3,True,True,True,False,False,False,3,False
LIG4,True,False,True,False,False,False,2,False
LILRA6,False,False,False,True,False,False,1,False
LILRB2,False,False,False,True,False,False,1,False
LIMA1,True,True,True,True,False,False,4,False
LIMCH1,True,True,True,False,False,False,3,False
LIMD1,True,True,True,False,False,False,3,False
LIMD2,False,False,False,True,False,True,2,False
LIMK1,False,False,False,False,True,False,1,True
LIMK2,False,True,False,False,False,False,1,False
LIMS1,True,True,True,True,False,True,5,False
LIN37,True,False,False,False,False,False,1,False
LIN54,False,True,False,False,True,False,2,True
LIN7A,False,True,False,True,False,False,2,False
LIN7C,True,True,True,True,False,False,4,False
LIN9,True,False,True,False,False,False,2,False
LINGO1,False,False,False,True,True,False,2,True
LIPA,False,True,True,True,False,False,3,False
LIPI,False,False,False,False,True,False,1,True
LIPN,False,True,False,False,False,False,1,False
LLGL1,True,True,True,False,False,False,3,False
LLGL2,True,True,True,False,False,False,3,False
LLPH,False,True,False,False,False,False,1,False
LMAN1,True,True,True,True,True,True,6,True
LMAN2,True,True,True,True,False,True,5,False
LMAN2L,True,True,True,False,False,False,3,False
LMBR1,False,True,False,False,False,False,1,False
LMBRD1,False,False,True,False,True,False,2,True
LMBRD2,True,False,True,False,False,False,2,False
LMCD1,False,True,False,False,False,False,1,False
LMF1,False,False,False,False,True,False,1,True
LMF2,False,False,True,False,False,False,1,False
LMLN,False,False,False,False,True,False,1,True
LMNA,True,True,True,True,True,True,6,True
LMNB1,True,True,True,True,True,True,6,True
LMNB2,True,True,True,True,True,True,6,True
LMO7,True,True,True,True,False,False,4,False
LMOD1,False,False,False,False,True,False,1,True
LMTK2,True,False,True,False,False,False,2,False
LMTK3,False,True,False,False,True,False,2,True
LNPEP,True,True,True,True,False,True,5,False
LNPK,True,True,True,True,False,False,4,False
LNX1,False,False,False,False,True,False,1,True
LONP1,True,True,True,True,True,True,6,True
LONP2,False,True,False,False,False,False,1,False
LORICRIN,False,False,False,True,False,False,1,False
LOXL3,False,False,False,False,True,False,1,True
LPA,False,False,False,True,False,False,1,False
LPAR1,False,True,False,False,False,False,1,False
LPCAT1,True,True,True,True,False,False,4,False
LPCAT2,False,True,False,True,False,True,3,False
LPCAT3,True,True,True,False,False,False,3,False
LPCAT4,True,True,True,False,False,False,3,False
LPGAT1,True,True,False,False,False,False,2,False
LPIN2,False,False,True,False,False,False,1,False
LPO,False,True,True,False,True,False,3,True
LPP,True,True,True,False,False,False,3,False
LPXN,False,False,False,False,True,False,1,True
LRBA,True,True,True,True,False,False,4,False
LRCH3,True,False,True,False,False,False,2,False
LRCH4,False,False,False,True,False,False,1,False
LRG1,False,True,False,False,False,False,1,False
LRIF1,True,True,True,False,True,False,4,True
LRP1,True,True,True,True,True,True,6,True
LRP10,True,True,False,False,False,False,2,False
LRP1B,False,False,False,False,True,False,1,True
LRP2,False,False,False,False,True,False,1,True
LRP4,False,False,False,False,True,False,1,True
LRP6,False,True,True,False,True,False,3,True
LRP8,True,True,True,False,False,False,3,False
LRPAP1,True,True,True,True,True,True,6,True
LRPPRC,True,True,True,True,True,True,6,True
LRRC1,True,False,False,False,False,False,1,False
LRRC14,False,True,False,False,False,False,1,False
LRRC15,False,True,False,True,False,False,2,False
LRRC20,False,True,False,False,False,False,1,False
LRRC25,False,False,False,True,False,True,2,False
LRRC27,False,False,False,False,True,False,1,True
LRRC31,False,False,False,False,True,False,1,True
LRRC40,True,True,True,False,False,False,3,False
LRRC41,True,True,True,False,False,False,3,False
LRRC45,True,False,False,False,False,False,1,False
LRRC47,True,True,True,True,False,True,5,False
LRRC4B,True,False,False,False,False,False,1,False
LRRC57,True,True,True,False,False,False,3,False
LRRC59,True,True,True,True,True,True,6,True
LRRC66,False,False,False,False,True,False,1,True
LRRC70,False,False,False,False,True,False,1,True
LRRC8A,True,True,True,False,False,False,3,False
LRRC8B,False,False,False,False,True,False,1,True
LRRC8C,True,False,False,False,True,False,2,True
LRRC8D,True,True,True,False,False,False,3,False
LRRC8E,True,False,True,False,False,False,2,False
LRRC9,False,False,False,False,True,False,1,True
LRRFIP1,True,True,True,True,False,True,5,False
LRRFIP2,True,True,True,False,False,False,3,False
LRRIQ1,False,True,False,False,False,False,1,False
LRRK1,False,False,False,False,True,False,1,True
LRRK2,False,False,False,False,True,False,1,True
LRRN3,False,False,False,False,True,False,1,True
LRRTM4,False,False,False,False,True,False,1,True
LRSAM1,True,True,True,False,False,False,3,False
LRWD1,True,True,True,False,False,False,3,False
LSG1,True,True,True,False,False,False,3,False
LSM1,True,True,True,False,False,False,3,False
LSM12,True,True,True,False,False,False,3,False
LSM14A,True,True,True,False,False,False,3,False
LSM14B,True,True,True,False,False,False,3,False
LSM2,True,True,True,True,True,True,6,True
LSM3,True,True,True,True,True,True,6,True
LSM4,False,True,True,True,False,False,3,False
LSM5,True,False,True,False,False,True,3,False
LSM6,True,True,True,True,False,True,5,False
LSM7,False,True,True,True,False,True,4,False
LSM8,True,True,True,True,True,True,6,True
LSP1,False,True,False,True,True,True,4,True
LSR,True,True,True,True,False,False,4,False
LSS,True,True,True,False,False,False,3,False
LST1,False,False,False,True,False,False,1,False
LTA4H,True,True,True,True,False,True,5,False
LTBP1,False,False,False,True,False,False,1,False
LTF,True,True,True,True,True,True,6,True
LTK,False,True,False,False,False,False,1,False
LTN1,True,True,True,False,False,False,3,False
LTV1,True,True,True,False,False,False,3,False
LUC7L,True,True,True,True,False,False,4,False
LUC7L2,True,True,True,True,True,True,6,True
LUC7L3,True,True,True,True,False,True,5,False
LUM,True,False,True,False,False,False,2,False
LUZP1,True,True,True,False,False,False,3,False
LUZP2,False,False,False,False,True,False,1,True
LXN,True,True,True,True,False,False,4,False
LY6D,False,False,False,False,False,True,1,False
LY6H,False,False,False,True,False,False,1,False
LY6K,True,False,True,False,False,False,2,False
LYAR,True,True,True,True,True,True,6,True
LYN,True,True,True,True,False,True,5,False
LYNX1,False,False,False,True,False,False,1,False
LYPD2,False,True,False,False,False,False,1,False
LYPD3,True,True,True,True,False,False,4,False
LYPLA1,True,True,True,True,True,True,6,True
LYPLA2,True,True,True,True,True,False,5,True
LYPLAL1,True,True,True,False,False,False,3,False
LYRM2,True,False,True,False,False,False,2,False
LYRM4,True,True,True,False,False,False,3,False
LYSMD1,False,False,False,False,True,False,1,True
LYSMD2,True,True,True,True,False,False,4,False
LYZ,False,True,False,True,True,True,4,True
LZIC,True,True,True,True,False,False,4,False
LZTFL1,True,True,True,False,True,False,4,True
LZTS1,False,False,False,False,True,False,1,True
M6PR,True,True,True,True,True,True,6,True
MAB21L4,False,False,False,True,False,False,1,False
MACC1,False,False,False,False,True,False,1,True
MACF1,True,True,True,True,True,False,5,True
MACO1,True,False,False,False,False,False,1,False
MACROD1,True,False,True,False,False,False,2,False
MACROH2A1,True,True,True,True,True,True,6,True
MACROH2A2,True,True,True,True,False,False,4,False
MAD1L1,True,True,True,True,False,False,4,False
MAD2L1,True,True,True,False,True,False,4,True
MADD,True,False,True,False,False,False,2,False
MAEA,False,True,False,False,False,False,1,False
MAF,False,False,False,False,True,False,1,True
MAF1,True,False,False,False,False,False,1,False
MAFF,True,False,True,False,False,False,2,False
MAFG,True,True,True,False,False,False,3,False
MAFK,True,True,True,False,False,False,3,False
MAGEB1,False,False,False,False,True,False,1,True
MAGEB2,False,True,False,False,False,False,1,False
MAGEB3,False,False,False,False,True,False,1,True
MAGEC1,False,False,False,False,True,False,1,True
MAGEC2,False,False,False,False,True,False,1,True
MAGED1,False,True,False,False,False,False,1,False
MAGED2,True,True,True,False,False,False,3,False
MAGEL2,False,False,False,False,True,False,1,True
MAGOH,True,False,True,True,False,True,4,False
MAGOHB,True,True,True,True,False,False,4,False
MAGT1,True,True,True,True,False,True,5,False
MAIP1,True,True,True,False,False,False,3,False
MAK16,True,True,True,False,False,False,3,False
MAL2,False,True,True,True,False,False,3,False
MALRD1,False,False,False,False,True,False,1,True
MALSU1,True,False,True,False,False,False,2,False
MALT1,True,True,True,False,False,False,3,False
MAML3,True,False,True,False,False,False,2,False
MAN1A1,False,True,True,False,False,False,2,False
MAN1B1,True,True,True,False,False,False,3,False
MAN2A1,True,True,True,False,False,True,4,False
MAN2B1,True,True,False,True,True,True,5,True
MAN2B2,False,True,False,False,False,False,1,False
MAN2C1,False,True,False,False,False,False,1,False
MANBA,True,False,True,False,False,False,2,False
MANBAL,False,True,False,False,False,False,1,False
MANF,True,True,True,True,False,True,5,False
MAOA,True,True,False,True,False,False,3,False
MAOB,True,False,True,True,False,False,3,False
MAP1A,False,True,False,True,False,False,2,False
MAP1B,False,True,False,True,True,False,3,True
MAP1LC3B,True,True,True,False,False,False,3,False
MAP1LC3B2,True,True,True,False,False,False,3,False
MAP1S,True,True,True,True,True,True,6,True
MAP2,False,True,False,True,False,False,2,False
MAP2K1,True,True,True,True,True,False,5,True
MAP2K2,True,True,True,True,False,False,4,False
MAP2K3,True,True,True,True,False,True,5,False
MAP2K4,False,True,True,False,False,False,2,False
MAP2K5,False,False,True,False,False,False,1,False
MAP2K6,True,True,True,False,False,False,3,False
MAP2K7,True,False,True,False,False,False,2,False
MAP3K2,True,False,True,False,True,False,3,True
MAP3K20,True,True,True,False,False,False,3,False
MAP3K3,True,False,True,False,False,False,2,False
MAP3K5,False,False,True,False,True,False,2,True
MAP3K6,False,False,False,False,True,False,1,True
MAP3K7,True,False,True,False,False,False,2,False
MAP3K9,False,False,False,False,True,False,1,True
MAP4,True,True,True,True,True,True,6,True
MAP4K3,False,True,False,False,False,False,1,False
MAP4K4,True,True,True,False,False,False,3,False
MAP4K5,False,True,False,False,False,False,1,False
MAP7,True,True,True,False,False,False,3,False
MAP7D1,True,True,True,False,False,False,3,False
MAP7D3,True,True,True,False,True,False,4,True
MAPK1,True,True,True,True,False,True,5,False
MAPK10,True,False,False,False,False,False,1,False
MAPK13,False,False,False,True,False,False,1,False
MAPK14,True,True,True,True,True,True,6,True
MAPK3,True,True,True,True,False,False,4,False
MAPK7,False,True,False,False,False,False,1,False
MAPK8,True,True,False,False,False,False,2,False
MAPK8IP3,True,False,False,False,False,False,1,False
MAPK9,True,False,True,False,False,False,2,False
MAPKAP1,True,True,True,False,False,False,3,False
MAPKAPK2,True,True,True,True,False,True,5,False
MAPKAPK3,False,False,True,True,True,False,3,True
MAPRE1,True,True,True,True,True,True,6,True
MAPRE2,True,True,True,True,False,False,4,False
MAPRE3,True,False,False,False,False,False,1,False
MAPT,False,False,True,True,False,False,2,False
MARCHF5,True,True,True,False,False,False,3,False
MARCKS,False,True,False,True,True,True,4,True
MARCKSL1,True,True,True,True,True,True,6,True
MARCO,False,False,False,False,True,False,1,True
MARF1,True,False,False,False,False,False,1,False
MARK1,False,False,False,False,True,False,1,True
MARK2,True,True,True,False,False,False,3,False
MARK3,True,False,True,False,False,False,2,False
MARS1,True,True,True,True,True,True,6,True
MARS2,False,True,False,False,False,False,1,False
MARVELD2,True,False,True,False,False,False,2,False
MASP1,True,False,True,False,False,False,2,False
MASP2,False,False,True,False,False,False,1,False
MAST4,False,False,False,False,True,False,1,True
MASTL,False,True,False,False,False,False,1,False
MAT1A,True,False,True,False,False,False,2,False
MAT2A,True,True,True,True,True,True,6,True
MAT2B,True,True,True,True,False,True,5,False
MATN2,False,False,False,False,True,False,1,True
MATR3,True,True,True,True,True,True,6,True
MAU2,True,False,True,False,False,False,2,False
MAVS,True,True,True,True,False,False,4,False
MAX,True,True,True,True,False,False,4,False
MAZ,True,False,True,False,False,False,2,False
MB,True,True,False,False,False,False,2,False
MB21D2,False,True,False,False,False,False,1,False
MBD1,True,False,True,False,False,False,2,False
MBD2,True,True,True,False,False,False,3,False
MBD3,False,True,False,False,False,False,1,False
MBD3L1,False,False,False,False,True,False,1,True
MBD4,True,False,True,False,False,False,2,False
MBIP,False,True,False,False,False,False,1,False
MBLAC2,True,False,True,False,False,False,2,False
MBNL1,True,True,True,True,False,False,4,False
MBNL2,True,False,False,True,True,False,3,True
MBNL3,True,False,False,False,False,False,1,False
MBOAT1,False,False,True,False,False,False,1,False
MBOAT2,False,True,False,False,True,False,2,True
MBOAT7,True,True,True,True,False,True,5,False
MBP,False,True,False,True,False,False,2,False
MBTPS1,False,False,False,False,True,False,1,True
MCAM,True,True,True,False,False,False,3,False
MCAT,True,True,True,False,False,False,3,False
MCC,False,True,False,False,False,False,1,False
MCCC1,True,False,True,True,False,True,4,False
MCCC2,True,True,True,True,True,False,5,True
MCEE,True,False,True,False,True,False,3,True
MCEMP1,False,False,False,True,False,True,2,False
MCF2L2,False,False,False,False,True,False,1,True
MCFD2,True,True,True,True,False,False,4,False
MCM10,False,False,True,False,False,False,1,False
MCM2,True,True,True,True,True,True,6,True
MCM3,True,True,True,True,True,False,5,True
MCM3AP,True,True,True,False,False,False,3,False
MCM4,True,True,True,True,True,False,5,True
MCM5,True,True,True,True,True,False,5,True
MCM6,True,True,True,True,True,True,6,True
MCM7,True,True,True,True,True,False,5,True
MCMBP,True,True,True,True,False,False,4,False
MCRIP1,False,True,False,False,False,False,1,False
MCRIP2,False,True,True,False,False,False,2,False
MCRS1,True,False,False,False,False,False,1,False
MCTP2,False,False,False,False,True,False,1,True
MCTS1,True,True,True,True,False,False,4,False
MCU,True,True,True,True,False,False,4,False
MCUB,False,True,True,False,False,False,2,False
MCUR1,True,False,True,False,False,False,2,False
MDC1,True,True,True,False,True,False,4,True
MDGA2,False,False,False,False,True,False,1,True
MDH1,True,True,True,True,True,True,6,True
MDH1B,False,False,False,False,True,False,1,True
MDH2,True,True,True,True,True,True,6,True
MDM4,False,False,False,False,True,False,1,True
MDN1,True,True,True,False,True,False,4,True
MDP1,True,True,True,False,True,False,4,True
ME1,True,True,True,True,False,False,4,False
ME2,True,True,True,True,True,True,6,True
MEA1,True,False,True,False,False,False,2,False
MEAF6,True,False,True,False,False,False,2,False
MEAK7,True,True,True,False,False,False,3,False
MECP2,True,True,True,True,False,True,5,False
MECR,False,True,True,False,False,False,2,False
MED1,True,True,True,False,True,False,4,True
MED11,True,False,False,False,False,False,1,False
MED12,True,True,True,False,True,False,4,True
MED13,False,False,True,False,False,False,1,False
MED14,True,False,True,False,False,False,2,False
MED15,True,False,False,False,False,False,1,False
MED16,True,False,True,False,False,False,2,False
MED17,True,True,True,False,False,False,3,False
MED18,True,False,True,False,False,False,2,False
MED20,True,True,True,False,False,False,3,False
MED21,True,True,True,False,False,False,3,False
MED22,True,False,False,False,False,False,1,False
MED23,True,True,True,False,False,False,3,False
MED24,True,False,True,False,False,False,2,False
MED25,False,True,False,False,False,False,1,False
MED26,True,False,False,False,False,False,1,False
MED27,True,True,True,False,False,False,3,False
MED29,True,True,True,True,False,False,4,False
MED30,True,False,True,False,False,False,2,False
MED4,True,True,True,False,False,False,3,False
MED6,False,True,False,False,False,False,1,False
MED8,True,False,True,False,False,False,2,False
MEF2D,True,True,True,False,False,False,3,False
MEFV,False,False,False,True,False,False,1,False
MEGF10,False,False,False,False,True,False,1,True
MEGF8,False,True,False,False,False,False,1,False
MEGF9,False,True,False,False,False,False,1,False
MELK,False,True,False,False,False,False,1,False
MELTF,False,True,False,False,False,False,1,False
MEMO1,True,True,True,False,False,False,3,False
MEN1,True,True,True,False,False,False,3,False
MEP1A,False,False,False,False,True,False,1,True
MEPCE,True,True,True,False,False,False,3,False
MESD,True,True,True,True,True,False,5,True
MEST,False,True,False,False,False,False,1,False
MET,True,True,True,False,False,False,3,False
METAP1,True,True,True,True,False,False,4,False
METAP2,True,True,True,True,False,False,4,False
METTL1,True,True,True,False,False,False,3,False
METTL13,True,True,True,False,False,False,3,False
METTL14,True,True,True,False,False,False,3,False
METTL16,True,True,True,False,True,False,4,True
METTL17,True,True,True,False,True,False,4,True
METTL18,True,False,True,False,False,False,2,False
METTL26,True,True,True,False,False,False,3,False
METTL2A,False,True,False,False,False,False,1,False
METTL2B,True,True,True,False,False,False,3,False
METTL3,True,True,True,False,False,False,3,False
METTL5,False,True,False,False,False,False,1,False
METTL8,False,False,False,False,True,False,1,True
METTL9,True,False,False,False,False,False,1,False
MEX3D,False,False,False,False,True,False,1,True
MFAP1,True,True,True,False,False,False,3,False
MFAP3L,False,False,False,False,True,False,1,True
MFF,True,True,True,False,False,False,3,False
MFGE8,False,True,False,False,False,False,1,False
MFN1,True,False,True,False,False,False,2,False
MFN2,True,False,True,False,True,False,3,True
MFSD1,True,True,True,False,False,False,3,False
MFSD10,True,True,True,False,False,True,4,False
MFSD12,True,False,True,False,False,False,2,False
MFSD8,False,True,False,False,False,False,1,False
MGA,True,False,True,False,True,False,3,True
MGAT1,True,True,True,True,False,False,4,False
MGAT2,True,True,True,False,False,False,3,False
MGAT4C,False,False,False,False,True,False,1,True
MGAT5,False,False,False,False,True,False,1,True
MGLL,False,True,False,False,False,False,1,False
MGME1,True,True,True,False,False,False,3,False
MGMT,True,False,True,False,False,False,2,False
MGP,False,True,False,False,False,False,1,False
MGST1,True,True,True,True,False,True,5,False
MGST2,True,True,True,False,False,True,4,False
MGST3,True,True,True,False,True,True,5,True
MIA2,True,True,True,True,False,False,4,False
MIA3,True,True,True,False,True,False,4,True
MIB1,True,True,True,False,False,False,3,False
MICA,True,False,False,False,False,False,1,False
MICAL1,False,False,False,True,False,True,2,False
MICAL2,False,True,False,False,False,False,1,False
MICAL3,True,False,False,False,True,False,2,True
MICALL1,True,False,True,False,False,False,2,False
MICB,False,False,True,False,False,False,1,False
MICOS10,False,False,True,False,False,False,1,False
MICOS13,True,True,True,False,True,False,4,True
MICU1,False,True,True,True,False,False,3,False
MICU2,True,True,True,False,False,False,3,False
MID1,True,True,True,False,False,False,3,False
MID1IP1,False,True,False,False,False,False,1,False
MIDEAS,True,True,True,False,True,False,4,True
MIDN,True,False,False,False,False,False,1,False
MIEF1,False,False,True,False,False,False,1,False
MIEN1,True,True,True,True,False,False,4,False
MIER1,True,True,True,False,True,False,4,True
MIER3,True,False,False,False,False,False,1,False
MIF,True,True,True,True,True,True,6,True
MINDY1,False,False,False,True,False,False,1,False
MINDY4,True,False,True,False,False,False,2,False
MINK1,True,True,True,False,True,False,4,True
MINPP1,True,True,True,False,False,False,3,False
MIOS,True,True,True,False,False,False,3,False
MIPEP,True,True,True,False,False,False,3,False
MIPOL1,False,False,False,True,False,False,1,False
MIS12,True,False,True,False,False,False,2,False
MIS18BP1,False,False,False,False,True,False,1,True
MISP,True,True,True,False,False,False,3,False
MITD1,False,True,True,False,False,False,2,False
MITF,False,True,False,False,False,False,1,False
MIX23,True,False,True,False,False,False,2,False
MKI67,True,True,True,False,True,False,4,True
MKLN1,False,False,False,False,True,False,1,True
MKNK1,True,False,True,False,False,False,2,False
MKRN1,True,False,False,False,False,False,1,False
MKRN2,True,True,True,False,False,False,3,False
MKX,False,False,True,False,False,False,1,False
MLEC,True,True,True,True,False,True,5,False
MLF2,True,True,True,True,False,False,4,False
MLH1,True,True,True,False,False,False,3,False
MLH3,False,False,False,False,True,False,1,True
MLKL,True,True,True,True,False,False,4,False
MLLT1,True,False,True,False,False,False,2,False
MLLT10,False,False,True,False,False,False,1,False
MLNR,False,False,False,False,True,False,1,True
MLPH,False,True,False,False,False,False,1,False
MLST8,True,False,True,False,False,False,2,False
MLX,False,False,False,False,True,False,1,True
MLYCD,False,True,False,False,False,False,1,False
MMAB,True,True,True,False,False,False,3,False
MMGT1,False,True,False,True,False,False,2,False
MMP1,False,False,False,False,True,False,1,True
MMP16,False,False,False,False,True,False,1,True
MMP2,False,False,False,False,True,False,1,True
MMP20,False,True,False,False,False,False,1,False
MMP25,False,False,False,False,True,False,1,True
MMP27,False,False,False,False,True,False,1,True
MMP3,False,False,False,False,True,False,1,True
MMP7,False,True,False,False,False,False,1,False
MMP8,False,True,False,False,False,False,1,False
MMP9,False,True,False,False,False,True,2,False
MMRN1,False,False,False,True,True,False,2,True
MMS19,True,True,True,False,False,False,3,False
MMS22L,True,False,True,False,False,False,2,False
MMUT,True,True,True,True,False,True,5,False
MN1,False,False,False,False,True,False,1,True
MNAT1,True,True,True,False,False,False,3,False
MNDA,False,False,False,True,True,True,3,True
MOB1A,True,True,True,True,True,False,5,True
MOB1B,True,True,True,True,False,True,5,False
MOB2,True,True,True,True,False,False,4,False
MOB3A,True,True,False,True,False,False,3,False
MOB4,True,True,True,True,False,False,4,False
MOCOS,True,False,True,False,False,False,2,False
MOCS2,True,True,True,False,False,False,3,False
MOCS3,True,True,True,False,False,False,3,False
MOG,True,False,False,False,False,False,1,False
MOGS,True,True,True,True,False,True,5,False
MON1A,True,False,True,False,True,False,3,True
MON1B,True,False,False,False,False,False,1,False
MON2,True,True,True,False,True,False,4,True
MORC2,True,True,True,False,False,False,3,False
MORC3,True,True,True,False,True,False,4,True
MORC4,False,False,False,False,True,False,1,True
MORF4L1,True,True,True,False,False,False,3,False
MORF4L2,True,True,True,False,False,False,3,False
MORN3,False,False,False,False,True,False,1,True
MOSPD1,True,False,False,False,False,False,1,False
MOSPD2,True,True,True,True,False,False,4,False
MOV10,True,True,True,False,False,False,3,False
MPC2,False,True,True,True,False,False,3,False
MPDU1,True,False,True,False,False,False,2,False
MPDZ,False,True,False,False,False,False,1,False
MPEG1,False,False,False,True,False,False,1,False
MPG,True,True,True,False,False,False,3,False
MPHOSPH10,True,True,True,False,False,False,3,False
MPHOSPH6,True,True,True,False,False,False,3,False
MPHOSPH8,True,False,True,False,False,False,2,False
MPI,True,True,True,True,False,False,4,False
MPIG6B,False,False,False,True,False,False,1,False
MPLKIP,False,False,True,False,False,False,1,False
MPO,False,True,False,True,False,True,3,False
MPP1,False,True,False,True,False,False,2,False
MPRIP,True,True,True,False,False,False,3,False
MPST,True,True,True,False,False,False,3,False
MPZL1,True,True,True,False,False,False,3,False
MPZL2,False,False,True,False,False,False,1,False
MRC1,False,False,False,True,True,False,2,True
MRC2,True,True,True,False,False,False,3,False
MRE11,True,True,True,True,False,False,4,False
MRFAP1,False,False,True,False,False,False,1,False
MRGBP,True,True,True,False,False,False,3,False
MRI1,True,True,True,True,False,False,4,False
MRM1,True,True,True,False,False,False,3,False
MRM2,False,True,False,False,False,False,1,False
MRM3,True,True,True,False,False,False,3,False
MROH8,False,False,False,False,True,False,1,True
MRPL1,True,True,True,False,False,False,3,False
MRPL10,True,True,True,False,False,False,3,False
MRPL11,True,True,True,False,False,True,4,False
MRPL12,True,True,True,False,True,True,5,True
MRPL13,True,True,True,False,True,False,4,True
MRPL14,True,True,True,False,False,True,4,False
MRPL15,True,True,True,False,False,True,4,False
MRPL16,True,True,True,False,False,False,3,False
MRPL17,True,True,True,False,False,False,3,False
MRPL18,True,True,True,False,False,False,3,False
MRPL19,True,True,True,True,False,False,4,False
MRPL2,True,True,True,False,False,False,3,False
MRPL20,True,True,True,False,False,False,3,False
MRPL21,True,True,True,False,False,False,3,False
MRPL22,True,True,True,False,False,False,3,False
MRPL23,True,True,True,False,False,False,3,False
MRPL24,True,True,True,False,True,False,4,True
MRPL27,True,True,True,False,True,False,4,True
MRPL28,True,True,True,False,False,False,3,False
MRPL3,True,True,True,False,False,True,4,False
MRPL30,True,True,True,False,False,False,3,False
MRPL32,True,False,True,False,False,False,2,False
MRPL33,True,True,True,False,False,False,3,False
MRPL34,True,True,True,False,False,False,3,False
MRPL35,True,True,True,False,False,False,3,False
MRPL37,True,True,True,False,False,False,3,False
MRPL38,True,True,True,False,False,False,3,False
MRPL39,True,True,True,False,False,False,3,False
MRPL4,True,True,True,False,False,False,3,False
MRPL40,True,False,True,False,False,False,2,False
MRPL41,True,True,True,True,False,False,4,False
MRPL42,True,False,False,False,False,False,1,False
MRPL43,True,True,True,True,False,False,4,False
MRPL44,True,True,True,False,False,False,3,False
MRPL45,True,True,True,False,False,False,3,False
MRPL46,True,True,True,False,False,False,3,False
MRPL47,True,True,True,True,False,False,4,False
MRPL48,True,True,True,False,False,False,3,False
MRPL49,True,True,True,False,False,False,3,False
MRPL50,True,True,True,False,False,False,3,False
MRPL51,True,True,False,False,False,False,2,False
MRPL53,True,True,True,False,False,False,3,False
MRPL54,False,True,False,False,False,False,1,False
MRPL55,False,True,True,False,False,False,2,False
MRPL57,False,False,False,False,True,False,1,True
MRPL58,True,True,True,False,False,False,3,False
MRPL9,True,True,True,False,False,False,3,False
MRPS10,True,True,True,False,False,False,3,False
MRPS11,True,True,True,False,False,False,3,False
MRPS12,True,False,True,False,False,False,2,False
MRPS14,True,True,True,False,False,False,3,False
MRPS15,True,True,True,False,False,False,3,False
MRPS16,True,True,True,False,False,False,3,False
MRPS17,True,True,True,False,False,False,3,False
MRPS18A,True,True,True,False,False,False,3,False
MRPS18B,True,True,True,False,False,False,3,False
MRPS18C,False,False,True,False,False,False,1,False
MRPS2,True,True,True,False,False,False,3,False
MRPS21,True,True,True,False,False,False,3,False
MRPS22,True,True,True,False,False,False,3,False
MRPS23,True,True,True,False,False,False,3,False
MRPS24,True,False,True,False,False,False,2,False
MRPS25,True,True,True,False,False,False,3,False
MRPS26,True,True,True,False,False,False,3,False
MRPS27,True,True,True,False,True,False,4,True
MRPS28,True,True,True,False,False,False,3,False
MRPS30,True,True,True,False,False,False,3,False
MRPS31,True,True,True,False,False,False,3,False
MRPS34,False,True,True,False,False,False,2,False
MRPS35,True,True,True,False,False,False,3,False
MRPS36,True,True,True,False,False,False,3,False
MRPS5,True,True,True,False,False,False,3,False
MRPS6,True,True,True,False,False,False,3,False
MRPS7,True,True,True,False,False,False,3,False
MRPS9,True,True,True,False,False,False,3,False
MRRF,True,True,True,False,False,False,3,False
MRS2,False,False,True,False,False,False,1,False
MRTFB,False,True,True,False,False,False,2,False
MRTO4,True,True,True,True,False,False,4,False
MS4A1,False,False,False,True,False,False,1,False
MSANTD3-TMEFF1,False,False,False,False,True,False,1,True
MSH2,True,True,True,True,False,False,4,False
MSH3,True,True,True,False,False,False,3,False
MSH5,False,False,False,False,True,False,1,True
MSH6,True,True,True,True,False,False,4,False
MSI2,True,True,True,False,False,False,3,False
MSL1,True,True,True,False,False,False,3,False
MSLN,True,True,True,False,False,False,3,False
MSMO1,False,False,True,False,False,False,1,False
MSN,True,True,True,True,True,True,6,True
MSR1,False,False,False,False,True,False,1,True
MSRA,False,True,False,False,False,False,1,False
MSRB3,True,True,True,False,False,False,3,False
MST1,True,False,True,False,False,False,2,False
MST1R,True,False,True,False,False,False,2,False
MSTO1,True,True,True,False,True,False,4,True
MT-ATP6,True,True,True,True,False,True,5,False
MT-ATP8,True,True,True,False,False,False,3,False
MT-CO1,False,False,True,False,False,False,1,False
MT-CO2,True,True,True,True,True,True,6,True
MT-CO3,True,True,True,True,False,False,4,False
MT-CYB,True,True,True,False,False,False,3,False
MT-ND1,False,True,False,False,False,False,1,False
MT-ND2,False,True,False,True,False,False,2,False
MT-ND4,True,True,True,False,False,False,3,False
MT-ND5,True,True,True,True,True,False,5,True
MT-ND6,False,False,True,False,False,False,1,False
MT1E,True,False,True,False,False,False,2,False
MT1X,True,False,True,False,False,False,2,False
MT2A,True,False,True,False,False,False,2,False
MTA1,True,True,True,False,True,False,4,True
MTA2,True,True,True,True,True,True,6,True
MTA3,True,True,True,False,False,False,3,False
MTAP,True,True,True,True,True,False,5,True
MTARC1,False,False,True,False,False,False,1,False
MTARC2,True,False,True,False,False,False,2,False
MTCH1,True,True,True,True,False,False,4,False
MTCH2,True,True,True,True,False,True,5,False
MTCL1,True,True,True,False,False,False,3,False
MTDH,True,True,True,True,True,True,6,True
MTERF1,True,False,False,False,False,False,1,False
MTERF3,True,True,True,False,False,False,3,False
MTERF4,True,False,True,False,False,False,2,False
MTF1,False,False,False,False,True,False,1,True
MTF2,True,False,True,False,False,False,2,False
MTFMT,True,False,True,False,False,False,2,False
MTFP1,True,True,True,False,False,False,3,False
MTG1,True,False,True,False,False,False,2,False
MTG2,True,False,True,False,False,False,2,False
MTHFD1,True,True,True,True,True,True,6,True
MTHFD1L,True,True,True,False,False,False,3,False
MTHFD2,True,True,True,False,False,False,3,False
MTHFR,True,False,True,False,True,False,3,True
MTHFS,True,True,True,False,False,False,3,False
MTIF2,True,True,True,False,False,False,3,False
MTM1,True,False,True,False,False,False,2,False
MTMR1,True,True,True,False,False,False,3,False
MTMR12,True,False,True,False,False,False,2,False
MTMR14,False,True,False,False,False,False,1,False
MTMR2,True,True,True,False,False,False,3,False
MTMR4,False,False,False,False,True,False,1,True
MTMR6,False,False,True,False,False,True,2,False
MTMR9,True,True,True,False,False,False,3,False
MTO1,True,False,True,False,False,False,2,False
MTOR,True,True,True,False,False,False,3,False
MTPAP,True,True,True,False,False,False,3,False
MTPN,True,True,False,True,True,True,5,True
MTR,True,False,True,False,True,False,3,True
MTREX,True,True,True,True,False,False,4,False
MTRFR,False,False,True,False,False,False,1,False
MTRR,True,True,True,False,False,False,3,False
MTSS1,False,False,False,True,False,False,1,False
MTUS1,True,True,True,False,False,False,3,False
MTUS2,False,False,False,False,True,False,1,True
MTX1,True,True,True,False,False,False,3,False
MTX2,True,True,True,False,False,False,3,False
MTX3,True,False,True,False,False,False,2,False
MUC1,False,False,True,False,False,False,1,False
MUC16,True,True,True,False,True,False,4,True
MUC21,False,True,False,False,True,False,2,True
MUC4,False,True,False,False,False,False,1,False
MUC5AC,False,True,False,True,False,False,2,False
MUC5B,False,True,False,False,False,False,1,False
MUC7,False,True,False,False,False,False,1,False
MUCL1,False,True,False,False,False,False,1,False
MUCL3,False,False,False,False,True,False,1,True
MUS81,True,False,True,False,False,False,2,False
MUSK,False,False,False,False,True,False,1,True
MUTYH,True,False,False,False,False,False,1,False
MVB12A,True,False,True,False,False,False,2,False
MVD,True,True,True,True,False,False,4,False
MVK,True,True,True,False,False,False,3,False
MVP,True,True,True,True,True,True,6,True
MX1,False,False,False,True,False,False,1,False
MX2,False,False,False,True,False,False,1,False
MXD4,False,True,False,False,False,False,1,False
MXRA5,False,False,False,False,True,False,1,True
MXRA7,False,True,False,True,False,False,2,False
MXRA8,False,False,False,False,True,False,1,True
MYADM,True,True,True,True,False,False,4,False
MYB,False,False,False,False,True,False,1,True
MYBBP1A,True,True,True,False,False,True,4,False
MYBPC2,False,False,False,False,True,False,1,True
MYBPC3,False,False,False,True,True,False,2,True
MYCBP,True,True,True,True,False,False,4,False
MYCBP2,True,True,True,False,True,False,4,True
MYCNOS,True,False,False,False,False,False,1,False
MYD88,True,True,False,True,False,False,3,False
MYDGF,True,True,True,True,True,True,6,True
MYEF2,False,True,False,False,False,False,1,False
MYG1,True,True,True,True,False,False,4,False
MYH1,False,True,False,False,False,False,1,False
MYH10,True,True,True,True,True,False,5,True
MYH11,True,True,True,True,True,False,5,True
MYH14,False,True,False,True,True,False,3,True
MYH15,True,False,False,False,False,False,1,False
MYH2,False,True,False,True,False,False,2,False
MYH4,False,True,False,False,False,False,1,False
MYH6,False,True,False,True,True,False,3,True
MYH7,False,False,False,True,False,False,1,False
MYH7B,True,False,False,False,False,False,1,False
MYH8,False,True,False,True,False,False,2,False
MYH9,True,True,True,True,True,True,6,True
MYL1,True,True,False,True,True,False,4,True
MYL12A,True,True,True,True,True,False,5,True
MYL12B,True,True,True,True,False,True,5,False
MYL3,True,False,False,False,False,False,1,False
MYL6,True,True,True,True,True,True,6,True
MYL6B,True,True,True,False,False,False,3,False
MYL9,False,False,False,True,False,False,1,False
MYLK,False,True,True,True,True,False,4,True
MYO10,False,True,False,False,True,False,2,True
MYO15A,False,False,False,False,True,False,1,True
MYO15B,False,True,False,False,False,False,1,False
MYO16,False,False,False,False,True,False,1,True
MYO18A,True,True,True,True,False,False,4,False
MYO18B,False,False,False,False,True,False,1,True
MYO19,True,False,True,False,False,False,2,False
MYO1B,True,True,True,False,False,False,3,False
MYO1C,True,True,True,True,True,False,5,True
MYO1D,False,True,False,False,False,False,1,False
MYO1E,True,True,True,False,True,False,4,True
MYO1F,False,True,False,True,False,True,3,False
MYO1G,True,False,True,True,False,True,4,False
MYO3B,False,False,False,False,True,False,1,True
MYO5A,True,True,False,False,True,False,3,True
MYO5B,True,False,False,True,True,False,3,True
MYO5C,False,True,False,False,False,False,1,False
MYO6,True,True,True,True,True,False,5,True
MYO7B,False,False,False,False,True,False,1,True
MYO9B,True,True,True,False,True,False,4,True
MYOF,True,True,True,True,False,False,4,False
MYOM1,True,False,False,False,False,False,1,False
MYORG,True,False,True,False,False,False,2,False
MYPN,True,False,True,False,False,False,2,False
MYPOP,False,False,False,False,True,False,1,True
MZB1,False,False,False,True,False,False,1,False
MZF1,False,True,False,False,False,False,1,False
MZT2A,True,False,False,False,False,False,1,False
MZT2B,True,False,True,False,False,False,2,False
N4BP2,False,False,False,False,True,False,1,True
N4BP3,False,False,False,False,True,False,1,True
N6AMT1,True,True,True,False,False,False,3,False
NAA10,True,True,True,True,False,False,4,False
NAA15,True,True,True,True,True,False,5,True
NAA16,True,True,True,False,False,False,3,False
NAA20,True,True,True,False,False,False,3,False
NAA25,True,True,True,False,False,False,3,False
NAA30,True,True,True,False,False,False,3,False
NAA35,True,True,True,False,False,False,3,False
NAA40,True,False,True,False,False,False,2,False
NAA50,True,True,True,True,True,False,5,True
NAA80,True,False,True,False,False,False,2,False
NAAA,True,True,True,True,False,True,5,False
NAALADL1,False,False,False,False,True,False,1,True
NAB1,True,False,True,False,True,False,3,True
NAB2,False,False,True,False,False,False,1,False
NABP1,True,False,True,False,False,False,2,False
NABP2,True,False,True,False,False,False,2,False
NACA,True,True,True,True,False,False,4,False
NACAD,False,False,False,False,True,False,1,True
NACC1,True,True,True,False,False,False,3,False
NADK2,True,True,True,False,False,False,3,False
NADSYN1,False,True,True,True,False,False,3,False
NAE1,True,True,True,True,False,False,4,False
NAF1,False,True,True,False,False,False,2,False
NAGA,True,True,True,False,False,True,4,False
NAGK,True,True,True,True,False,True,5,False
NAGPA,False,True,False,False,False,False,1,False
NAIP,False,False,False,True,False,True,2,False
NALCN,False,False,False,False,True,False,1,True
NAMPT,True,True,True,True,True,True,6,True
NANP,False,True,False,False,False,False,1,False
NANS,True,True,True,True,True,False,5,True
NAP1L1,True,True,True,True,True,True,6,True
NAP1L4,True,True,True,True,True,True,6,True
NAPA,True,True,True,True,True,True,6,True
NAPB,False,False,False,True,False,False,1,False
NAPG,True,True,True,True,False,False,4,False
NAPRT,True,True,True,True,False,False,4,False
NAPSA,False,False,False,False,True,False,1,True
NARS1,True,True,True,True,True,True,6,True
NARS2,True,True,True,False,False,False,3,False
NASP,True,True,True,True,True,True,6,True
NAT10,True,True,True,True,True,True,6,True
NAV1,False,False,False,False,True,False,1,True
NAV2,True,False,True,False,False,False,2,False
NAV3,False,False,False,False,True,False,1,True
NAXD,True,True,True,False,False,False,3,False
NAXE,True,True,True,False,False,False,3,False
NBAS,True,True,True,False,False,False,3,False
NBDY,False,False,True,False,False,False,1,False
NBEA,True,False,False,True,True,False,3,True
NBEAL2,True,True,True,True,False,False,4,False
NBN,True,True,True,False,False,False,3,False
NBR1,True,False,False,False,False,False,1,False
NCALD,False,False,True,True,False,False,2,False
NCAM1,False,True,False,True,True,False,3,True
NCAM2,False,True,False,False,False,False,1,False
NCAN,False,False,False,True,False,False,1,False
NCAPD2,True,True,True,True,False,False,4,False
NCAPD3,True,True,True,False,False,False,3,False
NCAPG,True,True,True,False,True,False,4,True
NCAPG2,True,True,True,False,False,False,3,False
NCAPH,True,True,True,True,False,False,4,False
NCAPH2,True,True,True,False,False,False,3,False
NCBP1,True,True,True,True,False,True,5,False
NCBP2,True,True,True,False,False,False,3,False
NCBP2AS2,False,False,True,False,False,False,1,False
NCBP3,True,True,True,False,False,False,3,False
NCCRP1,False,True,False,True,False,True,3,False
NCDN,True,False,True,False,False,False,2,False
NCEH1,True,True,True,True,False,False,4,False
NCF1,False,False,False,True,False,False,1,False
NCF1B,False,False,False,True,False,True,2,False
NCF1C,False,False,False,True,False,False,1,False
NCF2,False,True,False,True,True,True,4,True
NCF4,False,False,False,True,True,True,3,True
NCK1,True,True,True,False,False,False,3,False
NCK2,False,False,False,True,True,False,2,True
NCKAP1,True,True,True,True,False,False,4,False
NCKAP1L,False,False,False,True,False,True,2,False
NCKIPSD,True,False,True,False,False,False,2,False
NCL,True,True,True,True,False,True,5,False
NCLN,True,True,True,True,False,False,4,False
NCOA2,True,False,False,False,True,False,2,True
NCOA3,True,True,True,False,False,False,3,False
NCOA5,True,True,True,False,False,False,3,False
NCOA7,True,True,True,False,False,False,3,False
NCOR1,True,True,True,False,True,False,4,True
NCOR2,True,True,True,False,False,False,3,False
NCS1,True,True,True,False,False,False,3,False
NCSTN,True,True,True,True,True,False,5,True
NDC1,True,True,True,False,False,False,3,False
NDC80,True,True,True,False,False,False,3,False
NDE1,True,True,True,False,False,False,3,False
NDEL1,True,True,True,False,False,False,3,False
NDFIP1,False,True,False,False,False,False,1,False
NDOR1,False,False,False,False,True,False,1,True
NDRG1,True,True,True,True,False,False,4,False
NDRG2,False,False,False,True,False,False,1,False
NDRG3,True,True,True,True,False,False,4,False
NDRG4,False,False,False,True,False,False,1,False
NDST3,False,False,False,False,True,False,1,True
NDUFA10,True,True,True,True,False,True,5,False
NDUFA11,True,True,False,False,False,False,2,False
NDUFA12,True,True,True,True,False,True,5,False
NDUFA13,True,True,True,True,False,True,5,False
NDUFA2,False,True,True,True,False,True,4,False
NDUFA3,True,True,True,False,False,False,3,False
NDUFA4,True,True,True,True,False,True,5,False
NDUFA5,True,True,True,True,False,True,5,False
NDUFA6,False,True,True,True,False,False,3,False
NDUFA7,True,True,True,True,True,False,5,True
NDUFA8,False,True,True,True,False,True,4,False
NDUFA9,True,True,True,True,False,True,5,False
NDUFAB1,True,True,True,True,True,True,6,True
NDUFAF1,True,False,True,False,False,False,2,False
NDUFAF2,True,True,True,False,False,True,4,False
NDUFAF3,True,True,True,False,False,False,3,False
NDUFAF4,True,True,True,False,False,False,3,False
NDUFAF6,True,False,False,False,False,False,1,False
NDUFAF7,True,True,True,False,False,False,3,False
NDUFB1,False,True,True,False,False,False,2,False
NDUFB10,True,True,True,True,False,True,5,False
NDUFB11,False,False,False,False,True,True,2,True
NDUFB2,False,False,False,False,False,True,1,False
NDUFB3,True,True,True,True,False,True,5,False
NDUFB4,True,True,True,True,False,True,5,False
NDUFB5,True,True,True,True,False,True,5,False
NDUFB6,True,True,True,False,False,False,3,False
NDUFB7,True,True,True,True,False,False,4,False
NDUFB8,True,True,True,False,False,True,4,False
NDUFB9,True,True,True,True,False,False,4,False
NDUFC2,False,True,False,True,False,True,3,False
NDUFS1,True,True,True,True,False,True,5,False
NDUFS2,True,True,True,True,False,True,5,False
NDUFS3,True,True,True,True,False,True,5,False
NDUFS4,True,True,True,False,False,True,4,False
NDUFS5,True,True,True,False,False,False,3,False
NDUFS6,True,True,True,True,False,True,5,False
NDUFS7,True,True,True,True,False,True,5,False
NDUFS8,True,True,True,True,False,True,5,False
NDUFV1,True,True,True,True,False,True,5,False
NDUFV2,True,True,True,True,True,True,6,True
NDUFV3,False,True,False,True,False,False,2,False
NEB,False,True,False,False,True,False,2,True
NECAP1,True,False,False,True,False,False,2,False
NECAP2,True,True,True,False,False,False,3,False
NECTIN2,True,True,True,False,False,False,3,False
NECTIN3,False,True,False,False,False,False,1,False
NEDD1,True,True,True,False,False,False,3,False
NEDD4,True,True,True,False,False,False,3,False
NEDD4L,True,True,True,False,False,False,3,False
NEDD8,True,True,True,True,True,True,6,True
NEFL,False,True,False,True,False,False,2,False
NEFM,False,False,False,True,False,False,1,False
NEGR1,False,False,True,False,False,False,1,False
NEIL3,False,True,False,False,False,False,1,False
NEK10,False,False,False,True,False,False,1,False
NEK4,False,True,False,False,False,False,1,False
NEK5,False,False,True,False,False,False,1,False
NEK7,True,True,True,True,False,False,4,False
NEK9,True,True,True,True,False,False,4,False
NELFA,True,True,True,False,False,False,3,False
NELFB,True,True,True,True,False,True,5,False
NELFCD,True,True,True,False,False,True,4,False
NELFE,True,True,True,False,False,False,3,False
NELL1,False,False,False,False,True,False,1,True
NEMF,True,True,True,False,False,False,3,False
NEMP1,True,True,True,False,False,False,3,False
NEMP2,True,False,False,False,False,False,1,False
NENF,False,True,True,True,True,False,4,True
NEO1,False,True,True,True,False,False,3,False
NEPRO,True,True,True,False,False,False,3,False
NES,True,True,True,False,True,False,4,True
NET1,False,True,False,False,False,False,1,False
NETO2,False,False,False,False,True,False,1,True
NEU1,True,True,True,False,False,False,3,False
NEU2,False,True,False,True,False,False,2,False
NEU3,True,False,False,False,False,False,1,False
NEURL4,True,False,True,False,False,False,2,False
NEXN,False,False,False,True,True,False,2,True
NF1,True,True,True,False,True,False,4,True
NF2,False,True,True,False,False,False,2,False
NFAT5,False,False,True,False,False,False,1,False
NFATC2,False,False,False,True,False,False,1,False
NFATC2IP,True,True,False,False,False,False,2,False
NFATC3,False,False,True,False,False,False,1,False
NFIA,True,True,True,False,False,False,3,False
NFIB,True,True,True,True,False,False,4,False
NFIC,True,True,True,False,False,False,3,False
NFIL3,False,False,True,False,False,False,1,False
NFKB1,True,True,True,True,False,False,4,False
NFKB2,True,True,True,True,False,False,4,False
NFKBIB,True,True,True,False,False,False,3,False
NFKBIE,False,True,False,False,False,False,1,False
NFRKB,True,False,False,False,True,False,2,True
NFS1,True,True,True,False,False,False,3,False
NFU1,True,True,True,False,False,False,3,False
NFX1,True,True,True,False,False,False,3,False
NFXL1,True,False,True,False,False,False,2,False
NFYB,True,True,True,False,False,False,3,False
NFYC,True,False,True,False,False,True,3,False
NGDN,True,True,True,False,False,False,3,False
NGLY1,True,True,True,False,False,False,3,False
NGRN,True,False,True,False,False,False,2,False
NHLRC2,True,True,True,False,False,False,3,False
NHLRC3,False,False,False,True,False,False,1,False
NHP2,False,True,True,True,True,False,4,True
NHS,True,False,True,False,False,False,2,False
NIBAN1,False,True,False,True,False,False,2,False
NIBAN2,True,True,True,True,False,False,4,False
NIBAN3,False,False,False,True,False,False,1,False
NICN1,False,False,False,False,True,False,1,True
NID1,True,False,False,True,True,False,3,True
NID2,True,False,True,False,False,False,2,False
NIF3L1,True,True,True,False,False,False,3,False
NIFK,True,True,True,True,False,False,4,False
NIN,False,False,True,False,False,False,1,False
NINL,False,False,False,False,True,False,1,True
NIP7,True,True,True,True,False,False,4,False
NIPA1,True,True,True,False,False,False,3,False
NIPA2,False,False,False,False,True,False,1,True
NIPBL,True,False,True,False,True,False,3,True
NIPSNAP1,True,True,True,True,False,True,5,False
NIPSNAP2,True,False,True,True,False,False,3,False
NIPSNAP3A,True,True,True,True,False,True,5,False
NIT1,True,True,True,True,False,False,4,False
NIT2,True,True,True,True,True,True,6,True
NKAP,True,True,True,False,False,False,3,False
NKAPD1,False,False,True,False,False,False,1,False
NKD1,False,False,False,False,True,False,1,True
NKIRAS1,False,True,False,False,False,False,1,False
NKIRAS2,False,False,True,False,False,False,1,False
NKPD1,False,True,False,False,False,False,1,False
NKRF,True,True,True,False,True,False,4,True
NKTR,True,False,True,False,False,False,2,False
NLE1,True,True,True,False,False,False,3,False
NLGN3,False,False,False,False,True,False,1,True
NLN,True,True,True,True,False,True,5,False
NLRC3,False,False,False,False,True,False,1,True
NLRC5,True,False,False,False,False,False,1,False
NLRP1,False,False,False,False,True,False,1,True
NLRP10,False,True,False,True,False,False,2,False
NLRP2,False,True,False,False,True,False,2,True
NLRP6,False,False,False,False,True,False,1,True
NLRP8,False,False,True,False,False,False,1,False
NMD3,True,True,True,False,False,False,3,False
NME1,True,True,True,True,False,True,5,False
NME2,True,False,True,True,True,False,4,True
NME2P1,False,True,False,False,False,False,1,False
NME3,False,True,False,False,False,False,1,False
NME4,False,True,False,False,False,False,1,False
NME6,True,False,True,False,True,False,3,True
NME7,True,False,False,False,False,False,1,False
NMI,True,True,True,True,False,True,5,False
NMNAT1,True,False,True,False,False,False,2,False
NMRAL1,True,False,True,False,False,False,2,False
NMRK1,True,False,True,False,False,False,2,False
NMT1,True,True,True,True,False,True,5,False
NMT2,False,True,False,False,False,False,1,False
NNMT,True,True,True,True,False,False,4,False
NNT,True,True,True,True,False,True,5,False
NOA1,True,True,True,False,True,False,4,True
NOB1,True,True,True,False,False,False,3,False
NOC2L,True,True,True,False,False,False,3,False
NOC3L,True,True,True,False,False,False,3,False
NOC4L,True,True,True,False,False,False,3,False
NOD1,False,False,False,False,True,False,1,True
NOD2,False,False,True,False,False,False,1,False
NOL10,True,True,True,False,True,False,4,True
NOL11,True,True,True,False,False,False,3,False
NOL12,True,True,True,False,False,False,3,False
NOL3,True,True,True,False,False,False,3,False
NOL6,True,True,True,False,False,False,3,False
NOL7,True,True,True,False,False,False,3,False
NOL8,True,True,True,False,True,False,4,True
NOL9,True,True,True,False,False,False,3,False
NOLC1,True,True,True,True,True,True,6,True
NOM1,False,True,True,False,True,False,3,True
NOMO1,True,True,True,True,False,False,4,False
NOMO2,True,True,True,True,False,False,4,False
NOMO3,False,True,False,True,False,False,2,False
NONO,True,True,True,True,True,True,6,True
NOP10,False,True,True,True,False,False,3,False
NOP14,True,True,True,False,False,False,3,False
NOP16,True,True,True,False,False,False,3,False
NOP2,True,True,True,True,True,False,5,True
NOP53,True,True,True,False,False,False,3,False
NOP56,True,True,True,True,True,True,6,True
NOP58,True,True,True,True,True,True,6,True
NOP9,True,True,True,False,False,False,3,False
NOPCHAP1,True,True,True,False,False,False,3,False
NOS1,False,False,True,False,True,False,2,True
NOS1AP,True,False,True,False,False,False,2,False
NOSIP,True,True,True,False,False,False,3,False
NOTCH1,False,False,True,False,True,False,2,True
NOTCH2,True,False,True,False,False,False,2,False
NOTCH3,False,True,False,False,False,False,1,False
NOVA1,False,True,False,False,False,False,1,False
NOVA2,False,True,False,False,False,False,1,False
NPAS4,False,False,False,False,True,False,1,True
NPAT,True,False,True,False,False,False,2,False
NPC1,True,True,True,True,False,False,4,False
NPC2,True,True,True,True,True,True,6,True
NPEPL1,True,True,True,True,False,False,4,False
NPEPPS,True,True,True,True,True,True,6,True
NPHP3,False,False,False,False,True,False,1,True
NPHS1,False,False,False,False,True,False,1,True
NPHS2,False,False,False,False,True,False,1,True
NPLOC4,True,True,True,True,False,False,4,False
NPM1,True,True,True,True,True,True,6,True
NPM3,True,False,True,False,False,False,2,False
NPPB,False,True,False,False,False,False,1,False
NPR1,True,False,True,False,False,False,2,False
NPR2,False,False,True,False,False,False,1,False
NPR3,False,False,False,True,False,False,1,False
NPTN,True,True,True,True,True,False,5,True
NPTX1,False,True,False,False,False,False,1,False
NPTX2,False,False,False,False,True,False,1,True
NQO1,True,True,True,False,True,False,4,True
NQO2,True,True,True,True,False,False,4,False
NR0B1,False,True,False,False,False,False,1,False
NR1D1,False,True,False,False,False,False,1,False
NR1H2,True,False,True,False,False,False,2,False
NR2C1,True,False,True,False,False,False,2,False
NR2C2,True,False,True,False,False,False,2,False
NR2C2AP,True,True,True,False,False,False,3,False
NR2F1,True,False,True,False,False,False,2,False
NR2F2,True,True,True,False,False,False,3,False
NR2F6,True,True,True,False,False,False,3,False
NR3C1,True,True,True,False,False,False,3,False
NR4A1,True,False,False,False,False,False,1,False
NRAS,True,True,True,False,False,True,4,False
NRBP1,False,True,True,True,True,False,4,True
NRCAM,False,True,False,False,True,False,2,True
NRDC,True,True,True,True,False,False,4,False
NRDE2,True,False,True,False,False,False,2,False
NRF1,True,True,True,True,False,False,4,False
NRG2,False,True,False,False,True,False,2,True
NRGN,False,False,False,True,False,False,1,False
NRIP3,False,False,False,False,True,False,1,True
NRM,False,True,True,False,False,False,2,False
NRP1,True,True,False,False,False,False,2,False
NRP2,False,False,True,False,False,False,1,False
NRXN2,False,False,False,False,True,False,1,True
NSA2,True,True,True,False,False,False,3,False
NSD1,False,False,False,False,True,False,1,True
NSD2,True,True,True,False,False,False,3,False
NSD3,False,True,False,False,False,False,1,False
NSDHL,True,True,True,True,True,False,5,True
NSF,True,True,True,True,True,True,6,True
NSFL1C,True,True,True,True,True,True,6,True
NSL1,False,False,True,False,False,False,1,False
NSMAF,False,True,False,False,False,False,1,False
NSMCE1,True,True,True,False,False,False,3,False
NSMCE2,True,True,True,False,True,False,4,True
NSMCE3,True,True,True,False,False,False,3,False
NSMCE4A,True,True,True,False,False,False,3,False
NSRP1,True,True,True,False,True,False,4,True
NSUN2,True,True,True,True,False,False,4,False
NSUN4,True,True,True,False,False,False,3,False
NSUN5,True,True,True,False,True,False,4,True
NT5C,True,True,True,False,False,False,3,False
NT5C2,True,True,True,True,False,False,4,False
NT5C3A,True,True,True,True,True,False,5,True
NT5C3B,False,False,True,False,False,False,1,False
NT5DC1,True,True,True,False,True,False,4,True
NT5DC2,True,True,True,False,True,False,4,True
NT5DC3,False,True,False,False,False,False,1,False
NT5E,True,True,True,False,False,False,3,False
NTAQ1,True,False,True,False,False,False,2,False
NTHL1,True,True,True,False,False,False,3,False
NTMT1,True,True,True,False,False,False,3,False
NTMT2,False,False,False,False,True,False,1,True
NTPCR,True,True,True,False,False,False,3,False
NUAK1,False,False,False,False,True,False,1,True
NUAK2,False,True,False,False,False,False,1,False
NUB1,True,True,True,False,False,False,3,False
NUBP1,True,False,True,False,True,False,3,True
NUBP2,True,True,True,False,False,False,3,False
NUBPL,True,True,True,False,True,False,4,True
NUCB1,True,True,True,True,False,False,4,False
NUCB2,True,True,True,True,True,True,6,True
NUCKS1,True,True,True,True,True,True,6,True
NUDC,True,True,True,True,True,True,6,True
NUDCD1,True,True,True,True,False,False,4,False
NUDCD2,True,True,True,True,True,False,5,True
NUDCD3,False,True,True,False,False,False,2,False
NUDT1,True,True,True,True,False,False,4,False
NUDT12,True,False,True,False,False,False,2,False
NUDT15,True,False,False,False,False,False,1,False
NUDT16,False,True,False,False,False,False,1,False
NUDT16L1,True,True,True,True,False,False,4,False
NUDT18,False,False,True,False,False,False,1,False
NUDT19,True,True,True,False,False,False,3,False
NUDT2,True,True,True,False,False,False,3,False
NUDT21,True,True,True,True,True,True,6,True
NUDT3,True,False,True,True,False,False,3,False
NUDT4,True,True,True,False,False,False,3,False
NUDT4B,False,False,True,False,False,False,1,False
NUDT5,True,True,True,True,False,True,5,False
NUDT9,True,True,True,False,False,False,3,False
NUF2,True,True,True,False,False,False,3,False
NUFIP2,True,True,True,False,False,False,3,False
NUMA1,True,True,True,True,True,True,6,True
NUMB,True,True,True,True,False,False,4,False
NUMBL,False,True,True,True,False,False,3,False
NUP107,True,True,True,True,False,False,4,False
NUP133,True,True,True,True,True,True,6,True
NUP153,True,True,True,False,False,False,3,False
NUP155,True,True,True,True,False,True,5,False
NUP160,True,True,True,False,False,False,3,False
NUP188,True,True,True,False,False,False,3,False
NUP205,True,True,True,True,True,False,5,True
NUP210,True,True,True,True,True,True,6,True
NUP210L,False,False,False,False,True,False,1,True
NUP214,True,True,True,True,False,False,4,False
NUP35,True,True,True,False,False,False,3,False
NUP37,True,True,True,False,False,False,3,False
NUP42,True,False,True,False,False,False,2,False
NUP43,True,True,True,False,False,False,3,False
NUP50,True,True,True,True,False,False,4,False
NUP54,True,True,True,True,False,True,5,False
NUP58,True,True,True,False,False,False,3,False
NUP62,True,True,True,True,False,True,5,False
NUP85,True,True,True,True,False,False,4,False
NUP88,True,True,True,True,False,False,4,False
NUP93,True,True,True,True,False,True,5,False
NUP98,True,True,True,True,True,True,6,True
NUSAP1,True,True,True,False,False,False,3,False
NUTF2,True,True,True,True,False,False,4,False
NUTM2F,False,False,True,False,False,False,1,False
NUTM2G,False,False,True,False,False,False,1,False
NVL,True,True,True,False,False,False,3,False
NWD2,False,False,False,False,True,False,1,True
NXF1,True,True,True,True,True,False,5,True
NXN,False,True,False,False,False,False,1,False
NXPE2,False,False,False,False,True,False,1,True
NXT1,True,False,True,False,False,False,2,False
NXT2,True,False,True,False,False,False,2,False
NYAP1,False,False,False,False,True,False,1,True
OAF,True,False,True,False,False,False,2,False
OARD1,True,True,True,False,False,False,3,False
OAS1,True,True,False,True,False,False,3,False
OAS2,False,False,False,True,False,False,1,False
OAS3,True,True,True,True,False,False,4,False
OASL,False,False,False,False,True,False,1,True
OAT,True,True,True,True,False,False,4,False
OBI1,False,False,False,False,True,False,1,True
OBP2B,False,True,False,False,False,False,1,False
OBSL1,False,False,True,False,False,False,1,False
OC90,False,False,True,False,False,False,1,False
OCA2,True,False,False,False,False,False,1,False
OCIAD1,True,True,True,True,False,False,4,False
OCIAD2,True,True,True,True,False,False,4,False
OCLN,False,True,False,False,False,False,1,False
OCRL,True,True,True,False,False,False,3,False
ODAD2,False,False,False,False,True,False,1,True
ODR4,True,True,True,False,False,False,3,False
OFD1,True,True,True,False,False,False,3,False
OGA,True,True,True,True,False,False,4,False
OGDH,True,True,True,True,False,True,5,False
OGFOD1,True,True,True,False,False,False,3,False
OGFR,True,True,True,True,False,True,5,False
OGN,False,False,True,False,False,False,1,False
OGT,True,True,True,True,False,False,4,False
OIP5,True,False,False,False,False,False,1,False
OLA1,True,True,True,True,True,False,5,True
OLFM1,False,False,False,False,True,False,1,True
OMA1,True,False,True,False,False,False,2,False
OMD,True,False,True,False,False,False,2,False
ONECUT3,False,False,False,False,True,False,1,True
OPA1,True,True,True,True,False,True,5,False
OPHN1,False,False,True,False,False,False,1,False
OPLAH,False,True,False,True,False,False,2,False
OPN3,False,True,False,False,False,False,1,False
OPRPN,False,True,False,True,False,False,2,False
OPTN,True,True,True,True,False,False,4,False
OR10J4,False,False,False,False,True,False,1,True
OR14C36,False,False,False,False,True,False,1,True
OR1K1,False,False,False,False,True,False,1,True
OR2M7,False,False,False,False,True,False,1,True
OR2S2,False,False,False,False,True,False,1,True
OR2T1,False,False,False,False,True,False,1,True
OR52E4,False,True,False,False,False,False,1,False
OR52N2,False,False,False,False,True,False,1,True
OR52W1,False,False,False,False,True,False,1,True
OR5K2,False,False,False,False,True,False,1,True
OR5T2,False,False,False,False,True,False,1,True
OR6K6,False,False,False,False,True,False,1,True
OR9G4,False,False,False,False,True,False,1,True
ORC1,True,False,True,False,False,False,2,False
ORC2,True,True,True,False,False,False,3,False
ORC3,True,True,True,False,False,False,3,False
ORC4,True,True,True,False,False,False,3,False
ORC5,True,True,True,False,True,False,4,True
ORC6,False,False,True,False,False,False,1,False
ORM1,False,True,False,False,False,False,1,False
ORM2,False,True,False,False,False,False,1,False
ORMDL1,False,True,False,True,False,False,2,False
ORMDL2,False,True,False,True,False,False,2,False
ORMDL3,False,True,False,True,False,False,2,False
OS9,True,True,True,False,False,False,3,False
OSBP,True,True,True,True,False,False,4,False
OSBP2,False,False,True,False,False,False,1,False
OSBPL10,True,True,True,False,False,False,3,False
OSBPL11,True,False,True,True,False,False,3,False
OSBPL1A,True,False,True,False,False,False,2,False
OSBPL2,True,False,True,False,False,False,2,False
OSBPL3,False,True,True,False,False,False,2,False
OSBPL5,False,False,True,False,False,False,1,False
OSBPL6,True,False,False,False,True,False,2,True
OSBPL8,True,True,True,True,False,True,5,False
OSBPL9,True,True,True,False,False,False,3,False
OSGEP,True,True,True,True,False,True,5,False
OSGEPL1,True,True,True,False,False,False,3,False
OSGIN2,False,False,False,False,True,False,1,True
OSMR,False,False,False,False,True,False,1,True
OSTC,True,False,True,False,False,False,2,False
OSTF1,True,True,True,True,True,True,6,True
OSTM1,False,True,True,False,False,False,2,False
OTOF,False,False,False,False,True,False,1,True
OTOG,False,False,False,False,True,False,1,True
OTOGL,False,False,False,False,True,False,1,True
OTUB1,True,True,True,True,True,True,6,True
OTUB2,False,False,False,False,True,False,1,True
OTUD4,False,True,True,False,False,False,2,False
OTUD5,True,False,True,False,False,False,2,False
OTUD6B,True,False,True,False,False,False,2,False
OTUD7A,True,False,False,False,False,False,1,False
OTUD7B,True,False,True,False,False,False,2,False
OTULIN,True,True,True,False,False,False,3,False
OTULINL,False,False,False,True,False,True,2,False
OVCA2,True,False,True,False,False,True,3,False
OVOL2,False,False,False,False,True,False,1,True
OXA1L,True,True,True,False,False,False,3,False
OXCT1,True,True,True,True,True,True,6,True
OXLD1,False,True,False,False,False,False,1,False
OXNAD1,True,False,True,False,False,False,2,False
OXR1,True,False,True,False,True,False,3,True
OXSM,False,True,True,False,False,False,2,False
OXSR1,True,True,True,True,False,True,5,False
P2RX7,True,False,False,False,False,False,1,False
P3H1,True,True,True,False,True,False,4,True
P3H2,False,True,False,False,False,False,1,False
P3H3,False,True,False,False,False,False,1,False
P3H4,False,True,False,False,True,False,2,True
P4HA1,True,True,True,False,False,False,3,False
P4HA2,True,True,True,False,False,False,3,False
P4HA3,False,False,False,False,True,False,1,True
P4HB,True,True,True,True,True,True,6,True
P4HTM,True,False,True,False,False,False,2,False
PA2G4,True,True,True,True,True,True,6,True
PAAF1,True,False,True,False,False,False,2,False
PABIR2,True,False,True,False,False,False,2,False
PABPC1,True,True,True,True,True,True,6,True
PABPC1L2B,False,False,False,False,True,False,1,True
PABPC4,True,True,True,True,True,False,5,True
PABPN1,True,True,True,True,True,True,6,True
PACC1,False,True,True,False,False,False,2,False
PACS1,True,True,True,True,False,False,4,False
PACSIN1,False,False,False,True,True,False,2,True
PACSIN2,True,True,True,True,True,True,6,True
PACSIN3,True,True,True,False,False,False,3,False
PADI1,False,True,False,True,False,False,2,False
PADI2,False,False,False,False,False,True,1,False
PADI4,False,False,False,True,False,True,2,False
PAF1,True,True,True,False,False,False,3,False
PAFAH1B1,True,True,True,True,True,True,6,True
PAFAH1B2,True,True,True,True,False,True,5,False
PAFAH1B3,True,True,True,True,True,False,5,True
PAG1,False,True,False,False,False,False,1,False
PAGE5,False,False,False,True,False,False,1,False
PAICS,True,True,True,True,True,True,6,True
PAIP1,True,True,True,True,False,False,4,False
PAIP2B,False,False,False,False,True,False,1,True
PAK1,False,True,False,True,False,False,2,False
PAK1IP1,True,True,True,False,False,False,3,False
PAK2,True,True,True,True,True,True,6,True
PAK4,True,True,True,False,False,False,3,False
PAK6,False,False,False,False,True,False,1,True
PALLD,True,True,True,False,False,False,3,False
PALM2AKAP2,False,False,False,False,True,False,1,True
PALS1,True,True,True,False,False,False,3,False
PALS2,True,True,True,False,False,False,3,False
PAM,False,True,False,False,False,False,1,False
PAM16,True,True,True,False,False,False,3,False
PAN2,False,False,True,False,False,False,1,False
PANK1,False,True,False,False,False,False,1,False
PANK2,True,False,True,False,True,False,3,True
PANK3,True,False,True,False,False,False,2,False
PANK4,True,True,True,True,True,False,5,True
PAPOLA,True,True,True,True,False,False,4,False
PAPOLG,True,True,False,False,False,False,2,False
PAPSS1,True,True,True,True,False,False,4,False
PAPSS2,True,True,True,False,False,False,3,False
PARD3,True,True,True,False,False,False,3,False
PARD3B,False,False,False,False,True,False,1,True
PARD6A,False,True,False,False,False,False,1,False
PARD6B,False,True,False,False,False,False,1,False
PARD6G,False,True,False,False,False,False,1,False
PARG,True,True,True,False,False,False,3,False
PARK7,True,True,True,True,True,True,6,True
PARN,True,True,True,False,False,False,3,False
PARP1,True,True,True,True,True,True,6,True
PARP10,True,False,False,False,False,False,1,False
PARP12,True,False,True,False,False,False,2,False
PARP14,True,False,True,False,False,False,2,False
PARP16,False,False,True,False,True,False,2,True
PARP2,True,True,True,False,True,False,4,True
PARP4,True,True,True,False,False,False,3,False
PARP9,False,False,True,True,False,False,2,False
PARPBP,False,False,False,False,True,False,1,True
PARS2,True,False,False,False,False,False,1,False
PARVA,True,True,True,False,True,False,4,True
PARVB,False,True,True,True,True,False,4,True
PARVG,False,False,False,True,False,True,2,False
PASD1,False,False,False,False,True,False,1,True
PASK,False,True,False,False,True,False,2,True
PATJ,True,False,True,False,False,False,2,False
PATL1,True,True,True,False,False,False,3,False
PAWR,True,True,True,False,True,False,4,True
PAXBP1,True,False,True,False,False,False,2,False
PAXIP1,True,False,True,False,True,False,3,True
PAXX,True,True,True,True,True,True,6,True
PBDC1,False,True,False,True,True,False,3,True
PBK,True,True,True,False,False,False,3,False
PBRM1,True,True,True,False,False,False,3,False
PBX1,True,False,False,False,False,False,1,False
PBX2,False,False,True,False,False,False,1,False
PBX3,False,True,True,False,False,False,2,False
PBXIP1,True,True,True,True,False,False,4,False
PC,True,True,True,True,False,False,4,False
PCBD1,True,True,True,False,False,False,3,False
PCBD2,True,True,True,False,False,False,3,False
PCBP1,True,True,True,True,True,True,6,True
PCBP2,True,True,True,True,True,True,6,True
PCBP3,False,False,True,False,False,False,1,False
PCCA,True,True,True,True,False,False,4,False
PCCB,True,True,True,True,False,False,4,False
PCDH1,True,True,False,False,False,False,2,False
PCDH10,False,False,False,False,True,False,1,True
PCDH12,True,False,True,False,False,False,2,False
PCDH18,False,False,True,False,False,False,1,False
PCDH8,False,False,False,False,True,False,1,True
PCDHA1,False,False,False,False,True,False,1,True
PCDHA3,False,False,False,False,True,False,1,True
PCDHA5,False,False,False,False,True,False,1,True
PCDHB10,False,False,False,False,True,False,1,True
PCDHGA1,False,False,False,False,True,False,1,True
PCDHGA2,False,False,False,False,True,False,1,True
PCDHGC3,True,False,False,False,False,False,1,False
PCF11,True,True,True,False,False,False,3,False
PCGF5,False,False,True,False,False,False,1,False
PCID2,True,True,True,False,False,False,3,False
PCIF1,True,True,True,False,False,False,3,False
PCK1,False,False,False,True,False,False,1,False
PCK2,True,True,True,True,True,True,6,True
PCLAF,True,True,False,False,False,False,2,False
PCM1,True,True,True,False,False,False,3,False
PCMT1,True,True,True,True,True,True,6,True
PCNA,True,True,True,True,True,True,6,True
PCNP,True,True,True,True,True,True,6,True
PCNT,True,False,True,False,False,False,2,False
PCNX1,False,False,False,False,True,False,1,True
PCNX3,False,False,False,False,True,False,1,True
PCOLCE2,True,False,True,False,False,False,2,False
PCSK5,False,False,False,False,True,False,1,True
PCSK9,True,False,True,False,False,False,2,False
PCYOX1,True,True,True,True,False,True,5,False
PCYOX1L,False,True,False,True,False,False,2,False
PCYT1A,True,True,True,True,False,False,4,False
PCYT2,True,True,True,True,False,False,4,False
PDAP1,True,True,True,True,True,True,6,True
PDCD10,True,True,True,True,False,True,5,False
PDCD11,True,True,True,False,False,False,3,False
PDCD2,False,False,True,False,False,False,1,False
PDCD2L,False,True,True,False,False,False,2,False
PDCD4,True,True,True,True,True,True,6,True
PDCD5,True,True,True,True,True,False,5,True
PDCD6,True,True,True,True,False,True,5,False
PDCD6IP,True,True,True,True,True,True,6,True
PDCL,True,True,True,False,False,False,3,False
PDCL3,True,True,True,True,False,False,4,False
PDE12,True,True,True,True,False,False,4,False
PDE1A,False,False,False,False,True,False,1,True
PDE1C,False,True,False,False,False,False,1,False
PDE3A,True,True,True,False,False,False,3,False
PDE3B,False,False,True,False,False,False,1,False
PDE4A,False,False,False,False,True,False,1,True
PDE4D,True,True,True,False,False,False,3,False
PDE4DIP,True,False,False,False,False,False,1,False
PDE5A,False,False,False,True,False,False,1,False
PDE6D,True,True,True,False,False,False,3,False
PDE7A,False,False,False,False,True,False,1,True
PDE8A,True,True,True,False,False,False,3,False
PDE8B,True,False,True,False,False,False,2,False
PDE9A,False,False,False,False,True,False,1,True
PDF,True,False,True,False,False,False,2,False
PDGFC,False,False,False,False,True,False,1,True
PDGFRB,False,False,False,False,True,False,1,True
PDHA1,True,True,True,True,True,True,6,True
PDHA2,False,False,False,False,True,False,1,True
PDHB,True,True,True,True,True,True,6,True
PDHX,True,True,True,True,False,False,4,False
PDIA2,False,False,False,False,True,False,1,True
PDIA3,True,True,True,True,True,True,6,True
PDIA4,True,True,True,True,True,True,6,True
PDIA5,True,True,True,True,False,False,4,False
PDIA6,True,True,True,True,True,True,6,True
PDK1,False,True,False,False,True,False,2,True
PDK3,False,True,False,False,True,False,2,True
PDK4,True,False,False,False,False,False,1,False
PDLIM1,True,True,True,True,False,False,4,False
PDLIM2,False,True,True,True,False,False,3,False
PDLIM5,True,True,True,True,False,False,4,False
PDLIM7,True,True,True,True,False,False,4,False
PDP1,False,False,False,True,False,False,1,False
PDPK1,True,True,True,False,False,False,3,False
PDPR,True,True,True,False,False,False,3,False
PDRG1,True,True,False,False,False,False,2,False
PDS5A,True,True,True,True,False,True,5,False
PDS5B,True,True,True,True,False,True,5,False
PDSS2,False,False,True,False,False,False,1,False
PDXDC1,True,True,True,True,False,False,4,False
PDXK,True,True,True,True,True,True,6,True
PDXP,True,True,True,True,False,False,4,False
PDZD11,True,True,True,False,False,False,3,False
PDZD2,False,False,False,False,True,False,1,True
PDZD7,False,False,False,False,True,False,1,True
PDZD8,True,True,True,False,False,False,3,False
PEA15,True,True,True,True,False,False,4,False
PEAK1,True,False,True,False,False,False,2,False
PEBP1,True,True,True,True,True,True,6,True
PECAM1,False,False,False,True,True,True,3,True
PECR,False,True,False,False,True,False,2,True
PEF1,True,True,True,True,False,True,5,False
PEG10,False,True,False,False,False,False,1,False
PELI1,False,False,False,True,False,False,1,False
PELO,True,True,True,False,False,False,3,False
PELP1,True,True,True,False,False,False,3,False
PENK,False,True,False,False,False,False,1,False
PEPD,True,True,True,True,True,True,6,True
PES1,True,True,True,True,False,False,4,False
PET100,False,True,False,False,False,False,1,False
PEX1,True,False,True,False,True,False,3,True
PEX11B,True,True,True,True,True,False,5,True
PEX13,False,True,True,False,False,False,2,False
PEX14,True,True,True,False,False,False,3,False
PEX16,True,True,True,False,False,False,3,False
PEX19,True,False,True,False,False,False,2,False
PEX2,False,False,True,False,False,False,1,False
PEX3,False,False,True,False,False,False,1,False
PEX5,False,False,True,False,False,False,1,False
PEX6,False,False,False,False,True,False,1,True
PF4,False,False,False,True,False,False,1,False
PFAS,True,True,True,True,True,False,5,True
PFDN1,True,True,True,True,True,False,5,True
PFDN2,True,True,True,False,True,True,5,True
PFDN4,True,True,True,False,True,False,4,True
PFDN5,True,True,True,True,False,True,5,False
PFDN6,True,True,True,True,True,True,6,True
PFKFB2,True,False,True,True,False,False,3,False
PFKFB3,False,True,False,False,False,False,1,False
PFKL,True,True,True,True,True,True,6,True
PFKM,True,True,True,True,True,False,5,True
PFKP,True,True,True,True,True,False,5,True
PFN1,True,True,True,True,True,True,6,True
PFN2,True,True,True,False,False,False,3,False
PFN3,True,False,False,False,False,False,1,False
PGAM1,True,True,True,True,True,True,6,True
PGAM2,False,False,False,True,False,False,1,False
PGAM5,True,True,True,True,False,False,4,False
PGAP1,False,False,False,False,True,False,1,True
PGAP2,True,False,False,False,False,False,1,False
PGAP3,False,False,False,False,True,False,1,True
PGBD2,False,False,False,False,True,False,1,True
PGBD4,False,False,False,False,True,False,1,True
PGD,True,True,True,True,True,True,6,True
PGGT1B,True,True,True,False,False,False,3,False
PGK1,True,True,True,True,True,True,6,True
PGK2,False,False,True,False,False,False,1,False
PGLS,True,True,True,True,True,True,6,True
PGLYRP2,False,True,False,False,False,False,1,False
PGLYRP4,False,True,False,False,True,False,2,True
PGM1,True,True,True,True,True,True,6,True
PGM2,True,True,True,True,False,True,5,False
PGM2L1,True,False,True,True,False,False,3,False
PGM3,True,True,True,True,False,False,4,False
PGP,True,True,True,True,False,False,4,False
PGRMC1,True,True,True,True,True,False,5,True
PGRMC2,True,True,True,True,False,True,5,False
PGS1,True,False,True,False,False,False,2,False
PHACTR4,True,True,True,False,True,False,4,True
PHAF1,True,False,False,False,False,False,1,False
PHAX,True,True,True,False,False,False,3,False
PHB1,True,True,True,True,True,True,6,True
PHB2,True,True,True,True,True,True,6,True
PHC2,True,True,False,False,False,False,2,False
PHC3,True,False,True,False,False,False,2,False
PHETA1,False,True,False,False,False,False,1,False
PHF10,True,False,True,False,False,False,2,False
PHF12,True,False,False,False,False,False,1,False
PHF14,True,True,True,False,True,False,4,True
PHF2,True,False,True,False,False,False,2,False
PHF20,True,False,False,False,False,False,1,False
PHF21A,True,False,False,False,False,False,1,False
PHF23,True,True,True,False,False,False,3,False
PHF3,True,True,True,False,True,False,4,True
PHF5A,True,True,True,True,True,True,6,True
PHF6,True,True,True,False,False,False,3,False
PHF8,False,True,True,False,False,False,2,False
PHGDH,True,True,True,True,True,True,6,True
PHIP,True,True,True,False,False,False,3,False
PHKA1,True,True,True,False,False,False,3,False
PHKA2,True,False,True,False,False,False,2,False
PHKB,True,True,True,False,False,False,3,False
PHKG2,True,True,True,False,False,False,3,False
PHLDA1,True,True,False,False,False,False,2,False
PHLDA2,False,True,True,False,False,False,2,False
PHLDA3,False,True,False,False,False,False,1,False
PHLDB1,False,True,False,False,True,False,2,True
PHLDB2,True,True,True,False,False,False,3,False
PHLPP1,True,False,False,False,True,False,2,True
PHPT1,True,True,True,True,False,False,4,False
PHRF1,False,False,True,False,False,False,1,False
PHTF2,False,True,False,False,False,False,1,False
PHYH,True,True,True,False,False,False,3,False
PHYHIP,False,False,True,False,True,False,2,True
PI3,False,True,False,False,False,False,1,False
PI4K2A,True,True,True,False,False,True,4,False
PI4KA,True,False,True,False,True,False,3,True
PI4KB,True,False,True,False,False,False,2,False
PIAS1,True,True,True,False,False,False,3,False
PIAS2,False,False,False,False,True,False,1,True
PIAS4,True,False,True,False,False,False,2,False
PIBF1,True,False,False,False,False,False,1,False
PICALM,True,True,True,True,False,True,5,False
PIDD1,False,False,False,False,True,False,1,True
PIEZO1,True,False,True,False,False,False,2,False
PIGBOS1,True,True,True,False,False,False,3,False
PIGG,True,True,True,False,False,False,3,False
PIGK,True,True,True,False,False,False,3,False
PIGO,False,False,True,False,False,False,1,False
PIGR,False,True,False,True,False,False,2,False
PIGS,True,True,True,True,False,False,4,False
PIGT,True,True,True,False,False,False,3,False
PIGU,True,True,True,False,False,False,3,False
PIGW,True,False,True,False,False,False,2,False
PIH1D1,True,True,True,False,False,False,3,False
PIK3AP1,False,False,False,True,True,False,2,True
PIK3C2A,True,True,True,False,False,False,3,False
PIK3C2B,True,False,True,False,False,False,2,False
PIK3C3,True,True,True,False,False,False,3,False
PIK3CA,False,False,False,False,True,False,1,True
PIK3CB,False,True,True,False,False,False,2,False
PIK3CD,False,False,False,True,False,True,2,False
PIK3CG,False,False,False,False,True,False,1,True
PIK3IP1,False,True,False,False,False,False,1,False
PIK3R1,False,False,False,True,False,False,1,False
PIK3R2,True,False,True,False,False,False,2,False
PIK3R4,True,True,True,False,False,False,3,False
PIK3R6,False,False,False,False,True,False,1,True
PIMREG,False,True,False,False,False,False,1,False
PIN1,True,True,True,False,True,False,4,True
PIN4,True,True,True,True,False,False,4,False
PINX1,False,True,True,False,False,False,2,False
PIP,False,True,False,True,False,False,2,False
PIP4K2A,True,True,True,True,False,True,5,False
PIP4K2B,True,True,True,False,True,False,4,True
PIP4K2C,True,True,True,False,False,False,3,False
PIP4P1,True,False,True,False,False,False,2,False
PIP5K1A,True,True,True,False,False,False,3,False
PIP5K1B,False,True,False,False,False,False,1,False
PIR,True,True,True,False,False,False,3,False
PISD,False,True,False,False,True,False,2,True
PITHD1,True,True,True,True,False,True,5,False
PITPNA,True,True,True,True,False,True,5,False
PITPNB,True,True,True,True,True,True,6,True
PITPNM1,True,False,True,False,False,False,2,False
PITRM1,True,True,True,False,False,False,3,False
PITX1,False,False,True,False,False,False,1,False
PITX2,False,False,True,False,False,False,1,False
PKD1,False,False,False,False,True,False,1,True
PKD1L1,False,False,False,False,True,False,1,True
PKD2,False,True,False,False,False,False,1,False
PKDREJ,False,False,False,False,True,False,1,True
PKHD1,False,False,False,False,True,False,1,True
PKLR,False,True,False,False,False,False,1,False
PKM,True,True,True,True,True,True,6,True
PKMYT1,False,True,False,False,False,False,1,False
PKN1,True,True,True,True,False,True,5,False
PKN2,True,True,True,False,True,False,4,True
PKN3,False,False,False,True,False,False,1,False
PKP1,False,True,False,True,False,True,3,False
PKP2,True,True,True,False,False,False,3,False
PKP3,True,True,True,True,False,False,4,False
PKP4,True,True,False,False,False,False,2,False
PLA2G15,True,True,True,False,False,False,3,False
PLA2G2A,False,False,False,True,False,False,1,False
PLA2G4A,True,True,True,False,False,False,3,False
PLA2G4B,False,True,False,True,False,False,2,False
PLA2G4C,False,False,False,False,True,False,1,True
PLA2G4D,False,True,False,True,False,False,2,False
PLA2G4E,False,True,False,True,False,False,2,False
PLA2G4F,False,False,False,True,False,False,1,False
PLA2G7,False,True,True,False,False,False,2,False
PLAA,True,True,True,True,True,False,5,True
PLAAT3,False,True,False,False,False,False,1,False
PLAUR,True,False,True,False,True,False,3,True
PLBD1,False,True,False,True,False,True,3,False
PLBD2,True,True,True,True,False,False,4,False
PLCB1,False,False,False,True,False,False,1,False
PLCB2,False,False,True,True,False,False,2,False
PLCB3,True,True,True,False,False,False,3,False
PLCB4,False,True,False,False,False,False,1,False
PLCD1,False,True,False,True,False,False,2,False
PLCD3,True,True,True,False,False,False,3,False
PLCG1,True,False,True,False,False,False,2,False
PLCG2,False,False,False,True,False,True,2,False
PLCH2,False,False,False,False,True,False,1,True
PLCL2,False,False,False,False,True,False,1,True
PLCXD1,False,True,False,True,False,False,2,False
PLD1,True,True,True,False,False,False,3,False
PLD2,False,True,False,False,False,False,1,False
PLD3,True,True,True,True,False,True,5,False
PLD4,False,False,False,True,False,True,2,False
PLEC,True,True,True,True,True,True,6,True
PLEK,False,False,False,True,True,True,3,True
PLEK2,False,True,True,False,False,False,2,False
PLEKHA1,True,True,True,False,False,False,3,False
PLEKHA2,True,False,True,False,True,False,3,True
PLEKHA5,True,True,True,False,True,False,4,True
PLEKHA6,True,True,True,False,False,False,3,False
PLEKHA7,False,False,False,False,True,False,1,True
PLEKHF1,True,True,False,True,False,False,3,False
PLEKHF2,True,False,True,False,False,False,2,False
PLEKHG1,False,False,False,False,True,False,1,True
PLEKHG2,False,False,False,False,True,False,1,True
PLEKHG3,False,True,True,False,False,False,2,False
PLEKHG5,False,False,False,False,True,False,1,True
PLEKHO2,False,False,False,True,True,True,3,True
PLG,True,True,True,True,False,False,4,False
PLGRKT,True,True,True,False,False,True,4,False
PLIN1,False,False,False,True,False,False,1,False
PLIN2,True,True,True,False,True,False,4,True
PLIN3,True,True,True,True,True,True,6,True
PLIN4,False,False,False,False,False,True,1,False
PLK1,True,True,True,False,False,False,3,False
PLK4,False,False,False,False,True,False,1,True
PLLP,True,False,True,False,False,False,2,False
PLOD1,True,True,True,True,False,False,4,False
PLOD2,True,True,True,False,False,False,3,False
PLOD3,True,True,True,True,False,False,4,False
PLP1,False,False,False,True,False,False,1,False
PLP2,True,True,True,False,True,False,4,True
PLPBP,True,True,True,True,False,True,5,False
PLPP2,True,False,True,False,False,False,2,False
PLPP3,False,True,False,False,False,False,1,False
PLPP6,True,True,False,False,False,False,2,False
PLPP7,False,False,False,False,True,False,1,True
PLRG1,True,True,True,True,False,False,4,False
PLS1,True,True,True,True,True,False,5,True
PLS3,True,True,True,True,True,False,5,True
PLSCR1,False,True,True,False,False,False,2,False
PLTP,True,False,True,False,False,False,2,False
PLVAP,True,False,True,False,False,False,2,False
PLXNA2,False,False,True,False,True,False,2,True
PLXNA4,False,False,False,True,True,False,2,True
PLXNB1,True,False,True,False,False,False,2,False
PLXNB2,True,True,True,True,False,False,4,False
PLXND1,False,False,False,False,True,False,1,True
PM20D1,False,True,False,False,True,False,2,True
PM20D2,True,True,True,True,False,False,4,False
PMF1,True,True,True,False,False,False,3,False
PMFBP1,False,False,False,False,True,False,1,True
PML,True,True,True,True,False,True,5,False
PMM2,True,True,True,True,False,False,4,False
PMPCA,True,True,True,True,False,True,5,False
PMPCB,True,True,True,True,False,False,4,False
PMS1,False,True,False,False,False,False,1,False
PMS2,True,False,True,False,False,False,2,False
PMS2P11,True,False,True,False,False,False,2,False
PMVK,True,True,True,True,False,False,4,False
PNISR,True,True,True,False,False,False,3,False
PNKD,False,False,True,False,False,False,1,False
PNKP,True,True,True,False,False,False,3,False
PNLIPRP2,False,False,False,False,True,False,1,True
PNLIPRP3,False,False,False,False,True,False,1,True
PNMA2,False,True,False,False,False,False,1,False
PNN,True,True,True,True,True,True,6,True
PNO1,True,True,True,False,False,False,3,False
PNP,True,True,True,True,True,True,6,True
PNPLA2,False,False,False,False,True,False,1,True
PNPLA4,True,True,True,False,False,False,3,False
PNPLA5,False,True,False,False,False,False,1,False
PNPLA6,True,True,True,False,True,False,4,True
PNPLA8,True,False,True,False,False,False,2,False
PNPO,True,True,True,False,False,False,3,False
PNPT1,True,True,True,True,False,True,5,False
POC1B,False,False,True,False,False,False,1,False
PODXL,True,True,True,False,False,False,3,False
POF1B,False,True,False,True,False,False,2,False
POFUT1,True,True,True,False,False,False,3,False
POGK,True,False,False,False,False,False,1,False
POGLUT1,True,True,True,True,False,False,4,False
POGLUT2,True,False,True,False,False,False,2,False
POGLUT3,True,False,True,False,False,False,2,False
POGZ,True,True,True,False,False,False,3,False
POLA1,True,True,True,False,False,False,3,False
POLA2,True,True,True,False,False,False,3,False
POLB,False,False,True,False,False,False,1,False
POLD1,True,True,True,False,False,False,3,False
POLD2,True,True,True,False,False,False,3,False
POLD3,True,True,True,False,False,False,3,False
POLD4,True,True,True,False,False,False,3,False
POLDIP2,True,True,True,False,False,False,3,False
POLDIP3,True,True,True,True,True,True,6,True
POLE,True,True,True,False,False,False,3,False
POLE2,True,False,True,False,False,False,2,False
POLE3,False,True,False,False,False,False,1,False
POLE4,True,True,True,False,False,False,3,False
POLG,True,False,True,False,True,False,3,True
POLG2,True,True,True,False,False,False,3,False
POLL,True,True,True,False,False,False,3,False
POLQ,False,False,True,False,True,False,2,True
POLR1A,True,True,True,False,False,False,3,False
POLR1B,True,True,True,False,False,False,3,False
POLR1C,True,True,True,False,False,False,3,False
POLR1D,True,True,True,False,False,False,3,False
POLR1E,True,True,True,False,False,False,3,False
POLR1F,True,True,True,False,True,False,4,True
POLR1G,True,True,True,False,False,False,3,False
POLR2A,True,True,True,True,True,False,5,True
POLR2B,True,True,True,True,False,False,4,False
POLR2C,True,True,True,True,False,False,4,False
POLR2D,False,True,False,False,False,False,1,False
POLR2E,True,True,True,False,False,True,4,False
POLR2F,False,True,False,False,False,False,1,False
POLR2G,True,True,True,False,False,False,3,False
POLR2H,True,True,True,False,False,False,3,False
POLR2J,True,True,True,False,False,False,3,False
POLR2J2,True,True,True,False,True,False,4,True
POLR2J3,True,True,True,False,False,False,3,False
POLR2K,True,True,True,False,False,False,3,False
POLR2L,True,True,True,False,False,False,3,False
POLR2M,True,True,True,False,True,False,4,True
POLR3A,True,True,True,False,True,False,4,True
POLR3B,True,True,True,False,False,False,3,False
POLR3C,True,True,True,False,False,False,3,False
POLR3D,True,False,True,False,True,False,3,True
POLR3E,True,True,True,False,False,False,3,False
POLR3F,True,False,True,False,False,False,2,False
POLR3G,True,False,False,False,False,False,1,False
POLR3H,True,False,True,False,False,False,2,False
POLR3K,False,False,True,False,False,False,1,False
POLRMT,True,True,True,False,False,False,3,False
POM121,True,True,True,False,False,False,3,False
POM121C,True,True,True,False,False,False,3,False
POMGNT1,True,False,False,False,False,False,1,False
POMP,False,True,True,False,False,False,2,False
PON1,False,False,False,True,False,False,1,False
PON2,True,True,True,False,False,False,3,False
POP1,True,True,True,False,False,False,3,False
POP4,True,True,True,False,False,False,3,False
POP7,True,True,True,False,False,False,3,False
POR,True,True,True,True,False,False,4,False
POSTN,True,False,True,False,False,False,2,False
POTEE,False,True,False,False,True,False,2,True
POU2AF1,False,False,False,False,True,False,1,True
POU2F1,True,True,True,False,False,False,3,False
POU2F2,False,True,True,False,True,False,3,True
POU2F3,False,True,True,False,False,False,2,False
PPA1,True,True,True,True,True,True,6,True
PPA2,True,True,True,True,False,True,5,False
PPAN,True,True,True,False,True,False,4,True
PPARD,False,True,False,False,False,False,1,False
PPAT,True,True,True,False,False,False,3,False
PPBP,False,False,False,True,False,True,2,False
PPCS,True,True,True,True,False,False,4,False
PPFIA1,True,True,True,False,False,False,3,False
PPFIA3,False,True,False,False,False,False,1,False
PPFIBP1,True,True,True,False,False,False,3,False
PPFIBP2,False,True,False,False,False,False,1,False
PPHLN1,True,False,True,False,True,False,3,True
PPIA,True,True,True,True,True,True,6,True
PPIB,True,True,True,True,True,True,6,True
PPIC,True,False,True,False,False,False,2,False
PPID,True,True,True,True,False,True,5,False
PPIE,True,True,True,False,False,False,3,False
PPIF,True,False,True,True,True,True,5,True
PPIG,True,True,True,False,False,False,3,False
PPIH,True,True,True,True,True,False,5,True
PPIL1,True,True,True,False,True,False,4,True
PPIL2,True,False,False,False,True,False,2,True
PPIL3,True,True,True,True,False,False,4,False
PPIL4,True,True,True,False,False,False,3,False
PPIP5K1,False,False,False,False,True,False,1,True
PPIP5K2,True,True,True,True,False,False,4,False
PPL,True,True,True,True,True,False,5,True
PPM1A,True,True,True,True,True,True,6,True
PPM1B,True,True,True,False,False,False,3,False
PPM1D,True,False,False,False,True,False,2,True
PPM1E,True,False,False,True,False,False,2,False
PPM1F,True,True,True,True,False,True,5,False
PPM1G,True,True,True,True,True,True,6,True
PPM1H,False,False,False,True,False,False,1,False
PPM1L,True,False,True,True,False,False,3,False
PPME1,True,True,True,False,False,False,3,False
PPOX,True,True,True,False,False,False,3,False
PPP1CA,True,True,True,True,True,True,6,True
PPP1CB,True,True,True,True,True,False,5,True
PPP1CC,True,True,True,True,True,True,6,True
PPP1R10,True,True,True,False,False,True,4,False
PPP1R11,True,False,True,False,False,False,2,False
PPP1R12A,True,True,True,True,True,False,5,True
PPP1R12C,True,True,True,False,False,False,3,False
PPP1R13L,True,True,True,False,False,False,3,False
PPP1R14A,False,True,False,False,False,False,1,False
PPP1R14B,False,True,False,False,False,False,1,False
PPP1R18,True,True,True,True,True,True,6,True
PPP1R2,True,True,True,True,False,False,4,False
PPP1R21,True,True,True,True,False,False,4,False
PPP1R2B,True,True,True,False,False,False,3,False
PPP1R35,True,False,False,False,False,False,1,False
PPP1R3D,False,False,True,False,False,False,1,False
PPP1R7,True,True,True,True,False,True,5,False
PPP1R8,True,True,True,True,True,False,5,True
PPP1R9A,True,True,True,False,False,False,3,False
PPP1R9B,True,True,True,True,False,True,5,False
PPP2CA,True,True,True,True,True,True,6,True
PPP2CB,True,True,True,True,True,False,5,True
PPP2R1A,True,True,True,True,True,True,6,True
PPP2R1B,True,True,True,False,False,False,3,False
PPP2R2A,True,True,True,True,True,False,5,True
PPP2R2D,True,True,True,False,False,False,3,False
PPP2R5A,True,False,True,False,True,False,3,True
PPP2R5C,True,True,True,False,False,False,3,False
PPP2R5D,True,True,True,True,False,False,4,False
PPP2R5E,True,True,True,False,False,False,3,False
PPP3CA,True,True,True,True,False,True,5,False
PPP3CB,False,True,True,True,False,False,3,False
PPP3CC,True,False,False,True,False,False,2,False
PPP3R1,True,True,True,True,False,True,5,False
PPP4C,True,True,True,True,False,True,5,False
PPP4R1,True,True,True,True,False,False,4,False
PPP4R2,True,True,True,False,False,False,3,False
PPP4R3A,True,True,True,True,False,False,4,False
PPP4R3B,True,True,True,False,False,False,3,False
PPP5C,True,True,True,True,False,True,5,False
PPP6C,True,True,True,True,True,True,6,True
PPP6R1,True,False,True,False,False,False,2,False
PPP6R3,True,True,True,False,False,False,3,False
PPRC1,False,False,False,False,True,False,1,True
PPT1,True,True,True,True,True,False,5,True
PPT2,False,False,True,False,True,False,2,True
PPTC7,True,False,True,False,False,False,2,False
PPWD1,True,True,True,False,False,False,3,False
PQBP1,True,True,True,False,True,False,4,True
PRAF2,False,True,True,False,False,True,3,False
PRAM1,False,False,False,True,True,True,3,True
PRAMEF18,False,False,True,False,False,False,1,False
PRAMEF19,False,False,True,False,False,False,1,False
PRB1,False,True,False,False,False,False,1,False
PRB2,False,True,False,False,False,False,1,False
PRB3,False,True,False,False,False,False,1,False
PRB4,False,True,False,False,False,False,1,False
PRC1,True,True,True,False,True,False,4,True
PRCC,True,True,True,False,False,False,3,False
PRCP,True,True,True,True,False,True,5,False
PRDM1,False,False,False,False,True,False,1,True
PRDM10,False,False,False,False,True,False,1,True
PRDM16,False,False,False,False,True,False,1,True
PRDM2,False,False,False,False,True,False,1,True
PRDM6,False,False,False,False,True,False,1,True
PRDX1,True,True,True,True,True,True,6,True
PRDX2,False,True,True,True,True,True,5,True
PRDX3,True,True,True,True,True,True,6,True
PRDX4,True,True,True,True,True,True,6,True
PRDX5,True,True,True,True,True,True,6,True
PRDX6,True,True,True,True,True,True,6,True
PREB,True,True,True,True,False,False,4,False
PRELID1,False,True,False,False,False,False,1,False
PRELID3B,False,True,False,False,False,False,1,False
PRELP,False,False,False,True,False,False,1,False
PREP,True,True,True,True,False,False,4,False
PREPL,True,True,True,False,False,False,3,False
PREX1,True,True,False,True,False,False,3,False
PRF1,False,False,False,True,True,True,3,True
PRG2,False,False,False,True,False,True,2,False
PRG3,False,False,False,True,False,False,1,False
PRG4,True,False,True,False,True,False,3,True
PRH1,False,True,False,False,False,False,1,False
PRICKLE2,False,True,False,False,False,False,1,False
PRIM1,True,True,True,False,False,False,3,False
PRIM2,True,True,True,False,False,False,3,False
PRIMPOL,False,False,False,False,True,False,1,True
PRKAA1,True,True,True,True,False,False,4,False
PRKAA2,True,False,False,False,False,False,1,False
PRKAB1,True,False,True,False,False,False,2,False
PRKAB2,False,False,True,False,False,False,1,False
PRKACA,True,True,True,False,False,False,3,False
PRKACB,True,True,True,True,False,True,5,False
PRKAG1,True,True,True,True,False,False,4,False
PRKAG2,False,True,False,False,False,False,1,False
PRKAR1A,True,True,True,True,True,True,6,True
PRKAR2A,True,True,True,True,False,True,5,False
PRKAR2B,False,False,False,True,False,False,1,False
PRKCA,True,True,True,False,False,False,3,False
PRKCB,False,True,False,True,False,True,3,False
PRKCD,True,False,True,True,True,True,5,True
PRKCE,True,False,True,False,True,False,3,True
PRKCG,False,False,False,False,True,False,1,True
PRKCH,True,False,True,True,False,False,3,False
PRKCI,True,True,True,False,True,False,4,True
PRKCSH,True,True,True,True,True,True,6,True
PRKD1,True,False,False,False,False,False,1,False
PRKD2,False,True,False,False,False,False,1,False
PRKD3,True,False,False,False,False,False,1,False
PRKDC,True,True,True,True,True,True,6,True
PRKRA,True,True,True,True,False,False,4,False
PRMT1,True,True,True,True,True,True,6,True
PRMT3,True,True,True,False,False,False,3,False
PRMT5,True,True,True,True,False,False,4,False
PRMT6,False,False,True,False,False,False,1,False
PRMT7,False,True,True,False,False,False,2,False
PRMT9,False,False,True,False,False,False,1,False
PRNP,True,True,True,False,False,False,3,False
PROCR,False,True,True,False,False,False,2,False
PRODH2,False,False,False,False,True,False,1,True
PRORP,True,True,False,False,False,False,2,False
PROS1,True,False,True,True,False,False,3,False
PROSER2,False,True,False,False,False,False,1,False
PRPF19,True,True,True,True,True,True,6,True
PRPF3,True,True,True,True,False,True,5,False
PRPF31,True,True,True,True,False,True,5,False
PRPF38A,True,True,True,True,False,False,4,False
PRPF38B,True,True,True,False,False,False,3,False
PRPF39,True,True,True,False,False,False,3,False
PRPF4,True,True,True,True,True,True,6,True
PRPF40A,True,True,True,True,True,True,6,True
PRPF4B,True,True,True,False,False,False,3,False
PRPF6,True,True,True,True,False,True,5,False
PRPF8,True,True,True,True,True,True,6,True
PRPS1,True,False,True,True,True,False,4,True
PRPS2,True,True,True,True,False,True,5,False
PRPSAP1,True,True,True,False,False,False,3,False
PRPSAP2,True,True,True,True,False,False,4,False
PRR11,False,True,False,False,False,False,1,False
PRR12,False,True,False,False,False,False,1,False
PRR27,False,True,False,False,False,False,1,False
PRR4,False,True,False,False,False,False,1,False
PRRC1,True,True,True,True,False,True,5,False
PRRC2A,True,True,True,False,False,False,3,False
PRRC2B,True,True,True,False,True,False,4,True
PRRC2C,True,True,True,True,True,False,5,True
PRSS1,True,True,False,True,False,False,3,False
PRSS21,True,False,True,False,False,False,2,False
PRSS23,True,False,True,False,False,False,2,False
PRSS27,False,True,False,False,False,False,1,False
PRSS3,False,True,False,False,False,False,1,False
PRSS8,False,True,False,False,False,False,1,False
PRTFDC1,True,True,True,False,False,False,3,False
PRTN3,False,True,False,True,False,True,3,False
PRUNE1,True,False,True,False,False,False,2,False
PRXL2A,True,True,True,False,False,False,3,False
PSAP,True,True,True,True,False,True,5,False
PSAPL1,False,True,False,True,True,False,3,True
PSAT1,True,True,True,True,True,False,5,True
PSCA,False,True,True,False,False,False,2,False
PSD2,False,False,False,False,True,False,1,True
PSEN1,True,True,True,False,False,False,3,False
PSG4,True,False,False,False,False,False,1,False
PSIP1,True,True,True,True,False,True,5,False
PSMA1,True,True,True,True,True,True,6,True
PSMA2,True,True,True,True,True,True,6,True
PSMA3,True,True,True,True,True,True,6,True
PSMA4,True,True,True,True,True,True,6,True
PSMA5,True,True,True,True,True,True,6,True
PSMA6,True,True,True,True,True,True,6,True
PSMA7,True,True,True,True,True,True,6,True
PSMB1,True,True,True,True,True,True,6,True
PSMB10,False,False,False,True,False,True,2,False
PSMB2,True,True,True,True,False,True,5,False
PSMB3,True,True,True,True,True,False,5,True
PSMB4,True,True,True,True,True,True,6,True
PSMB5,True,True,True,True,False,False,4,False
PSMB6,True,True,True,True,True,True,6,True
PSMB7,True,True,True,True,True,True,6,True
PSMB8,True,True,True,True,True,True,6,True
PSMB9,True,True,True,True,False,True,5,False
PSMC1,True,True,True,True,True,True,6,True
PSMC2,True,True,True,True,False,True,5,False
PSMC3,True,True,True,True,True,True,6,True
PSMC3IP,True,False,False,False,False,False,1,False
PSMC4,True,True,True,True,True,False,5,True
PSMC5,True,True,True,True,False,True,5,False
PSMC6,True,True,True,True,False,True,5,False
PSMD1,True,True,True,True,False,True,5,False
PSMD10,True,True,True,True,False,False,4,False
PSMD11,True,True,True,True,True,True,6,True
PSMD12,True,True,True,True,False,True,5,False
PSMD13,True,True,True,True,True,True,6,True
PSMD14,True,True,True,True,True,False,5,True
PSMD2,True,True,True,True,True,True,6,True
PSMD3,True,True,True,True,True,True,6,True
PSMD4,True,True,True,True,True,False,5,True
PSMD5,True,True,True,True,False,True,5,False
PSMD6,True,True,True,True,True,True,6,True
PSMD7,True,True,True,True,True,True,6,True
PSMD8,True,True,True,True,True,True,6,True
PSMD9,True,True,True,True,False,False,4,False
PSME1,True,True,True,True,True,True,6,True
PSME2,True,True,True,True,True,True,6,True
PSME3,True,True,True,True,True,True,6,True
PSME3IP1,True,True,True,False,False,False,3,False
PSME4,True,True,True,False,False,False,3,False
PSMF1,True,True,True,True,False,False,4,False
PSMG1,True,True,True,False,True,False,4,True
PSMG2,True,True,True,False,False,False,3,False
PSMG3,True,True,True,False,False,False,3,False
PSPC1,True,True,True,True,False,True,5,False
PSPH,True,True,True,True,False,False,4,False
PSTPIP1,False,False,False,True,False,False,1,False
PSTPIP2,False,True,False,True,False,False,2,False
PTAR1,True,False,False,False,False,False,1,False
PTBP1,True,True,True,True,True,True,6,True
PTBP2,True,True,True,True,True,False,5,True
PTBP3,True,True,True,True,False,False,4,False
PTCD1,True,True,True,False,False,False,3,False
PTCD2,False,True,True,False,False,False,2,False
PTCD3,True,True,True,False,False,False,3,False
PTCH2,False,False,False,False,True,False,1,True
PTDSS1,True,True,True,False,False,False,3,False
PTDSS2,False,True,False,False,False,False,1,False
PTEN,True,True,True,False,False,False,3,False
PTER,True,False,True,True,False,False,3,False
PTGDS,False,False,False,False,True,False,1,True
PTGES,False,True,False,True,False,False,2,False
PTGES2,True,True,True,False,False,False,3,False
PTGES3,True,True,True,True,True,True,6,True
PTGFRN,True,True,True,False,True,False,4,True
PTGR1,True,True,True,False,False,False,3,False
PTGR2,True,True,True,False,False,False,3,False
PTGS1,False,True,False,True,False,False,2,False
PTGS2,True,True,True,False,False,False,3,False
PTK2,True,True,True,False,False,False,3,False
PTK2B,True,True,True,True,True,True,6,True
PTK6,False,False,False,True,True,False,2,True
PTK7,False,True,False,False,False,False,1,False
PTMA,True,True,True,True,True,True,6,True
PTMS,True,True,True,True,True,True,6,True
PTOV1,False,True,False,False,False,False,1,False
PTP4A1,True,False,True,True,False,False,3,False
PTP4A2,False,True,True,False,False,False,2,False
PTPA,True,True,True,True,False,True,5,False
PTPMT1,True,False,True,False,False,False,2,False
PTPN1,True,True,True,True,True,True,6,True
PTPN11,True,True,True,True,False,False,4,False
PTPN12,True,True,True,True,False,False,4,False
PTPN13,False,False,False,False,True,False,1,True
PTPN14,False,True,False,False,False,False,1,False
PTPN18,False,False,False,False,True,False,1,True
PTPN2,True,True,True,False,False,False,3,False
PTPN23,True,True,True,False,False,False,3,False
PTPN6,True,True,True,True,True,True,6,True
PTPN7,False,False,False,True,False,False,1,False
PTPN9,True,True,True,False,True,False,4,True
PTPRA,False,False,True,False,False,False,1,False
PTPRB,False,False,False,False,True,False,1,True
PTPRC,False,False,False,True,False,True,2,False
PTPRCAP,False,False,False,True,False,True,2,False
PTPRE,False,False,False,True,False,True,2,False
PTPRF,True,True,True,False,False,False,3,False
PTPRJ,True,True,True,True,False,True,5,False
PTPRK,False,False,False,False,True,False,1,True
PTPRM,False,True,False,False,False,False,1,False
PTPRS,False,False,True,False,False,False,1,False
PTPRT,True,False,False,False,False,False,1,False
PTPRZ1,False,False,False,True,True,False,2,True
PTRH1,True,False,True,False,False,False,2,False
PTRH2,True,True,True,True,False,False,4,False
PTRHD1,True,True,True,True,False,False,4,False
PTS,True,True,True,False,False,False,3,False
PTTG1IP,False,False,True,True,False,False,2,False
PTX3,False,True,False,False,True,False,2,True
PUDP,True,True,True,True,False,False,4,False
PUF60,True,True,True,True,False,True,5,False
PUM1,True,True,True,False,False,False,3,False
PUM2,True,True,True,False,False,False,3,False
PUM3,True,True,True,False,False,False,3,False
PURA,True,True,True,True,False,False,4,False
PURB,True,True,True,True,False,False,4,False
PUS1,True,True,True,False,False,False,3,False
PUS7,True,True,True,False,False,False,3,False
PVALB,False,True,False,False,False,False,1,False
PVR,True,True,True,False,False,False,3,False
PWP1,True,True,True,True,False,False,4,False
PWP2,True,True,True,False,False,False,3,False
PWWP2A,True,False,True,False,False,False,2,False
PWWP3A,False,False,False,False,True,False,1,True
PXDN,False,False,True,False,False,False,1,False
PXDNL,False,True,False,False,False,False,1,False
PXMP2,True,True,True,False,False,False,3,False
PXMP4,False,True,False,False,False,False,1,False
PXN,True,True,True,True,False,False,4,False
PYCARD,False,True,False,True,True,True,4,True
PYCR1,True,True,True,False,False,False,3,False
PYCR2,True,True,True,False,False,False,3,False
PYCR3,True,True,True,False,False,False,3,False
PYGB,True,True,True,True,False,True,5,False
PYGL,True,True,True,True,True,True,6,True
PYGM,False,True,False,True,False,False,2,False
PYGO2,True,True,True,False,False,False,3,False
PYHIN1,False,False,True,True,True,False,3,True
PYM1,True,True,True,True,False,False,4,False
PYROXD1,True,False,False,False,False,False,1,False
PYROXD2,False,False,False,False,True,False,1,True
PYURF,False,True,False,False,False,False,1,False
PZP,False,False,True,False,False,False,1,False
QARS1,True,True,True,True,True,False,5,True
QDPR,True,True,True,False,True,False,4,True
QKI,True,True,True,False,False,True,4,False
QPCT,False,True,False,False,False,False,1,False
QPCTL,True,False,True,False,False,False,2,False
QRFPR,True,False,False,False,False,False,1,False
QRICH1,True,True,True,False,False,False,3,False
QRICH2,False,False,False,False,True,False,1,True
QRSL1,False,True,False,False,True,False,2,True
QSER1,True,True,True,False,False,False,3,False
QSOX1,True,True,True,True,True,False,5,True
QSOX2,True,True,True,False,False,False,3,False
QTRT1,True,True,True,False,False,False,3,False
QTRT2,True,True,True,False,False,False,3,False
R3HDM1,True,False,True,False,False,False,2,False
R3HDM2,False,False,False,False,True,False,1,True
RAB10,True,True,True,True,True,True,6,True
RAB11B,True,True,True,True,True,True,6,True
RAB11FIP1,True,True,True,True,True,True,6,True
RAB11FIP5,True,True,True,False,False,False,3,False
RAB12,True,True,True,False,False,False,3,False
RAB13,True,True,True,False,False,False,3,False
RAB14,True,True,True,True,True,True,6,True
RAB18,True,True,True,True,False,True,5,False
RAB1A,True,True,True,True,True,True,6,True
RAB1B,True,True,True,True,False,True,5,False
RAB20,False,True,False,False,False,False,1,False
RAB21,True,True,True,True,False,False,4,False
RAB22A,False,False,False,True,False,False,1,False
RAB23,True,False,True,False,False,False,2,False
RAB24,False,True,False,False,False,False,1,False
RAB25,False,True,False,True,True,False,3,True
RAB27A,True,True,True,True,True,True,6,True
RAB27B,True,True,True,True,False,False,4,False
RAB28,False,True,False,False,False,False,1,False
RAB29,False,True,False,True,False,False,2,False
RAB2A,True,True,True,True,True,True,6,True
RAB2B,True,False,True,True,False,False,3,False
RAB31,True,False,True,True,False,False,3,False
RAB32,True,True,True,True,False,True,5,False
RAB33B,True,True,True,True,False,False,4,False
RAB34,True,True,True,True,False,False,4,False
RAB35,True,True,True,True,False,True,5,False
RAB36,True,False,False,False,False,False,1,False
RAB38,False,True,True,False,False,False,2,False
RAB39A,False,True,False,False,True,False,2,True
RAB3A,False,False,False,True,False,False,1,False
RAB3B,False,True,False,False,False,False,1,False
RAB3C,False,True,False,True,False,False,2,False
RAB3D,True,True,True,True,False,True,5,False
RAB3GAP1,True,True,True,False,False,False,3,False
RAB3GAP2,True,True,True,True,False,False,4,False
RAB3IP,False,False,True,False,False,False,1,False
RAB41,True,False,False,False,False,False,1,False
RAB43,False,False,False,False,False,True,1,False
RAB4A,True,True,True,False,False,False,3,False
RAB4B,False,True,False,True,False,False,2,False
RAB5A,True,True,True,False,False,False,3,False
RAB5B,True,True,True,True,False,False,4,False
RAB5C,True,True,True,True,True,True,6,True
RAB5IF,True,True,True,False,False,False,3,False
RAB6A,True,True,True,True,True,True,6,True
RAB6C,True,True,False,False,False,False,2,False
RAB6D,False,False,False,False,False,True,1,False
RAB7A,True,True,True,True,True,True,6,True
RAB8A,True,True,True,True,False,True,5,False
RAB8B,True,True,True,True,True,True,6,True
RAB9A,True,True,True,False,False,False,3,False
RABEP1,True,False,True,False,True,False,3,True
RABEP2,True,True,True,True,False,False,4,False
RABEPK,True,True,True,False,False,False,3,False
RABGAP1,True,True,True,False,False,False,3,False
RABGAP1L,True,True,True,True,False,False,4,False
RABGEF1,True,True,True,False,False,False,3,False
RABGGTA,True,True,True,True,False,False,4,False
RABGGTB,True,True,True,False,False,False,3,False
RABIF,False,True,True,False,False,False,2,False
RABL3,True,True,True,False,False,False,3,False
RABL6,True,True,True,False,False,False,3,False
RAC1,True,True,True,False,False,False,3,False
RAC2,False,False,False,True,True,True,3,True
RAC3,False,True,False,False,False,False,1,False
RACGAP1,True,True,True,False,False,False,3,False
RACK1,True,True,True,True,True,True,6,True
RAD17,False,False,True,False,False,False,1,False
RAD18,True,True,True,False,False,False,3,False
RAD21,True,True,True,True,False,False,4,False
RAD23A,True,True,True,True,False,False,4,False
RAD23B,True,True,True,True,True,True,6,True
RAD50,True,True,True,True,False,True,5,False
RAD51,False,True,True,False,False,False,2,False
RAD51B,True,False,False,False,False,False,1,False
RAD51C,False,True,True,False,False,False,2,False
RAD51D,True,False,False,False,False,False,1,False
RAD9A,True,False,False,False,False,False,1,False
RADX,False,False,False,False,True,False,1,True
RAE1,True,True,True,True,False,False,4,False
RAF1,True,True,True,False,False,False,3,False
RAI1,True,False,True,False,False,False,2,False
RAI14,True,True,True,False,False,False,3,False
RALA,True,True,True,True,True,False,5,True
RALB,False,True,True,True,True,True,5,True
RALBP1,True,False,False,False,False,False,1,False
RALGAPA1,True,False,True,False,True,False,3,True
RALGAPA2,True,False,False,False,True,False,2,True
RALGAPB,True,False,True,False,True,False,3,True
RALY,True,True,True,True,True,True,6,True
RALYL,False,False,False,True,False,False,1,False
RAMAC,True,True,True,False,False,False,3,False
RAMACL,False,False,True,False,False,False,1,False
RAN,True,True,True,True,True,True,6,True
RANBP1,True,True,True,True,True,True,6,True
RANBP10,True,True,True,False,False,False,3,False
RANBP2,True,True,True,True,True,True,6,True
RANBP3,True,True,True,True,False,False,4,False
RANBP6,True,False,True,False,False,False,2,False
RANBP9,True,True,True,False,False,False,3,False
RANGAP1,True,True,True,True,False,True,5,False
RANGRF,True,False,False,False,False,False,1,False
RAP1A,True,False,True,True,False,False,3,False
RAP1B,True,True,True,True,True,True,6,True
RAP1GAP2,True,False,False,True,False,False,2,False
RAP1GDS1,True,True,True,True,False,False,4,False
RAP2A,True,False,False,False,False,False,1,False
RAP2B,True,True,True,True,False,True,5,False
RAP2C,True,False,True,False,False,False,2,False
RAPGEF2,False,False,True,False,False,False,1,False
RAPGEF5,False,False,False,False,True,False,1,True
RAPGEF6,False,True,True,False,False,False,2,False
RAPH1,False,False,True,False,False,False,1,False
RARS1,True,True,True,True,True,True,6,True
RARS2,True,True,True,False,True,False,4,True
RASA1,True,False,True,False,False,False,2,False
RASA2,True,False,False,False,False,False,1,False
RASA3,False,False,False,True,False,False,1,False
RASAL1,False,True,False,True,False,False,2,False
RASAL2,True,True,True,False,False,False,3,False
RASAL3,False,False,False,True,False,True,2,False
RASEF,False,False,False,False,True,False,1,True
RASGRP2,False,False,False,True,False,False,1,False
RASL11B,False,False,False,False,True,False,1,True
RASSF10,False,True,False,False,False,False,1,False
RASSF2,False,True,False,True,False,False,2,False
RASSF5,False,False,False,True,False,False,1,False
RASSF8,True,False,False,False,False,False,1,False
RAVER1,True,True,True,True,False,False,4,False
RAVER2,False,True,True,False,False,False,2,False
RB1,False,True,False,False,False,False,1,False
RB1CC1,True,True,True,False,False,False,3,False
RBBP4,True,True,True,True,True,True,6,True
RBBP5,True,True,True,False,False,True,4,False
RBBP6,True,True,True,False,False,False,3,False
RBBP7,True,True,True,True,True,False,5,True
RBBP9,True,True,False,False,False,False,2,False
RBCK1,False,True,True,False,False,False,2,False
RBFA,True,False,True,False,False,False,2,False
RBFOX1,False,True,False,False,False,False,1,False
RBFOX2,False,True,False,False,False,False,1,False
RBFOX3,False,True,False,False,False,False,1,False
RBIS,False,True,False,False,False,False,1,False
RBKS,False,True,False,True,False,False,2,False
RBL1,False,True,False,False,False,False,1,False
RBL2,False,False,False,False,True,False,1,True
RBM10,True,True,True,False,False,False,3,False
RBM12,True,True,True,True,True,False,5,True
RBM12B,True,True,True,False,False,False,3,False
RBM14,True,True,True,True,False,True,5,False
RBM14-RBM4,False,False,False,False,True,False,1,True
RBM15,True,True,True,False,True,False,4,True
RBM15B,True,True,True,False,False,False,3,False
RBM17,True,True,True,True,False,True,5,False
RBM19,True,True,True,False,True,False,4,True
RBM22,True,True,True,True,True,False,5,True
RBM24,False,True,False,False,False,False,1,False
RBM25,True,True,True,True,False,True,5,False
RBM26,True,True,True,False,False,False,3,False
RBM27,True,True,True,False,True,False,4,True
RBM28,True,True,True,False,False,False,3,False
RBM3,False,True,True,True,True,True,5,True
RBM33,True,True,True,False,False,False,3,False
RBM34,True,True,True,False,False,False,3,False
RBM38,False,True,False,False,False,False,1,False
RBM39,True,True,True,True,True,True,6,True
RBM4,True,True,True,True,False,True,5,False
RBM42,True,True,True,False,False,False,3,False
RBM43,False,False,False,False,True,False,1,True
RBM45,True,True,True,False,False,False,3,False
RBM46,False,False,False,False,True,False,1,True
RBM47,True,True,True,False,False,False,3,False
RBM4B,False,True,False,True,False,False,2,False
RBM5,True,True,True,False,False,False,3,False
RBM6,True,True,True,False,False,False,3,False
RBM7,True,True,True,False,False,False,3,False
RBM8A,True,True,True,True,True,True,6,True
RBMS1,True,True,True,False,False,False,3,False
RBMS2,True,False,True,False,False,False,2,False
RBMX,True,True,False,True,True,True,5,True
RBMX2,True,True,True,False,False,False,3,False
RBMXL1,False,False,True,False,False,False,1,False
RBP1,False,False,False,True,False,False,1,False
RBP4,False,True,True,False,False,False,2,False
RBP7,False,False,False,True,False,False,1,False
RBPJ,True,False,True,False,False,False,2,False
RBPMS,False,True,False,False,False,False,1,False
RBPMS2,False,False,False,False,True,False,1,True
RBSN,False,False,True,False,True,False,2,True
RC3H1,False,False,True,False,False,False,1,False
RC3H2,True,False,False,False,False,False,1,False
RCC1,True,True,True,True,True,True,6,True
RCC1L,False,True,True,False,False,False,2,False
RCC2,True,True,True,True,True,True,6,True
RCCD1,True,True,True,False,False,False,3,False
RCHY1,False,False,True,False,False,False,1,False
RCL1,True,True,True,False,False,False,3,False
RCN1,True,True,True,True,False,False,4,False
RCN2,False,True,True,True,False,False,3,False
RCOR1,True,True,True,False,False,False,3,False
RCOR3,True,True,True,False,False,False,3,False
RCSD1,False,True,False,True,False,False,2,False
RD3,False,False,False,False,True,False,1,True
RDH10,False,True,False,False,False,False,1,False
RDH11,True,True,True,True,False,True,5,False
RDH12,False,False,False,True,False,False,1,False
RDH13,True,True,True,False,False,False,3,False
RDH14,True,True,True,False,False,False,3,False
RDH16,False,False,False,False,True,False,1,True
RDX,True,True,True,True,False,False,4,False
RECQL,True,True,True,True,True,True,6,True
RECQL5,True,False,True,False,True,False,3,True
REEP1,False,False,False,True,False,False,1,False
REEP3,False,True,False,False,False,False,1,False
REEP4,False,True,True,False,False,False,2,False
REEP5,True,True,True,True,True,True,6,True
REL,False,True,True,False,False,False,2,False
RELA,True,True,True,True,True,True,6,True
RELCH,True,True,True,False,False,False,3,False
RELN,True,False,True,False,True,False,3,True
RENBP,False,False,False,True,False,False,1,False
REPIN1,True,True,True,False,False,False,3,False
REPS1,True,True,True,False,False,False,3,False
RER1,True,True,True,True,True,False,5,True
RET,False,True,False,False,False,False,1,False
RETN,False,True,False,True,False,True,3,False
RETREG3,True,True,True,False,False,False,3,False
RETSAT,True,True,True,False,False,False,3,False
REV1,False,False,False,False,True,False,1,True
REV3L,False,True,False,False,False,False,1,False
REX1BD,False,False,False,False,True,False,1,True
REXO1,False,False,False,False,True,False,1,True
REXO2,True,True,True,True,True,False,5,True
REXO4,True,True,True,False,False,False,3,False
REXO5,False,False,False,False,True,False,1,True
RFC1,True,True,True,False,False,False,3,False
RFC2,True,True,True,True,True,False,5,True
RFC3,True,True,True,False,False,False,3,False
RFC4,True,True,True,True,False,False,4,False
RFC5,True,True,True,False,False,False,3,False
RFFL,False,False,False,False,True,False,1,True
RFT1,True,True,True,False,False,False,3,False
RFWD3,False,False,True,False,False,False,1,False
RFX1,True,False,True,True,False,False,3,False
RFX5,True,True,True,False,True,False,4,True
RFX6,False,False,False,False,True,False,1,True
RFXAP,True,False,False,False,False,False,1,False
RGL1,False,False,False,False,True,False,1,True
RGPD1,True,False,False,False,False,False,1,False
RGPD2,True,False,False,False,False,False,1,False
RGPD4,False,False,False,True,False,False,1,False
RGPD5,False,True,False,False,False,False,1,False
RGPD8,False,True,False,False,False,False,1,False
RGS10,True,True,True,True,False,True,5,False
RGS17,False,True,False,False,False,False,1,False
RGS19,True,False,False,True,False,True,3,False
RGS3,False,False,False,True,False,False,1,False
RGS5,False,False,False,False,True,False,1,True
RGS8,False,False,False,False,True,False,1,True
RHBDD1,False,False,True,False,False,False,1,False
RHBDD2,False,True,False,False,False,False,1,False
RHEB,True,True,True,True,False,False,4,False
RHEX,False,False,False,False,True,False,1,True
RHOA,True,True,True,True,True,False,5,True
RHOB,True,False,True,False,False,False,2,False
RHOC,True,True,True,False,True,True,5,True
RHOD,True,False,True,False,True,False,3,True
RHOF,True,True,True,True,False,False,4,False
RHOG,True,False,True,True,True,True,5,True
RHOT1,True,True,True,True,True,False,5,True
RHOT2,True,True,True,False,False,False,3,False
RHOU,False,False,False,False,True,False,1,True
RHPN1,False,False,False,False,True,False,1,True
RHPN2,True,True,True,False,False,False,3,False
RHPN2P1,True,False,False,False,False,False,1,False
RIC8A,True,True,True,False,False,False,3,False
RIC8B,False,False,True,False,False,False,1,False
RICTOR,True,True,True,False,False,False,3,False
RIDA,True,True,True,False,False,False,3,False
RIF1,True,True,True,False,False,False,3,False
RILP,True,False,True,False,False,False,2,False
RILPL1,True,True,True,False,True,False,4,True
RIMBP3,False,False,False,False,True,False,1,True
RIMOC1,True,False,True,True,False,False,3,False
RIMS1,False,True,False,True,False,False,2,False
RIN1,True,False,True,False,False,False,2,False
RIN2,False,False,False,False,True,False,1,True
RING1,True,True,True,True,False,False,4,False
RINT1,True,False,True,False,False,False,2,False
RIOK1,True,True,True,False,False,False,3,False
RIOK2,True,True,True,False,False,False,3,False
RIOK3,True,True,True,False,True,False,4,True
RIOX1,True,True,True,False,False,False,3,False
RIOX2,False,False,True,False,False,False,1,False
RIPK1,True,True,True,False,False,False,3,False
RIPK2,True,False,True,False,False,False,2,False
RIPOR1,True,False,True,False,False,False,2,False
RIPOR2,False,False,False,True,True,False,2,True
RLF,True,False,True,False,False,False,2,False
RLIM,False,False,False,False,True,False,1,True
RMC1,True,False,True,False,False,False,2,False
RMDN1,True,True,True,True,True,True,6,True
RMDN3,True,True,True,False,True,False,4,True
RMI1,False,True,True,False,False,False,2,False
RMI2,True,False,False,False,False,False,1,False
RMND1,False,False,True,False,True,False,2,True
RMND5A,False,False,True,False,False,False,1,False
RNASE2,False,False,False,True,False,False,1,False
RNASE3,False,False,False,True,False,True,2,False
RNASE6,False,False,False,True,False,False,1,False
RNASE7,False,True,False,True,False,False,2,False
RNASEH1,False,False,False,False,True,False,1,True
RNASEH2A,True,True,True,False,False,True,4,False
RNASEH2B,True,True,True,True,False,True,5,False
RNASEH2C,False,True,False,True,False,False,2,False
RNASET2,True,True,True,True,False,True,5,False
RND3,True,False,True,False,False,False,2,False
RNF103,False,False,False,False,True,False,1,True
RNF113A,True,True,True,False,False,False,3,False
RNF114,True,False,True,False,False,False,2,False
RNF121,False,False,True,False,True,False,2,True
RNF123,True,False,True,False,False,False,2,False
RNF126,False,True,True,False,False,False,2,False
RNF14,True,True,True,False,False,False,3,False
RNF167,False,True,False,False,False,False,1,False
RNF168,True,False,True,False,False,False,2,False
RNF169,True,False,True,False,True,False,3,True
RNF170,True,False,True,False,False,False,2,False
RNF181,False,True,False,False,False,False,1,False
RNF185,True,False,True,False,False,False,2,False
RNF2,True,True,True,False,False,False,3,False
RNF20,True,True,True,True,False,False,4,False
RNF213,True,True,True,True,True,True,6,True
RNF214,True,True,True,False,True,False,4,True
RNF215,False,False,False,False,True,False,1,True
RNF217,False,False,False,False,True,False,1,True
RNF220,True,False,True,False,False,False,2,False
RNF25,False,False,True,False,False,False,1,False
RNF31,False,False,True,False,False,False,1,False
RNF34,True,False,True,False,False,False,2,False
RNF39,False,True,False,False,False,False,1,False
RNF40,True,True,True,False,True,False,4,True
RNF41,False,False,False,False,True,False,1,True
RNF5,True,True,True,False,False,False,3,False
RNF7,True,False,True,False,False,False,2,False
RNGTT,True,True,True,False,False,False,3,False
RNH1,True,True,True,True,True,True,6,True
RNMT,True,True,True,False,False,False,3,False
RNPC3,True,False,False,False,False,False,1,False
RNPEP,True,True,True,True,True,True,6,True
RNPS1,True,True,True,True,True,False,5,True
RO60,True,True,True,True,False,False,4,False
ROBO1,True,False,True,False,False,False,2,False
ROBO2,False,True,False,False,False,False,1,False
ROCK1,True,True,True,True,False,False,4,False
ROCK2,True,True,True,True,False,False,4,False
ROR1,False,True,False,False,True,False,2,True
ROS1,False,False,False,False,True,False,1,True
RP2,True,True,True,True,False,True,5,False
RP9,True,False,True,False,False,False,2,False
RPA1,True,True,True,True,True,True,6,True
RPA2,True,True,True,True,True,True,6,True
RPA3,True,True,True,True,True,True,6,True
RPAP1,True,False,False,False,False,False,1,False
RPAP2,True,False,True,False,False,False,2,False
RPAP3,True,True,True,False,False,False,3,False
RPE,True,True,True,False,False,False,3,False
RPF1,True,True,True,False,False,False,3,False
RPF2,True,True,True,False,False,True,4,False
RPGRIP1,False,False,False,False,True,False,1,True
RPIA,True,True,True,False,False,False,3,False
RPL10,True,True,True,True,True,True,6,True
RPL10A,True,True,True,True,True,True,6,True
RPL11,True,True,True,True,True,True,6,True
RPL12,True,True,True,True,True,True,6,True
RPL13,True,True,True,True,True,True,6,True
RPL13A,True,True,True,True,True,True,6,True
RPL14,True,True,True,True,True,True,6,True
RPL15,True,True,True,True,True,True,6,True
RPL17,True,True,True,True,True,True,6,True
RPL18,True,True,True,True,True,True,6,True
RPL18A,True,True,True,True,True,True,6,True
RPL19,False,True,True,True,True,True,5,True
RPL21,True,True,True,True,True,True,6,True
RPL22,True,True,True,True,True,True,6,True
RPL23,True,True,True,True,True,True,6,True
RPL23A,True,True,True,True,True,True,6,True
RPL24,True,True,True,True,True,True,6,True
RPL26,True,True,True,True,True,True,6,True
RPL27,True,True,True,True,True,True,6,True
RPL27A,True,True,True,True,True,True,6,True
RPL28,True,True,True,True,True,True,6,True
RPL29,True,True,True,False,True,True,5,True
RPL3,True,True,True,True,True,True,6,True
RPL30,True,True,True,True,True,True,6,True
RPL31,True,True,True,True,True,True,6,True
RPL32,True,True,True,True,True,True,6,True
RPL34,True,True,True,True,True,True,6,True
RPL35,True,True,True,True,True,True,6,True
RPL35A,True,True,True,True,True,True,6,True
RPL36,True,True,True,True,False,False,4,False
RPL36A,True,True,True,True,True,True,6,True
RPL36AL,True,True,False,True,True,True,5,True
RPL37,True,True,True,False,True,True,5,True
RPL37A,True,True,True,True,True,False,5,True
RPL38,True,True,True,True,True,True,6,True
RPL39,True,True,True,False,False,True,4,False
RPL39P5,True,True,True,False,False,False,3,False
RPL4,True,True,True,True,True,True,6,True
RPL5,True,True,True,True,True,True,6,True
RPL6,True,True,True,True,True,True,6,True
RPL7,True,True,True,True,True,True,6,True
RPL7A,True,True,True,True,True,True,6,True
RPL7L1,True,True,True,False,True,False,4,True
RPL8,True,True,True,True,True,True,6,True
RPL9,True,True,True,True,True,True,6,True
RPLP0,True,True,True,True,True,True,6,True
RPLP1,True,False,False,False,False,False,1,False
RPLP2,True,True,True,True,True,True,6,True
RPN1,True,True,True,True,True,True,6,True
RPN2,True,True,True,True,True,True,6,True
RPP14,True,False,True,False,False,False,2,False
RPP21,True,False,True,False,False,False,2,False
RPP25,True,True,True,False,False,False,3,False
RPP30,True,True,True,False,False,False,3,False
RPP38,True,True,True,False,False,False,3,False
RPP40,True,False,True,False,False,False,2,False
RPRD1A,True,True,True,False,False,False,3,False
RPRD1B,True,True,True,True,True,True,6,True
RPRD2,True,True,True,False,False,False,3,False
RPS10,True,True,True,True,True,True,6,True
RPS11,True,True,True,True,True,True,6,True
RPS12,True,True,True,True,True,True,6,True
RPS13,True,True,True,True,True,True,6,True
RPS14,True,True,True,True,True,True,6,True
RPS15,True,True,True,False,True,False,4,True
RPS15A,True,True,True,True,True,True,6,True
RPS16,True,True,True,True,True,True,6,True
RPS17,True,True,True,True,True,False,5,True
RPS18,True,True,True,True,True,True,6,True
RPS19,True,True,True,True,True,True,6,True
RPS19BP1,True,True,True,False,False,False,3,False
RPS2,True,True,True,True,True,True,6,True
RPS20,True,True,True,True,True,True,6,True
RPS21,True,True,True,True,True,True,6,True
RPS23,True,True,True,True,True,True,6,True
RPS24,True,True,True,False,True,True,5,True
RPS25,True,True,True,True,True,True,6,True
RPS26,True,True,True,True,True,True,6,True
RPS26P11,False,False,True,True,False,False,2,False
RPS27,True,True,True,True,False,True,5,False
RPS27A,True,True,True,True,True,False,5,True
RPS27L,True,True,True,False,False,False,3,False
RPS28,True,True,True,True,True,True,6,True
RPS29,False,True,False,False,True,False,2,True
RPS3,True,True,True,True,True,True,6,True
RPS3A,True,True,True,True,True,True,6,True
RPS4X,True,True,True,True,True,True,6,True
RPS4Y1,False,True,False,False,False,False,1,False
RPS4Y2,False,False,False,False,False,True,1,False
RPS5,True,True,True,True,True,True,6,True
RPS6,True,True,True,True,True,True,6,True
RPS6KA1,True,True,True,True,True,False,5,True
RPS6KA3,True,True,True,True,True,True,6,True
RPS6KA4,True,False,True,False,True,False,3,True
RPS6KA5,True,True,True,False,False,False,3,False
RPS7,True,True,True,True,True,True,6,True
RPS8,True,True,True,True,True,True,6,True
RPS9,True,True,True,True,True,True,6,True
RPSA,True,True,True,True,True,True,6,True
RPTN,False,True,False,True,False,False,2,False
RPTOR,True,False,True,False,False,False,2,False
RPUSD2,True,True,True,False,False,False,3,False
RPUSD3,True,True,False,False,False,False,2,False
RPUSD4,False,True,False,False,False,False,1,False
RRAGA,True,True,True,True,False,False,4,False
RRAGB,True,False,False,True,False,False,2,False
RRAGC,True,True,True,True,False,False,4,False
RRAS,True,True,True,True,False,False,4,False
RRAS2,True,True,True,False,False,False,3,False
RRBP1,True,True,True,True,True,True,6,True
RREB1,True,False,True,False,False,False,2,False
RRM1,True,True,True,False,False,False,3,False
RRM2,True,True,True,False,True,False,4,True
RRM2B,True,True,True,False,False,False,3,False
RRN3,True,False,True,False,False,False,2,False
RRP1,True,True,True,False,False,False,3,False
RRP12,True,True,True,True,False,False,4,False
RRP15,True,True,True,False,False,False,3,False
RRP1B,True,True,True,True,True,False,5,True
RRP36,True,True,True,False,False,False,3,False
RRP7A,True,True,True,False,False,False,3,False
RRP8,True,True,True,False,False,False,3,False
RRP9,True,True,True,True,False,False,4,False
RRS1,True,True,True,False,True,False,4,True
RSBN1,True,False,True,False,False,False,2,False
RSBN1L,True,False,True,False,False,False,2,False
RSF1,True,True,True,False,True,False,4,True
RSL1D1,True,True,True,True,True,True,6,True
RSL24D1,True,True,True,False,False,False,3,False
RSPH10B,False,False,False,False,True,False,1,True
RSPO3,False,False,False,False,True,False,1,True
RSPRY1,True,False,True,False,False,False,2,False
RSRC1,True,True,True,False,False,False,3,False
RSRC2,True,True,True,False,False,False,3,False
RSU1,True,True,True,True,False,True,5,False
RTCA,True,True,True,True,False,False,4,False
RTCB,True,True,True,True,True,True,6,True
RTEL1,False,False,True,False,True,False,2,True
RTF1,True,True,True,False,False,False,3,False
RTF2,True,True,True,False,False,False,3,False
RTKN2,False,False,False,False,True,False,1,True
RTL6,False,False,False,False,True,False,1,True
RTL8C,False,True,False,False,False,False,1,False
RTN1,False,True,False,True,False,False,2,False
RTN3,True,True,True,True,False,True,5,False
RTN4,True,True,True,True,True,True,6,True
RTN4IP1,True,False,True,False,False,False,2,False
RTN4RL2,False,True,False,False,False,False,1,False
RTRAF,True,True,True,True,True,True,6,True
RTTN,False,False,False,False,True,False,1,True
RUFY1,True,True,True,True,False,True,5,False
RUFY2,True,False,True,False,False,False,2,False
RUSC1,False,False,True,False,False,False,1,False
RUSF1,False,True,True,False,True,False,3,True
RUVBL1,True,True,True,True,True,True,6,True
RUVBL2,True,True,True,True,True,True,6,True
RWDD1,True,False,True,False,False,False,2,False
RWDD2A,True,False,False,False,False,False,1,False
RWDD4,False,True,True,False,False,False,2,False
RXRA,True,True,True,False,False,False,3,False
RXRB,True,False,True,False,False,False,2,False
RYR1,False,True,False,False,False,False,1,False
RYR2,False,False,False,False,True,False,1,True
S100A10,True,True,True,True,True,True,6,True
S100A11,True,True,True,True,True,True,6,True
S100A12,False,True,False,True,False,True,3,False
S100A13,True,True,True,False,False,False,3,False
S100A14,True,True,True,True,False,False,4,False
S100A16,True,True,True,True,False,False,4,False
S100A2,False,True,False,True,False,False,2,False
S100A4,True,True,True,True,True,True,6,True
S100A6,False,True,False,True,True,True,4,True
S100A7,False,True,False,True,False,False,2,False
S100A7A,False,True,False,False,False,False,1,False
S100A8,False,True,True,True,True,True,5,True
S100A9,False,True,False,True,True,True,4,True
S100B,False,False,False,True,False,False,1,False
S100P,True,True,True,True,True,True,6,True
SAA1,False,True,False,False,False,False,1,False
SAA2,False,True,False,True,False,False,2,False
SAA4,False,False,False,True,False,False,1,False
SAAL1,True,True,True,False,False,False,3,False
SAC3D1,True,False,True,False,False,False,2,False
SACM1L,True,True,True,True,False,True,5,False
SAE1,True,True,True,True,True,True,6,True
SAFB,True,True,True,True,True,True,6,True
SAFB2,True,True,True,False,False,False,3,False
SAG,False,False,False,False,True,False,1,True
SAMD1,True,True,True,False,False,False,3,False
SAMD11,True,False,True,False,False,False,2,False
SAMD15,False,False,False,False,True,False,1,True
SAMD4B,True,True,True,False,False,False,3,False
SAMD9,True,False,True,True,False,False,3,False
SAMHD1,True,True,True,True,False,True,5,False
SAMM50,True,True,True,True,False,True,5,False
SAP130,True,True,True,False,False,False,3,False
SAP18,True,True,True,True,True,True,6,True
SAP30,False,False,True,False,False,False,1,False
SAP30BP,True,True,True,True,False,False,4,False
SAP30L,False,True,True,False,False,False,2,False
SAR1A,True,True,True,True,True,True,6,True
SAR1B,True,True,True,False,False,False,3,False
SARM1,False,True,False,False,False,False,1,False
SARNP,True,True,True,True,True,True,6,True
SARS1,True,True,True,True,True,True,6,True
SARS2,True,True,True,False,False,False,3,False
SART1,True,True,True,True,True,False,5,True
SART3,True,True,True,True,False,False,4,False
SASH3,False,False,False,True,False,False,1,False
SASS6,True,False,True,False,False,False,2,False
SATB1,False,False,True,False,False,False,1,False
SBDS,True,True,True,True,True,False,5,True
SBF1,False,False,True,False,False,False,1,False
SBF2,False,False,True,False,False,False,1,False
SBNO1,True,True,True,False,False,False,3,False
SBNO2,False,True,False,False,True,False,2,True
SBSN,False,True,False,True,True,True,4,True
SCAF1,True,True,True,False,False,False,3,False
SCAF11,True,True,True,True,False,True,5,False
SCAF4,True,True,True,False,False,True,4,False
SCAF8,True,True,True,False,False,False,3,False
SCAI,True,False,True,False,False,False,2,False
SCAMP1,True,True,True,False,False,False,3,False
SCAMP2,True,True,True,True,True,True,6,True
SCAMP3,True,True,True,True,False,False,4,False
SCAMP4,True,True,True,False,True,False,4,True
SCAMP5,False,False,False,True,False,False,1,False
SCAP,True,False,True,False,False,False,2,False
SCARB1,True,True,True,False,False,False,3,False
SCARB2,True,True,True,True,False,True,5,False
SCCPDH,True,True,False,True,False,True,4,False
SCD,True,True,True,False,True,False,4,True
SCEL,False,True,False,True,False,False,2,False
SCFD1,True,True,True,True,True,True,6,True
SCFD2,False,True,False,False,False,False,1,False
SCGB1C1,False,True,False,False,False,False,1,False
SCGB1C2,False,True,False,False,False,False,1,False
SCGB1D1,False,True,False,True,False,False,2,False
SCGB1D2,False,True,False,True,False,False,2,False
SCGB2A1,False,True,False,True,False,False,2,False
SCGB2B2,False,False,False,False,True,False,1,True
SCGB3A2,False,False,False,False,True,False,1,True
SCLY,True,True,True,False,False,False,3,False
SCML2,True,True,True,False,False,False,3,False
SCN11A,False,False,False,False,True,False,1,True
SCN4A,False,False,False,False,True,False,1,True
SCO1,False,True,False,False,False,False,1,False
SCO2,False,True,True,False,False,False,2,False
SCP2,True,True,True,True,True,True,6,True
SCPEP1,True,True,True,True,False,True,5,False
SCRIB,True,True,True,False,False,False,3,False
SCRN1,False,True,False,True,False,False,2,False
SCRN2,True,True,True,False,False,False,3,False
SCRN3,True,True,True,False,False,False,3,False
SCRT1,False,False,False,False,True,False,1,True
SCX,False,False,False,False,True,False,1,True
SCYL1,True,True,True,False,True,False,4,True
SCYL2,True,True,True,False,False,False,3,False
SDAD1,True,True,True,False,False,False,3,False
SDC1,True,True,True,False,False,False,3,False
SDC4,True,False,True,False,False,False,2,False
SDCBP,True,True,True,False,False,True,4,False
SDCBP2,False,True,False,False,False,False,1,False
SDCCAG8,False,False,False,False,True,False,1,True
SDE2,True,True,True,False,False,False,3,False
SDF2,True,True,True,False,False,False,3,False
SDF2L1,True,True,True,True,False,False,4,False
SDF4,True,True,True,False,False,False,3,False
SDHA,True,True,True,True,False,True,5,False
SDHAF1,False,True,False,False,False,False,1,False
SDHB,True,True,True,True,False,True,5,False
SDHC,True,True,True,True,False,False,4,False
SDR16C5,False,True,False,True,False,False,2,False
SDR39U1,True,True,True,False,False,False,3,False
SDR9C7,False,True,False,True,False,False,2,False
SDSL,True,True,True,False,False,False,3,False
SEC11A,True,True,True,True,True,True,6,True
SEC11B,False,False,False,True,False,False,1,False
SEC11C,True,True,False,False,True,False,3,True
SEC13,True,True,True,True,False,True,5,False
SEC14L1,False,False,False,False,True,False,1,True
SEC16A,True,True,True,False,True,False,4,True
SEC22A,False,False,True,False,False,False,1,False
SEC22B,True,True,True,True,True,True,6,True
SEC23A,True,True,True,True,False,True,5,False
SEC23B,True,True,True,True,False,False,4,False
SEC23IP,True,True,True,True,False,False,4,False
SEC24A,True,True,True,False,False,False,3,False
SEC24B,True,True,True,False,False,False,3,False
SEC24C,True,True,True,True,False,False,4,False
SEC24D,True,True,True,True,False,False,4,False
SEC31A,True,True,True,True,False,True,5,False
SEC31B,True,False,False,False,True,False,2,True
SEC61A1,True,True,True,True,False,True,5,False
SEC61A2,False,True,False,True,False,False,2,False
SEC61B,True,True,True,True,False,True,5,False
SEC61G,True,False,True,False,False,False,2,False
SEC62,True,True,True,True,False,True,5,False
SEC63,True,True,True,True,False,False,4,False
SECISBP2,True,True,True,False,False,False,3,False
SECISBP2L,False,False,False,False,True,False,1,True
SEH1L,True,True,True,False,False,False,3,False
SEL1L,True,True,True,True,False,False,4,False
SELENBP1,True,True,True,True,False,False,4,False
SELENOF,True,False,True,True,False,False,3,False
SELENOH,True,False,True,True,False,True,4,False
SELENOK,True,False,True,False,False,False,2,False
SELENOM,False,True,False,False,False,False,1,False
SELENOS,True,True,True,False,False,False,3,False
SELENOT,True,False,True,False,False,False,2,False
SELP,False,False,False,True,False,False,1,False
SEMA3A,False,False,False,False,True,False,1,True
SEMA3B,True,False,True,False,False,False,2,False
SEMA3C,False,True,False,False,False,False,1,False
SEMA4B,True,True,True,False,False,False,3,False
SEMG1,False,True,False,True,False,False,2,False
SEMG2,False,True,False,False,False,False,1,False
SENP1,True,True,True,False,False,False,3,False
SENP2,True,False,False,False,True,False,2,True
SENP3,True,True,True,False,False,False,3,False
SENP5,True,False,True,False,False,False,2,False
SENP6,False,False,False,False,True,False,1,True
SENP8,True,False,True,False,False,False,2,False
SEPHS1,True,True,True,True,False,False,4,False
SEPHS2,True,True,True,False,False,False,3,False
SEPSECS,True,False,True,False,False,False,2,False
SEPTIN1,False,False,False,True,False,True,2,False
SEPTIN10,True,True,True,False,False,False,3,False
SEPTIN11,True,True,True,True,False,False,4,False
SEPTIN2,True,True,True,True,True,True,6,True
SEPTIN5,False,False,False,True,False,False,1,False
SEPTIN6,True,True,True,True,False,True,5,False
SEPTIN7,True,True,True,True,False,True,5,False
SEPTIN8,True,True,True,False,False,False,3,False
SEPTIN9,True,True,True,True,False,True,5,False
SERBP1,True,True,True,True,True,True,6,True
SERF2,True,True,True,False,False,False,3,False
SERINC1,False,True,True,False,False,False,2,False
SERPINA1,False,True,False,True,False,False,2,False
SERPINA12,False,True,False,True,True,False,3,True
SERPINA3,False,True,False,False,False,False,1,False
SERPINA4,False,False,False,False,False,True,1,False
SERPINA5,False,True,False,False,False,False,1,False
SERPINA7,True,True,True,False,False,False,3,False
SERPINB1,True,True,True,True,True,True,6,True
SERPINB10,False,False,False,True,False,True,2,False
SERPINB12,False,True,False,True,True,True,4,True
SERPINB13,False,True,False,True,False,False,2,False
SERPINB2,False,True,False,True,True,False,3,True
SERPINB3,True,True,True,True,False,False,4,False
SERPINB4,False,True,False,True,False,False,2,False
SERPINB5,True,True,True,True,False,False,4,False
SERPINB6,True,True,True,True,True,True,6,True
SERPINB7,False,True,False,True,False,True,3,False
SERPINB8,True,True,True,True,False,True,5,False
SERPINB9,False,True,False,True,False,True,3,False
SERPINC1,True,True,True,False,False,False,3,False
SERPIND1,False,False,False,True,False,False,1,False
SERPINE1,False,False,True,False,False,False,1,False
SERPINE2,True,True,True,False,False,False,3,False
SERPINF1,True,True,True,True,False,False,4,False
SERPINF2,True,False,True,False,False,False,2,False
SERPING1,False,True,False,False,False,False,1,False
SERPINH1,True,True,True,True,False,False,4,False
SERPINI1,False,True,False,False,False,False,1,False
SESN2,True,False,False,False,False,False,1,False
SESTD1,False,False,False,True,False,False,1,False
SET,True,True,True,True,True,True,6,True
SETD1A,True,True,True,False,False,False,3,False
SETD1B,False,False,False,False,True,False,1,True
SETD2,True,False,True,False,True,False,3,True
SETD3,True,True,True,False,False,False,3,False
SETD4,False,False,False,False,True,False,1,True
SETD7,True,True,True,False,False,False,3,False
SETDB1,True,False,True,False,True,False,3,True
SETMAR,True,False,True,False,False,False,2,False
SETSIP,True,False,False,False,False,False,1,False
SETX,True,True,True,False,False,False,3,False
SEZ6L2,True,False,False,False,False,False,1,False
SF1,True,True,True,True,True,True,6,True
SF3A1,True,True,True,True,True,True,6,True
SF3A2,True,True,True,True,False,False,4,False
SF3A3,True,True,True,True,True,True,6,True
SF3B1,True,True,True,True,True,True,6,True
SF3B2,True,True,True,True,True,True,6,True
SF3B3,True,True,True,True,True,True,6,True
SF3B4,True,True,True,True,True,False,5,True
SF3B5,False,True,True,True,False,True,4,False
SF3B6,True,True,True,True,True,True,6,True
SFN,True,True,True,True,True,False,5,True
SFPQ,True,True,True,True,True,True,6,True
SFR1,True,False,True,False,False,False,2,False
SFSWAP,True,True,True,False,False,False,3,False
SFT2D2,True,True,True,False,False,True,4,False
SFT2D3,False,True,False,False,False,False,1,False
SFXN1,True,True,True,True,False,True,5,False
SFXN2,True,False,True,False,False,False,2,False
SFXN3,True,True,True,True,False,True,5,False
SFXN4,True,True,True,False,False,False,3,False
SGCD,False,False,False,True,False,False,1,False
SGCE,False,True,False,False,False,False,1,False
SGF29,False,False,True,False,False,False,1,False
SGO1,False,True,False,False,False,False,1,False
SGO2,False,True,False,False,False,False,1,False
SGPL1,True,True,True,False,False,False,3,False
SGPP1,True,False,True,False,True,False,3,True
SGSH,True,True,True,True,True,False,5,True
SGSM1,False,True,False,False,True,False,2,True
SGTA,True,True,True,True,False,False,4,False
SGTB,True,True,True,True,False,False,4,False
SH2B1,False,True,False,False,False,False,1,False
SH2D1A,False,False,False,True,False,False,1,False
SH2D1B,False,False,False,True,False,False,1,False
SH2D4A,True,True,True,False,False,False,3,False
SH3BGRL,True,True,True,True,True,True,6,True
SH3BGRL2,False,True,False,True,False,False,2,False
SH3BGRL3,True,True,True,True,True,True,6,True
SH3BP1,False,False,False,True,True,True,3,True
SH3BP4,True,True,True,False,False,False,3,False
SH3BP5L,True,False,True,False,False,False,2,False
SH3D19,False,False,True,False,False,False,1,False
SH3GL1,True,True,True,True,True,False,5,True
SH3GL2,True,False,True,True,False,False,3,False
SH3GLB1,True,True,True,True,True,False,5,True
SH3GLB2,True,True,True,True,False,False,4,False
SH3KBP1,True,True,True,True,True,True,6,True
SH3PXD2A,True,True,False,False,False,False,2,False
SH3PXD2B,True,True,True,False,False,False,3,False
SH3TC1,False,False,True,False,False,False,1,False
SH3TC2,False,False,False,False,True,False,1,True
SHANK1,False,False,False,False,True,False,1,True
SHANK2,False,True,False,False,False,False,1,False
SHARPIN,True,True,False,False,False,False,2,False
SHBG,True,False,True,False,False,False,2,False
SHC1,True,True,True,False,False,False,3,False
SHCBP1,True,True,True,False,False,False,3,False
SHE,False,False,False,False,True,False,1,True
SHH,False,False,False,False,True,False,1,True
SHKBP1,False,True,False,False,False,False,1,False
SHMT1,True,True,True,False,False,False,3,False
SHMT2,True,True,True,True,True,True,6,True
SHOC2,True,True,True,False,False,False,3,False
SHPK,False,True,False,False,False,False,1,False
SHQ1,False,False,False,False,True,False,1,True
SHROOM2,True,False,False,False,False,False,1,False
SHROOM3,True,True,False,False,False,False,2,False
SHROOM4,True,False,False,False,False,False,1,False
SHTN1,True,True,True,True,False,False,4,False
SI,True,False,False,False,False,False,1,False
SIAE,True,True,True,False,True,False,4,True
SIDT2,False,True,False,False,False,False,1,False
SIGIRR,False,False,False,True,False,False,1,False
SIGMAR1,True,False,True,False,False,False,2,False
SIKE1,True,False,True,False,False,False,2,False
SIL1,True,False,True,True,False,False,3,False
SIN3A,True,True,True,True,False,False,4,False
SINHCAF,False,False,True,False,False,False,1,False
SIPA1,True,True,True,True,False,False,4,False
SIPA1L1,True,True,True,False,False,False,3,False
SIPA1L3,False,True,False,False,False,False,1,False
SIRPA,False,True,False,True,False,True,3,False
SIRT1,True,True,True,False,True,False,4,True
SIRT3,True,True,False,False,False,False,2,False
SIRT5,True,False,True,False,False,False,2,False
SIRT6,True,True,True,False,True,False,4,True
SIVA1,False,False,True,False,False,False,1,False
SIX5,True,False,False,False,False,False,1,False
SKA1,False,True,False,False,False,False,1,False
SKA2,False,True,False,False,False,False,1,False
SKA3,False,True,False,False,False,False,1,False
SKAP1,False,False,False,True,False,False,1,False
SKAP2,False,False,False,True,False,True,2,False
SKIL,True,False,False,False,True,False,2,True
SKP1,True,True,True,True,True,True,6,True
SKP2,True,False,True,False,False,False,2,False
SLAIN2,True,True,True,False,False,False,3,False
SLC11A2,True,False,True,False,False,False,2,False
SLC12A1,False,False,False,False,True,False,1,True
SLC12A2,True,True,True,False,False,False,3,False
SLC12A3,True,False,True,False,False,False,2,False
SLC12A4,True,True,True,False,False,False,3,False
SLC12A5,False,False,False,False,True,False,1,True
SLC12A6,True,False,True,False,False,False,2,False
SLC12A7,True,False,True,False,False,False,2,False
SLC12A9,False,False,False,False,False,True,1,False
SLC15A1,False,False,False,False,True,False,1,True
SLC15A4,False,False,True,False,False,False,1,False
SLC16A1,True,True,True,True,False,False,4,False
SLC16A13,False,False,False,False,True,False,1,True
SLC16A3,True,True,True,True,True,False,5,True
SLC16A6,True,False,True,False,False,False,2,False
SLC16A7,True,True,True,False,False,False,3,False
SLC17A5,False,False,False,False,True,False,1,True
SLC18B1,True,False,True,False,False,False,2,False
SLC19A1,True,False,True,False,False,False,2,False
SLC19A2,True,False,True,False,False,False,2,False
SLC1A3,False,False,True,False,False,False,1,False
SLC1A4,False,True,True,False,False,False,2,False
SLC1A5,True,True,True,True,True,False,5,True
SLC20A1,False,True,False,False,True,False,2,True
SLC22A18,True,True,True,False,False,False,3,False
SLC22A3,False,True,False,False,False,False,1,False
SLC22A8,False,False,True,False,False,False,1,False
SLC24A5,False,False,False,False,True,False,1,True
SLC25A1,True,True,True,True,False,False,4,False
SLC25A10,True,True,True,True,False,False,4,False
SLC25A11,True,True,True,True,False,True,5,False
SLC25A12,True,True,True,True,False,True,5,False
SLC25A13,True,True,True,False,True,False,4,True
SLC25A14,False,False,True,False,False,False,1,False
SLC25A15,True,True,True,False,False,False,3,False
SLC25A17,False,True,True,False,False,False,2,False
SLC25A19,True,True,True,False,False,False,3,False
SLC25A20,True,True,True,True,False,True,5,False
SLC25A22,True,True,True,True,False,False,4,False
SLC25A24,True,True,True,True,False,True,5,False
SLC25A3,True,True,True,True,True,True,6,True
SLC25A31,False,True,False,False,True,False,2,True
SLC25A32,True,True,True,False,False,False,3,False
SLC25A33,True,False,True,False,False,False,2,False
SLC25A36,True,False,False,False,True,False,2,True
SLC25A4,True,True,True,True,False,False,4,False
SLC25A40,True,False,True,False,False,False,2,False
SLC25A44,True,False,True,False,False,False,2,False
SLC25A46,False,False,True,False,False,False,1,False
SLC25A5,True,True,True,True,True,True,6,True
SLC25A6,True,True,True,False,True,True,5,False
SLC26A2,False,True,False,False,False,False,1,False
SLC26A6,False,False,True,False,False,False,1,False
SLC27A2,True,True,True,False,True,False,4,True
SLC27A3,True,False,True,True,False,True,4,False
SLC27A4,True,True,True,False,False,False,3,False
SLC28A1,False,False,False,False,True,False,1,True
SLC28A2,False,False,False,False,True,False,1,True
SLC29A1,True,True,True,False,False,False,3,False
SLC29A2,True,False,True,False,False,False,2,False
SLC2A1,True,True,True,False,False,False,3,False
SLC2A13,True,False,True,False,False,False,2,False
SLC2A3,True,False,True,True,True,True,5,True
SLC2A5,False,False,False,False,True,False,1,True
SLC2A6,False,True,False,False,False,False,1,False
SLC2A9,False,False,False,False,True,False,1,True
SLC30A1,True,True,True,False,False,False,3,False
SLC30A5,True,True,False,False,False,False,2,False
SLC30A6,True,True,True,False,False,False,3,False
SLC30A7,True,True,True,False,False,False,3,False
SLC30A9,True,True,False,False,False,False,2,False
SLC31A1,False,False,True,False,False,False,1,False
SLC33A1,True,True,True,False,False,False,3,False
SLC35A1,True,False,True,False,False,False,2,False
SLC35A4,True,True,True,True,False,False,4,False
SLC35B2,True,True,True,False,False,False,3,False
SLC35E1,True,True,True,False,False,False,3,False
SLC35F2,True,False,False,False,False,False,1,False
SLC35F3,False,True,False,False,True,False,2,True
SLC35F6,True,True,True,False,False,False,3,False
SLC36A1,True,False,False,False,False,False,1,False
SLC37A4,True,True,True,False,False,False,3,False
SLC38A1,True,True,True,False,False,False,3,False
SLC38A10,False,True,False,False,False,False,1,False
SLC38A2,True,True,True,False,True,False,4,True
SLC38A5,True,True,True,False,True,False,4,True
SLC38A7,False,True,True,False,False,False,2,False
SLC39A1,True,True,True,False,False,False,3,False
SLC39A10,True,True,True,False,False,False,3,False
SLC39A11,True,False,False,False,False,False,1,False
SLC39A14,True,True,True,False,False,False,3,False
SLC39A4,False,False,False,False,True,False,1,True
SLC39A6,True,True,True,False,False,False,3,False
SLC39A7,False,False,False,False,True,False,1,True
SLC39A8,False,True,True,False,False,False,2,False
SLC3A2,True,True,True,True,True,True,6,True
SLC44A1,True,True,True,True,True,False,5,True
SLC44A2,True,True,True,True,False,False,4,False
SLC44A4,False,False,False,False,True,False,1,True
SLC46A1,True,False,True,False,False,False,2,False
SLC47A1,False,True,False,False,False,False,1,False
SLC49A4,True,True,True,False,False,False,3,False
SLC4A1,False,True,False,False,False,False,1,False
SLC4A1AP,True,True,True,False,False,False,3,False
SLC4A2,True,True,True,False,False,False,3,False
SLC4A7,True,True,True,False,True,False,4,True
SLC52A2,False,True,False,False,False,False,1,False
SLC5A3,True,False,False,False,False,False,1,False
SLC5A6,True,True,True,False,False,False,3,False
SLC6A15,True,False,True,False,False,False,2,False
SLC6A6,False,True,False,False,False,False,1,False
SLC6A8,False,False,True,False,False,False,1,False
SLC6A9,True,False,True,False,False,False,2,False
SLC7A1,True,True,True,False,False,False,3,False
SLC7A11,False,True,False,False,False,False,1,False
SLC7A2,True,True,True,False,False,False,3,False
SLC7A5,True,True,True,False,True,False,4,True
SLC7A8,False,False,False,False,True,False,1,True
SLC9A1,False,True,True,False,False,False,2,False
SLC9A6,True,True,True,False,False,False,3,False
SLCO1B1,False,True,False,False,False,False,1,False
SLCO1B3,False,True,False,False,False,False,1,False
SLCO1B3-SLCO1B7,False,True,False,False,False,False,1,False
SLCO1B7,False,True,False,False,False,False,1,False
SLCO3A1,True,True,True,False,False,False,3,False
SLCO4A1,True,False,True,False,False,False,2,False
SLF1,True,False,False,False,True,False,2,True
SLFN11,True,True,True,False,False,False,3,False
SLFN12,False,False,False,False,True,False,1,True
SLFN12L,False,False,False,False,True,False,1,True
SLFN5,True,False,True,True,False,True,4,False
SLIRP,True,True,True,True,True,False,5,True
SLITRK1,False,False,False,False,True,False,1,True
SLITRK3,False,False,False,False,True,False,1,True
SLITRK5,False,False,False,False,True,False,1,True
SLK,True,True,True,True,False,True,5,False
SLMAP,True,True,True,False,False,False,3,False
SLPI,True,False,True,True,False,False,3,False
SLTM,True,True,True,True,True,False,5,True
SLU7,True,True,True,False,False,False,3,False
SLURP2,False,True,False,True,False,False,2,False
SLX4,False,True,False,False,False,False,1,False
SLX9,True,True,True,False,False,False,3,False
SMAD1,True,False,False,False,False,False,1,False
SMAD2,True,True,True,False,False,False,3,False
SMAD3,False,True,False,False,False,False,1,False
SMAD4,True,True,True,False,False,False,3,False
SMAD5,True,False,True,False,False,False,2,False
SMAP1,True,False,True,True,False,False,3,False
SMAP2,True,False,True,False,False,True,3,False
SMARCA1,False,True,False,False,False,False,1,False
SMARCA2,True,True,True,True,True,True,6,True
SMARCA4,True,True,True,True,False,False,4,False
SMARCA5,True,True,True,True,False,True,5,False
SMARCAD1,True,True,True,False,False,False,3,False
SMARCAL1,False,False,True,False,False,False,1,False
SMARCB1,True,True,True,False,False,False,3,False
SMARCC1,True,True,True,True,False,False,4,False
SMARCC2,True,True,True,True,False,True,5,False
SMARCD1,True,True,True,False,True,False,4,True
SMARCD2,True,True,True,False,False,False,3,False
SMARCE1,True,True,True,True,False,False,4,False
SMC1A,True,True,True,True,True,True,6,True
SMC1B,False,False,False,False,True,False,1,True
SMC2,True,True,True,True,True,False,5,True
SMC3,True,True,True,True,False,True,5,False
SMC4,True,True,True,True,True,False,5,True
SMC5,True,True,True,False,True,False,4,True
SMC6,True,True,True,False,True,False,4,True
SMCHD1,True,True,True,True,False,True,5,False
SMCO1,False,False,True,False,False,False,1,False
SMCR8,True,False,False,False,False,False,1,False
SMDT1,False,True,False,False,False,False,1,False
SMG1,True,True,True,False,True,False,4,True
SMG5,True,False,True,False,False,False,2,False
SMG6,False,True,False,False,False,False,1,False
SMG7,True,True,True,False,False,False,3,False
SMG8,True,True,True,False,True,False,4,True
SMG9,False,False,True,False,False,False,1,False
SMIM12,True,True,True,False,False,False,3,False
SMIM13,False,True,False,False,False,False,1,False
SMIM20,True,False,True,False,False,False,2,False
SMN1,True,True,True,False,False,False,3,False
SMNDC1,True,True,True,True,True,True,6,True
SMOC1,True,False,True,False,False,False,2,False
SMOC2,False,False,False,False,True,False,1,True
SMPD1,True,True,True,False,False,False,3,False
SMPD2,True,False,False,False,False,False,1,False
SMPD3,False,True,False,True,False,False,2,False
SMPD4,True,True,True,False,False,False,3,False
SMPDL3A,False,True,False,False,False,False,1,False
SMPDL3B,False,False,True,False,False,False,1,False
SMR3B,False,True,False,False,False,False,1,False
SMS,True,True,True,True,True,False,5,True
SMTN,False,True,False,False,False,False,1,False
SMU1,True,True,True,True,False,False,4,False
SMURF1,False,True,False,False,False,False,1,False
SMURF2,False,False,True,False,False,False,1,False
SMYD3,False,False,True,False,False,False,1,False
SMYD5,True,True,True,False,True,False,4,True
SNAP23,True,True,True,True,True,True,6,True
SNAP25,False,True,False,True,False,False,2,False
SNAP29,True,True,True,True,False,False,4,False
SNAPC4,False,False,False,False,True,False,1,True
SNAPIN,True,True,True,True,False,False,4,False
SNCA,False,True,False,True,False,False,2,False
SNCAIP,False,False,False,False,True,False,1,True
SND1,True,True,True,True,True,True,6,True
SNF8,True,True,True,True,False,False,4,False
SNIP1,True,True,True,False,False,False,3,False
SNRK,False,False,False,False,True,False,1,True
SNRNP200,True,True,True,True,True,True,6,True
SNRNP27,True,True,True,False,False,False,3,False
SNRNP35,False,False,False,False,True,False,1,True
SNRNP40,True,True,True,True,False,True,5,False
SNRNP70,True,True,True,True,True,True,6,True
SNRPA,True,True,True,True,True,True,6,True
SNRPA1,True,True,True,True,True,True,6,True
SNRPB,True,True,True,True,True,True,6,True
SNRPB2,True,True,True,True,True,True,6,True
SNRPC,True,True,True,True,True,True,6,True
SNRPD1,True,True,True,True,True,True,6,True
SNRPD2,True,True,True,True,True,True,6,True
SNRPD3,True,True,True,True,True,True,6,True
SNRPE,True,True,True,True,True,True,6,True
SNRPF,True,True,True,True,False,False,4,False
SNRPG,True,True,True,False,False,False,3,False
SNRPGP15,True,True,True,False,False,True,4,False
SNRPN,False,False,False,True,False,False,1,False
SNTB1,False,False,False,True,False,False,1,False
SNTB2,True,True,True,False,False,False,3,False
SNTG2,False,False,False,False,True,False,1,True
SNU13,True,True,True,True,True,True,6,True
SNUPN,False,True,True,False,False,False,2,False
SNW1,True,True,True,True,False,False,4,False
SNX1,True,True,True,True,False,False,4,False
SNX12,True,True,True,True,True,False,5,True
SNX15,True,False,False,False,True,False,2,True
SNX17,False,True,False,False,False,False,1,False
SNX18,False,False,False,True,False,False,1,False
SNX2,True,True,True,True,True,True,6,True
SNX21,False,False,False,False,True,False,1,True
SNX24,False,False,True,False,False,False,1,False
SNX27,True,True,True,True,False,False,4,False
SNX29,False,False,False,False,True,False,1,True
SNX3,False,True,True,True,True,True,5,True
SNX30,False,False,True,False,False,False,1,False
SNX4,False,True,True,False,False,False,2,False
SNX5,True,True,True,True,False,True,5,False
SNX6,True,True,True,True,False,True,5,False
SNX8,False,True,True,False,True,False,3,True
SNX9,True,True,True,True,False,False,4,False
SOAT1,True,True,True,False,False,True,4,False
SOD1,True,True,True,True,True,True,6,True
SOD2,True,True,True,True,True,True,6,True
SOD3,False,True,False,False,False,False,1,False
SOGA1,True,True,True,False,False,False,3,False
SON,True,True,True,True,False,True,5,False
SORBS2,True,False,True,False,False,False,2,False
SORBS3,True,True,True,False,False,False,3,False
SORCS2,False,False,False,False,True,False,1,True
SORD,True,True,True,False,True,False,4,True
SORL1,False,True,False,False,False,False,1,False
SORT1,True,True,True,False,False,True,4,False
SOS1,True,False,False,False,True,False,2,True
SOSTDC1,True,False,False,False,False,False,1,False
SOWAHC,True,False,True,False,False,False,2,False
SOX15,False,False,False,False,True,False,1,True
SOX6,False,False,False,False,True,False,1,True
SP1,True,False,True,False,False,False,2,False
SP100,True,False,True,False,False,True,3,False
SP140,False,False,False,False,True,False,1,True
SP2,True,False,False,False,True,False,2,True
SP3,False,True,False,False,False,False,1,False
SPAG1,True,True,True,False,True,False,4,True
SPAG5,True,True,True,False,False,False,3,False
SPAG7,True,True,True,False,False,False,3,False
SPAG9,True,True,True,False,True,False,4,True
SPANXN2,False,False,False,False,True,False,1,True
SPARC,False,False,False,True,False,False,1,False
SPARCL1,False,True,False,True,False,False,2,False
SPART,True,True,True,False,True,False,4,True
SPAST,True,True,True,False,False,False,3,False
SPATA1,False,False,False,False,True,False,1,True
SPATA2,False,False,False,False,True,False,1,True
SPATA20,True,True,False,False,False,False,2,False
SPATA33,False,False,False,False,True,False,1,True
SPATS2,True,True,True,False,False,False,3,False
SPATS2L,False,True,True,False,False,False,2,False
SPC24,True,True,True,False,False,False,3,False
SPC25,True,True,True,False,False,False,3,False
SPCS1,True,True,True,False,False,True,4,False
SPCS2,True,True,True,True,True,True,6,True
SPCS3,True,True,True,True,False,True,5,False
SPDL1,False,True,False,False,False,False,1,False
SPECC1,True,True,True,True,True,False,5,True
SPECC1L,False,True,True,False,True,False,3,True
SPEG,False,False,False,False,True,False,1,True
SPEM3,False,False,False,False,True,False,1,True
SPEN,True,True,True,False,False,False,3,False
SPG21,True,True,True,False,False,False,3,False
SPG7,True,True,True,False,True,False,4,True
SPHK2,False,False,True,False,False,False,1,False
SPI1,False,False,False,True,False,False,1,False
SPICE1,False,False,False,False,True,False,1,True
SPIDR,False,False,False,False,True,False,1,True
SPIN1,False,True,True,False,False,False,2,False
SPINK13,False,False,False,False,True,False,1,True
SPINK5,True,True,True,False,False,False,3,False
SPINK7,False,False,False,True,False,False,1,False
SPINT1,False,True,False,False,False,False,1,False
SPINT2,False,True,False,False,False,False,1,False
SPIRE2,False,False,False,False,True,False,1,True
SPN,False,False,False,True,True,True,3,True
SPOCK2,False,False,False,True,False,False,1,False
SPOUT1,True,True,True,False,False,False,3,False
SPP1,False,True,False,False,True,False,2,True
SPPL2A,True,True,True,False,False,False,3,False
SPR,True,True,True,False,False,False,3,False
SPRR1A,False,False,False,True,False,False,1,False
SPRR1B,False,False,False,True,False,False,1,False
SPRR2F,False,False,False,True,False,False,1,False
SPRR2G,False,False,False,True,False,False,1,False
SPRR3,False,True,False,False,False,False,1,False
SPRYD4,True,True,True,False,False,False,3,False
SPRYD7,False,True,True,False,False,False,2,False
SPTA1,False,True,False,False,True,False,2,True
SPTAN1,True,True,True,True,True,True,6,True
SPTB,False,True,False,True,False,False,2,False
SPTBN1,True,True,True,True,False,True,5,False
SPTBN2,True,True,True,True,False,False,4,False
SPTBN4,False,False,True,False,True,False,2,True
SPTLC1,True,True,True,True,False,False,4,False
SPTLC2,True,True,True,False,False,False,3,False
SPTSSA,False,False,False,False,True,False,1,True
SPTY2D1,False,True,True,False,False,False,2,False
SQOR,True,True,True,True,True,True,6,True
SQSTM1,True,True,True,False,True,False,4,True
SRA1,True,True,True,False,False,False,3,False
SRBD1,True,True,True,False,False,False,3,False
SRC,False,True,False,True,False,False,2,False
SRCAP,True,True,True,False,True,False,4,True
SRCIN1,False,False,False,False,True,False,1,True
SREBF1,True,True,False,False,False,False,2,False
SREK1,True,True,True,False,False,False,3,False
SREK1IP1,False,True,True,False,False,False,2,False
SRFBP1,True,True,True,False,False,False,3,False
SRGAP1,True,True,True,False,False,False,3,False
SRGAP2,True,True,True,True,True,False,5,True
SRI,True,True,True,True,True,True,6,True
SRL,False,False,False,False,True,False,1,True
SRM,True,True,True,True,True,True,6,True
SRP14,True,True,True,True,True,True,6,True
SRP19,True,True,True,False,False,True,4,False
SRP54,True,True,True,True,False,False,4,False
SRP68,True,True,True,True,False,True,5,False
SRP72,True,True,True,True,False,True,5,False
SRP9,True,True,True,True,True,True,6,True
SRPK1,True,True,True,False,True,False,4,True
SRPK2,True,True,True,False,False,False,3,False
SRPRA,True,True,True,True,False,False,4,False
SRPRB,True,True,True,True,False,True,5,False
SRRM1,True,True,True,True,False,True,5,False
SRRM2,True,True,True,True,True,True,6,True
SRRT,True,True,True,True,True,True,6,True
SRSF1,True,True,True,True,True,True,6,True
SRSF10,True,True,True,True,True,True,6,True
SRSF11,True,True,True,True,True,False,5,True
SRSF2,True,True,True,True,True,True,6,True
SRSF3,True,True,True,True,True,True,6,True
SRSF4,True,True,True,False,True,True,5,True
SRSF5,True,True,True,True,True,False,5,True
SRSF6,True,True,True,True,True,True,6,True
SRSF7,True,True,True,True,True,True,6,True
SRSF8,False,True,False,True,False,False,2,False
SRSF9,True,True,True,True,True,True,6,True
SRXN1,True,True,True,False,False,False,3,False
SRY,False,False,True,False,False,False,1,False
SS18,False,True,True,False,False,False,2,False
SS18L1,True,False,False,False,False,False,1,False
SSB,True,True,True,True,True,True,6,True
SSBP1,True,True,True,True,True,True,6,True
SSBP2,False,False,True,False,False,False,1,False
SSBP3,False,False,True,False,False,False,1,False
SSBP4,False,False,True,False,False,False,1,False
SSH3,True,True,True,False,False,False,3,False
SSNA1,True,True,True,False,False,False,3,False
SSR1,True,True,True,True,True,True,6,True
SSR3,False,False,True,False,True,False,2,True
SSR4,True,True,True,True,True,True,6,True
SSRP1,True,True,True,True,True,True,6,True
SSU72,True,True,True,False,False,False,3,False
SSX7,False,False,False,False,True,False,1,True
ST13,True,True,True,True,True,True,6,True
ST3GAL1,False,True,False,True,False,False,2,False
ST3GAL3,False,False,False,False,True,False,1,True
ST3GAL4,False,False,True,False,False,False,1,False
ST6GALNAC1,False,False,False,False,True,False,1,True
ST6GALNAC4,False,False,True,False,False,False,1,False
ST7,False,False,False,False,True,False,1,True
ST8SIA4,False,False,False,False,True,False,1,True
STAB1,False,False,False,True,False,False,1,False
STAB2,False,False,False,False,True,False,1,True
STAG1,True,True,True,False,False,False,3,False
STAG2,True,True,True,True,True,True,6,True
STAM,True,True,True,False,False,False,3,False
STAM2,True,True,True,False,True,False,4,True
STAMBP,True,True,True,False,False,False,3,False
STAMBPL1,True,False,True,False,False,False,2,False
STAP1,False,False,False,False,True,False,1,True
STARD10,False,True,False,False,False,False,1,False
STARD3NL,False,True,False,False,False,False,1,False
STARD5,False,True,False,False,False,False,1,False
STARD7,True,True,True,False,False,False,3,False
STARD8,True,False,False,False,False,False,1,False
STAT1,True,True,True,True,True,True,6,True
STAT2,True,False,True,False,False,False,2,False
STAT3,True,True,True,True,False,False,4,False
STAT4,False,False,False,True,False,False,1,False
STAT5A,False,False,False,True,False,True,2,False
STAT5B,True,True,True,False,False,False,3,False
STAT6,True,True,True,True,False,True,5,False
STAU1,True,True,True,True,True,False,5,True
STAU2,True,True,True,True,True,False,5,True
STBD1,False,True,True,False,False,False,2,False
STEAP2,False,True,False,False,False,False,1,False
STEAP3,True,True,True,False,False,False,3,False
STEEP1,True,True,True,False,False,False,3,False
STIL,False,False,False,False,True,False,1,True
STIM1,True,True,True,True,False,True,5,False
STING1,True,False,True,True,False,True,4,False
STIP1,True,True,True,True,True,True,6,True
STK10,True,True,True,True,True,True,6,True
STK11,False,False,False,False,True,False,1,True
STK16,False,False,False,False,True,False,1,True
STK24,True,True,True,True,False,False,4,False
STK26,True,True,True,False,False,False,3,False
STK3,True,True,True,False,False,False,3,False
STK31,False,False,False,False,True,False,1,True
STK32C,True,True,False,False,False,False,2,False
STK38,True,True,True,True,False,False,4,False
STK39,True,False,True,False,False,False,2,False
STK4,True,True,True,True,False,True,5,False
STMN1,True,True,True,True,True,True,6,True
STMN2,False,False,True,True,True,False,3,True
STN1,False,False,True,False,True,False,2,True
STOM,True,True,True,True,False,True,5,False
STOML2,True,True,True,True,True,True,6,True
STOML3,False,False,False,True,False,False,1,False
STON2,True,False,True,False,False,False,2,False
STRADB,False,False,False,False,True,False,1,True
STRAP,True,True,True,True,True,True,6,True
STRBP,True,True,True,False,True,False,4,True
STRC,False,False,False,False,True,False,1,True
STRN,True,True,True,True,False,False,4,False
STRN3,True,True,True,True,False,False,4,False
STRN4,False,True,False,True,False,False,2,False
STS,False,True,False,True,False,False,2,False
STT3A,True,True,True,True,True,True,6,True
STT3B,True,True,True,False,False,True,4,False
STUB1,True,True,True,False,False,False,3,False
STX10,True,False,True,False,False,False,2,False
STX11,False,False,False,True,False,True,2,False
STX12,False,True,False,True,False,False,2,False
STX16,True,True,True,False,False,True,4,False
STX17,True,False,True,False,False,False,2,False
STX18,True,True,True,False,False,False,3,False
STX1B,False,False,False,True,False,False,1,False
STX2,False,False,True,False,False,False,1,False
STX4,True,True,True,False,False,False,3,False
STX5,True,True,True,False,False,False,3,False
STX6,True,True,True,False,False,False,3,False
STX7,True,True,True,True,True,True,6,True
STX8,True,True,True,False,False,False,3,False
STXBP1,True,True,True,True,False,False,4,False
STXBP2,True,True,True,True,True,True,6,True
STXBP3,True,True,True,True,False,False,4,False
STXBP4,True,True,True,False,True,False,4,True
STXBP5,True,False,False,False,False,False,1,False
STYXL2,False,True,False,False,False,False,1,False
SUB1,True,True,True,True,True,True,6,True
SUCLA2,True,True,True,True,False,True,5,False
SUCLG1,True,True,True,True,False,True,5,False
SUCLG2,True,True,True,True,False,True,5,False
SUDS3,True,True,True,False,True,False,4,True
SUGP1,True,True,True,False,True,False,4,True
SUGP2,True,True,True,False,False,False,3,False
SUGT1,True,True,True,True,True,True,6,True
SULT1A1,False,True,False,True,True,True,4,True
SULT1A3,True,True,True,True,False,False,4,False
SULT1A4,True,True,True,True,False,False,4,False
SULT1B1,False,False,False,True,False,False,1,False
SULT1C2,False,True,False,False,False,False,1,False
SULT1C4,False,False,False,False,True,False,1,True
SULT2B1,False,True,False,True,True,False,3,True
SUMF1,True,True,True,False,False,False,3,False
SUMF2,True,True,True,True,False,False,4,False
SUMO1,True,True,True,True,True,False,5,True
SUMO2,True,True,True,True,True,True,6,True
SUMO3,True,True,True,False,False,False,3,False
SUMO4,True,True,True,False,False,False,3,False
SUN1,True,True,True,False,False,False,3,False
SUN2,True,True,True,True,False,True,5,False
SUPT16H,True,True,True,True,True,True,6,True
SUPT4H1,True,False,True,True,False,False,3,False
SUPT5H,True,True,True,True,False,False,4,False
SUPT6H,True,True,True,False,True,False,4,True
SUPT7L,True,True,True,False,False,False,3,False
SUPV3L1,True,True,True,False,False,False,3,False
SURF1,True,True,True,False,False,False,3,False
SURF4,True,True,True,True,False,False,4,False
SURF6,True,True,True,False,False,False,3,False
SUSD2,False,True,False,False,False,False,1,False
SUSD5,False,False,False,False,True,False,1,True
SUV39H2,False,False,False,False,True,False,1,True
SUZ12,True,True,True,False,False,True,4,False
SVIL,True,True,True,False,True,False,4,True
SVIP,True,True,True,False,False,False,3,False
SWAP70,True,True,True,True,False,False,4,False
SYAP1,True,True,True,False,False,False,3,False
SYCP1,False,True,False,False,False,False,1,False
SYCP2,False,False,False,False,True,False,1,True
SYF2,True,True,True,False,False,False,3,False
SYK,False,False,False,True,False,True,2,False
SYMPK,True,True,True,True,False,False,4,False
SYN1,False,False,False,True,False,False,1,False
SYN2,False,False,False,True,False,False,1,False
SYNCRIP,True,True,True,True,True,True,6,True
SYNE1,True,True,False,True,True,False,4,True
SYNE2,True,True,True,True,True,True,6,True
SYNE3,False,False,False,True,True,True,3,True
SYNGAP1,False,False,False,False,True,False,1,True
SYNGR1,False,True,False,True,False,False,2,False
SYNGR2,True,True,True,True,False,True,5,False
SYNGR3,False,True,False,False,False,False,1,False
SYNJ1,True,False,True,True,False,False,3,False
SYNJ2,True,True,True,False,False,False,3,False
SYNJ2BP,True,True,True,False,False,True,4,False
SYNM,True,True,False,False,True,False,3,True
SYNPO,False,True,False,False,False,False,1,False
SYNRG,True,True,True,False,False,False,3,False
SYPL1,True,True,True,True,False,True,5,False
SYS1,False,True,False,False,False,False,1,False
SYT1,False,False,False,True,False,False,1,False
SYT14,False,False,False,False,True,False,1,True
SYTL1,False,False,False,True,False,False,1,False
SYTL4,True,False,True,True,True,False,4,True
SYTL5,False,False,False,False,True,False,1,True
SYVN1,True,False,False,False,False,False,1,False
SZRD1,True,True,True,False,False,False,3,False
SZT2,False,True,False,False,False,False,1,False
TAAR1,False,False,False,False,True,False,1,True
TAB1,True,True,True,False,False,False,3,False
TAB2,False,False,True,False,False,False,1,False
TAB3,False,True,False,False,False,False,1,False
TACC1,True,True,True,False,False,False,3,False
TACC2,True,True,True,False,False,False,3,False
TACC3,True,True,True,False,False,False,3,False
TACO1,True,True,True,False,False,False,3,False
TACR3,False,False,False,False,True,False,1,True
TACSTD2,False,True,False,False,False,False,1,False
TADA2A,False,False,False,False,True,False,1,True
TADA2B,True,False,False,False,False,False,1,False
TADA3,True,False,False,False,False,False,1,False
TAF1,True,False,False,False,False,False,1,False
TAF10,True,False,True,False,False,False,2,False
TAF12,True,False,True,False,False,False,2,False
TAF15,True,True,True,True,True,True,6,True
TAF1A,True,False,False,False,False,False,1,False
TAF1C,True,False,False,False,False,False,1,False
TAF2,True,False,True,False,False,False,2,False
TAF3,False,False,True,False,False,False,1,False
TAF4,True,False,True,False,False,False,2,False
TAF5,True,True,True,False,False,False,3,False
TAF5L,False,False,True,False,False,False,1,False
TAF6,True,True,True,False,False,False,3,False
TAF6L,True,False,True,False,False,False,2,False
TAF7,True,True,True,False,False,False,3,False
TAF9,True,True,True,False,False,False,3,False
TAF9B,False,False,True,False,False,False,1,False
TAGLN2,True,True,True,True,True,True,6,True
TAGLN3,False,False,False,True,False,False,1,False
TALDO1,True,True,True,True,True,True,6,True
TAMM41,True,True,True,False,False,False,3,False
TANC1,True,True,True,False,False,False,3,False
TANC2,True,False,True,False,False,False,2,False
TANGO6,False,False,True,False,True,False,2,True
TANK,True,False,True,False,False,False,2,False
TAOK1,True,True,True,False,False,False,3,False
TAOK2,False,False,False,False,True,False,1,True
TAOK3,True,True,True,True,False,False,4,False
TAP1,True,True,True,True,False,True,5,False
TAP2,True,True,True,True,False,True,5,False
TAPBP,True,False,True,True,False,True,4,False
TAPBPL,False,False,False,True,False,False,1,False
TARBP1,True,False,True,False,False,False,2,False
TARBP2,True,True,True,False,False,False,3,False
TARDBP,True,True,True,True,True,True,6,True
TARS1,True,True,True,True,True,True,6,True
TARS2,True,True,True,False,False,False,3,False
TAS1R1,False,False,False,False,True,False,1,True
TASOR,True,True,True,False,False,False,3,False
TASOR2,False,False,False,False,True,False,1,True
TATDN1,True,True,True,False,True,False,4,True
TATDN3,True,False,False,False,False,False,1,False
TAX1BP1,False,True,False,False,False,False,1,False
TAX1BP3,True,False,True,False,False,False,2,False
TBC1D10A,False,False,True,False,False,False,1,False
TBC1D10B,True,True,True,False,False,False,3,False
TBC1D10C,False,True,False,False,False,False,1,False
TBC1D13,True,True,True,False,False,False,3,False
TBC1D15,True,True,True,False,True,False,4,True
TBC1D17,True,True,True,False,False,False,3,False
TBC1D2,True,False,True,False,False,False,2,False
TBC1D20,False,True,False,False,False,False,1,False
TBC1D22A,False,True,False,False,False,False,1,False
TBC1D23,True,False,True,False,False,False,2,False
TBC1D24,True,False,True,False,False,False,2,False
TBC1D2B,True,False,True,False,False,False,2,False
TBC1D31,False,False,False,False,True,False,1,True
TBC1D4,True,False,True,False,True,False,3,True
TBC1D5,True,True,True,True,False,False,4,False
TBC1D8,True,False,False,False,False,False,1,False
TBC1D8B,False,False,False,False,True,False,1,True
TBC1D9,False,False,False,False,True,False,1,True
TBC1D9B,True,True,True,True,False,False,4,False
TBCA,True,True,True,True,True,True,6,True
TBCB,True,True,True,True,True,True,6,True
TBCC,True,True,True,False,False,False,3,False
TBCD,True,True,True,True,False,False,4,False
TBCE,True,True,True,False,False,False,3,False
TBK1,True,True,True,True,False,False,4,False
TBL1X,True,True,True,False,False,False,3,False
TBL1XR1,True,True,True,True,True,False,5,True
TBL2,True,True,True,False,False,False,3,False
TBL3,True,True,True,False,False,False,3,False
TBP,True,True,True,False,False,False,3,False
TBPL1,True,False,True,False,False,False,2,False
TBPL2,False,True,False,False,False,False,1,False
TBR1,False,False,False,False,True,False,1,True
TBRG4,True,True,True,True,False,False,4,False
TBX21,False,False,False,True,False,False,1,False
TBX3,True,False,True,False,False,False,2,False
TBXAS1,False,False,False,True,False,True,2,False
TBXT,False,True,False,False,False,False,1,False
TC2N,False,False,True,False,False,False,1,False
TCAF1,True,True,True,False,False,False,3,False
TCAF2,False,True,False,False,False,False,1,False
TCAIM,False,False,False,False,True,False,1,True
TCEA1,True,True,True,True,False,True,5,False
TCEAL1,True,False,True,False,False,False,2,False
TCEAL3,False,False,False,True,False,False,1,False
TCEAL4,True,True,True,False,False,False,3,False
TCEAL5,False,False,False,True,False,False,1,False
TCEAL9,False,False,False,False,True,False,1,True
TCERG1,True,True,True,True,False,True,5,False
TCF12,True,True,False,False,False,False,2,False
TCF20,True,False,True,False,False,False,2,False
TCF25,True,True,True,False,False,False,3,False
TCF3,True,False,True,False,False,False,2,False
TCHP,True,False,False,False,True,False,2,True
TCIRG1,True,True,True,True,False,True,5,False
TCL1A,False,False,False,False,False,True,1,False
TCN1,False,True,False,False,True,False,2,True
TCOF1,True,True,True,True,True,True,6,True
TCP1,True,True,True,True,True,True,6,True
TCP11L1,True,False,True,False,False,False,2,False
TCTN1,True,False,False,False,False,False,1,False
TDP1,True,True,True,False,False,False,3,False
TDP2,True,True,True,False,False,False,3,False
TDRD1,False,True,False,False,True,False,2,True
TDRD12,False,False,False,False,True,False,1,True
TDRD3,True,False,True,False,False,False,2,False
TDRD5,False,False,False,False,True,False,1,True
TDRD6,False,False,False,False,True,False,1,True
TDRD7,False,True,False,False,True,False,2,True
TDRKH,False,True,False,False,False,False,1,False
TDRP,False,True,False,False,False,False,1,False
TEAD1,True,True,True,False,True,False,4,True
TEAD2,True,False,False,False,False,False,1,False
TEAD3,True,True,False,False,False,False,2,False
TEAD4,True,False,False,False,False,False,1,False
TECPR1,False,False,False,False,True,False,1,True
TECR,True,True,True,True,False,True,5,False
TECTA,False,True,False,False,True,False,2,True
TEF,False,False,False,False,True,False,1,True
TEFM,True,True,True,False,False,False,3,False
TEKT1,False,False,False,False,True,False,1,True
TEKT2,False,False,True,False,True,False,2,True
TELO2,True,True,True,False,False,False,3,False
TENM4,False,False,False,True,False,False,1,False
TENT4B,True,True,True,False,False,False,3,False
TENT5A,False,False,True,False,False,False,1,False
TEPSIN,False,False,True,False,False,False,1,False
TERB2,False,True,False,False,False,False,1,False
TERF1,True,True,False,False,True,False,3,True
TERF2,True,True,True,False,False,False,3,False
TERF2IP,True,True,True,True,True,False,5,True
TES,True,True,True,True,True,True,6,True
TESC,False,True,False,False,False,False,1,False
TESPA1,False,False,True,False,False,False,1,False
TET1,False,False,False,False,True,False,1,True
TEX10,True,True,True,False,False,False,3,False
TEX2,True,True,True,False,False,False,3,False
TEX261,False,True,False,False,False,False,1,False
TEX264,True,True,True,False,False,False,3,False
TEX30,False,False,True,False,False,False,1,False
TF,False,True,False,True,False,False,2,False
TFAM,True,True,True,True,True,True,6,True
TFAP2A,True,True,True,False,False,False,3,False
TFAP2C,False,True,False,False,False,False,1,False
TFAP4,True,False,True,False,False,False,2,False
TFB1M,True,True,True,False,False,False,3,False
TFB2M,True,True,True,False,False,False,3,False
TFCP2,True,False,True,False,False,False,2,False
TFDP1,True,False,True,False,False,False,2,False
TFF1,False,False,False,True,False,False,1,False
TFG,True,True,True,True,True,False,5,True
TFIP11,True,True,True,False,True,False,4,True
TFPI,False,True,True,False,False,False,2,False
TFPT,True,False,True,False,False,False,2,False
TFR2,False,False,False,False,True,False,1,True
TFRC,True,True,True,True,False,False,4,False
TG,True,False,True,False,False,False,2,False
TGFB1,True,False,False,True,False,False,2,False
TGFB1I1,False,False,True,False,False,False,1,False
TGFBI,True,True,True,False,False,False,3,False
TGFBR1,True,False,False,False,False,False,1,False
TGFBR3,True,False,True,False,False,False,2,False
TGFBR3L,False,True,False,False,False,False,1,False
TGFBRAP1,False,False,True,False,False,False,1,False
TGIF1,False,True,True,False,False,False,2,False
TGIF2,False,True,True,False,False,False,2,False
TGM1,False,True,False,True,False,False,2,False
TGM2,True,True,True,True,False,False,4,False
TGM3,False,True,False,True,False,True,3,False
TGM5,False,True,False,True,False,False,2,False
TGOLN2,True,True,True,True,False,False,4,False
TGS1,True,False,True,False,True,False,3,True
TH,False,False,False,False,True,False,1,True
THADA,True,False,True,False,True,False,3,True
THAP11,True,True,False,False,False,False,2,False
THAP12,True,True,True,False,False,False,3,False
THAP5,False,False,False,False,True,True,2,True
THBS1,True,True,True,True,True,True,6,True
THBS4,True,False,True,False,False,False,2,False
THEM4,True,False,True,False,False,False,2,False
THEM6,True,True,True,False,False,False,3,False
THEMIS,False,False,False,True,True,False,2,True
THEMIS2,False,False,False,True,False,True,2,False
THG1L,True,True,True,False,False,False,3,False
THNSL1,True,True,True,False,True,False,4,True
THOC1,True,True,True,False,False,False,3,False
THOC2,True,True,True,False,False,False,3,False
THOC3,True,True,True,False,False,False,3,False
THOC5,True,True,True,False,False,False,3,False
THOC6,True,True,True,True,False,False,4,False
THOC7,True,True,True,False,False,False,3,False
THOP1,True,True,True,True,False,False,4,False
THRAP3,True,True,True,True,True,True,6,True
THSD4,True,False,True,False,False,False,2,False
THSD7B,False,False,False,False,True,False,1,True
THTPA,True,False,True,False,False,False,2,False
THUMPD1,True,True,True,True,False,True,5,False
THUMPD2,False,False,False,False,True,False,1,True
THUMPD3,True,True,True,False,False,False,3,False
THYN1,False,False,True,True,False,False,2,False
TIA1,True,True,True,False,False,False,3,False
TIAL1,True,True,True,True,False,True,5,False
TIAM1,False,False,False,False,True,False,1,True
TIAM2,False,False,False,False,True,False,1,True
TICAM2,False,False,False,True,False,False,1,False
TIE1,True,False,True,False,True,False,3,True
TIGAR,True,True,True,False,False,False,3,False
TIGD1,False,False,False,False,True,False,1,True
TIGD3,True,False,False,False,False,False,1,False
TIGD7,False,False,False,False,True,False,1,True
TIMELESS,True,True,True,False,False,False,3,False
TIMM10,True,True,True,True,False,True,5,False
TIMM10B,True,True,True,False,False,False,3,False
TIMM13,True,True,True,True,True,False,5,True
TIMM17A,False,True,True,False,False,False,2,False
TIMM17B,True,False,False,False,False,False,1,False
TIMM21,True,True,True,False,False,False,3,False
TIMM22,True,False,True,False,False,False,2,False
TIMM23,True,True,True,False,False,False,3,False
TIMM29,True,True,True,False,False,False,3,False
TIMM44,True,True,True,True,True,True,6,True
TIMM50,True,True,True,False,True,False,4,True
TIMM8A,True,True,True,False,True,False,4,True
TIMM8B,True,True,True,False,False,False,3,False
TIMM9,True,True,True,True,False,False,4,False
TIMMDC1,True,True,True,False,True,False,4,True
TIMP1,True,False,True,False,False,False,2,False
TIMP2,True,True,True,False,False,False,3,False
TIMP3,True,False,True,False,False,False,2,False
TINCR,False,True,False,False,False,False,1,False
TIPIN,True,True,True,False,False,False,3,False
TIPRL,True,True,True,True,False,False,4,False
TJAP1,True,False,True,False,False,False,2,False
TJP1,True,True,True,False,False,False,3,False
TJP2,True,True,True,False,False,False,3,False
TJP3,False,False,False,False,True,False,1,True
TK1,True,True,True,False,False,False,3,False
TK2,True,False,True,True,False,False,3,False
TKFC,True,True,True,True,False,False,4,False
TKT,True,True,True,True,True,True,6,True
TKTL2,False,False,True,False,False,False,1,False
TLCD3A,False,True,True,False,False,False,2,False
TLE3,True,True,True,False,False,False,3,False
TLE4,False,False,False,False,True,False,1,True
TLE5,False,True,True,True,False,False,3,False
TLK2,True,True,False,False,True,False,3,True
TLL2,True,False,False,False,False,False,1,False
TLN1,True,True,True,True,True,True,6,True
TLN2,True,True,True,True,True,False,5,True
TLR2,False,False,False,True,True,True,3,True
TLR6,False,False,False,False,True,False,1,True
TLR8,False,False,False,True,False,True,2,False
TLR9,False,False,False,True,False,False,1,False
TM2D3,True,False,True,False,False,False,2,False
TM4SF1,False,True,False,True,False,False,2,False
TM7SF2,False,True,False,True,False,False,2,False
TM9SF1,True,True,True,False,False,False,3,False
TM9SF2,True,True,True,True,False,True,5,False
TM9SF3,True,True,True,True,False,False,4,False
TM9SF4,True,True,True,True,False,True,5,False
TMA7,True,True,True,True,True,False,5,True
TMBIM1,False,True,False,False,False,False,1,False
TMBIM6,False,False,True,False,False,False,1,False
TMCO1,True,True,True,False,False,True,4,False
TMCO5A,False,False,False,False,True,False,1,True
TMED1,True,True,True,False,False,False,3,False
TMED10,True,True,True,True,True,True,6,True
TMED2,True,True,True,True,False,True,5,False
TMED3,True,True,True,True,False,False,4,False
TMED4,True,True,True,True,False,True,5,False
TMED5,True,True,True,True,False,True,5,False
TMED7,True,True,True,True,False,True,5,False
TMED8,True,True,True,True,False,False,4,False
TMED9,True,True,True,True,True,True,6,True
TMEM102,False,False,True,False,False,False,1,False
TMEM106B,True,True,True,True,False,False,4,False
TMEM109,True,True,True,True,True,True,6,True
TMEM11,False,True,True,True,False,False,3,False
TMEM120A,True,False,True,False,False,False,2,False
TMEM121,False,False,False,False,True,False,1,True
TMEM123,True,True,True,False,False,False,3,False
TMEM126A,True,True,True,True,False,False,4,False
TMEM126B,True,False,True,False,True,False,3,True
TMEM128,False,True,False,False,False,False,1,False
TMEM131,True,False,True,False,False,False,2,False
TMEM132D,False,False,False,False,True,False,1,True
TMEM147,True,False,True,False,False,False,2,False
TMEM160,True,True,True,False,False,False,3,False
TMEM165,True,True,True,False,False,False,3,False
TMEM167A,False,True,True,False,False,False,2,False
TMEM169,False,True,False,False,False,False,1,False
TMEM177,False,True,False,False,False,False,1,False
TMEM181,True,True,True,False,False,False,3,False
TMEM184C,True,False,True,False,False,False,2,False
TMEM185B,False,True,False,False,False,False,1,False
TMEM191A,False,True,False,False,False,False,1,False
TMEM199,False,True,False,False,False,False,1,False
TMEM201,False,False,True,False,False,False,1,False
TMEM205,True,True,True,False,False,True,4,False
TMEM209,True,True,True,False,False,False,3,False
TMEM214,True,True,True,False,True,False,4,True
TMEM223,False,True,True,False,False,False,2,False
TMEM230,False,True,True,False,False,False,2,False
TMEM237,True,True,False,False,False,False,2,False
TMEM245,True,True,True,False,False,False,3,False
TMEM254,False,False,True,False,False,False,1,False
TMEM258,True,True,True,False,False,False,3,False
TMEM259,True,False,True,False,False,False,2,False
TMEM260,False,False,False,False,True,False,1,True
TMEM263,True,True,True,False,False,False,3,False
TMEM30A,True,False,True,False,False,False,2,False
TMEM33,True,True,True,True,False,True,5,False
TMEM38B,False,True,True,False,False,False,2,False
TMEM40,False,True,False,True,True,False,3,True
TMEM41B,True,True,True,False,False,False,3,False
TMEM43,True,True,True,True,False,True,5,False
TMEM45B,True,False,True,True,False,False,3,False
TMEM50A,True,False,False,False,False,False,1,False
TMEM50B,True,False,False,False,False,False,1,False
TMEM51,True,True,True,False,False,False,3,False
TMEM59,False,False,True,False,False,False,1,False
TMEM62,False,False,False,False,True,False,1,True
TMEM63A,False,False,False,False,True,False,1,True
TMEM63B,True,False,True,False,False,False,2,False
TMEM64,False,True,False,False,False,False,1,False
TMEM65,True,True,True,False,True,False,4,True
TMEM70,True,True,True,True,False,False,4,False
TMEM87A,True,True,True,False,False,False,3,False
TMEM9,True,True,True,False,False,False,3,False
TMEM97,True,False,True,False,False,False,2,False
TMF1,True,True,True,False,False,False,3,False
TMLHE,False,True,False,False,False,False,1,False
TMOD1,False,False,False,False,True,False,1,True
TMOD3,True,True,True,True,True,True,6,True
TMPO,True,True,True,True,True,True,6,True
TMPPE,True,False,True,False,False,False,2,False
TMPRSS11D,False,True,False,False,False,False,1,False
TMPRSS11E,False,False,False,False,True,False,1,True
TMPRSS7,False,False,False,False,True,False,1,True
TMSB10,True,True,True,False,True,False,4,True
TMSB15A,False,False,False,False,False,True,1,False
TMSB4X,True,True,True,True,True,True,6,True
TMTC3,True,True,True,False,False,False,3,False
TMUB1,False,True,False,False,False,False,1,False
TMUB2,False,True,False,False,False,False,1,False
TMX1,True,True,True,True,False,True,5,False
TMX2,True,True,True,False,False,False,3,False
TMX3,True,True,True,True,False,True,5,False
TMX4,True,True,True,True,False,True,5,False
TNC,True,False,False,True,False,False,2,False
TNFAIP2,True,True,True,True,False,True,5,False
TNFAIP8,False,True,False,True,False,False,2,False
TNFAIP8L2,False,False,False,False,False,True,1,False
TNFRSF10A,True,True,True,False,False,False,3,False
TNFRSF17,False,True,False,False,False,False,1,False
TNFRSF8,False,False,False,True,False,False,1,False
TNFSF12,False,False,False,True,False,False,1,False
TNFSF13,False,False,False,True,False,False,1,False
TNFSF13B,False,False,False,False,True,False,1,True
TNIK,False,False,False,True,True,False,2,True
TNIP1,True,True,True,False,True,False,4,True
TNKS1BP1,True,True,True,False,False,False,3,False
TNKS2,False,False,False,False,True,False,1,True
TNNC2,False,True,False,True,False,False,2,False
TNNT1,False,True,False,False,False,False,1,False
TNNT3,False,True,False,False,True,False,2,True
TNPO1,True,True,True,True,True,True,6,True
TNPO2,True,True,True,False,False,False,3,False
TNPO3,True,True,True,True,False,False,4,False
TNR,False,False,False,True,False,False,1,False
TNRC18,False,False,False,False,True,False,1,True
TNRC6A,True,True,False,False,True,False,3,True
TNRC6B,True,True,True,False,True,False,4,True
TNRC6C,False,True,False,False,False,False,1,False
TNS1,False,False,False,False,True,False,1,True
TNS2,False,False,False,False,True,False,1,True
TNS3,True,True,True,False,False,False,3,False
TNS4,True,True,True,False,False,False,3,False
TNXA,False,False,True,False,False,False,1,False
TNXB,False,False,True,False,False,False,1,False
TOE1,True,True,True,False,False,False,3,False
TOLLIP,False,True,True,True,False,True,4,False
TOM1,True,True,True,True,False,False,4,False
TOM1L1,True,True,True,False,True,False,4,True
TOM1L2,True,True,True,False,False,False,3,False
TOMM20,True,True,True,False,True,False,4,True
TOMM22,True,True,True,False,False,True,4,False
TOMM34,True,True,True,True,False,False,4,False
TOMM40,True,True,True,True,False,False,4,False
TOMM5,True,True,True,False,True,False,4,True
TOMM6,True,True,True,False,False,False,3,False
TOMM70,True,True,True,True,False,True,5,False
TONSL,True,False,True,False,False,False,2,False
TOP1,True,True,True,True,True,True,6,True
TOP2A,True,True,True,False,False,False,3,False
TOP2B,True,True,True,True,True,True,6,True
TOP3A,True,True,True,False,False,False,3,False
TOP3B,True,False,True,False,False,False,2,False
TOPBP1,True,True,True,False,False,False,3,False
TOPORS,False,False,False,False,True,False,1,True
TOR1A,True,True,True,False,False,False,3,False
TOR1AIP1,True,True,True,True,False,True,5,False
TOR1AIP2,True,True,True,False,False,False,3,False
TOR1B,True,True,True,False,False,False,3,False
TOR2A,False,False,True,False,False,False,1,False
TOR3A,False,True,False,False,False,False,1,False
TOR4A,True,False,True,True,False,True,4,False
TOX,False,False,False,False,True,False,1,True
TOX4,True,False,True,False,False,False,2,False
TP53,False,False,True,False,True,False,2,True
TP53BP1,True,True,True,False,False,False,3,False
TP53BP2,True,True,True,False,False,False,3,False
TP53I11,False,True,False,False,False,False,1,False
TP53I3,True,True,True,False,True,False,4,True
TP53RK,True,True,True,True,False,True,5,False
TP63,False,False,False,False,True,False,1,True
TP73,False,False,False,False,True,False,1,True
TPBG,False,False,True,False,False,False,1,False
TPD52,True,True,True,True,False,True,5,False
TPD52L1,True,True,True,False,False,False,3,False
TPD52L2,True,True,True,True,True,True,6,True
TPH1,False,False,False,False,True,False,1,True
TPI1,True,True,True,True,True,True,6,True
TPM1,True,True,True,True,False,False,4,False
TPM2,True,True,True,True,False,False,4,False
TPM3,True,True,True,True,True,True,6,True
TPM4,True,True,True,True,True,True,6,True
TPMT,True,True,True,False,False,False,3,False
TPP1,True,True,True,True,True,True,6,True
TPP2,True,True,True,True,True,True,6,True
TPPP,False,False,False,True,False,False,1,False
TPPP3,False,True,False,True,True,False,3,True
TPR,True,True,True,True,False,True,5,False
TPRKB,True,False,True,False,False,False,2,False
TPSB2,False,False,False,False,False,True,1,False
TPT1,True,True,True,True,True,False,5,True
TPX2,True,True,True,False,True,False,4,True
TRA2A,True,True,True,True,False,True,5,False
TRA2B,True,True,True,True,True,True,6,True
TRABD,True,True,True,False,False,False,3,False
TRADD,True,True,True,True,False,False,4,False
TRAF1,False,True,False,False,False,False,1,False
TRAF2,True,True,True,False,False,False,3,False
TRAF3IP3,False,False,False,True,False,True,2,False
TRAF4,True,False,True,False,False,False,2,False
TRAF6,False,False,True,False,False,False,1,False
TRAFD1,True,False,True,False,True,False,3,True
TRAK1,True,False,False,False,False,False,1,False
TRAM1,True,True,True,False,False,False,3,False
TRAM2,True,False,True,False,False,False,2,False
TRANK1,False,False,False,False,True,False,1,True
TRAP1,True,True,True,True,True,True,6,True
TRAPPC1,False,True,True,False,False,False,2,False
TRAPPC10,False,False,False,True,False,False,1,False
TRAPPC11,True,True,True,True,False,False,4,False
TRAPPC12,True,False,True,False,False,False,2,False
TRAPPC13,False,True,True,False,False,False,2,False
TRAPPC14,False,False,False,False,True,False,1,True
TRAPPC2L,True,True,True,True,False,False,4,False
TRAPPC3,True,True,True,True,True,True,6,True
TRAPPC4,True,True,True,False,False,False,3,False
TRAPPC5,False,True,False,False,True,False,2,True
TRAPPC6B,True,True,True,False,False,False,3,False
TRAPPC8,True,True,True,False,True,False,4,True
TRAPPC9,True,False,True,False,False,False,2,False
TRARG1,False,False,False,False,True,False,1,True
TRDN,False,True,False,False,False,False,1,False
TREML1,False,False,False,True,False,False,1,False
TREX1,True,False,True,False,False,False,2,False
TREX2,False,True,False,True,False,False,2,False
TRIAP1,True,False,True,False,False,False,2,False
TRIB1,False,False,False,False,True,False,1,True
TRIM11,False,True,False,False,False,False,1,False
TRIM14,True,False,True,False,True,False,3,True
TRIM16,True,True,True,True,False,False,4,False
TRIM17,False,False,False,False,True,False,1,True
TRIM2,False,False,False,True,False,False,1,False
TRIM21,True,True,True,True,False,True,5,False
TRIM23,False,False,False,False,False,True,1,False
TRIM24,True,True,True,False,False,False,3,False
TRIM25,True,True,True,True,True,True,6,True
TRIM26,True,True,True,False,True,False,4,True
TRIM27,True,False,True,False,False,False,2,False
TRIM28,True,True,True,True,True,True,6,True
TRIM29,True,True,True,True,False,False,4,False
TRIM3,False,True,True,False,False,False,2,False
TRIM32,False,True,True,False,False,False,2,False
TRIM33,True,True,True,False,False,False,3,False
TRIM37,False,False,False,False,True,False,1,True
TRIM38,True,False,True,False,True,False,3,True
TRIM4,False,True,True,False,False,False,2,False
TRIM41,True,False,False,False,False,False,1,False
TRIM47,True,True,True,False,False,False,3,False
TRIM48,False,False,False,True,False,False,1,False
TRIM49,False,False,False,True,False,False,1,False
TRIM49B,False,False,False,True,False,False,1,False
TRIM49C,False,False,False,True,False,False,1,False
TRIM49D1,False,False,False,True,False,False,1,False
TRIM5,False,False,True,False,True,False,2,True
TRIM56,True,True,True,False,False,False,3,False
TRIM65,True,True,True,False,False,False,3,False
TRIM66,False,False,False,False,True,False,1,True
TRIM7,False,False,True,False,False,False,1,False
TRIM8,False,False,False,False,True,False,1,True
TRIM9,False,False,False,False,True,False,1,True
TRIML2,False,False,True,False,False,False,1,False
TRIO,True,True,False,True,False,False,3,False
TRIOBP,True,False,True,True,False,False,3,False
TRIP10,True,True,True,False,False,False,3,False
TRIP11,True,True,True,False,True,False,4,True
TRIP12,True,True,True,True,False,False,4,False
TRIP13,True,True,True,False,False,False,3,False
TRIP4,True,True,True,False,False,False,3,False
TRIP6,True,True,True,False,False,False,3,False
TRIQK,True,True,True,False,False,False,3,False
TRIR,True,True,True,False,False,True,4,False
TRIT1,False,False,True,False,False,False,1,False
TRMT1,True,True,True,False,False,False,3,False
TRMT10A,False,False,True,False,False,False,1,False
TRMT10C,True,True,True,False,False,False,3,False
TRMT11,False,False,True,False,False,False,1,False
TRMT112,True,True,True,False,False,False,3,False
TRMT13,True,True,True,False,False,False,3,False
TRMT1L,True,True,True,False,False,False,3,False
TRMT2A,True,False,True,False,False,False,2,False
TRMT5,True,True,True,False,False,False,3,False
TRMT6,True,True,True,False,False,False,3,False
TRMT61A,True,True,False,False,True,False,3,True
TRMT61B,True,True,True,False,False,False,3,False
TRMU,True,False,True,False,True,False,3,True
TRNAU1AP,False,False,True,False,False,False,1,False
TRNT1,True,True,True,False,False,False,3,False
TRPA1,True,False,False,False,True,False,2,True
TRPC4,False,False,False,False,True,False,1,True
TRPC4AP,True,False,False,False,False,False,1,False
TRPC6,False,False,False,True,False,False,1,False
TRPC7,False,False,False,True,False,False,1,False
TRPM6,False,False,False,False,True,False,1,True
TRPT1,False,False,True,False,False,False,1,False
TRPV2,False,True,False,False,False,False,1,False
TRRAP,True,True,True,False,False,False,3,False
TRUB1,True,True,True,False,False,False,3,False
TRUB2,False,True,True,False,False,False,2,False
TSC1,True,False,True,False,False,False,2,False
TSC2,True,True,True,False,True,False,4,True
TSC22D1,True,True,True,True,False,False,4,False
TSC22D2,True,False,True,False,False,False,2,False
TSC22D4,True,True,True,True,False,False,4,False
TSEN2,True,True,True,False,True,False,4,True
TSEN34,True,True,True,False,False,False,3,False
TSEN54,True,False,True,False,False,False,2,False
TSFM,True,True,True,True,False,True,5,False
TSG101,True,True,True,True,False,False,4,False
TSHZ1,False,False,False,False,True,False,1,True
TSN,True,True,True,True,True,True,6,True
TSNAX,True,True,True,True,False,False,4,False
TSPAN15,False,True,False,False,False,False,1,False
TSPAN3,False,True,False,False,False,False,1,False
TSPAN31,True,False,True,False,False,False,2,False
TSPAN33,False,False,False,True,False,False,1,False
TSPAN4,True,True,True,False,False,False,3,False
TSPAN6,True,True,True,False,False,False,3,False
TSPAN8,True,True,True,False,False,False,3,False
TSPOAP1,False,False,False,False,True,False,1,True
TSPYL5,False,True,False,False,False,False,1,False
TSR1,True,True,True,False,False,False,3,False
TSR2,True,False,True,False,False,False,2,False
TSR3,True,True,True,False,False,False,3,False
TSSC4,False,True,True,False,False,False,2,False
TST,True,True,True,True,False,False,4,False
TSTD1,False,False,False,False,False,True,1,False
TTBK2,False,True,False,False,True,False,2,True
TTC1,True,True,True,False,True,False,4,True
TTC16,False,False,False,False,True,False,1,True
TTC17,True,False,True,False,True,False,3,True
TTC19,True,True,True,False,False,False,3,False
TTC21A,False,False,False,False,True,False,1,True
TTC21B,False,True,False,False,False,False,1,False
TTC22,False,False,False,False,True,False,1,True
TTC27,True,True,True,False,False,False,3,False
TTC28,True,False,True,False,False,False,2,False
TTC3,True,False,False,False,False,False,1,False
TTC33,True,False,True,False,False,False,2,False
TTC38,True,True,True,True,True,False,5,True
TTC39C,True,False,True,False,False,False,2,False
TTC4,True,True,True,False,True,False,4,True
TTC5,True,False,True,False,False,False,2,False
TTC9C,False,False,True,False,False,False,1,False
TTF1,True,False,True,False,False,False,2,False
TTF2,True,True,True,False,False,False,3,False
TTI1,True,True,True,False,False,False,3,False
TTI2,True,True,True,False,False,False,3,False
TTK,True,True,True,False,False,False,3,False
TTL,True,True,True,False,False,False,3,False
TTLL12,True,True,True,True,False,False,4,False
TTLL5,False,False,False,False,True,False,1,True
TTLL7,False,False,False,False,True,False,1,True
TTN,True,True,True,True,True,False,5,True
TTR,False,True,False,True,False,False,2,False
TTYH2,False,False,False,False,True,False,1,True
TTYH3,False,True,False,False,False,False,1,False
TUB,False,False,False,False,True,False,1,True
TUBA1A,False,False,False,False,True,False,1,True
TUBA1B,True,True,True,True,True,True,6,True
TUBA1C,True,False,True,False,False,False,2,False
TUBA3C,False,True,False,False,False,False,1,False
TUBA3D,False,True,False,False,False,False,1,False
TUBA4A,True,True,True,True,True,True,6,True
TUBA4B,False,True,False,True,False,False,2,False
TUBA8,False,False,False,True,False,False,1,False
TUBB,True,True,True,True,True,True,6,True
TUBB1,True,False,True,True,False,False,3,False
TUBB2A,True,True,True,True,False,False,4,False
TUBB2B,False,True,False,True,False,False,2,False
TUBB3,False,True,False,True,True,False,3,True
TUBB4A,False,True,False,True,False,False,2,False
TUBB4B,True,True,True,True,True,True,6,True
TUBB6,True,True,True,False,False,False,3,False
TUBG1,True,True,True,True,False,False,4,False
TUBG2,True,False,False,False,False,False,1,False
TUBGCP2,True,True,True,False,True,False,4,True
TUBGCP3,True,True,True,False,False,False,3,False
TUBGCP4,True,False,True,False,False,False,2,False
TUBGCP6,True,False,False,False,True,False,2,True
TUFM,True,True,True,True,True,True,6,True
TUFT1,False,True,True,True,False,False,3,False
TUSC2,False,False,True,False,False,False,1,False
TUSC3,False,True,False,False,False,False,1,False
TUT1,True,False,True,False,False,False,2,False
TUT4,True,False,True,False,False,False,2,False
TUT7,True,True,True,False,False,False,3,False
TVP23B,False,False,True,False,False,False,1,False
TVP23C,False,False,True,False,False,False,1,False
TWF1,True,True,True,False,False,False,3,False
TWF2,True,True,True,True,True,True,6,True
TXK,False,False,False,False,True,False,1,True
TXLNA,True,True,True,False,False,False,3,False
TXLNG,True,True,True,False,False,False,3,False
TXN,True,True,True,True,True,True,6,True
TXN2,True,False,True,False,False,True,3,False
TXNDC11,True,False,True,False,False,False,2,False
TXNDC12,True,True,True,True,True,True,6,True
TXNDC15,True,False,True,False,False,False,2,False
TXNDC17,True,True,True,True,True,True,6,True
TXNDC5,True,True,True,True,True,True,6,True
TXNDC9,True,True,True,False,False,False,3,False
TXNL1,True,True,True,True,True,False,5,True
TXNL4A,True,False,True,True,False,False,3,False
TXNRD1,True,True,True,True,True,False,5,True
TXNRD2,True,True,True,True,False,True,5,False
TYK2,False,False,False,False,True,False,1,True
TYMP,False,True,True,True,False,True,4,False
TYMS,True,True,True,False,False,False,3,False
TYROBP,False,False,False,False,True,True,2,True
TYSND1,True,False,True,False,False,False,2,False
TYW1,True,True,True,False,False,False,3,False
TYW1B,True,False,False,False,False,False,1,False
TYW3,True,False,True,False,False,False,2,False
TYW5,True,False,False,False,False,False,1,False
U2AF1,True,True,True,True,False,True,5,False
U2AF2,True,True,True,True,True,True,6,True
U2SURP,True,True,True,True,False,False,4,False
UACA,True,True,True,False,True,False,4,True
UAP1,True,True,True,True,False,False,4,False
UAP1L1,False,False,True,False,False,False,1,False
UBA1,True,True,True,True,True,True,6,True
UBA2,True,True,True,True,True,True,6,True
UBA3,True,True,True,False,False,False,3,False
UBA5,True,True,True,False,False,False,3,False
UBA52,False,False,False,True,False,True,2,False
UBA6,True,True,True,True,False,True,5,False
UBA7,False,False,False,True,False,False,1,False
UBAC1,True,False,True,False,False,False,2,False
UBAC2,True,True,True,False,False,False,3,False
UBAP1,True,False,True,False,False,False,2,False
UBAP2,True,True,True,False,False,False,3,False
UBAP2L,True,True,True,True,True,False,5,True
UBASH3B,False,True,True,True,False,False,3,False
UBB,False,False,False,True,False,False,1,False
UBC,False,False,False,True,False,False,1,False
UBE2A,False,True,True,False,False,False,2,False
UBE2B,False,False,True,False,False,False,1,False
UBE2C,False,True,True,False,False,False,2,False
UBE2D1,False,True,False,True,False,False,2,False
UBE2D2,True,True,True,True,False,False,4,False
UBE2D3,True,True,True,True,False,True,5,False
UBE2D4,False,True,False,True,False,False,2,False
UBE2E1,True,False,True,False,False,False,2,False
UBE2E2,True,False,True,False,False,False,2,False
UBE2E3,True,True,True,False,False,False,3,False
UBE2G1,True,False,False,False,False,False,1,False
UBE2G2,False,True,False,False,False,False,1,False
UBE2H,False,True,True,False,False,False,2,False
UBE2I,True,True,True,True,True,True,6,True
UBE2J1,False,False,True,True,False,False,2,False
UBE2K,True,True,True,True,True,True,6,True
UBE2L3,True,True,True,True,True,False,5,True
UBE2L5,False,False,False,False,False,True,1,False
UBE2M,True,True,True,True,True,False,5,True
UBE2N,True,True,True,True,True,True,6,True
UBE2O,True,True,True,True,False,False,4,False
UBE2Q1,False,False,True,False,False,False,1,False
UBE2R2,True,True,True,True,False,False,4,False
UBE2S,True,True,True,False,False,False,3,False
UBE2T,True,True,True,False,False,False,3,False
UBE2V1,True,False,True,True,True,True,5,True
UBE2V2,True,True,True,True,False,False,4,False
UBE2Z,True,True,True,True,False,False,4,False
UBE3A,True,True,True,False,False,False,3,False
UBE3B,True,False,True,False,True,False,3,True
UBE3C,True,True,True,False,False,False,3,False
UBE4A,True,True,True,False,False,False,3,False
UBE4B,True,True,True,False,True,False,4,True
UBFD1,True,True,True,False,False,False,3,False
UBL3,False,True,True,False,False,False,2,False
UBL4A,True,True,True,False,True,False,4,True
UBL5,True,False,True,True,False,False,3,False
UBL7,True,True,True,False,False,False,3,False
UBLCP1,True,True,True,True,False,False,4,False
UBN2,True,False,True,False,False,False,2,False
UBP1,True,False,True,False,False,False,2,False
UBQLN1,True,True,True,True,True,False,5,True
UBQLN2,True,True,True,False,False,False,3,False
UBQLN4,True,True,True,False,False,True,4,False
UBR1,True,False,True,False,True,False,3,True
UBR2,True,False,True,False,False,False,2,False
UBR3,False,False,False,False,True,False,1,True
UBR4,True,True,True,True,False,False,4,False
UBR5,True,True,True,False,False,False,3,False
UBR7,True,True,True,False,True,False,4,True
UBTD1,False,False,True,False,False,False,1,False
UBTD2,False,False,True,False,False,False,1,False
UBTF,True,True,True,True,True,True,6,True
UBTFL1,False,False,False,False,True,False,1,True
UBXN1,True,True,True,False,True,True,5,True
UBXN11,False,False,False,False,True,False,1,True
UBXN4,True,True,True,False,False,False,3,False
UBXN6,False,True,True,False,False,False,2,False
UBXN7,True,True,True,False,False,False,3,False
UCHL1,False,True,False,True,False,False,2,False
UCHL3,True,True,True,True,True,False,5,True
UCHL5,True,True,True,True,True,False,5,True
UCK1,True,False,True,False,False,False,2,False
UCK2,True,True,True,False,False,False,3,False
UCKL1,True,True,True,False,False,False,3,False
UCP3,False,False,False,False,True,False,1,True
UEVLD,True,True,True,False,False,False,3,False
UFC1,True,False,True,True,False,False,3,False
UFD1,True,True,True,True,False,False,4,False
UFL1,True,True,True,True,False,True,5,False
UFM1,True,True,True,True,False,False,4,False
UFSP2,True,True,True,False,True,False,4,True
UGDH,True,True,True,True,False,False,4,False
UGGT1,True,True,True,True,False,True,5,False
UGGT2,True,False,True,False,False,False,2,False
UGP2,True,True,True,True,True,True,6,True
UGT2B10,False,False,False,False,True,False,1,True
UGT8,False,True,False,False,False,False,1,False
UHRF1,True,True,True,False,False,False,3,False
UHRF2,True,True,True,False,False,False,3,False
UIMC1,True,True,True,False,False,False,3,False
ULBP2,False,False,False,False,True,False,1,True
ULBP3,True,False,True,False,False,False,2,False
ULK3,True,True,True,False,False,False,3,False
ULK4,False,False,False,False,True,False,1,True
UMAD1,False,False,True,False,False,False,1,False
UMOD,False,True,False,False,False,False,1,False
UMPS,True,True,True,True,False,False,4,False
UNC119B,True,True,True,False,False,False,3,False
UNC13B,True,False,False,False,False,False,1,False
UNC13D,True,True,True,True,False,False,4,False
UNC45A,True,True,True,True,True,False,5,True
UNC5B,True,False,False,False,False,False,1,False
UNC80,False,False,False,False,True,False,1,True
UNC93B1,False,True,False,False,False,False,1,False
UNG,False,True,True,False,False,False,2,False
UNK,True,False,True,False,True,False,3,True
UPF1,True,True,True,True,True,False,5,True
UPF2,True,True,True,False,False,False,3,False
UPF3A,False,False,False,False,True,False,1,True
UPF3B,True,True,True,False,False,False,3,False
UPP1,True,True,True,True,False,False,4,False
UPRT,True,False,True,False,False,False,2,False
UQCC1,True,True,True,False,False,False,3,False
UQCC2,True,False,True,False,False,False,2,False
UQCC3,True,True,True,False,False,False,3,False
UQCR10,False,True,False,True,False,True,3,False
UQCR11,False,True,False,False,False,True,2,False
UQCRB,True,True,True,True,True,True,6,True
UQCRC1,True,True,True,True,True,True,6,True
UQCRC2,True,True,True,True,True,True,6,True
UQCRFS1,True,True,True,True,False,False,4,False
UQCRFS1P1,False,False,False,False,False,True,1,False
UQCRH,True,False,True,True,False,False,3,False
UQCRQ,False,True,True,True,False,True,4,False
URB1,True,True,True,False,True,False,4,True
URB2,True,True,True,False,False,False,3,False
URGCP,True,False,True,False,False,False,2,False
URI1,True,True,True,False,False,False,3,False
URM1,True,False,True,False,False,False,2,False
UROC1,False,False,False,False,True,False,1,True
UROD,True,True,True,True,False,False,4,False
UROS,True,False,True,False,False,False,2,False
USE1,False,False,True,False,False,False,1,False
USF1,True,False,True,False,False,False,2,False
USF2,False,True,True,False,False,False,2,False
USF3,False,False,False,False,True,False,1,True
USH2A,False,False,False,False,True,False,1,True
USO1,True,True,True,True,True,True,6,True
USP10,True,True,True,True,False,False,4,False
USP11,True,True,True,False,False,False,3,False
USP13,True,False,True,False,False,False,2,False
USP14,True,True,True,True,True,True,6,True
USP15,True,True,True,True,False,True,5,False
USP16,True,False,True,False,False,False,2,False
USP17L7,False,False,False,False,True,False,1,True
USP19,True,False,True,False,False,False,2,False
USP24,True,True,True,True,True,False,5,True
USP25,False,False,True,False,True,False,2,True
USP28,True,False,True,False,False,False,2,False
USP3,True,True,True,False,False,False,3,False
USP31,False,False,False,False,True,False,1,True
USP33,False,False,True,False,True,False,2,True
USP34,True,False,True,False,True,False,3,True
USP36,True,True,True,False,False,False,3,False
USP39,True,True,True,False,False,False,3,False
USP4,True,False,True,False,True,False,3,True
USP42,False,False,True,False,False,False,1,False
USP44,False,False,False,False,True,False,1,True
USP47,True,True,True,True,False,False,4,False
USP48,True,False,True,False,True,False,3,True
USP49,False,False,False,False,True,False,1,True
USP5,True,True,True,True,True,True,6,True
USP54,False,True,False,False,False,False,1,False
USP6NL,False,False,False,False,True,False,1,True
USP7,True,True,True,True,False,True,5,False
USP8,True,True,True,False,False,False,3,False
USP9X,True,True,True,True,True,False,5,True
USP9Y,False,False,False,False,True,False,1,True
UTP11,True,True,True,False,False,False,3,False
UTP14A,True,True,True,False,False,False,3,False
UTP14C,False,True,False,False,False,False,1,False
UTP15,True,True,True,False,True,False,4,True
UTP18,True,True,True,False,True,False,4,True
UTP20,True,True,True,False,True,False,4,True
UTP23,True,True,True,False,False,False,3,False
UTP25,True,True,True,False,False,False,3,False
UTP3,True,True,True,False,False,False,3,False
UTP4,True,True,True,False,False,False,3,False
UTP6,True,True,True,False,False,False,3,False
UTRN,True,True,True,True,True,False,5,True
UTS2,False,False,False,False,True,False,1,True
UTY,False,False,False,False,True,False,1,True
UVRAG,True,False,True,False,True,False,3,True
UXS1,True,True,True,False,False,False,3,False
UXT,True,True,True,False,False,False,3,False
VAC14,True,True,True,False,False,False,3,False
VAMP2,False,True,False,False,False,False,1,False
VAMP3,False,True,False,True,True,True,4,True
VAMP4,False,False,True,False,False,False,1,False
VAMP5,True,False,True,False,False,False,2,False
VAMP7,True,True,True,True,False,True,5,False
VAMP8,True,True,True,True,True,True,6,True
VANGL1,True,True,True,False,False,False,3,False
VAPA,True,True,True,True,True,True,6,True
VAPB,True,True,True,False,True,False,4,True
VARS1,True,True,True,True,True,True,6,True
VARS2,True,False,True,False,False,False,2,False
VASP,True,True,True,True,True,True,6,True
VAT1,True,True,True,True,True,False,5,True
VAV1,False,False,False,True,False,False,1,False
VAV2,True,False,True,False,False,False,2,False
VBP1,True,True,True,True,True,False,5,True
VCAN,False,True,False,True,False,True,3,False
VCL,True,True,True,True,True,True,6,True
VCP,True,True,True,True,True,True,6,True
VCPIP1,True,True,True,False,True,False,4,True
VCY1B,False,False,False,False,True,False,1,False
VDAC1,True,True,True,True,True,True,6,True
VDAC2,True,True,True,True,True,True,6,True
VDAC3,True,True,True,True,True,True,6,True
VEZF1,True,True,True,False,False,False,3,False
VEZT,True,True,True,False,False,False,3,False
VIL1,False,False,False,False,True,False,1,True
VIM,True,True,True,True,True,True,6,True
VIPAS39,True,True,True,False,True,False,4,True
VIRMA,True,True,True,False,False,False,3,False
VKORC1,True,False,True,False,False,False,2,False
VKORC1L1,True,True,True,False,False,False,3,False
VMA21,True,False,True,False,False,False,2,False
VMP1,True,False,True,True,False,False,3,False
VN1R5,False,False,False,False,True,False,1,True
VNN1,False,False,False,False,True,False,1,True
VPS11,True,True,True,True,False,False,4,False
VPS13A,True,True,True,False,True,False,4,True
VPS13B,False,False,False,False,True,False,1,True
VPS13C,True,True,True,True,True,False,5,True
VPS13D,True,False,False,False,True,False,2,True
VPS16,True,True,True,False,False,False,3,False
VPS18,True,True,True,True,False,False,4,False
VPS25,True,True,True,True,False,False,4,False
VPS26A,True,True,True,True,False,True,5,False
VPS26B,True,True,True,True,False,True,5,False
VPS26C,True,True,True,True,False,False,4,False
VPS28,True,True,True,True,False,False,4,False
VPS29,True,True,True,True,False,True,5,False
VPS33A,True,True,True,True,True,False,5,True
VPS33B,True,True,True,False,True,False,4,True
VPS35,True,True,True,True,False,True,5,False
VPS35L,True,True,True,True,True,False,5,True
VPS36,True,True,True,True,False,False,4,False
VPS37A,True,False,True,False,False,False,2,False
VPS37B,True,False,True,False,False,False,2,False
VPS37C,False,True,False,False,False,False,1,False
VPS39,True,False,True,False,True,False,3,True
VPS41,True,False,True,False,True,False,3,True
VPS45,True,True,True,True,False,False,4,False
VPS4A,True,True,True,True,False,False,4,False
VPS4B,True,True,True,True,False,True,5,False
VPS50,True,True,True,False,False,False,3,False
VPS51,True,False,True,False,False,False,2,False
VPS52,True,True,True,False,True,True,5,True
VPS53,True,False,True,False,False,False,2,False
VPS72,True,True,True,False,False,False,3,False
VPS8,True,False,True,False,True,False,3,True
VRK1,True,True,True,False,False,False,3,False
VRK2,False,True,False,False,False,False,1,False
VSIG10L,False,True,False,False,False,False,1,False
VSIG10L2,False,False,False,False,True,False,1,True
VSIG8,False,True,False,False,False,False,1,False
VSIR,False,False,True,True,False,False,2,False
VSNL1,False,False,False,True,False,False,1,False
VTA1,True,True,True,True,False,False,4,False
VTCN1,False,True,False,False,False,False,1,False
VTI1A,True,True,True,False,True,False,4,True
VTI1B,True,True,True,True,False,False,4,False
VTN,True,True,True,True,False,False,4,False
VWA2,False,False,False,False,True,False,1,True
VWA5A,True,True,True,False,False,False,3,False
VWA5B1,False,False,True,False,False,False,1,False
VWA7,False,False,False,False,True,False,1,True
VWA8,True,True,True,False,False,False,3,False
VWDE,False,False,False,False,True,False,1,True
VWF,False,False,False,True,True,False,2,True
WAC,True,True,True,False,False,False,3,False
WAPL,True,True,True,False,False,False,3,False
WARS1,True,True,True,True,True,True,6,True
WARS2,True,True,True,False,False,False,3,False
WAS,False,False,False,True,True,True,3,True
WASF2,True,True,True,True,False,True,5,False
WASH2P,True,True,True,False,False,False,3,False
WASH3P,True,True,True,False,False,False,3,False
WASH4P,True,False,False,False,False,False,1,False
WASH6P,True,False,False,False,False,False,1,False
WASHC1,True,False,False,False,False,False,1,False
WASHC2A,True,True,True,False,False,True,4,False
WASHC2C,True,True,True,False,False,False,3,False
WASHC3,True,True,True,False,False,False,3,False
WASHC4,True,True,True,True,False,False,4,False
WASHC5,True,True,True,False,False,False,3,False
WASL,True,True,True,False,False,False,3,False
WBP1,False,False,False,False,True,False,1,True
WBP11,True,True,True,True,True,True,6,True
WBP2,True,True,True,True,False,False,4,False
WBP4,True,False,True,False,False,False,2,False
WDCP,True,True,True,False,False,False,3,False
WDFY1,True,True,True,True,True,False,5,True
WDFY3,False,False,False,False,True,False,1,True
WDFY4,False,False,False,True,True,False,2,True
WDHD1,True,True,True,False,True,False,4,True
WDR1,True,True,True,True,True,True,6,True
WDR11,True,True,True,True,True,True,6,True
WDR12,True,True,True,False,False,False,3,False
WDR13,True,False,True,True,False,False,3,False
WDR17,False,False,False,False,True,False,1,True
WDR18,True,True,True,False,False,True,4,False
WDR20,True,False,True,False,False,False,2,False
WDR24,True,False,True,False,False,False,2,False
WDR26,True,True,True,False,False,False,3,False
WDR3,True,True,True,False,False,False,3,False
WDR33,True,True,True,True,False,False,4,False
WDR36,True,True,True,False,True,False,4,True
WDR37,False,False,False,True,False,False,1,False
WDR4,True,True,True,False,False,False,3,False
WDR41,True,False,True,False,False,False,2,False
WDR43,True,True,True,True,False,False,4,False
WDR44,True,True,True,True,True,False,5,True
WDR45,True,False,True,False,False,False,2,False
WDR45B,False,True,False,False,False,False,1,False
WDR46,True,True,True,False,False,False,3,False
WDR47,True,False,True,False,False,False,2,False
WDR48,True,True,True,False,False,False,3,False
WDR5,True,True,True,True,False,False,4,False
WDR53,True,False,False,False,False,False,1,False
WDR54,False,True,False,False,False,False,1,False
WDR55,True,True,True,False,False,False,3,False
WDR5B,True,False,False,False,False,False,1,False
WDR6,True,True,False,False,False,False,2,False
WDR62,False,True,True,False,True,False,3,True
WDR7,False,True,True,False,False,False,2,False
WDR70,True,True,True,False,False,False,3,False
WDR73,True,True,True,False,True,False,4,True
WDR74,True,True,True,False,False,False,3,False
WDR75,True,True,True,False,True,False,4,True
WDR76,True,True,True,False,False,False,3,False
WDR77,True,True,True,False,False,True,4,False
WDR81,False,True,False,False,False,False,1,False
WDR82,True,True,True,True,False,False,4,False
WDR83,True,False,False,False,False,False,1,False
WDR89,True,False,True,False,False,False,2,False
WDR91,True,True,True,False,False,False,3,False
WFS1,False,True,True,False,True,False,3,True
WIPF1,False,False,False,True,True,True,3,True
WIPF2,True,True,True,False,False,False,3,False
WIPI2,True,False,True,False,False,False,2,False
WIZ,True,True,True,False,True,False,4,True
WLS,True,True,True,False,True,False,4,True
WNK1,True,True,True,True,False,False,4,False
WNT5A,True,False,True,False,False,False,2,False
WNT7B,False,True,False,False,False,False,1,False
WNT8A,False,False,False,False,True,False,1,True
WRAP53,True,False,False,False,False,False,1,False
WRN,True,False,True,False,True,False,3,True
WRNIP1,True,True,True,False,False,False,3,False
WSCD1,False,False,False,False,True,False,1,True
WTAP,True,True,True,True,False,False,4,False
WWC1,False,True,False,False,False,False,1,False
WWC2,False,True,False,False,True,False,2,True
WWP1,True,False,False,False,False,False,1,False
WWP2,False,False,True,False,True,False,2,True
XAB2,True,True,True,True,False,False,4,False
XDH,False,False,False,False,True,False,1,True
XIAP,False,True,False,False,False,False,1,False
XIRP1,False,False,False,False,True,False,1,True
XPC,True,True,True,False,False,False,3,False
XPNPEP1,True,True,True,True,True,True,6,True
XPNPEP3,True,False,True,False,False,False,2,False
XPO1,True,True,True,True,True,True,6,True
XPO4,True,True,True,False,False,False,3,False
XPO5,True,True,True,False,False,False,3,False
XPO6,True,True,True,False,False,False,3,False
XPO7,True,True,True,True,False,False,4,False
XPOT,True,True,True,True,False,False,4,False
XRCC1,True,True,True,True,False,False,4,False
XRCC4,True,True,True,False,False,False,3,False
XRCC5,True,True,True,True,True,True,6,True
XRCC6,True,True,True,True,True,True,6,True
XRN1,True,True,True,False,False,False,3,False
XRN2,True,True,True,True,True,True,6,True
XXYLT1,True,True,True,False,False,False,3,False
XYLB,False,False,True,False,False,False,1,False
XYLT1,False,False,False,False,True,False,1,True
YAP1,True,True,True,False,False,False,3,False
YARS1,True,True,True,True,True,True,6,True
YARS2,True,True,True,False,False,False,3,False
YBEY,True,True,True,False,False,False,3,False
YBX1,True,True,True,True,True,True,6,True
YBX3,True,True,True,True,False,False,4,False
YEATS4,False,True,False,False,False,False,1,False
YES1,True,True,True,True,False,False,4,False
YIF1A,True,True,True,True,False,False,4,False
YIF1B,False,True,False,True,False,False,2,False
YIPF1,True,False,False,False,False,False,1,False
YIPF4,True,False,True,False,False,False,2,False
YIPF5,True,True,True,True,False,False,4,False
YIPF6,True,True,True,False,False,False,3,False
YJU2,True,False,True,False,True,False,3,True
YKT6,True,True,True,True,False,False,4,False
YLPM1,True,True,True,False,False,True,4,False
YME1L1,True,True,True,False,False,False,3,False
YOD1,True,True,True,True,False,False,4,False
YPEL5,True,False,True,True,False,False,3,False
YRDC,True,False,True,False,False,False,2,False
YTHDC1,True,True,True,False,False,False,3,False
YTHDC2,True,True,True,False,False,False,3,False
YTHDF1,True,False,True,False,False,False,2,False
YTHDF2,True,True,True,False,False,False,3,False
YTHDF3,True,True,True,False,False,False,3,False
YWHAB,True,True,True,True,True,True,6,True
YWHAE,True,True,True,True,True,True,6,True
YWHAG,True,True,True,True,True,True,6,True
YWHAH,True,True,True,True,True,True,6,True
YWHAQ,True,True,True,True,True,True,6,True
YWHAZ,True,True,True,True,True,True,6,True
YY1,True,True,True,False,True,False,4,True
YY2,False,False,False,False,False,True,1,False
ZAP70,False,False,False,True,False,True,2,False
ZBED1,True,False,True,False,False,False,2,False
ZBED4,False,False,False,False,True,False,1,True
ZBED6,False,False,False,False,True,False,1,True
ZBTB1,False,False,True,False,False,False,1,False
ZBTB11,True,False,True,False,False,False,2,False
ZBTB17,False,False,False,False,True,False,1,True
ZBTB2,False,False,True,False,False,False,1,False
ZBTB21,True,False,True,False,False,False,2,False
ZBTB24,True,False,False,False,False,False,1,False
ZBTB33,True,False,True,False,False,False,2,False
ZBTB4,False,False,False,False,True,False,1,True
ZBTB40,True,False,True,False,True,False,3,True
ZBTB41,False,False,False,False,True,False,1,True
ZBTB47,False,False,False,False,True,False,1,True
ZBTB7A,False,False,True,False,False,False,1,False
ZBTB7B,True,False,False,False,False,False,1,False
ZBTB8OS,False,True,True,False,False,False,2,False
ZBTB9,True,False,True,False,False,False,2,False
ZC2HC1A,True,True,True,False,False,False,3,False
ZC3H10,True,False,False,False,False,False,1,False
ZC3H11A,True,True,True,True,False,False,4,False
ZC3H12C,False,False,False,False,True,False,1,True
ZC3H13,True,True,True,False,True,False,4,True
ZC3H14,True,True,True,False,False,False,3,False
ZC3H15,True,True,True,False,True,False,4,True
ZC3H18,True,True,True,True,True,False,5,True
ZC3H3,True,False,True,False,True,False,3,True
ZC3H4,True,True,True,False,False,False,3,False
ZC3H6,True,True,False,False,False,False,2,False
ZC3H7A,True,True,True,False,False,False,3,False
ZC3H7B,True,False,True,False,False,False,2,False
ZC3H8,True,True,True,False,True,False,4,True
ZC3HAV1,True,True,True,True,False,False,4,False
ZC3HAV1L,False,False,True,False,False,False,1,False
ZC3HC1,True,True,True,False,False,False,3,False
ZCCHC17,True,True,True,False,False,False,3,False
ZCCHC3,True,False,True,False,True,False,3,True
ZCCHC4,False,False,True,False,True,False,2,True
ZCCHC7,True,False,True,False,False,False,2,False
ZCCHC8,True,True,True,False,False,False,3,False
ZCRB1,True,False,True,False,False,False,2,False
ZDHHC13,True,True,True,False,False,False,3,False
ZDHHC17,True,False,False,False,False,False,1,False
ZDHHC20,True,True,False,False,False,False,2,False
ZDHHC3,True,False,True,False,False,False,2,False
ZDHHC5,True,False,True,False,False,False,2,False
ZDHHC6,False,False,True,False,False,False,1,False
ZDHHC9,False,True,False,False,False,False,1,False
ZEB1,True,False,False,False,False,False,1,False
ZFAND6,False,False,True,False,False,False,1,False
ZFAT,False,False,False,False,True,False,1,True
ZFC3H1,True,False,True,False,True,False,3,True
ZFHX2,False,False,False,False,True,True,2,True
ZFP37,True,False,False,False,False,False,1,False
ZFP64,True,False,True,False,False,False,2,False
ZFP69,False,False,False,False,True,False,1,True
ZFP91,True,True,True,False,False,False,3,False
ZFPL1,False,True,True,False,False,False,2,False
ZFR,True,True,True,False,True,False,4,True
ZFX,False,False,True,False,False,False,1,False
ZFY,False,False,True,False,False,False,1,False
ZFYVE16,True,True,True,False,False,False,3,False
ZFYVE19,True,False,True,False,False,False,2,False
ZFYVE26,False,True,False,False,False,False,1,False
ZFYVE27,True,True,False,False,False,False,2,False
ZG16B,False,True,False,True,False,False,2,False
ZGPAT,True,True,True,False,False,False,3,False
ZGRF1,False,False,False,False,True,False,1,True
ZHX1,True,False,True,False,False,False,2,False
ZHX2,True,False,False,False,False,False,1,False
ZIM3,False,False,False,False,True,False,1,True
ZKSCAN1,False,False,True,False,True,False,2,True
ZKSCAN7,False,False,False,False,True,False,1,True
ZMAT1,False,True,False,False,True,False,2,True
ZMAT2,True,True,True,False,False,False,3,False
ZMIZ2,False,True,False,False,False,False,1,False
ZMPSTE24,True,True,True,True,False,False,4,False
ZMYM1,True,False,True,False,False,False,2,False
ZMYM2,True,True,True,False,True,False,4,True
ZMYM3,True,False,True,False,False,False,2,False
ZMYM4,True,False,True,False,False,False,2,False
ZMYM6,False,False,False,False,True,False,1,True
ZMYND15,False,False,False,False,True,False,1,True
ZMYND8,True,True,True,False,False,False,3,False
ZNF106,True,False,True,False,False,False,2,False
ZNF112,False,False,False,False,True,False,1,True
ZNF131,True,False,True,False,False,False,2,False
ZNF136,False,False,False,False,True,False,1,True
ZNF141,False,False,True,False,True,False,2,True
ZNF143,True,False,True,False,True,False,3,True
ZNF146,False,True,True,False,False,False,2,False
ZNF148,True,False,True,False,False,False,2,False
ZNF182,False,False,False,False,True,False,1,True
ZNF185,True,True,True,True,False,False,4,False
ZNF195,False,False,True,False,False,False,1,False
ZNF2,False,False,False,False,True,False,1,True
ZNF200,True,False,False,False,True,False,2,True
ZNF207,True,True,True,True,True,True,6,True
ZNF212,False,False,False,False,True,False,1,True
ZNF227,False,True,False,False,False,False,1,False
ZNF239,True,False,False,False,False,False,1,False
ZNF24,True,True,True,False,False,False,3,False
ZNF248,False,False,False,False,True,False,1,True
ZNF251,False,False,True,False,False,False,1,False
ZNF253,False,False,True,False,False,False,1,False
ZNF257,False,False,True,False,False,False,1,False
ZNF26,False,True,False,False,False,False,1,False
ZNF274,False,True,False,False,False,False,1,False
ZNF28,False,False,True,False,False,False,1,False
ZNF280C,True,True,False,False,False,False,2,False
ZNF281,True,True,True,False,False,False,3,False
ZNF292,False,True,False,False,True,False,2,True
ZNF30,False,False,True,False,False,False,1,False
ZNF311,False,False,False,False,True,False,1,True
ZNF316,True,False,True,False,False,False,2,False
ZNF317,False,False,False,False,True,False,1,True
ZNF318,True,False,True,False,True,False,3,True
ZNF320,False,False,True,False,False,False,1,False
ZNF324,False,True,True,True,False,False,3,False
ZNF324B,False,True,True,True,False,False,3,False
ZNF326,True,True,True,False,False,False,3,False
ZNF330,False,False,True,False,False,False,1,False
ZNF333,False,False,True,False,False,False,1,False
ZNF34,False,False,False,False,False,True,1,False
ZNF341,False,False,False,False,True,False,1,True
ZNF346,True,False,True,False,False,False,2,False
ZNF347,False,False,True,False,False,False,1,False
ZNF354A,False,False,True,False,False,False,1,False
ZNF354B,False,False,True,False,True,False,2,True
ZNF365,True,False,False,False,False,False,1,False
ZNF384,True,False,True,False,False,False,2,False
ZNF385A,True,False,False,False,False,False,1,False
ZNF404,True,False,True,False,True,False,3,True
ZNF41,False,False,False,False,True,False,1,True
ZNF419,False,False,False,False,True,False,1,True
ZNF425,False,False,False,False,True,False,1,True
ZNF428,True,False,True,False,False,False,2,False
ZNF433,False,False,False,False,True,False,1,True
ZNF445,False,False,True,False,False,False,1,False
ZNF446,False,False,False,False,True,False,1,True
ZNF451,False,False,True,False,False,False,1,False
ZNF462,False,False,False,False,True,False,1,True
ZNF468,False,False,True,False,False,False,1,False
ZNF471,False,False,False,False,True,False,1,True
ZNF473,False,False,True,False,False,False,1,False
ZNF479,False,False,True,False,False,False,1,False
ZNF484,False,False,False,False,True,False,1,True
ZNF486,False,False,True,False,False,False,1,False
ZNF490,False,False,False,False,True,False,1,True
ZNF502,False,False,False,False,True,False,1,True
ZNF506,False,False,True,False,False,False,1,False
ZNF512,True,True,True,False,False,True,4,False
ZNF512B,True,False,True,False,False,False,2,False
ZNF516,False,False,False,False,True,False,1,True
ZNF519,False,False,True,False,False,False,1,False
ZNF525,False,False,True,False,False,False,1,False
ZNF527,False,False,True,False,False,False,1,False
ZNF528,False,False,True,False,False,False,1,False
ZNF529,False,False,True,False,False,False,1,False
ZNF534,False,False,True,False,False,False,1,False
ZNF543,True,False,False,False,False,False,1,False
ZNF544,False,False,False,False,True,False,1,True
ZNF548,False,False,False,False,True,False,1,True
ZNF551,False,False,False,False,True,False,1,True
ZNF556,False,False,False,False,True,False,1,True
ZNF560,False,False,True,False,False,False,1,False
ZNF573,False,False,True,False,False,False,1,False
ZNF579,True,True,True,False,False,False,3,False
ZNF582,False,False,False,False,True,False,1,True
ZNF585A,False,False,False,False,True,False,1,True
ZNF585B,False,False,False,False,True,False,1,True
ZNF592,False,False,True,False,False,False,1,False
ZNF593,False,True,True,False,False,False,2,False
ZNF595,False,False,True,False,False,False,1,False
ZNF596,False,False,False,False,True,False,1,True
ZNF598,True,True,True,False,False,False,3,False
ZNF599,False,False,False,False,True,False,1,True
ZNF605,False,False,False,False,True,False,1,True
ZNF608,False,False,False,False,True,False,1,True
ZNF609,True,True,True,False,False,False,3,False
ZNF610,False,False,True,False,False,False,1,False
ZNF613,False,False,False,False,True,False,1,True
ZNF618,False,False,False,False,True,False,1,True
ZNF622,True,False,True,False,True,False,3,True
ZNF625,False,False,True,False,False,False,1,False
ZNF626,False,False,False,False,True,False,1,True
ZNF629,True,True,True,False,False,False,3,False
ZNF638,True,True,True,False,True,False,4,True
ZNF639,True,False,True,False,False,False,2,False
ZNF644,True,False,True,False,False,False,2,False
ZNF646,False,False,False,False,True,False,1,True
ZNF652,False,False,True,False,False,False,1,False
ZNF66,False,False,True,False,False,False,1,False
ZNF665,False,False,True,False,True,False,2,True
ZNF672,True,False,True,False,False,False,2,False
ZNF679,False,False,True,False,False,False,1,False
ZNF682,False,False,False,False,True,False,1,True
ZNF687,True,True,True,False,True,False,4,True
ZNF692,False,False,False,False,True,False,1,True
ZNF695,False,False,True,False,False,False,1,False
ZNF697,False,False,False,False,True,False,1,True
ZNF700,False,False,False,False,True,False,1,True
ZNF701,False,False,True,False,False,False,1,False
ZNF704,False,False,False,False,True,False,1,True
ZNF706,True,False,True,False,False,False,2,False
ZNF713,False,False,True,False,False,False,1,False
ZNF716,False,False,True,False,False,False,1,False
ZNF718,False,False,True,False,False,False,1,False
ZNF722,False,False,True,False,False,False,1,False
ZNF723,False,False,True,False,False,False,1,False
ZNF729,False,False,True,False,False,False,1,False
ZNF732,False,False,True,False,False,False,1,False
ZNF735,False,False,True,False,False,False,1,False
ZNF740,True,False,True,False,True,False,3,True
ZNF749,False,False,False,False,True,False,1,True
ZNF761,False,False,True,False,False,False,1,False
ZNF765,False,False,True,False,False,False,1,False
ZNF766,False,False,True,False,False,False,1,False
ZNF768,True,False,True,False,False,False,2,False
ZNF770,True,False,True,False,False,False,2,False
ZNF772,False,False,False,False,True,False,1,True
ZNF776,False,False,False,False,True,False,1,True
ZNF777,False,False,False,False,True,False,1,True
ZNF778,False,False,False,False,True,False,1,True
ZNF782,False,False,False,False,True,False,1,True
ZNF783,True,False,False,False,False,False,1,False
ZNF787,False,True,True,False,True,False,3,True
ZNF789,False,False,True,False,False,False,1,False
ZNF800,False,True,True,False,False,False,2,False
ZNF81,False,False,False,False,True,False,1,True
ZNF813,False,False,True,False,False,False,1,False
ZNF830,True,False,False,False,False,False,1,False
ZNF835,False,True,False,False,False,False,1,False
ZNF843,False,False,False,False,True,False,1,True
ZNF845,False,True,True,False,False,False,2,False
ZNF85,False,False,False,False,True,False,1,True
ZNF888,False,False,True,False,True,False,2,True
ZNF891,False,False,True,False,False,False,1,False
ZNF90,False,False,True,False,False,False,1,False
ZNF92,False,False,True,False,False,False,1,False
ZNF93,False,False,False,False,True,False,1,True
ZNFX1,True,False,False,False,False,False,1,False
ZNHIT2,True,True,True,False,False,False,3,False
ZNRD2,True,True,True,False,False,False,3,False
ZNRF2,False,False,False,True,False,False,1,False
ZPR1,True,True,True,False,False,False,3,False
ZRANB2,True,True,True,False,True,False,4,True
ZRANB3,True,True,False,False,False,False,2,False
ZRSR2,True,False,True,False,True,False,3,True
ZRSR2P1,True,False,True,False,False,False,2,False
ZSCAN1,False,False,False,False,True,False,1,True
ZSCAN12,False,False,False,False,True,False,1,True
ZSCAN5A,False,False,False,False,True,False,1,True
ZSWIM4,False,False,False,False,True,False,1,True
ZSWIM6,False,False,False,False,True,False,1,True
ZW10,True,True,True,False,False,False,3,False
ZWILCH,True,False,True,False,False,False,2,False
ZWINT,True,True,True,False,False,False,3,False
ZYG11B,False,False,True,False,False,False,1,False
ZYX,True,True,True,True,True,True,6,True
ZZEF1,True,True,True,False,True,False,4,True
