cell,cell_id,modality,latent_dim,pred_class_idx,pred_class_name,true_class_name,max_cos_ref,abstained,PC1,PC2,PC3
0,0,PROT,128,12,monocyte,monocyte,0.9730282,True,0.38715166,0.5195419,-0.09675087
1,1,PROT,128,13,myeloid dendritic cell,monocyte,0.91289943,True,0.22871199,0.4888241,-0.1667709
2,2,PROT,128,12,monocyte,monocyte,0.99858624,False,0.4773074,0.57544285,0.090419486
3,3,PROT,128,3,"cd8-positive, alpha-beta t cell",macrophage,0.96133804,True,0.38565388,0.084756896,-0.93088263
4,4,PROT,128,16,neutrophil,monocyte,0.9692031,True,-0.5697448,0.30192277,-0.07102667
5,5,PROT,128,3,"cd8-positive, alpha-beta t cell",macrophage,0.93298167,True,0.33713016,-0.0015394762,-0.91837895
6,6,PROT,128,3,"cd8-positive, alpha-beta t cell",macrophage,0.8516557,True,0.16956933,0.12661152,-0.7973426
7,7,PROT,128,3,"cd8-positive, alpha-beta t cell",monocyte,0.9045385,True,0.250866,0.2641603,-0.7557887
8,8,PROT,128,1,basophil,monocyte,0.82071614,True,0.35024783,0.42613998,-0.6886956
9,9,PROT,128,12,monocyte,monocyte,0.96827716,True,0.31263095,0.43667975,-0.013350606
10,10,PROT,128,3,"cd8-positive, alpha-beta t cell",macrophage,0.92959386,True,0.35950685,0.00028579682,-0.9259558
11,11,PROT,128,1,basophil,monocyte,0.80870825,True,-0.14665219,0.42009637,-0.33169347
12,12,PROT,128,13,myeloid dendritic cell,monocyte,0.87024075,True,0.2132492,0.5306297,-0.32044014
13,13,PROT,128,12,monocyte,monocyte,0.9167405,True,0.272285,0.5343181,-0.26874092
14,14,PROT,128,3,"cd8-positive, alpha-beta t cell",macrophage,0.9492289,True,0.27105886,0.066096306,-0.7043672
15,15,PROT,128,3,"cd8-positive, alpha-beta t cell",monocyte,0.94324374,True,0.29585597,0.17486177,-0.85530704
16,16,PROT,128,3,"cd8-positive, alpha-beta t cell",macrophage,0.92304397,True,0.3741628,0.0069395415,-0.9414078
17,17,PROT,128,12,monocyte,monocyte,0.8682735,True,0.26516485,0.5357022,-0.3950911
18,18,PROT,128,12,monocyte,monocyte,0.9757607,True,0.2223944,0.5169014,-0.005788505
19,19,PROT,128,12,monocyte,monocyte,0.9793158,False,0.27561408,0.55780077,0.015028581
20,20,PROT,128,12,monocyte,monocyte,0.9954762,False,0.3591507,0.5472496,0.08913338
21,21,PROT,128,12,monocyte,monocyte,0.97691166,True,0.18126057,0.5164797,0.05400312
22,22,PROT,128,3,"cd8-positive, alpha-beta t cell",macrophage,0.8537453,True,0.28562355,0.24544732,-0.8348291
23,23,PROT,128,12,monocyte,monocyte,0.9931337,False,0.40845707,0.5387221,0.08135769
24,24,PROT,128,12,monocyte,monocyte,0.99590075,False,0.43782383,0.5905572,0.120874494
25,25,PROT,128,3,"cd8-positive, alpha-beta t cell",monocyte,0.8249941,True,0.41631246,0.21675284,-0.5667545
26,26,PROT,128,12,monocyte,monocyte,0.99792945,False,0.4278046,0.53130096,0.052028805
27,27,PROT,128,12,monocyte,monocyte,0.9790927,False,-0.12167618,0.5151117,0.10015914
28,28,PROT,128,12,monocyte,monocyte,0.9942831,False,0.39540243,0.56408703,0.042991266
29,29,PROT,128,1,basophil,monocyte,0.844165,True,0.17691779,0.41612795,-0.6549892
30,30,PROT,128,3,"cd8-positive, alpha-beta t cell",macrophage,0.9367928,True,0.3214524,0.08158168,-0.9511565
31,31,PROT,128,1,basophil,monocyte,0.8390569,True,0.1779767,0.41298062,-0.5950389
32,32,PROT,128,3,"cd8-positive, alpha-beta t cell",macrophage,0.88327986,True,0.34470236,0.19762431,-0.8882866
33,33,PROT,128,12,monocyte,monocyte,0.9894953,False,0.2698564,0.54804426,0.102951705
34,34,PROT,128,12,monocyte,monocyte,0.9935471,False,0.27384245,0.5370373,-0.007594079
35,35,PROT,128,12,monocyte,monocyte,0.9880917,False,0.38079023,0.49651524,-0.025699124
36,36,PROT,128,12,monocyte,monocyte,0.99486756,False,0.40902632,0.5426399,0.0049627423
37,37,PROT,128,13,myeloid dendritic cell,monocyte,0.89313376,True,0.15930808,0.51048076,-0.19269297
38,38,PROT,128,12,monocyte,monocyte,0.9766355,True,0.38492447,0.6662181,0.04070136
39,39,PROT,128,3,"cd8-positive, alpha-beta t cell",macrophage,0.90798044,True,0.3535054,0.19169407,-0.7527921
40,40,PROT,128,12,monocyte,monocyte,0.9985491,False,0.39461362,0.52284867,0.090973735
41,41,PROT,128,1,basophil,monocyte,0.84189713,True,-0.19510004,0.36216062,-0.22971983
42,42,PROT,128,3,"cd8-positive, alpha-beta t cell",macrophage,0.9667119,True,0.34864563,0.028281327,-0.8711649
43,43,PROT,128,3,"cd8-positive, alpha-beta t cell",macrophage,0.9318501,True,0.3613864,0.015149679,-0.96743166
44,44,PROT,128,12,monocyte,monocyte,0.89132947,True,0.11683008,0.43043175,-0.103465766
45,45,PROT,128,12,monocyte,monocyte,0.99708676,False,0.38582474,0.521131,0.0596115
46,46,PROT,128,13,myeloid dendritic cell,monocyte,0.77520716,True,0.28293446,0.48292217,-0.5506654
47,47,PROT,128,3,"cd8-positive, alpha-beta t cell",monocyte,0.9529064,True,0.3837616,-0.012828212,-0.90744174
48,48,PROT,128,3,"cd8-positive, alpha-beta t cell",monocyte,0.8239191,True,0.39871112,0.3813314,-0.73956186
49,49,PROT,128,12,monocyte,monocyte,0.98863125,False,0.38358513,0.6649918,0.10176271
50,50,PROT,128,12,monocyte,monocyte,0.99663675,False,0.41058287,0.5321076,0.024289608
51,51,PROT,128,12,monocyte,monocyte,0.9722109,True,0.28353068,0.5146819,-0.07652302
52,52,PROT,128,12,monocyte,monocyte,0.8850417,True,0.41317973,0.604924,-0.17473282
53,53,PROT,128,3,"cd8-positive, alpha-beta t cell",monocyte,0.90630466,True,0.2974407,0.20272331,-0.7475304
54,54,PROT,128,12,monocyte,monocyte,0.99858284,False,0.4265153,0.5295864,0.115716904
55,55,PROT,128,12,monocyte,monocyte,0.9400771,True,0.20060968,0.546238,-0.16466662
56,56,PROT,128,13,myeloid dendritic cell,monocyte,0.82642907,True,0.11857027,0.4622893,-0.35248312
57,57,PROT,128,3,"cd8-positive, alpha-beta t cell",macrophage,0.9088272,True,0.27577013,0.2680224,-0.83222246
58,58,PROT,128,12,monocyte,monocyte,0.9942524,False,0.35331196,0.5249085,0.0103315115
59,59,PROT,128,12,monocyte,monocyte,0.9811045,False,0.30133367,0.51865464,-0.055667162
60,60,PROT,128,3,"cd8-positive, alpha-beta t cell",macrophage,0.8705512,True,0.3362569,0.13537078,-0.89007074
61,61,PROT,128,3,"cd8-positive, alpha-beta t cell",macrophage,0.92935336,True,0.33752915,0.0038370416,-0.8622615
62,62,PROT,128,3,"cd8-positive, alpha-beta t cell",monocyte,0.88314253,True,0.2691493,0.33923286,-0.7634797
63,63,PROT,128,13,myeloid dendritic cell,monocyte,0.84089327,True,0.25517535,0.5364148,-0.36284304
64,64,PROT,128,3,"cd8-positive, alpha-beta t cell",monocyte,0.8710218,True,-0.088905364,0.22335358,-0.4507246
65,65,PROT,128,12,monocyte,monocyte,0.98378986,False,0.17673084,0.5321085,0.085169986
66,66,PROT,128,3,"cd8-positive, alpha-beta t cell",macrophage,0.832988,True,0.3593372,0.235887,-0.89267385
67,67,PROT,128,3,"cd8-positive, alpha-beta t cell",macrophage,0.9426226,True,0.37737948,0.11411902,-0.87880206
68,68,PROT,128,3,"cd8-positive, alpha-beta t cell",macrophage,0.92286754,True,0.2850783,0.11105695,-0.82472646
69,69,PROT,128,12,monocyte,monocyte,0.8821262,True,0.4161355,0.5670118,-0.431658
70,70,PROT,128,3,"cd8-positive, alpha-beta t cell",macrophage,0.8783114,True,0.41662428,0.13920312,-0.91985023
71,71,PROT,128,1,basophil,monocyte,0.70108044,True,0.3373226,0.27923128,-0.72834665
72,72,PROT,128,12,monocyte,monocyte,0.98843044,False,0.28607285,0.5576846,0.09316671
73,73,PROT,128,12,monocyte,monocyte,0.9094391,True,0.37877095,0.52907497,-0.30176008
74,74,PROT,128,12,monocyte,monocyte,0.91885173,True,0.31343096,0.5512175,-0.20510751
75,75,PROT,128,3,"cd8-positive, alpha-beta t cell",monocyte,0.934504,True,0.2245936,0.06446999,-0.6879618
76,76,PROT,128,12,monocyte,monocyte,0.93831265,True,0.07158825,0.4566768,-0.050294258
77,77,PROT,128,12,monocyte,monocyte,0.9593358,True,0.10000527,0.4823434,0.024609983
78,78,PROT,128,12,monocyte,monocyte,0.9958481,False,0.32641253,0.5074896,0.043732002
79,79,PROT,128,12,monocyte,monocyte,0.9196174,True,0.30883908,0.5260579,-0.27188444
80,80,PROT,128,12,monocyte,monocyte,0.9496311,True,0.24423474,0.52623355,-0.07525338
81,81,PROT,128,12,monocyte,monocyte,0.98492706,False,0.23932159,0.5231088,0.031327292
82,82,PROT,128,3,"cd8-positive, alpha-beta t cell",macrophage,0.87234056,True,0.38525456,0.17794645,-0.9088642
83,83,PROT,128,3,"cd8-positive, alpha-beta t cell",macrophage,0.94034904,True,0.39946178,0.03774627,-0.8676052
84,84,PROT,128,3,"cd8-positive, alpha-beta t cell",monocyte,0.8653208,True,0.1659905,0.27336016,-0.5989081
85,85,PROT,128,3,"cd8-positive, alpha-beta t cell",macrophage,0.93539983,True,0.32649884,0.2036667,-0.8553394
86,86,PROT,128,1,basophil,monocyte,0.7974141,True,0.30185753,0.46959755,-0.5730599
87,87,PROT,128,12,monocyte,monocyte,0.9893242,False,0.26289326,0.5341075,0.025471121
88,88,PROT,128,3,"cd8-positive, alpha-beta t cell",macrophage,0.8918864,True,0.1772586,0.115640104,-0.7194647
89,89,PROT,128,12,monocyte,monocyte,0.9659988,True,0.26640135,0.46963605,-0.05177003
90,90,PROT,128,1,basophil,macrophage,0.84990203,True,0.33757323,0.31874287,-0.7529323
91,91,PROT,128,12,monocyte,monocyte,0.959185,True,0.21674216,0.56831306,-0.13544685
92,92,PROT,128,12,monocyte,monocyte,0.97549665,True,0.23989873,0.52197105,-0.06329216
93,93,PROT,128,13,myeloid dendritic cell,monocyte,0.91785944,True,0.15072057,0.54488194,-0.10444874
94,94,PROT,128,12,monocyte,monocyte,0.9915636,False,0.2746903,0.53380924,0.027633607
95,95,PROT,128,3,"cd8-positive, alpha-beta t cell",monocyte,0.9344849,True,0.3787371,0.14238319,-0.89531255
96,96,PROT,128,12,monocyte,monocyte,0.9226683,True,0.36688232,0.5512553,-0.33339468
97,97,PROT,128,3,"cd8-positive, alpha-beta t cell",macrophage,0.9226457,True,0.3127917,0.25437775,-0.82392514
98,98,PROT,128,3,"cd8-positive, alpha-beta t cell",monocyte,0.9151331,True,0.17895734,0.13773094,-0.7876977
99,99,PROT,128,3,"cd8-positive, alpha-beta t cell",monocyte,0.8700052,True,0.22855988,0.11978619,-0.6864624
100,100,PROT,128,13,myeloid dendritic cell,monocyte,0.8708429,True,0.32933423,0.47054258,-0.30597317
101,101,PROT,128,12,monocyte,monocyte,0.9942596,False,0.32216334,0.56506544,0.08652744
102,102,PROT,128,3,"cd8-positive, alpha-beta t cell",macrophage,0.93198985,True,0.42912358,0.17652464,-0.8914207
103,103,PROT,128,12,monocyte,monocyte,0.9519581,True,0.32479057,0.5213658,-0.1581535
104,104,PROT,128,12,monocyte,monocyte,0.98436314,False,0.24484059,0.52549225,0.00054733455
105,105,PROT,128,3,"cd8-positive, alpha-beta t cell",macrophage,0.9271483,True,0.40596375,0.19875516,-0.8390355
106,106,PROT,128,12,monocyte,monocyte,0.9865702,False,0.33731624,0.5657716,-0.06937498
107,107,PROT,128,13,myeloid dendritic cell,monocyte,0.92603165,True,0.060905516,0.5645235,-0.25690737
108,108,PROT,128,16,neutrophil,monocyte,0.93583274,True,-0.37488893,0.30496576,0.08075911
109,109,PROT,128,12,monocyte,monocyte,0.98299617,False,0.3687826,0.63549066,0.09443784
110,110,PROT,128,14,"naive thymus-derived cd4-positive, alpha-beta t cell",macrophage,0.83241314,True,0.23074298,0.07527369,-0.6066527
111,111,PROT,128,12,monocyte,monocyte,0.88655066,True,0.06537032,0.441346,-0.10667718
112,112,PROT,128,12,monocyte,monocyte,0.9701325,True,0.25076887,0.5516376,-0.069845736
113,113,PROT,128,3,"cd8-positive, alpha-beta t cell",macrophage,0.92356867,True,0.28438458,0.28681174,-0.81731236
114,114,PROT,128,3,"cd8-positive, alpha-beta t cell",macrophage,0.97877896,False,0.37375602,-0.022953156,-0.8487973
115,115,PROT,128,3,"cd8-positive, alpha-beta t cell",monocyte,0.8431728,True,0.38869548,0.3234283,-0.77236426
116,116,PROT,128,3,"cd8-positive, alpha-beta t cell",macrophage,0.899875,True,0.35799578,0.14085926,-0.91409266
117,117,PROT,128,12,monocyte,monocyte,0.93807787,True,0.32007286,0.51729935,-0.1678855
118,118,PROT,128,3,"cd8-positive, alpha-beta t cell",monocyte,0.8365621,True,0.23036829,0.2342243,-0.5705088
119,119,PROT,128,13,myeloid dendritic cell,monocyte,0.82745296,True,-0.12113324,0.43354937,-0.237872
120,120,PROT,128,12,monocyte,monocyte,0.9860577,False,0.1738185,0.5351624,0.07254538
121,121,PROT,128,13,myeloid dendritic cell,monocyte,0.9033872,True,-0.11140391,0.44428727,-0.04388047
122,122,PROT,128,1,basophil,monocyte,0.8044277,True,0.40587234,0.47720096,-0.6655477
123,123,PROT,128,3,"cd8-positive, alpha-beta t cell",macrophage,0.9123347,True,0.3546862,0.15256126,-0.9379369
124,124,PROT,128,1,basophil,monocyte,0.79348516,True,0.28687948,0.47299227,-0.51613
125,125,PROT,128,12,monocyte,monocyte,0.98619914,False,0.27522564,0.5581143,0.08193444
126,126,PROT,128,12,monocyte,monocyte,0.9976396,False,0.41133362,0.53970104,0.04984826
127,127,PROT,128,12,monocyte,monocyte,0.99664855,False,0.43256366,0.52186793,0.03231573
128,128,PROT,128,3,"cd8-positive, alpha-beta t cell",macrophage,0.85253114,True,0.2126923,0.37293437,-0.77086043
129,129,PROT,128,3,"cd8-positive, alpha-beta t cell",macrophage,0.85465986,True,0.2277298,0.23676462,-0.6208676
130,130,PROT,128,3,"cd8-positive, alpha-beta t cell",monocyte,0.8911576,True,0.17879134,0.23127218,-0.70512426
131,131,PROT,128,12,monocyte,monocyte,0.9956122,False,0.3776027,0.5455584,0.11272046
132,132,PROT,128,3,"cd8-positive, alpha-beta t cell",monocyte,0.8994302,True,0.41374785,0.17998461,-0.9008564
133,133,PROT,128,13,myeloid dendritic cell,monocyte,0.8112952,True,0.2908675,0.360029,-0.37996894
134,134,PROT,128,12,monocyte,monocyte,0.99814045,False,0.4305591,0.55534786,0.06880954
135,135,PROT,128,1,basophil,monocyte,0.75685555,True,0.3690779,0.49636725,-0.56640035
136,136,PROT,128,3,"cd8-positive, alpha-beta t cell",macrophage,0.8499925,True,0.35431218,0.015219886,-0.9130578
137,137,PROT,128,14,"naive thymus-derived cd4-positive, alpha-beta t cell",macrophage,0.8917553,True,0.34153062,-0.03474623,-0.82176006
138,138,PROT,128,1,basophil,macrophage,0.8879111,True,0.27211538,0.4064078,-0.74591684
139,139,PROT,128,12,monocyte,monocyte,0.9051458,True,0.32172695,0.45896575,-0.27730793
140,140,PROT,128,12,monocyte,monocyte,0.92939115,True,0.03570862,0.37549755,0.10149577
141,141,PROT,128,12,monocyte,monocyte,0.8559124,True,0.34788033,0.020095851,0.18094093
142,142,PROT,128,12,monocyte,monocyte,0.8807344,True,0.14045358,0.47876152,-0.21984991
143,143,PROT,128,3,"cd8-positive, alpha-beta t cell",macrophage,0.9336265,True,0.43408197,0.12230624,-0.8674693
144,144,PROT,128,12,monocyte,monocyte,0.80839235,True,0.09539196,0.435841,-0.32422847
145,145,PROT,128,13,myeloid dendritic cell,monocyte,0.9051303,True,0.24869037,0.67342216,-0.13790001
146,146,PROT,128,12,monocyte,monocyte,0.9712477,True,0.056301326,0.526069,0.073507786
147,147,PROT,128,13,myeloid dendritic cell,monocyte,0.89639425,True,0.30000848,0.6227503,-0.25723055
148,148,PROT,128,12,monocyte,monocyte,0.99425304,False,0.4062538,0.6084433,0.014747471
149,149,PROT,128,13,myeloid dendritic cell,monocyte,0.7960994,True,0.28595722,0.41733232,-0.5519386
150,150,PROT,128,13,myeloid dendritic cell,monocyte,0.88507444,True,0.22075696,0.5272038,-0.31788224
151,151,PROT,128,1,basophil,monocyte,0.89743596,True,0.22440039,0.37391958,-0.63088834
152,152,PROT,128,3,"cd8-positive, alpha-beta t cell",monocyte,0.88617,True,0.28162104,-0.13266857,-0.48605436
153,153,PROT,128,3,"cd8-positive, alpha-beta t cell",macrophage,0.95932484,True,0.3445496,0.04599629,-0.9471017
154,154,PROT,128,3,"cd8-positive, alpha-beta t cell",macrophage,0.93829626,True,0.3178456,0.101356626,-0.94100094
155,155,PROT,128,12,monocyte,monocyte,0.9584151,True,0.29221472,0.54550314,-0.022262484
156,156,PROT,128,12,monocyte,monocyte,0.96684396,True,0.03905067,0.53402406,-0.047061753
157,157,PROT,128,12,monocyte,monocyte,0.9801581,False,-0.015361369,0.5381862,0.12556341
158,158,PROT,128,12,monocyte,monocyte,0.99602526,False,0.375167,0.5481418,0.042906716
159,159,PROT,128,1,basophil,macrophage,0.8181791,True,0.34441578,0.5832953,-0.48387605
160,160,PROT,128,12,monocyte,monocyte,0.9896182,False,0.40677708,0.5656401,-0.002196908
161,161,PROT,128,3,"cd8-positive, alpha-beta t cell",macrophage,0.8855861,True,0.36445236,0.14011703,-0.9533627
162,162,PROT,128,3,"cd8-positive, alpha-beta t cell",macrophage,0.9047533,True,0.29697597,0.15844123,-0.9633222
163,163,PROT,128,13,myeloid dendritic cell,monocyte,0.91901433,True,0.07400145,0.47776523,-0.06813415
164,164,PROT,128,12,monocyte,monocyte,0.98412067,False,0.22594133,0.54564387,0.024341539
165,165,PROT,128,3,"cd8-positive, alpha-beta t cell",macrophage,0.96084803,True,0.32843778,0.090436295,-0.9193993
166,166,PROT,128,12,monocyte,monocyte,0.76821727,True,0.10857187,0.2344497,-0.13697702
167,167,PROT,128,12,monocyte,monocyte,0.9358804,True,0.34995225,0.5257629,-0.30442375
168,168,PROT,128,12,monocyte,monocyte,0.98960304,False,0.24000888,0.5633571,0.12001175
169,169,PROT,128,1,basophil,monocyte,0.8752923,True,0.2462189,0.41074473,-0.61036557
170,170,PROT,128,12,monocyte,monocyte,0.9877728,False,0.3285038,0.51299775,-0.034056664
171,171,PROT,128,12,monocyte,monocyte,0.9934586,False,0.37543646,0.61365175,0.12267083
172,172,PROT,128,12,monocyte,monocyte,0.9003915,True,0.14748433,0.4543778,-0.13285248
173,173,PROT,128,12,monocyte,monocyte,0.8537827,True,0.36026698,0.51961046,-0.43442002
174,174,PROT,128,3,"cd8-positive, alpha-beta t cell",monocyte,0.8440246,True,0.41210976,0.305726,-0.8130876
175,175,PROT,128,13,myeloid dendritic cell,monocyte,0.94406474,True,0.19236265,0.5537814,-0.17300875
176,176,PROT,128,16,neutrophil,monocyte,0.9528922,True,-0.50319505,0.17017947,-0.027304552
177,177,PROT,128,3,"cd8-positive, alpha-beta t cell",macrophage,0.81795347,True,0.37301058,0.23164202,-0.6084217
178,178,PROT,128,12,monocyte,monocyte,0.7348243,True,0.20499082,0.33962563,-0.45376825
179,179,PROT,128,3,"cd8-positive, alpha-beta t cell",macrophage,0.82565403,True,0.39083904,0.2569069,-0.6227401
180,180,PROT,128,13,myeloid dendritic cell,monocyte,0.8637895,True,0.08875993,0.49815157,-0.28596488
181,181,PROT,128,12,monocyte,monocyte,0.9599463,True,0.36931425,0.5656268,-0.19906554
182,182,PROT,128,12,monocyte,monocyte,0.98463833,False,0.27330545,0.53378457,0.032326072
183,183,PROT,128,13,myeloid dendritic cell,monocyte,0.7873252,True,0.2764234,0.4633319,-0.5857255
184,184,PROT,128,12,monocyte,monocyte,0.96827525,True,0.3283865,0.53544176,-0.1063742
185,185,PROT,128,12,monocyte,monocyte,0.99663764,False,0.38477308,0.5236265,0.064041466
186,186,PROT,128,3,"cd8-positive, alpha-beta t cell",monocyte,0.9528386,True,0.44398928,-0.022074964,-0.6848655
187,187,PROT,128,3,"cd8-positive, alpha-beta t cell",macrophage,0.81345755,True,0.37838274,0.3006362,-0.63688195
188,188,PROT,128,3,"cd8-positive, alpha-beta t cell",macrophage,0.91005576,True,0.33379412,0.14275652,-0.96070826
189,189,PROT,128,1,basophil,monocyte,0.80275977,True,-0.21729133,0.49523303,-0.17444155
190,190,PROT,128,1,basophil,monocyte,0.8668072,True,0.3554587,0.36726287,-0.76061106
191,191,PROT,128,11,mature nk t cell,monocyte,0.85926145,True,0.37072355,0.22192796,-0.867339
192,192,PROT,128,12,monocyte,monocyte,0.997665,False,0.4022099,0.5369267,0.0762008
193,193,PROT,128,12,monocyte,monocyte,0.9941283,False,0.3411776,0.53242725,0.02324666
194,194,PROT,128,3,"cd8-positive, alpha-beta t cell",macrophage,0.7717785,True,0.25203064,0.20452134,-0.8132802
195,195,PROT,128,12,monocyte,monocyte,0.92541564,True,0.33062568,0.55891424,-0.23874721
196,196,PROT,128,3,"cd8-positive, alpha-beta t cell",macrophage,0.95607907,True,0.319655,0.11598639,-0.8119454
197,197,PROT,128,12,monocyte,monocyte,0.97406536,True,0.017977566,0.51649296,0.08858609
198,198,PROT,128,3,"cd8-positive, alpha-beta t cell",monocyte,0.8844767,True,0.21557273,0.16461056,-0.6251185
199,199,PROT,128,3,"cd8-positive, alpha-beta t cell",monocyte,0.9748399,True,0.2809518,-0.03852077,-0.8093766
200,200,PROT,128,12,monocyte,monocyte,0.9928953,False,0.46688342,0.6729347,0.1488449
201,201,PROT,128,3,"cd8-positive, alpha-beta t cell",monocyte,0.8873714,True,0.2589844,0.17940958,-0.729821
202,202,PROT,128,1,basophil,monocyte,0.84246725,True,0.28970402,0.440007,-0.73942524
203,203,PROT,128,3,"cd8-positive, alpha-beta t cell",macrophage,0.9333056,True,0.36343116,0.24053963,-0.80338216
204,204,PROT,128,13,myeloid dendritic cell,monocyte,0.9164586,True,0.34861505,0.6677695,-0.28164163
205,205,PROT,128,3,"cd8-positive, alpha-beta t cell",macrophage,0.9646518,True,0.2619925,-0.010709491,-0.8135359
206,206,PROT,128,12,monocyte,monocyte,0.96566284,True,0.3339644,0.56020683,-0.17864901
207,207,PROT,128,12,monocyte,monocyte,0.98344624,False,0.3212521,0.5233227,-0.05410608
208,208,PROT,128,3,"cd8-positive, alpha-beta t cell",macrophage,0.96012396,True,0.3286798,0.049962167,-0.92013663
209,209,PROT,128,3,"cd8-positive, alpha-beta t cell",monocyte,0.9590616,True,0.32371688,-0.1159537,-0.83093977
210,210,PROT,128,3,"cd8-positive, alpha-beta t cell",monocyte,0.8648319,True,0.28413582,0.29162398,-0.7126613
211,211,PROT,128,12,monocyte,monocyte,0.9680521,True,0.40545446,0.5574272,-0.13813621
212,212,PROT,128,12,monocyte,monocyte,0.996542,False,0.41000485,0.5639506,0.07046601
213,213,PROT,128,12,monocyte,monocyte,0.9906432,False,0.36366433,0.53162634,-0.0013806969
214,214,PROT,128,12,monocyte,monocyte,0.9724325,True,0.1488978,0.55544144,0.031545997
215,215,PROT,128,3,"cd8-positive, alpha-beta t cell",macrophage,0.89452845,True,0.31399512,0.22916882,-0.7661543
216,216,PROT,128,3,"cd8-positive, alpha-beta t cell",macrophage,0.88118774,True,0.42193833,0.21267323,-0.8859649
217,217,PROT,128,16,neutrophil,monocyte,0.9731115,True,-0.38750497,0.40667006,0.07389575
218,218,PROT,128,1,basophil,monocyte,0.90525955,True,0.21826309,0.39610362,-0.6492245
219,219,PROT,128,1,basophil,monocyte,0.82996106,True,0.20589094,0.42961043,-0.5175582
220,220,PROT,128,12,monocyte,monocyte,0.8968397,True,0.318851,0.56667787,-0.15724674
221,221,PROT,128,3,"cd8-positive, alpha-beta t cell",macrophage,0.9779152,False,0.3730985,0.019584704,-0.88289386
222,222,PROT,128,12,monocyte,monocyte,0.99365836,False,0.25057733,0.5318704,0.044302434
223,223,PROT,128,3,"cd8-positive, alpha-beta t cell",macrophage,0.9154037,True,0.35133195,0.16271724,-0.92629516
224,224,PROT,128,3,"cd8-positive, alpha-beta t cell",macrophage,0.94985425,True,0.38636813,0.07948725,-0.93287325
225,225,PROT,128,1,basophil,monocyte,0.84655285,True,0.11868193,0.47045454,-0.530012
226,226,PROT,128,12,monocyte,monocyte,0.9784049,False,0.28423417,0.54211456,0.013670802
227,227,PROT,128,1,basophil,macrophage,0.77874476,True,0.16160724,0.33429536,-0.6837529
228,228,PROT,128,12,monocyte,monocyte,0.99647,False,0.38237184,0.55485123,0.037554145
229,229,PROT,128,3,"cd8-positive, alpha-beta t cell",macrophage,0.85252047,True,0.28349477,0.39007393,-0.6923187
230,230,PROT,128,1,basophil,monocyte,0.80142796,True,0.22994226,0.50027436,-0.54135424
231,231,PROT,128,3,"cd8-positive, alpha-beta t cell",monocyte,0.86297596,True,0.31392702,0.20904483,-0.67383265
232,232,PROT,128,12,monocyte,monocyte,0.9483027,True,0.2909026,0.7061872,0.007542148
233,233,PROT,128,12,monocyte,monocyte,0.9134779,True,0.35706294,0.52580506,-0.24844055
234,234,PROT,128,3,"cd8-positive, alpha-beta t cell",macrophage,0.94115466,True,0.29215908,0.22347645,-0.873091
235,235,PROT,128,12,monocyte,monocyte,0.98728883,False,0.3548677,0.53766197,-0.054372013
236,236,PROT,128,3,"cd8-positive, alpha-beta t cell",macrophage,0.93958807,True,0.33373812,0.05855948,-0.9111455
237,237,PROT,128,12,monocyte,monocyte,0.9790495,False,0.32008937,0.5729973,0.07718113
238,238,PROT,128,3,"cd8-positive, alpha-beta t cell",macrophage,0.92150533,True,0.1775065,0.13106586,-0.7272944
239,239,PROT,128,13,myeloid dendritic cell,monocyte,0.86969256,True,0.013721466,0.45469126,-0.34947318
240,240,PROT,128,13,myeloid dendritic cell,monocyte,0.9388141,True,-0.20197609,0.47355065,0.065680414
241,241,PROT,128,3,"cd8-positive, alpha-beta t cell",macrophage,0.9321173,True,0.43039066,0.13411541,-0.9345295
242,242,PROT,128,3,"cd8-positive, alpha-beta t cell",macrophage,0.94210577,True,0.26464242,0.036228266,-0.77097565
243,243,PROT,128,3,"cd8-positive, alpha-beta t cell",monocyte,0.91895074,True,0.31208742,0.12936665,-0.8990996
244,244,PROT,128,3,"cd8-positive, alpha-beta t cell",macrophage,0.8934341,True,0.42505342,0.107578844,-0.9350141
245,245,PROT,128,12,monocyte,monocyte,0.78821594,True,0.2567829,0.41760454,-0.41380847
246,246,PROT,128,3,"cd8-positive, alpha-beta t cell",macrophage,0.9533099,True,0.3514266,0.14369452,-0.8804153
247,247,PROT,128,3,"cd8-positive, alpha-beta t cell",macrophage,0.86491084,True,0.37335646,0.1353811,-0.85977197
248,248,PROT,128,3,"cd8-positive, alpha-beta t cell",macrophage,0.9067733,True,0.4727128,0.125715,-0.91863406
249,249,PROT,128,13,myeloid dendritic cell,monocyte,0.8952735,True,0.24152705,0.5585318,-0.3637734
250,250,PROT,128,12,monocyte,monocyte,0.981753,False,0.30422154,0.56436604,-0.018283725
251,251,PROT,128,12,monocyte,monocyte,0.9978077,False,0.3206368,0.5479328,-0.0109336525
252,252,PROT,128,3,"cd8-positive, alpha-beta t cell",macrophage,0.9599695,True,0.43819636,-0.066926666,-0.94595873
253,253,PROT,128,13,myeloid dendritic cell,monocyte,0.9376629,True,0.1351265,0.5602787,-0.19071081
254,254,PROT,128,12,monocyte,monocyte,0.9335448,True,0.280398,0.51602465,-0.10704684
255,255,PROT,128,1,basophil,monocyte,0.8433973,True,-0.06023383,0.30388913,-0.45765987
256,256,PROT,128,12,monocyte,monocyte,0.9715953,True,0.21537891,0.5237847,-0.0048227534
257,257,PROT,128,13,myeloid dendritic cell,monocyte,0.9704636,True,-0.17159653,0.47268286,0.10159442
258,258,PROT,128,3,"cd8-positive, alpha-beta t cell",macrophage,0.8511065,True,0.45900172,0.3224785,-0.82785475
259,259,PROT,128,12,monocyte,monocyte,0.98451644,False,0.19413954,0.5377177,0.05421704
260,260,PROT,128,1,basophil,monocyte,0.84718496,True,0.25050497,0.3721878,-0.72864664
261,261,PROT,128,3,"cd8-positive, alpha-beta t cell",macrophage,0.9513484,True,0.40340528,0.012369152,-0.93744516
262,262,PROT,128,12,monocyte,monocyte,0.95512354,True,0.30934376,0.53944635,-0.08584555
263,263,PROT,128,12,monocyte,monocyte,0.98579866,False,0.35619766,0.5709247,-0.05631175
264,264,PROT,128,15,natural killer cell,macrophage,0.90221816,True,0.49780086,-0.123268664,-0.84383845
265,265,PROT,128,3,"cd8-positive, alpha-beta t cell",monocyte,0.92132884,True,0.28990325,0.22464885,-0.8110645
266,266,PROT,128,3,"cd8-positive, alpha-beta t cell",macrophage,0.91167283,True,0.32242554,0.20384826,-0.7102175
267,267,PROT,128,13,myeloid dendritic cell,monocyte,0.8633983,True,0.048351318,0.50131553,-0.14635926
268,268,PROT,128,3,"cd8-positive, alpha-beta t cell",monocyte,0.92558277,True,-0.00081315637,0.16147666,-0.55902326
269,269,PROT,128,3,"cd8-positive, alpha-beta t cell",monocyte,0.8743866,True,0.3007791,0.31162766,-0.71310127
270,270,PROT,128,12,monocyte,monocyte,0.9875595,False,0.24607103,0.53701854,0.026744202
271,271,PROT,128,12,monocyte,monocyte,0.981352,False,0.27740362,0.50838155,0.066483065
272,272,PROT,128,12,monocyte,monocyte,0.9843703,False,0.18480611,0.51528543,0.10092121
273,273,PROT,128,12,monocyte,monocyte,0.86309296,True,0.24807355,0.4692863,-0.18653171
274,274,PROT,128,1,basophil,macrophage,0.82460934,True,0.3058784,0.33607075,-0.7563013
275,275,PROT,128,12,monocyte,monocyte,0.9535335,True,0.3475917,0.6095749,-0.1903214
276,276,PROT,128,3,"cd8-positive, alpha-beta t cell",macrophage,0.9282907,True,0.34345946,0.19668774,-0.8755586
277,277,PROT,128,12,monocyte,monocyte,0.9962602,False,0.3818111,0.5200457,0.013606787
278,278,PROT,128,1,basophil,monocyte,0.8121264,True,0.3046519,0.45198855,-0.6779586
279,279,PROT,128,12,monocyte,monocyte,0.9819519,False,0.3324251,0.5891387,0.053404093
280,280,PROT,128,3,"cd8-positive, alpha-beta t cell",macrophage,0.9299721,True,0.1871588,0.20271789,-0.64915776
281,281,PROT,128,12,monocyte,monocyte,0.9339022,True,0.19029723,0.5446901,-0.13851415
282,282,PROT,128,12,monocyte,monocyte,0.9564702,True,0.1401014,0.55939615,-0.039954647
283,283,PROT,128,12,monocyte,monocyte,0.7727246,True,0.5010067,0.34620395,-0.59498066
284,284,PROT,128,1,basophil,monocyte,0.8963951,True,0.2113737,0.37622312,-0.6565366
285,285,PROT,128,12,monocyte,monocyte,0.97291553,True,0.3438268,0.5175036,-0.10735187
286,286,PROT,128,3,"cd8-positive, alpha-beta t cell",macrophage,0.92514545,True,0.29008374,0.14736392,-0.82110226
287,287,PROT,128,12,monocyte,monocyte,0.993594,False,0.285802,0.52315825,0.049113393
288,288,PROT,128,12,monocyte,monocyte,0.9740051,True,0.29366323,0.54738325,-0.020492494
289,289,PROT,128,3,"cd8-positive, alpha-beta t cell",macrophage,0.9880828,False,0.34677464,-0.08866778,-0.8334727
290,290,PROT,128,3,"cd8-positive, alpha-beta t cell",macrophage,0.9495975,True,0.3269806,0.044595886,-0.8804562
291,291,PROT,128,13,myeloid dendritic cell,monocyte,0.8663163,True,0.07788247,0.46797517,-0.23243159
292,292,PROT,128,1,basophil,monocyte,0.8588699,True,0.15917,0.38975903,-0.6876066
293,293,PROT,128,3,"cd8-positive, alpha-beta t cell",monocyte,0.7803902,True,0.10378491,0.3145414,-0.48016846
294,294,PROT,128,12,monocyte,monocyte,0.98048306,False,0.17634383,0.50747055,0.012191199
295,295,PROT,128,12,monocyte,monocyte,0.9563275,True,0.2858746,0.5252062,-0.13245477
296,296,PROT,128,13,myeloid dendritic cell,macrophage,0.7488459,True,0.3629347,0.37675476,-0.5987699
297,297,PROT,128,3,"cd8-positive, alpha-beta t cell",macrophage,0.9432324,True,0.45216796,0.045765866,-0.86325574
298,298,PROT,128,12,monocyte,monocyte,0.9870533,False,0.29133773,0.5723799,0.07275459
299,299,PROT,128,3,"cd8-positive, alpha-beta t cell",macrophage,0.9451878,True,0.37904194,0.13173927,-0.8993305
300,300,PROT,128,12,monocyte,monocyte,0.913966,True,0.29722226,0.54261166,-0.22061399
301,301,PROT,128,1,basophil,monocyte,0.82410324,True,0.29791194,0.3653015,-0.6947857
302,302,PROT,128,13,myeloid dendritic cell,monocyte,0.8462494,True,0.3364007,0.43390033,-0.24472608
303,303,PROT,128,1,basophil,monocyte,0.8157717,True,0.11470106,0.45327637,-0.48472196
304,304,PROT,128,1,basophil,macrophage,0.7339251,True,0.2605571,0.26573095,-0.6406926
305,305,PROT,128,3,"cd8-positive, alpha-beta t cell",macrophage,0.900555,True,0.3599264,0.16694069,-0.6718042
306,306,PROT,128,12,monocyte,monocyte,0.8299125,True,0.018336177,0.37790436,-0.17518762
307,307,PROT,128,12,monocyte,monocyte,0.9598316,True,0.37806994,0.73773617,0.17302626
308,308,PROT,128,12,monocyte,monocyte,0.9532637,True,0.15588485,0.5002247,-0.058754954
309,309,PROT,128,12,monocyte,monocyte,0.99300426,False,0.34886083,0.54228765,0.029090822
310,310,PROT,128,13,myeloid dendritic cell,monocyte,0.87799037,True,0.3394909,0.5566981,-0.36166954
311,311,PROT,128,3,"cd8-positive, alpha-beta t cell",monocyte,0.93409365,True,0.3381811,0.10482733,-0.74021626
312,312,PROT,128,1,basophil,macrophage,0.81673944,True,0.3344481,0.4169536,-0.72604454
313,313,PROT,128,3,"cd8-positive, alpha-beta t cell",macrophage,0.8016681,True,0.3785694,0.22306468,-0.77458674
314,314,PROT,128,12,monocyte,monocyte,0.99789375,False,0.41630006,0.52891874,0.056396797
315,315,PROT,128,13,myeloid dendritic cell,monocyte,0.82045156,True,0.22085132,0.43704787,-0.41609824
316,316,PROT,128,3,"cd8-positive, alpha-beta t cell",monocyte,0.9341638,True,0.3047064,0.17134042,-0.79438996
317,317,PROT,128,12,monocyte,monocyte,0.97128433,True,0.25981107,0.54856193,-0.06305799
318,318,PROT,128,12,monocyte,monocyte,0.91364396,True,0.01490739,0.43830284,-0.10417918
319,319,PROT,128,1,basophil,macrophage,0.83650273,True,0.18243274,0.49019375,-0.6420809
320,320,PROT,128,13,myeloid dendritic cell,monocyte,0.82794636,True,0.2165947,0.458719,-0.3952366
321,321,PROT,128,1,basophil,monocyte,0.8268909,True,0.34209967,0.3953368,-0.56520945
322,322,PROT,128,1,basophil,monocyte,0.899476,True,0.2557825,0.37174392,-0.7635672
323,323,PROT,128,12,monocyte,monocyte,0.96465063,True,0.248193,0.53865284,-0.12111834
324,324,PROT,128,3,"cd8-positive, alpha-beta t cell",monocyte,0.8934259,True,0.15064347,0.24021639,-0.6042266
325,325,PROT,128,1,basophil,monocyte,0.83291996,True,0.26469392,0.37337318,-0.63620704
326,326,PROT,128,3,"cd8-positive, alpha-beta t cell",macrophage,0.90145725,True,0.3205875,0.28670076,-0.847102
327,327,PROT,128,3,"cd8-positive, alpha-beta t cell",macrophage,0.90563416,True,0.27309215,0.24639659,-0.8662256
328,328,PROT,128,3,"cd8-positive, alpha-beta t cell",macrophage,0.93135685,True,0.38911307,0.08742495,-0.96449304
329,329,PROT,128,12,monocyte,monocyte,0.994247,False,0.3001101,0.5214295,0.06276886
330,330,PROT,128,1,basophil,macrophage,0.82960606,True,0.27958047,0.4871727,-0.61914974
331,331,PROT,128,12,monocyte,monocyte,0.8459492,True,0.34196782,0.5151244,-0.42227745
332,332,PROT,128,12,monocyte,monocyte,0.9845457,False,0.25455227,0.5233366,0.0154284015
333,333,PROT,128,1,basophil,monocyte,0.8675254,True,0.2300936,0.306865,-0.65450704
334,334,PROT,128,12,monocyte,monocyte,0.9986866,False,0.45256808,0.5386959,0.08152673
335,335,PROT,128,12,monocyte,monocyte,0.91974634,True,0.39417812,0.49375936,-0.1526092
336,336,PROT,128,1,basophil,monocyte,0.8345492,True,0.13686414,0.35607597,-0.594682
337,337,PROT,128,13,myeloid dendritic cell,monocyte,0.9051567,True,0.23477113,0.5427715,-0.30986416
338,338,PROT,128,3,"cd8-positive, alpha-beta t cell",macrophage,0.95946354,True,0.30940083,0.12872382,-0.90407914
339,339,PROT,128,12,monocyte,monocyte,0.90602195,True,0.2873332,0.46917906,-0.20820293
340,340,PROT,128,12,monocyte,monocyte,0.995654,False,0.33514985,0.55642134,0.09669596
341,341,PROT,128,3,"cd8-positive, alpha-beta t cell",macrophage,0.93637675,True,0.28552175,0.23915829,-0.89548093
342,342,PROT,128,12,monocyte,monocyte,0.9955347,False,0.35770032,0.52955,0.07226688
343,343,PROT,128,12,monocyte,monocyte,0.990857,False,0.25648218,0.5448825,0.047503293
344,344,PROT,128,12,monocyte,monocyte,0.941612,True,0.27462018,0.51212364,-0.120319605
345,345,PROT,128,12,monocyte,monocyte,0.9906352,False,0.38615254,0.5372816,-0.008418515
346,346,PROT,128,12,monocyte,monocyte,0.965839,True,0.48535845,0.66908735,0.02348812
347,347,PROT,128,1,basophil,monocyte,0.74492955,True,0.31865084,0.392997,-0.60726464
348,348,PROT,128,12,monocyte,monocyte,0.95325667,True,0.2668086,0.59227145,-0.14010467
349,349,PROT,128,3,"cd8-positive, alpha-beta t cell",macrophage,0.95635843,True,0.30267423,0.07456429,-0.90350264
350,350,PROT,128,3,"cd8-positive, alpha-beta t cell",macrophage,0.9630459,True,0.37024665,0.047694054,-0.9521943
351,351,PROT,128,1,basophil,monocyte,0.89759374,True,0.25333187,0.33734322,-0.69082016
352,352,PROT,128,3,"cd8-positive, alpha-beta t cell",macrophage,0.9146131,True,0.33451432,0.17498098,-0.92106926
353,353,PROT,128,12,monocyte,monocyte,0.97596496,True,0.17553246,0.5325718,0.03080669
354,354,PROT,128,1,basophil,monocyte,0.8445681,True,0.12247879,0.3700698,-0.61506796
355,355,PROT,128,12,monocyte,monocyte,0.92142963,True,0.29974312,0.50598496,-0.16284405
356,356,PROT,128,3,"cd8-positive, alpha-beta t cell",macrophage,0.9011684,True,0.24598478,0.34617236,-0.7734417
357,357,PROT,128,1,basophil,monocyte,0.86079097,True,0.19463791,0.41282773,-0.59176326
358,358,PROT,128,12,monocyte,monocyte,0.9986254,False,0.4335053,0.52861077,0.08607304
359,359,PROT,128,3,"cd8-positive, alpha-beta t cell",monocyte,0.8862611,True,0.14794868,0.13214673,-0.560856
360,360,PROT,128,12,monocyte,monocyte,0.9491517,True,0.3875766,0.60319114,-0.17788614
361,361,PROT,128,12,monocyte,monocyte,0.9418903,True,0.18107751,0.5447469,-0.12651174
362,362,PROT,128,13,myeloid dendritic cell,monocyte,0.8900954,True,0.08855036,0.5352518,-0.17948094
363,363,PROT,128,3,"cd8-positive, alpha-beta t cell",monocyte,0.93957675,True,0.4326887,0.16895913,-0.8793001
364,364,PROT,128,1,basophil,monocyte,0.8355052,True,0.23443678,0.4388572,-0.5690931
365,365,PROT,128,12,monocyte,monocyte,0.99578637,False,0.3438196,0.536906,0.048863947
366,366,PROT,128,3,"cd8-positive, alpha-beta t cell",macrophage,0.8969496,True,0.3160143,0.23020478,-0.8756991
367,367,PROT,128,1,basophil,macrophage,0.84535563,True,0.34703526,0.38809705,-0.6775811
368,368,PROT,128,12,monocyte,monocyte,0.93422306,True,0.21953675,0.5333974,-0.19804813
369,369,PROT,128,3,"cd8-positive, alpha-beta t cell",macrophage,0.93165857,True,0.306974,0.16988918,-0.76234466
370,370,PROT,128,1,basophil,monocyte,0.8123053,True,0.062847614,0.5257483,-0.47136045
371,371,PROT,128,12,monocyte,monocyte,0.80416924,True,0.2866129,0.42853704,-0.29169053
372,372,PROT,128,12,monocyte,monocyte,0.9567051,True,0.18610033,0.5394601,-0.11890697
373,373,PROT,128,12,monocyte,monocyte,0.94178295,True,0.17040598,0.57647425,-0.04104396
374,374,PROT,128,12,monocyte,monocyte,0.98329043,False,0.34293184,0.520868,-0.0073520765
375,375,PROT,128,12,monocyte,monocyte,0.9382872,True,0.27212805,0.51839364,-0.25164917
376,376,PROT,128,3,"cd8-positive, alpha-beta t cell",macrophage,0.9352705,True,0.41098914,0.012894068,-0.98111004
377,377,PROT,128,1,basophil,monocyte,0.7453193,True,0.2327472,0.39831743,-0.5515876
378,378,PROT,128,13,myeloid dendritic cell,monocyte,0.91139,True,0.09309529,0.560008,-0.18186313
379,379,PROT,128,3,"cd8-positive, alpha-beta t cell",macrophage,0.9051424,True,0.42139447,0.008280579,-0.90892947
380,380,PROT,128,12,monocyte,monocyte,0.985773,False,0.24975753,0.5116456,-0.009335719
381,381,PROT,128,3,"cd8-positive, alpha-beta t cell",monocyte,0.895794,True,0.30224574,0.3007336,-0.8524066
382,382,PROT,128,12,monocyte,monocyte,0.9417503,True,0.21720107,0.56137514,-0.16682628
383,383,PROT,128,12,monocyte,monocyte,0.9578083,True,0.06355563,0.46391413,0.036411107
384,384,PROT,128,3,"cd8-positive, alpha-beta t cell",macrophage,0.8744028,True,0.3363486,0.39535445,-0.80770004
385,385,PROT,128,3,"cd8-positive, alpha-beta t cell",macrophage,0.9533037,True,0.43138525,-0.060241047,-0.97218275
386,386,PROT,128,13,myeloid dendritic cell,monocyte,0.92582536,True,0.016900718,0.4770927,-0.10273835
387,387,PROT,128,12,monocyte,monocyte,0.97571784,True,0.2509993,0.54899603,-0.0070929974
388,388,PROT,128,12,monocyte,monocyte,0.9590474,True,0.08997649,0.51278615,0.00861036
389,389,PROT,128,3,"cd8-positive, alpha-beta t cell",macrophage,0.841488,True,0.36868697,0.22377114,-0.9083744
390,390,PROT,128,12,monocyte,monocyte,0.90319777,True,0.14591202,0.47983894,-0.12827265
391,391,PROT,128,3,"cd8-positive, alpha-beta t cell",macrophage,0.8483188,True,0.38710344,0.18947865,-0.91606396
392,392,PROT,128,12,monocyte,monocyte,0.9649128,True,0.13676658,0.48329124,0.00047130883
393,393,PROT,128,13,myeloid dendritic cell,monocyte,0.92475015,True,-0.24685547,0.4465936,-0.032367647
394,394,PROT,128,12,monocyte,monocyte,0.9312499,True,0.14218155,0.47559014,-0.059058227
395,395,PROT,128,13,myeloid dendritic cell,monocyte,0.8500528,True,-0.00023518503,0.43778843,-0.21048722
396,396,PROT,128,12,monocyte,monocyte,0.9972303,False,0.3844123,0.5426369,0.10631032
397,397,PROT,128,3,"cd8-positive, alpha-beta t cell",macrophage,0.88860685,True,0.35317245,0.20027237,-0.90839833
398,398,PROT,128,12,monocyte,monocyte,0.97574204,True,0.314246,0.50868726,-0.05374108
399,399,PROT,128,12,monocyte,monocyte,0.9578448,True,0.27257073,0.4825301,-0.028254263
400,400,PROT,128,3,"cd8-positive, alpha-beta t cell",macrophage,0.9001241,True,0.29423442,0.1724386,-0.891182
401,401,PROT,128,13,myeloid dendritic cell,monocyte,0.86519414,True,-0.156724,0.45008644,-0.20935687
402,402,PROT,128,12,monocyte,monocyte,0.9495724,True,0.22905198,0.48534396,-0.032587826
403,403,PROT,128,13,myeloid dendritic cell,monocyte,0.8404551,True,0.09558433,0.36953837,-0.26143515
404,404,PROT,128,12,monocyte,monocyte,0.98551613,False,0.30428582,0.611934,0.024392694
405,405,PROT,128,3,"cd8-positive, alpha-beta t cell",monocyte,0.85193765,True,0.3796137,-0.07826501,-0.8604152
406,406,PROT,128,13,myeloid dendritic cell,monocyte,0.9238123,True,0.08119652,0.48745778,-0.13091321
407,407,PROT,128,12,monocyte,monocyte,0.97512144,True,0.31861368,0.67462516,0.102236494
408,408,PROT,128,12,monocyte,monocyte,0.97203594,True,0.23914382,0.5021717,-0.016008846
409,409,PROT,128,12,monocyte,monocyte,0.9174912,True,0.087310925,0.4563776,-0.114480406
410,410,PROT,128,12,monocyte,monocyte,0.95092094,True,0.22690621,0.51124185,-0.060792048
411,411,PROT,128,3,"cd8-positive, alpha-beta t cell",macrophage,0.8675781,True,0.28308988,0.32854265,-0.8370162
412,412,PROT,128,3,"cd8-positive, alpha-beta t cell",macrophage,0.9495018,True,0.43690005,0.054883745,-0.8306452
413,413,PROT,128,3,"cd8-positive, alpha-beta t cell",macrophage,0.96391064,True,0.3947038,0.07804577,-0.92387754
414,414,PROT,128,3,"cd8-positive, alpha-beta t cell",monocyte,0.74836093,True,0.24886285,0.23573186,-0.45053625
415,415,PROT,128,3,"cd8-positive, alpha-beta t cell",macrophage,0.9376352,True,0.25245258,0.24034335,-0.8173183
416,416,PROT,128,12,monocyte,monocyte,0.98693293,False,0.22576903,0.52840537,0.023155436
417,417,PROT,128,12,monocyte,monocyte,0.9720352,True,0.201735,0.5499628,-0.061606027
418,418,PROT,128,12,monocyte,monocyte,0.9973152,False,0.400972,0.5402177,0.11131698
419,419,PROT,128,1,basophil,monocyte,0.8534891,True,0.22864711,0.45645186,-0.599465
420,420,PROT,128,13,myeloid dendritic cell,monocyte,0.8648802,True,0.077430695,0.4143993,-0.24964853
421,421,PROT,128,3,"cd8-positive, alpha-beta t cell",macrophage,0.96253055,True,0.3892144,0.034324955,-0.9078958
422,422,PROT,128,12,monocyte,monocyte,0.99058884,False,0.32722545,0.5418391,0.021432512
423,423,PROT,128,12,monocyte,monocyte,0.9812641,False,0.20100865,0.52475184,0.035093337
424,424,PROT,128,13,myeloid dendritic cell,monocyte,0.9032547,True,0.2278124,0.5506046,-0.25849086
425,425,PROT,128,12,monocyte,monocyte,0.99889153,False,0.43599546,0.5265784,0.07106581
426,426,PROT,128,3,"cd8-positive, alpha-beta t cell",macrophage,0.9043104,True,0.3353734,0.19962682,-0.7526173
427,427,PROT,128,3,"cd8-positive, alpha-beta t cell",monocyte,0.9011876,True,0.2605261,0.22151114,-0.7733176
428,428,PROT,128,3,"cd8-positive, alpha-beta t cell",macrophage,0.9208518,True,0.1709419,0.18101971,-0.8019782
429,429,PROT,128,12,monocyte,monocyte,0.93799514,True,0.1314564,0.48535976,-0.01946932
430,430,PROT,128,1,basophil,monocyte,0.86671036,True,0.27884236,0.40830013,-0.7168095
431,431,PROT,128,1,basophil,monocyte,0.8189782,True,0.16689779,0.43538794,-0.57532334
432,432,PROT,128,12,monocyte,monocyte,0.9316081,True,0.07624048,0.49713144,-0.029144868
433,433,PROT,128,12,monocyte,monocyte,0.9329323,True,0.23434754,0.47243223,-0.06712198
434,434,PROT,128,12,monocyte,monocyte,0.96705115,True,0.23243698,0.5294263,-0.08744322
435,435,PROT,128,12,monocyte,monocyte,0.9537658,True,0.12811935,0.5440003,-0.012057975
436,436,PROT,128,12,monocyte,monocyte,0.99170977,False,0.30263597,0.50591815,0.04194416
437,437,PROT,128,12,monocyte,monocyte,0.96321946,True,0.28558528,0.6405927,0.07499784
438,438,PROT,128,3,"cd8-positive, alpha-beta t cell",macrophage,0.9338165,True,0.48080352,-0.115667164,-0.9287432
439,439,PROT,128,3,"cd8-positive, alpha-beta t cell",monocyte,0.97823215,False,0.44102865,-0.031853568,-0.9110219
440,440,PROT,128,15,natural killer cell,macrophage,0.93438375,True,0.49690923,-0.020850036,-0.9147523
441,441,PROT,128,13,myeloid dendritic cell,monocyte,0.93590164,True,0.06742072,0.52566177,-0.059577655
442,442,PROT,128,3,"cd8-positive, alpha-beta t cell",macrophage,0.9004885,True,0.35398668,0.30412862,-0.8381016
443,443,PROT,128,13,myeloid dendritic cell,monocyte,0.9231655,True,-0.005469471,0.47068128,-0.13102594
444,444,PROT,128,12,monocyte,monocyte,0.98606455,False,0.3001495,0.5023773,-0.006598562
445,445,PROT,128,12,monocyte,monocyte,0.9533128,True,0.17594734,0.5493248,-0.007478863
446,446,PROT,128,12,monocyte,monocyte,0.9698091,True,0.34450272,0.55223924,-0.12950635
447,447,PROT,128,12,monocyte,monocyte,0.9829222,False,0.33540678,0.4995608,0.013481811
448,448,PROT,128,3,"cd8-positive, alpha-beta t cell",macrophage,0.902331,True,0.39532706,0.11870535,-0.93961114
449,449,PROT,128,12,monocyte,monocyte,0.994019,False,0.373382,0.5331145,0.02697897
450,450,PROT,128,12,monocyte,monocyte,0.97635037,True,0.30752385,0.56275654,-0.003333442
451,451,PROT,128,12,monocyte,monocyte,0.97233796,True,0.31643558,0.50564665,-0.03914289
452,452,PROT,128,3,"cd8-positive, alpha-beta t cell",macrophage,0.94016504,True,0.3634076,0.18804494,-0.86603063
453,453,PROT,128,15,natural killer cell,macrophage,0.93815887,True,0.37772602,0.019359287,-0.9768027
454,454,PROT,128,13,myeloid dendritic cell,monocyte,0.8306561,True,0.051409215,0.40981257,-0.30074322
455,455,PROT,128,12,monocyte,monocyte,0.920827,True,0.11890939,0.5770911,-0.08787516
456,456,PROT,128,3,"cd8-positive, alpha-beta t cell",macrophage,0.898146,True,0.33196682,0.10013881,-0.9541001
457,457,PROT,128,3,"cd8-positive, alpha-beta t cell",macrophage,0.94566303,True,0.39796,0.02326886,-0.92620814
458,458,PROT,128,15,natural killer cell,macrophage,0.93135834,True,0.49159333,-0.15138756,-0.8540101
459,459,PROT,128,12,monocyte,monocyte,0.9962763,False,0.456606,0.5557429,0.07121198
460,460,PROT,128,12,monocyte,monocyte,0.9578441,True,0.24550442,0.67427665,0.07868835
461,461,PROT,128,12,monocyte,monocyte,0.9855954,False,0.39864403,0.5393782,0.0060942024
462,462,PROT,128,13,myeloid dendritic cell,monocyte,0.8648503,True,-0.13907486,0.45496812,-0.18040495
463,463,PROT,128,15,natural killer cell,macrophage,0.95924443,True,0.41957062,-0.09461914,-0.89677906
464,464,PROT,128,12,monocyte,monocyte,0.96604896,True,0.16108653,0.5419417,-0.066676386
465,465,PROT,128,13,myeloid dendritic cell,monocyte,0.88841206,True,0.00808531,0.42414567,-0.14352778
466,466,PROT,128,12,monocyte,monocyte,0.9598602,True,0.34610453,0.5705964,-0.05314332
467,467,PROT,128,3,"cd8-positive, alpha-beta t cell",macrophage,0.92603904,True,0.32339334,0.18278655,-0.8203962
468,468,PROT,128,12,monocyte,monocyte,0.9268361,True,0.1781925,0.5154777,-0.12088176
469,469,PROT,128,13,myeloid dendritic cell,monocyte,0.8231231,True,-0.050465673,0.35645437,-0.24822973
470,470,PROT,128,3,"cd8-positive, alpha-beta t cell",macrophage,0.8918195,True,0.3612191,0.17967458,-0.94444346
471,471,PROT,128,3,"cd8-positive, alpha-beta t cell",macrophage,0.88624376,True,0.39624876,0.12774795,-0.96633786
472,472,PROT,128,3,"cd8-positive, alpha-beta t cell",macrophage,0.89416486,True,0.3819925,0.118851766,-0.95207274
473,473,PROT,128,13,myeloid dendritic cell,monocyte,0.8657701,True,0.025881112,0.37317556,-0.19509047
474,474,PROT,128,12,monocyte,monocyte,0.988912,False,0.30873457,0.51646733,-0.004469171
475,475,PROT,128,12,monocyte,monocyte,0.9793045,False,0.3916549,0.6290496,0.0734611
476,476,PROT,128,12,monocyte,monocyte,0.9853881,False,0.39746994,0.62781614,0.06160927
477,477,PROT,128,12,monocyte,monocyte,0.8766275,True,0.3181935,0.31545487,-0.089617
478,478,PROT,128,3,"cd8-positive, alpha-beta t cell",macrophage,0.8795892,True,0.31796226,0.05034965,-0.812494
479,479,PROT,128,12,monocyte,monocyte,0.99033284,False,0.35727322,0.5388391,0.018673599
480,480,PROT,128,3,"cd8-positive, alpha-beta t cell",macrophage,0.9105934,True,0.3321739,0.10590489,-0.83397293
481,481,PROT,128,12,monocyte,monocyte,0.9459849,True,0.30255818,0.5668047,-0.24352154
482,482,PROT,128,3,"cd8-positive, alpha-beta t cell",macrophage,0.94541645,True,0.33597887,0.0038354434,-0.8914623
483,483,PROT,128,13,myeloid dendritic cell,monocyte,0.8501851,True,0.12685053,0.47951362,-0.30645853
484,484,PROT,128,12,monocyte,monocyte,0.9414708,True,0.06370853,0.5270626,-0.08076888
485,485,PROT,128,3,"cd8-positive, alpha-beta t cell",monocyte,0.9071351,True,0.30128512,0.26138481,-0.78061557
486,486,PROT,128,12,monocyte,monocyte,0.98321915,False,0.26723164,0.54586005,-0.0056811124
487,487,PROT,128,3,"cd8-positive, alpha-beta t cell",monocyte,0.89011335,True,0.29033822,0.1276331,-0.7024251
488,488,PROT,128,3,"cd8-positive, alpha-beta t cell",macrophage,0.93680334,True,0.36934307,-0.055882007,-0.8147187
489,489,PROT,128,12,monocyte,monocyte,0.9876273,False,0.28679112,0.57940227,0.00016420335
490,490,PROT,128,12,monocyte,monocyte,0.8824125,True,0.21243514,0.46237293,-0.21944949
491,491,PROT,128,12,monocyte,monocyte,0.97255486,True,-0.025595248,0.5054067,0.0110615045
492,492,PROT,128,12,monocyte,monocyte,0.98096216,False,-0.031134337,0.5246883,0.062124014
493,493,PROT,128,3,"cd8-positive, alpha-beta t cell",macrophage,0.96727145,True,0.32216614,-0.014735304,-0.80836844
494,494,PROT,128,12,monocyte,monocyte,0.94877374,True,0.356819,0.5838302,-0.2954461
495,495,PROT,128,3,"cd8-positive, alpha-beta t cell",monocyte,0.8666195,True,0.42445445,0.06523669,-0.5376403
496,496,PROT,128,3,"cd8-positive, alpha-beta t cell",monocyte,0.8905428,True,0.25249344,0.35063133,-0.77177817
497,497,PROT,128,3,"cd8-positive, alpha-beta t cell",monocyte,0.758688,True,0.33889645,0.3193228,-0.5246545
498,498,PROT,128,1,basophil,macrophage,0.8768211,True,0.25865668,0.37842134,-0.6788058
499,499,PROT,128,12,monocyte,monocyte,0.9911534,False,0.23301804,0.5242062,0.073440254
500,500,PROT,128,12,monocyte,monocyte,0.96514785,True,0.08943164,0.5490194,-0.020733386
501,501,PROT,128,3,"cd8-positive, alpha-beta t cell",monocyte,0.8030749,True,0.31135336,0.38196263,-0.6488845
502,502,PROT,128,12,monocyte,monocyte,0.98650235,False,0.3986286,0.6163762,-0.09724352
503,503,PROT,128,12,monocyte,monocyte,0.88047457,True,0.15238571,0.5105733,-0.1654095
504,504,PROT,128,3,"cd8-positive, alpha-beta t cell",macrophage,0.90800506,True,0.31887382,0.15918449,-0.7791693
505,505,PROT,128,1,basophil,monocyte,0.8571696,True,0.30730474,0.33193654,-0.69449687
506,506,PROT,128,13,myeloid dendritic cell,monocyte,0.9601766,True,-0.08080724,0.5018013,-0.031090647
507,507,PROT,128,3,"cd8-positive, alpha-beta t cell",macrophage,0.76830894,True,0.40940058,0.3722085,-0.7101346
508,508,PROT,128,3,"cd8-positive, alpha-beta t cell",monocyte,0.95699465,True,0.29652965,0.014495004,-0.7923261
509,509,PROT,128,12,monocyte,monocyte,0.8156302,True,0.15754776,0.42166057,-0.36761093
510,510,PROT,128,13,myeloid dendritic cell,monocyte,0.9744192,True,-0.1658276,0.49233463,0.020218909
511,511,PROT,128,12,monocyte,monocyte,0.9846799,False,0.3776237,0.5314333,-0.054393366
512,512,PROT,128,12,monocyte,monocyte,0.99237067,False,0.33134755,0.54791504,0.09050077
513,513,PROT,128,1,basophil,monocyte,0.8556418,True,0.2148665,0.31176794,-0.6770508
514,514,PROT,128,3,"cd8-positive, alpha-beta t cell",monocyte,0.9576786,True,0.39522028,0.15711497,-0.8838203
515,515,PROT,128,13,myeloid dendritic cell,monocyte,0.91912025,True,0.07976432,0.5363803,-0.25226593
516,516,PROT,128,12,monocyte,monocyte,0.9628389,True,0.2838265,0.66507953,0.045639873
517,517,PROT,128,16,neutrophil,monocyte,0.8947577,True,-0.2428855,0.34381363,-0.018536031
518,518,PROT,128,3,"cd8-positive, alpha-beta t cell",monocyte,0.7762718,True,0.3357424,0.31520492,-0.5824509
519,519,PROT,128,13,myeloid dendritic cell,macrophage,0.77850604,True,0.33769166,0.4232985,-0.644222
520,520,PROT,128,12,monocyte,monocyte,0.9723968,True,0.18402305,0.5211526,0.047704294
521,521,PROT,128,3,"cd8-positive, alpha-beta t cell",macrophage,0.8400211,True,0.30854803,0.2988504,-0.7258868
522,522,PROT,128,3,"cd8-positive, alpha-beta t cell",macrophage,0.9028218,True,0.39135897,0.11527671,-0.9013369
523,523,PROT,128,12,monocyte,monocyte,0.8891937,True,0.44439209,0.5356448,-0.3479849
524,524,PROT,128,3,"cd8-positive, alpha-beta t cell",monocyte,0.9635601,True,0.24170654,-0.07427034,-0.78525484
525,525,PROT,128,12,monocyte,monocyte,0.9651902,True,0.26592988,0.6779453,-0.08571029
526,526,PROT,128,12,monocyte,monocyte,0.9571181,True,0.12513454,0.58071333,-0.028980777
527,527,PROT,128,12,monocyte,monocyte,0.97002935,True,0.119065404,0.5297138,0.09206411
528,528,PROT,128,3,"cd8-positive, alpha-beta t cell",monocyte,0.8560548,True,0.15136555,0.22377072,-0.51705587
529,529,PROT,128,3,"cd8-positive, alpha-beta t cell",macrophage,0.9827843,False,0.45436317,-0.05862578,-0.89129674
530,530,PROT,128,1,basophil,monocyte,0.8183728,True,0.412692,0.4665573,-0.6170728
531,531,PROT,128,3,"cd8-positive, alpha-beta t cell",macrophage,0.83019626,True,0.2938713,0.37259975,-0.8374542
532,532,PROT,128,13,myeloid dendritic cell,monocyte,0.90451026,True,0.14412236,0.5205458,-0.20583415
533,533,PROT,128,21,regulatory t cell,macrophage,0.8696708,True,0.2863011,0.17397329,-0.7486273
534,534,PROT,128,12,monocyte,monocyte,0.99316925,False,0.34813723,0.5274207,-0.009263903
535,535,PROT,128,12,monocyte,monocyte,0.9918506,False,0.33139646,0.53541994,-0.008060887
536,536,PROT,128,13,myeloid dendritic cell,monocyte,0.86893433,True,-0.10782614,0.4852781,-0.24648389
537,537,PROT,128,12,monocyte,monocyte,0.9799726,False,0.24811055,0.49077103,0.021799415
538,538,PROT,128,3,"cd8-positive, alpha-beta t cell",macrophage,0.905214,True,0.43272036,0.0020619072,-0.9456762
539,539,PROT,128,12,monocyte,monocyte,0.95764935,True,0.20224153,0.66374254,0.07529098
540,540,PROT,128,12,monocyte,monocyte,0.98967844,False,0.42333856,0.5730141,0.025446653
541,541,PROT,128,12,monocyte,monocyte,0.9926205,False,0.3064866,0.5210026,0.0042534247
542,542,PROT,128,3,"cd8-positive, alpha-beta t cell",monocyte,0.876759,True,0.35934347,0.0790931,-0.6985937
543,543,PROT,128,13,myeloid dendritic cell,monocyte,0.85549915,True,0.10858857,0.3974471,-0.24911141
544,544,PROT,128,3,"cd8-positive, alpha-beta t cell",macrophage,0.85406905,True,0.39768428,0.191768,-0.88449943
545,545,PROT,128,12,monocyte,monocyte,0.98198485,False,0.2037587,0.4759105,0.06812483
546,546,PROT,128,3,"cd8-positive, alpha-beta t cell",macrophage,0.9581774,True,0.4362011,-0.074295655,-0.9072848
547,547,PROT,128,13,myeloid dendritic cell,monocyte,0.8723495,True,0.11356294,0.5397177,-0.31765163
548,548,PROT,128,12,monocyte,monocyte,0.85448766,True,0.24868542,0.44803795,-0.26921135
549,549,PROT,128,1,basophil,monocyte,0.8401615,True,0.33734322,0.36956075,-0.66497326
550,550,PROT,128,12,monocyte,monocyte,0.99716294,False,0.3283328,0.5288074,0.08549762
551,551,PROT,128,3,"cd8-positive, alpha-beta t cell",monocyte,0.91506165,True,0.3954711,0.12379463,-0.7337073
552,552,PROT,128,3,"cd8-positive, alpha-beta t cell",macrophage,0.90684,True,0.38102254,0.058100138,-0.72312933
553,553,PROT,128,12,monocyte,monocyte,0.9760625,True,0.23775774,0.51487905,-0.026088946
554,554,PROT,128,13,myeloid dendritic cell,monocyte,0.836059,True,0.283373,0.53669554,-0.46440002
555,555,PROT,128,12,monocyte,monocyte,0.95525384,True,0.16452938,0.514079,-0.04769553
556,556,PROT,128,3,"cd8-positive, alpha-beta t cell",monocyte,0.90021634,True,0.42533728,0.09509264,-0.91175586
557,557,PROT,128,12,monocyte,monocyte,0.96377695,True,0.065565854,0.5095046,-0.039713174
558,558,PROT,128,12,monocyte,monocyte,0.89245677,True,0.37907037,0.5357298,-0.3552137
559,559,PROT,128,3,"cd8-positive, alpha-beta t cell",monocyte,0.95622116,True,0.33067116,-0.07838236,-0.83267426
560,560,PROT,128,3,"cd8-positive, alpha-beta t cell",macrophage,0.979083,False,0.3407769,-0.02311756,-0.79549617
561,561,PROT,128,1,basophil,monocyte,0.85342675,True,0.28714094,0.36723045,-0.6431777
562,562,PROT,128,3,"cd8-positive, alpha-beta t cell",macrophage,0.91460574,True,0.43748087,0.1759537,-0.87938714
563,563,PROT,128,3,"cd8-positive, alpha-beta t cell",macrophage,0.9217644,True,0.41157103,0.16836245,-0.8666254
564,564,PROT,128,12,monocyte,monocyte,0.9876914,False,0.37588936,0.5965718,0.09229611
565,565,PROT,128,12,monocyte,monocyte,0.9603409,True,0.088087365,0.50406146,-0.037148386
566,566,PROT,128,12,monocyte,monocyte,0.7513502,True,0.36217454,0.4678655,-0.53004545
567,567,PROT,128,3,"cd8-positive, alpha-beta t cell",macrophage,0.9320318,True,0.35202986,0.18809052,-0.7860945
568,568,PROT,128,12,monocyte,monocyte,0.9764656,True,0.23642555,0.5185601,-0.045568995
569,569,PROT,128,13,myeloid dendritic cell,monocyte,0.9380578,True,-0.02096337,0.549249,-0.16911767
570,570,PROT,128,3,"cd8-positive, alpha-beta t cell",monocyte,0.9142799,True,0.34142393,0.23525794,-0.91413456
571,571,PROT,128,3,"cd8-positive, alpha-beta t cell",monocyte,0.8519885,True,0.33741954,0.373498,-0.77858603
572,572,PROT,128,12,monocyte,monocyte,0.95555806,True,0.32355732,0.50883913,-0.120720804
573,573,PROT,128,12,monocyte,monocyte,0.9799889,False,0.14470382,0.5442848,0.093952745
574,574,PROT,128,12,monocyte,monocyte,0.9952296,False,0.3349476,0.5441973,0.084518105
575,575,PROT,128,13,myeloid dendritic cell,macrophage,0.7550278,True,0.38757044,0.4712514,-0.5562723
576,576,PROT,128,1,basophil,monocyte,0.78385466,True,0.1766834,0.4780558,-0.5514982
577,577,PROT,128,12,monocyte,monocyte,0.90452975,True,0.29847193,0.51333725,-0.3985459
578,578,PROT,128,12,monocyte,monocyte,0.97000396,True,0.42853612,0.666078,-0.018429093
579,579,PROT,128,1,basophil,monocyte,0.8663372,True,0.28836787,0.5920559,-0.41544676
580,580,PROT,128,3,"cd8-positive, alpha-beta t cell",monocyte,0.9452426,True,0.23583645,0.15693702,-0.85304254
581,581,PROT,128,3,"cd8-positive, alpha-beta t cell",macrophage,0.9475112,True,0.3815265,-0.09148908,-0.8060499
582,582,PROT,128,12,monocyte,monocyte,0.9682801,True,0.33435953,0.5163837,-0.124328606
583,583,PROT,128,3,"cd8-positive, alpha-beta t cell",macrophage,0.9569004,True,0.40452915,0.013823155,-0.92379063
584,584,PROT,128,10,macrophage,macrophage,0.7899652,True,0.27613124,0.29608727,-0.61044747
585,585,PROT,128,12,monocyte,monocyte,0.9972022,False,0.35577464,0.5689325,0.037395418
586,586,PROT,128,12,monocyte,monocyte,0.9816315,False,0.25922295,0.56685454,0.070007235
587,587,PROT,128,12,monocyte,monocyte,0.99355334,False,0.28029284,0.5433779,0.02414161
588,588,PROT,128,13,myeloid dendritic cell,monocyte,0.81764084,True,0.39752233,0.44109073,-0.46960986
589,589,PROT,128,12,monocyte,monocyte,0.9944175,False,0.30161533,0.5531784,0.07607457
590,590,PROT,128,12,monocyte,monocyte,0.98579615,False,0.3228001,0.64232886,0.022402436
591,591,PROT,128,12,monocyte,monocyte,0.92333305,True,0.19991772,0.5332373,-0.18864289
592,592,PROT,128,12,monocyte,monocyte,0.9699158,True,0.2560531,0.50738484,-0.09772035
593,593,PROT,128,3,"cd8-positive, alpha-beta t cell",macrophage,0.9447297,True,0.46025157,-0.054766964,-0.94242454
594,594,PROT,128,13,myeloid dendritic cell,monocyte,0.86396676,True,-0.06737068,0.46800342,-0.08366022
595,595,PROT,128,12,monocyte,monocyte,0.9637372,True,0.27429414,0.6095479,-0.040594622
596,596,PROT,128,12,monocyte,monocyte,0.96270615,True,0.09760472,0.4919798,0.045684844
597,597,PROT,128,12,monocyte,monocyte,0.9740125,True,0.4122751,0.7464932,0.17416382
598,598,PROT,128,3,"cd8-positive, alpha-beta t cell",monocyte,0.92998683,True,0.27801356,0.11038642,-0.7834319
599,599,PROT,128,12,monocyte,monocyte,0.7638189,True,0.25330034,0.324672,-0.3468954
600,600,PROT,128,12,monocyte,monocyte,0.9571751,True,0.2260581,0.5116149,-0.07956587
601,601,PROT,128,12,monocyte,monocyte,0.72776574,True,0.24619022,0.36502263,-0.44223285
602,602,PROT,128,12,monocyte,monocyte,0.9643951,True,0.32478973,0.48117062,-0.099497855
603,603,PROT,128,3,"cd8-positive, alpha-beta t cell",monocyte,0.9347642,True,0.2795776,0.059167627,-0.81448233
604,604,PROT,128,12,monocyte,monocyte,0.94968295,True,0.105988085,0.5394347,-0.07557575
605,605,PROT,128,1,basophil,macrophage,0.8179337,True,0.054650575,0.3131685,-0.5493547
606,606,PROT,128,3,"cd8-positive, alpha-beta t cell",monocyte,0.829874,True,0.34481493,0.26291844,-0.72879136
607,607,PROT,128,13,myeloid dendritic cell,monocyte,0.9091826,True,0.006034404,0.6731475,0.19509494
608,608,PROT,128,13,myeloid dendritic cell,macrophage,0.8028043,True,0.3139255,0.356115,-0.63993645
609,609,PROT,128,15,natural killer cell,macrophage,0.9517133,True,0.48360953,-0.031753328,-0.8870418
610,610,PROT,128,3,"cd8-positive, alpha-beta t cell",macrophage,0.92589,True,0.31100738,0.111780465,-0.6736989
611,611,PROT,128,12,monocyte,monocyte,0.9628699,True,0.15940785,0.54630464,-0.024576478
612,612,PROT,128,3,"cd8-positive, alpha-beta t cell",macrophage,0.9554368,True,0.4490534,-0.13006832,-0.9735303
613,613,PROT,128,12,monocyte,monocyte,0.99186534,False,0.3338219,0.5363454,0.058376744
614,614,PROT,128,3,"cd8-positive, alpha-beta t cell",macrophage,0.9643424,True,0.49202397,-0.05375631,-0.9347608
615,615,PROT,128,3,"cd8-positive, alpha-beta t cell",macrophage,0.90591687,True,0.468233,0.0728738,-0.91203135
616,616,PROT,128,13,myeloid dendritic cell,monocyte,0.8018489,True,0.2460333,0.52063125,-0.5260204
617,617,PROT,128,12,monocyte,monocyte,0.9936924,False,0.373756,0.5413392,0.056463838
618,618,PROT,128,12,monocyte,monocyte,0.9953134,False,0.32616523,0.5789261,0.04376076
619,619,PROT,128,3,"cd8-positive, alpha-beta t cell",macrophage,0.8932084,True,0.3231034,0.26314563,-0.9276997
620,620,PROT,128,12,monocyte,monocyte,0.9638125,True,0.20471895,0.52526635,-0.0804698
621,621,PROT,128,12,monocyte,monocyte,0.9353716,True,0.24513073,0.52083,-0.15323308
622,622,PROT,128,12,monocyte,monocyte,0.96908486,True,0.2489022,0.54532427,-0.014529027
623,623,PROT,128,3,"cd8-positive, alpha-beta t cell",macrophage,0.90296066,True,0.4177157,0.18325065,-0.8891048
624,624,PROT,128,3,"cd8-positive, alpha-beta t cell",monocyte,0.7256271,True,0.38062376,0.36218634,-0.5583379
625,625,PROT,128,3,"cd8-positive, alpha-beta t cell",macrophage,0.9106578,True,0.4697904,0.100541934,-0.9239485
626,626,PROT,128,10,macrophage,macrophage,0.74671614,True,0.29964957,0.2047656,-0.76842076
627,627,PROT,128,12,monocyte,monocyte,0.97909707,False,0.14534779,0.52271396,0.10126087
628,628,PROT,128,12,monocyte,monocyte,0.98035187,False,0.00094243884,0.5285959,0.04755649
629,629,PROT,128,21,regulatory t cell,macrophage,0.7435292,True,0.28525573,0.26420042,-0.7277218
630,630,PROT,128,3,"cd8-positive, alpha-beta t cell",monocyte,0.9223157,True,0.36586046,0.10097107,-0.9659623
631,631,PROT,128,13,myeloid dendritic cell,monocyte,0.87220216,True,0.19450314,0.55773264,-0.4370653
632,632,PROT,128,3,"cd8-positive, alpha-beta t cell",macrophage,0.93599963,True,0.3130148,0.26912838,-0.8147234
633,633,PROT,128,3,"cd8-positive, alpha-beta t cell",macrophage,0.89027923,True,0.33859026,0.15895754,-0.9623611
634,634,PROT,128,3,"cd8-positive, alpha-beta t cell",macrophage,0.970992,True,0.34864178,-0.08164936,-0.82934046
635,635,PROT,128,3,"cd8-positive, alpha-beta t cell",monocyte,0.9170809,True,0.3195734,0.33386752,-0.7816669
636,636,PROT,128,12,monocyte,monocyte,0.9799874,False,0.3658181,0.670595,-0.01827021
637,637,PROT,128,12,monocyte,monocyte,0.76838565,True,-0.059347242,0.31783813,-0.19305196
638,638,PROT,128,12,monocyte,monocyte,0.9930753,False,0.40570316,0.67062414,0.14492178
639,639,PROT,128,12,monocyte,monocyte,0.99087197,False,0.29624596,0.539163,0.005814992
640,640,PROT,128,3,"cd8-positive, alpha-beta t cell",monocyte,0.9376286,True,0.30762452,0.20857476,-0.8163323
641,641,PROT,128,13,myeloid dendritic cell,macrophage,0.74586225,True,0.5409193,0.25665003,-0.5627425
642,642,PROT,128,3,"cd8-positive, alpha-beta t cell",macrophage,0.8735635,True,0.14793855,0.35702208,-0.6048697
643,643,PROT,128,12,monocyte,monocyte,0.92689645,True,0.008989811,0.448669,-0.03515148
644,644,PROT,128,3,"cd8-positive, alpha-beta t cell",macrophage,0.9402656,True,0.24455604,0.073375836,-0.871049
645,645,PROT,128,12,monocyte,monocyte,0.817577,True,0.19807221,0.41560453,-0.3375961
646,646,PROT,128,3,"cd8-positive, alpha-beta t cell",macrophage,0.9531115,True,0.32261765,-0.0022215247,-0.7894666
647,647,PROT,128,13,myeloid dendritic cell,monocyte,0.83621186,True,0.22051519,0.54492575,-0.3786219
648,648,PROT,128,3,"cd8-positive, alpha-beta t cell",monocyte,0.9183011,True,0.2437498,-0.00878083,-0.62141824
649,649,PROT,128,12,monocyte,monocyte,0.99186814,False,0.29821542,0.5603133,0.031545863
650,650,PROT,128,10,macrophage,monocyte,0.8528679,True,0.26983184,0.4239771,-0.3925179
651,651,PROT,128,12,monocyte,monocyte,0.9624114,True,0.23453993,0.55449736,-0.050263643
652,652,PROT,128,3,"cd8-positive, alpha-beta t cell",macrophage,0.9481527,True,0.3762307,0.19780298,-0.82571363
653,653,PROT,128,12,monocyte,monocyte,0.9379156,True,0.009037808,0.46606186,-0.10169144
654,654,PROT,128,12,monocyte,monocyte,0.9378593,True,0.23934463,0.36023173,0.10729244
655,655,PROT,128,13,myeloid dendritic cell,monocyte,0.9567256,True,-0.07371089,0.50403696,-0.08158606
656,656,PROT,128,13,myeloid dendritic cell,monocyte,0.944178,True,0.049239695,0.50259376,-0.061324395
657,657,PROT,128,12,monocyte,monocyte,0.9650883,True,0.09129819,0.5227011,0.031322166
658,658,PROT,128,3,"cd8-positive, alpha-beta t cell",macrophage,0.77366257,True,0.53625405,0.24163248,-0.48101115
659,659,PROT,128,12,monocyte,monocyte,0.9717699,True,0.21891804,0.5425194,-0.014860079
660,660,PROT,128,3,"cd8-positive, alpha-beta t cell",macrophage,0.92397404,True,0.39956594,-0.06664401,-0.9624001
661,661,PROT,128,12,monocyte,monocyte,0.9531155,True,0.10735917,0.507214,0.0341222
662,662,PROT,128,12,monocyte,monocyte,0.97407496,True,0.33847734,0.54503703,-0.07404483
663,663,PROT,128,12,monocyte,monocyte,0.9785057,False,0.2788124,0.5405138,0.0019242913
664,664,PROT,128,12,monocyte,monocyte,0.96648675,True,0.08596423,0.51032376,0.051920533
665,665,PROT,128,12,monocyte,monocyte,0.991381,False,0.36289388,0.54935616,0.027548522
666,666,PROT,128,3,"cd8-positive, alpha-beta t cell",monocyte,0.8878202,True,0.34832025,0.30607718,-0.8499913
667,667,PROT,128,12,monocyte,monocyte,0.9939989,False,0.4303576,0.6102538,0.046810955
668,668,PROT,128,12,monocyte,monocyte,0.9849076,False,0.23519534,0.51523787,0.05342576
669,669,PROT,128,12,monocyte,monocyte,0.990397,False,0.24570307,0.5171822,0.02394092
670,670,PROT,128,16,neutrophil,monocyte,0.87419635,True,-0.28288272,0.10389228,-0.025642619
671,671,PROT,128,16,neutrophil,monocyte,0.8835983,True,-0.38164005,0.032619614,0.060251772
672,672,PROT,128,3,"cd8-positive, alpha-beta t cell",monocyte,0.97841215,False,0.3075521,-0.07841253,-0.84470177
673,673,PROT,128,12,monocyte,monocyte,0.93256575,True,0.32796,0.4830365,-0.15074876
674,674,PROT,128,12,monocyte,monocyte,0.96442,True,0.030418009,0.5339518,0.0124839395
675,675,PROT,128,13,myeloid dendritic cell,monocyte,0.9278303,True,0.32845184,0.7457449,-0.09604883
676,676,PROT,128,13,myeloid dendritic cell,macrophage,0.7299639,True,0.4701727,0.4060433,-0.6247184
677,677,PROT,128,1,basophil,monocyte,0.8504028,True,0.059844315,0.3127021,-0.4406861
678,678,PROT,128,13,myeloid dendritic cell,monocyte,0.9159465,True,0.2559615,0.74441725,-0.043671507
679,679,PROT,128,13,myeloid dendritic cell,monocyte,0.8863844,True,0.14667091,0.59872776,-0.25179824
680,680,PROT,128,12,monocyte,macrophage,0.9702304,True,0.36801884,0.57057697,-0.21498573
681,681,PROT,128,1,basophil,monocyte,0.85827523,True,0.060713887,0.49630067,-0.55323917
682,682,PROT,128,12,monocyte,monocyte,0.814202,True,0.20549832,0.44730195,-0.2522599
683,683,PROT,128,13,myeloid dendritic cell,macrophage,0.7506494,True,0.3285817,0.42684183,-0.629161
684,684,PROT,128,12,monocyte,monocyte,0.98591334,False,0.3011266,0.5232842,-0.03039483
685,685,PROT,128,12,monocyte,monocyte,0.97956216,False,0.14690846,0.519776,0.05288413
686,686,PROT,128,12,monocyte,monocyte,0.9813766,False,0.14527142,0.53988,0.086533755
687,687,PROT,128,3,"cd8-positive, alpha-beta t cell",macrophage,0.8267982,True,0.38459256,0.19657905,-0.87141955
688,688,PROT,128,12,monocyte,monocyte,0.9819217,False,0.18118945,0.5202163,0.08562431
689,689,PROT,128,3,"cd8-positive, alpha-beta t cell",monocyte,0.88888305,True,0.29101512,0.24653466,-0.8643453
690,690,PROT,128,12,monocyte,monocyte,0.9711096,True,0.39552724,0.71735376,0.11237264
691,691,PROT,128,3,"cd8-positive, alpha-beta t cell",macrophage,0.90473545,True,0.25668383,0.3505356,-0.80949944
692,692,PROT,128,12,monocyte,monocyte,0.98950034,False,0.36718467,0.572151,0.0024940595
693,693,PROT,128,12,monocyte,monocyte,0.8177895,True,0.30273646,0.3388355,-0.23560265
694,694,PROT,128,13,myeloid dendritic cell,monocyte,0.9274721,True,0.0062244534,0.4883177,-0.049234852
695,695,PROT,128,13,myeloid dendritic cell,monocyte,0.9621668,True,-0.18261024,0.4250588,0.016309991
696,696,PROT,128,12,monocyte,monocyte,0.79974324,True,0.33469966,0.4353806,-0.46905708
697,697,PROT,128,3,"cd8-positive, alpha-beta t cell",macrophage,0.9738411,True,0.40752122,-0.0040888377,-0.94557804
698,698,PROT,128,3,"cd8-positive, alpha-beta t cell",monocyte,0.96366405,True,0.34990042,0.06189027,-0.85347795
699,699,PROT,128,12,monocyte,monocyte,0.85664135,True,0.31163156,0.52595454,-0.4567771
700,700,PROT,128,3,"cd8-positive, alpha-beta t cell",macrophage,0.9723036,True,0.33398634,-0.0017951764,-0.8540305
701,701,PROT,128,3,"cd8-positive, alpha-beta t cell",macrophage,0.85942507,True,0.38643378,0.15746234,-0.8568685
702,702,PROT,128,12,monocyte,monocyte,0.9772322,True,0.21829307,0.52950066,0.0075095594
703,703,PROT,128,12,monocyte,monocyte,0.97024775,True,0.15148675,0.50925845,-0.0319373
704,704,PROT,128,12,monocyte,monocyte,0.97931826,False,0.35887486,0.5727222,-0.14340544
705,705,PROT,128,12,monocyte,monocyte,0.98063827,False,0.25994158,0.55749804,-0.006780714
706,706,PROT,128,12,monocyte,monocyte,0.8688828,True,0.18020356,0.5118424,-0.22142282
707,707,PROT,128,16,neutrophil,monocyte,0.96564573,True,-0.49495348,0.31686988,0.048250735
708,708,PROT,128,12,monocyte,monocyte,0.9937397,False,0.3767627,0.5919505,0.075643435
709,709,PROT,128,12,monocyte,monocyte,0.9777498,True,-0.05361244,0.48633912,0.0476892
710,710,PROT,128,3,"cd8-positive, alpha-beta t cell",monocyte,0.9451274,True,0.32195777,0.20774068,-0.8240324
711,711,PROT,128,3,"cd8-positive, alpha-beta t cell",macrophage,0.9013181,True,0.33727977,0.20874937,-0.91454124
712,712,PROT,128,12,monocyte,monocyte,0.9810185,False,0.3092305,0.5420105,-0.095664605
713,713,PROT,128,1,basophil,monocyte,0.85193384,True,0.32140738,0.41007915,-0.7108772
714,714,PROT,128,1,basophil,monocyte,0.79630363,True,0.28020656,0.471606,-0.6081898
715,715,PROT,128,3,"cd8-positive, alpha-beta t cell",macrophage,0.9755146,True,0.45701212,-0.03522598,-0.89004785
716,716,PROT,128,3,"cd8-positive, alpha-beta t cell",macrophage,0.84135133,True,0.08691746,0.15333432,-0.5112532
717,717,PROT,128,1,basophil,monocyte,0.8408123,True,0.29364914,0.47308967,-0.62337047
718,718,PROT,128,3,"cd8-positive, alpha-beta t cell",macrophage,0.95618236,True,0.33508912,-0.08782454,-0.8134104
719,719,PROT,128,3,"cd8-positive, alpha-beta t cell",macrophage,0.8959727,True,0.2568297,0.29648465,-0.78365844
720,720,PROT,128,3,"cd8-positive, alpha-beta t cell",monocyte,0.9189264,True,0.26405114,0.082847595,-0.67258906
721,721,PROT,128,3,"cd8-positive, alpha-beta t cell",monocyte,0.84762454,True,0.29589814,0.20362432,-0.5395259
722,722,PROT,128,12,monocyte,monocyte,0.97995245,False,0.37012953,0.5550915,-0.069556445
723,723,PROT,128,12,monocyte,monocyte,0.98507863,False,0.33734947,0.57325226,-0.0981236
724,724,PROT,128,12,monocyte,monocyte,0.96435463,True,0.11924788,0.5164945,0.04649669
725,725,PROT,128,12,monocyte,monocyte,0.98743683,False,0.2886787,0.5426361,-0.03574641
726,726,PROT,128,12,monocyte,monocyte,0.9860963,False,0.3570739,0.5097684,-0.024053127
727,727,PROT,128,12,monocyte,monocyte,0.985583,False,0.19438992,0.5193968,0.012581468
728,728,PROT,128,12,monocyte,monocyte,0.7649508,True,0.40900955,0.42034277,-0.574451
729,729,PROT,128,12,monocyte,monocyte,0.80933857,True,0.017619476,0.30626023,-0.14221707
730,730,PROT,128,1,basophil,monocyte,0.7839522,True,0.18703675,0.3448656,-0.6148305
731,731,PROT,128,12,monocyte,monocyte,0.9953176,False,0.34346047,0.52774185,0.040975273
732,732,PROT,128,3,"cd8-positive, alpha-beta t cell",macrophage,0.9159725,True,0.4807383,0.051341373,-0.908683
733,733,PROT,128,12,monocyte,monocyte,0.97840005,False,0.2688967,0.5455468,-0.035843655
734,734,PROT,128,13,myeloid dendritic cell,monocyte,0.8657248,True,0.29277718,0.61397743,-0.40350956
735,735,PROT,128,3,"cd8-positive, alpha-beta t cell",macrophage,0.9240015,True,0.3158718,0.21921812,-0.8469436
736,736,PROT,128,12,monocyte,monocyte,0.93231916,True,0.328752,0.55748457,-0.21853508
737,737,PROT,128,12,monocyte,monocyte,0.8111097,True,0.3998686,0.42898074,-0.47901735
738,738,PROT,128,12,monocyte,monocyte,0.9814366,False,0.20923507,0.52723247,0.060405016
739,739,PROT,128,12,monocyte,monocyte,0.96492,True,0.11144726,0.52175206,-0.051438753
740,740,PROT,128,13,myeloid dendritic cell,monocyte,0.84459573,True,0.1138868,0.48259923,-0.30343935
741,741,PROT,128,13,myeloid dendritic cell,monocyte,0.860176,True,-0.03816852,0.17550328,0.017823264
742,742,PROT,128,3,"cd8-positive, alpha-beta t cell",macrophage,0.98012024,False,0.33744955,-0.032256197,-0.8301726
743,743,PROT,128,1,basophil,macrophage,0.83587545,True,0.332454,0.3188744,-0.7488959
744,744,PROT,128,12,monocyte,monocyte,0.9888154,False,0.25325227,0.51335174,0.053398192
745,745,PROT,128,12,monocyte,monocyte,0.9551359,True,0.14468549,0.5376811,-0.0038366616
746,746,PROT,128,12,monocyte,monocyte,0.98918897,False,0.4067585,0.68561906,0.14717576
747,747,PROT,128,1,basophil,macrophage,0.74702716,True,0.31909156,0.23972242,-0.73152125
748,748,PROT,128,3,"cd8-positive, alpha-beta t cell",monocyte,0.86157215,True,0.32203823,0.3654622,-0.7932005
749,749,PROT,128,3,"cd8-positive, alpha-beta t cell",macrophage,0.85052234,True,0.5060029,0.32381693,-0.76360595
750,750,PROT,128,3,"cd8-positive, alpha-beta t cell",macrophage,0.92176425,True,0.3903272,0.19783853,-0.8953836
751,751,PROT,128,1,basophil,macrophage,0.8629893,True,0.29580307,0.45660242,-0.6425665
752,752,PROT,128,3,"cd8-positive, alpha-beta t cell",monocyte,0.8963046,True,0.13523085,0.23843597,-0.66757894
753,753,PROT,128,12,monocyte,monocyte,0.9491326,True,0.14031376,0.565857,-0.08195847
754,754,PROT,128,3,"cd8-positive, alpha-beta t cell",monocyte,0.87004876,True,0.42070717,0.08739066,-0.609653
755,755,PROT,128,12,monocyte,monocyte,0.9003445,True,0.34585193,0.49567065,-0.22179066
756,756,PROT,128,1,basophil,monocyte,0.8310292,True,0.14521706,0.57872796,-0.45683828
757,757,PROT,128,12,monocyte,monocyte,0.9922051,False,0.2824583,0.51266116,0.05172226
758,758,PROT,128,12,monocyte,monocyte,0.93969816,True,0.0566276,0.5404482,-0.053773567
759,759,PROT,128,12,monocyte,monocyte,0.9545486,True,0.106521256,0.5163373,0.0016152114
760,760,PROT,128,3,"cd8-positive, alpha-beta t cell",macrophage,0.9411116,True,0.21255173,0.0067686625,-0.75018394
761,761,PROT,128,13,myeloid dendritic cell,monocyte,0.8825412,True,0.23497754,0.52245,-0.36308393
762,762,PROT,128,12,monocyte,monocyte,0.9822321,False,0.25996485,0.51744264,0.027902693
763,763,PROT,128,3,"cd8-positive, alpha-beta t cell",macrophage,0.8388817,True,0.27248248,0.2856137,-0.7040683
764,764,PROT,128,1,basophil,macrophage,0.90392756,True,0.2609044,0.38702855,-0.67622095
765,765,PROT,128,3,"cd8-positive, alpha-beta t cell",macrophage,0.8650249,True,0.49744385,0.1014341,-0.5436082
766,766,PROT,128,3,"cd8-positive, alpha-beta t cell",monocyte,0.7040955,True,0.18632066,-0.084439516,-0.09468675
767,767,PROT,128,12,monocyte,monocyte,0.9636699,True,0.25323722,0.5190609,-0.03720838
768,768,PROT,128,12,monocyte,monocyte,0.96568835,True,0.06648219,0.5237443,0.00875137
769,769,PROT,128,12,monocyte,monocyte,0.9786908,False,0.21106791,0.5339691,-0.01012297
770,770,PROT,128,12,monocyte,monocyte,0.97267246,True,0.326399,0.52469856,-0.06161457
771,771,PROT,128,3,"cd8-positive, alpha-beta t cell",macrophage,0.95115703,True,0.34517586,0.09200536,-0.81574273
772,772,PROT,128,12,monocyte,monocyte,0.97698534,True,0.38646734,0.5745739,-0.16365111
773,773,PROT,128,21,regulatory t cell,macrophage,0.76721966,True,0.34281495,0.21161516,-0.75111115
774,774,PROT,128,12,monocyte,monocyte,0.9730097,True,0.1521614,0.5177731,0.098244786
775,775,PROT,128,3,"cd8-positive, alpha-beta t cell",monocyte,0.9616204,True,0.34526837,0.08637421,-0.9281752
776,776,PROT,128,12,monocyte,monocyte,0.9745263,True,0.18227619,0.53105146,-0.02096811
777,777,PROT,128,13,myeloid dendritic cell,monocyte,0.83992726,True,-0.057326883,0.35442653,-0.019756675
778,778,PROT,128,3,"cd8-positive, alpha-beta t cell",macrophage,0.96525526,True,0.32855487,0.014218394,-0.7934867
779,779,PROT,128,3,"cd8-positive, alpha-beta t cell",macrophage,0.9372979,True,0.3936676,0.11688827,-0.7874048
780,780,PROT,128,3,"cd8-positive, alpha-beta t cell",macrophage,0.91559803,True,0.4295334,0.035796095,-0.9879418
781,781,PROT,128,1,basophil,monocyte,0.8552205,True,0.2597532,0.41700068,-0.7629541
782,782,PROT,128,1,basophil,monocyte,0.81920695,True,0.2969854,0.4180306,-0.7358897
783,783,PROT,128,12,monocyte,monocyte,0.97606874,True,0.1215677,0.50777876,0.080653384
784,784,PROT,128,3,"cd8-positive, alpha-beta t cell",monocyte,0.92466176,True,0.26401097,0.2320718,-0.83450913
785,785,PROT,128,1,basophil,monocyte,0.76440346,True,0.24238016,0.45665863,-0.5562427
786,786,PROT,128,18,plasma cell,macrophage,0.7873344,True,0.29116023,0.21064343,-0.777752
787,787,PROT,128,12,monocyte,monocyte,0.9955969,False,0.41729358,0.5947164,0.090491146
788,788,PROT,128,3,"cd8-positive, alpha-beta t cell",monocyte,0.83150417,True,0.33075643,0.34368223,-0.8171669
789,789,PROT,128,3,"cd8-positive, alpha-beta t cell",macrophage,0.91747296,True,0.2549976,0.2610567,-0.7571355
790,790,PROT,128,1,basophil,macrophage,0.8488803,True,0.29691896,0.2974259,-0.68703026
791,791,PROT,128,3,"cd8-positive, alpha-beta t cell",macrophage,0.8762673,True,0.33328345,0.13650815,-0.65181506
792,792,PROT,128,12,monocyte,monocyte,0.96628195,True,0.017660111,0.48457703,0.012676433
793,793,PROT,128,1,basophil,monocyte,0.89301485,True,0.23898636,0.43579814,-0.6809832
794,794,PROT,128,3,"cd8-positive, alpha-beta t cell",macrophage,0.8873016,True,0.34437662,0.1363504,-0.6813349
795,795,PROT,128,12,monocyte,monocyte,0.93930495,True,0.29490405,0.5571006,-0.192148
796,796,PROT,128,3,"cd8-positive, alpha-beta t cell",macrophage,0.93188053,True,0.34037942,0.02884056,-0.9559148
797,797,PROT,128,12,monocyte,monocyte,0.96682554,True,0.36546674,0.5900952,-0.15742329
798,798,PROT,128,13,myeloid dendritic cell,monocyte,0.8024734,True,0.2879526,0.4767634,-0.4392371
799,799,PROT,128,12,monocyte,monocyte,0.9378103,True,0.2536459,0.52087563,-0.1358553
800,800,PROT,128,12,monocyte,monocyte,0.99499285,False,0.410542,0.5474652,-0.014923945
801,801,PROT,128,3,"cd8-positive, alpha-beta t cell",macrophage,0.92253256,True,0.43947712,0.06356482,-0.97267383
802,802,PROT,128,1,basophil,macrophage,0.8090797,True,0.024927378,0.5025229,-0.45808062
803,803,PROT,128,3,"cd8-positive, alpha-beta t cell",monocyte,0.9157729,True,0.24251312,0.09984772,-0.73748875
804,804,PROT,128,3,"cd8-positive, alpha-beta t cell",monocyte,0.93497086,True,0.40358776,0.14112118,-0.9325253
805,805,PROT,128,12,monocyte,monocyte,0.8893708,True,0.27980697,0.5560214,-0.37934923
806,806,PROT,128,1,basophil,monocyte,0.80410755,True,0.26983374,0.26687184,-0.64024246
807,807,PROT,128,12,monocyte,monocyte,0.9827465,False,0.3391173,0.5779016,0.036320314
808,808,PROT,128,13,myeloid dendritic cell,monocyte,0.92134047,True,0.020871267,0.47811255,-0.1608984
809,809,PROT,128,12,monocyte,monocyte,0.98365366,False,0.25649107,0.53174067,0.06301397
810,810,PROT,128,15,natural killer cell,macrophage,0.90342665,True,0.39270526,0.2358224,-0.85114014
811,811,PROT,128,12,monocyte,monocyte,0.9882858,False,0.3150181,0.527428,-0.01368054
812,812,PROT,128,12,monocyte,monocyte,0.90976244,True,0.31394657,0.52322644,-0.31090415
813,813,PROT,128,3,"cd8-positive, alpha-beta t cell",monocyte,0.8335165,True,0.5954298,0.21757762,-0.6305495
814,814,PROT,128,3,"cd8-positive, alpha-beta t cell",monocyte,0.8893264,True,0.26709163,0.27936682,-0.7844152
815,815,PROT,128,12,monocyte,monocyte,0.9014087,True,0.34911668,0.56445205,-0.41622946
816,816,PROT,128,12,monocyte,monocyte,0.92296493,True,0.23181702,0.44836912,-0.10066804
817,817,PROT,128,3,"cd8-positive, alpha-beta t cell",macrophage,0.8692219,True,0.44192824,0.2122686,-0.9034803
818,818,PROT,128,13,myeloid dendritic cell,monocyte,0.90328664,True,-0.15415284,0.38150468,-0.061512597
819,819,PROT,128,13,myeloid dendritic cell,monocyte,0.94084376,True,-0.15925106,0.4096174,-0.016394012
820,820,PROT,128,12,monocyte,monocyte,0.98819125,False,0.20520936,0.54237753,0.0953068
821,821,PROT,128,13,myeloid dendritic cell,macrophage,0.79825294,True,0.33014247,0.3478614,-0.7534207
822,822,PROT,128,12,monocyte,monocyte,0.9867128,False,0.2812686,0.6295735,0.089726835
823,823,PROT,128,12,monocyte,monocyte,0.95896834,True,0.2551664,0.47880146,-0.060999896
824,824,PROT,128,13,myeloid dendritic cell,monocyte,0.8248329,True,0.08695015,0.32804015,-0.29955247
825,825,PROT,128,3,"cd8-positive, alpha-beta t cell",macrophage,0.9342744,True,0.43064225,0.10986517,-0.90433097
826,826,PROT,128,12,monocyte,monocyte,0.9766393,True,0.28972024,0.5656287,-0.10828293
827,827,PROT,128,13,myeloid dendritic cell,monocyte,0.922793,True,-0.19340825,0.4618214,-0.09053385
828,828,PROT,128,12,monocyte,monocyte,0.984335,False,0.2938802,0.5105608,-0.051669966
829,829,PROT,128,12,monocyte,monocyte,0.9565172,True,0.23284088,0.57313424,-0.034549214
830,830,PROT,128,15,natural killer cell,macrophage,0.9185818,True,0.46359956,-0.053092603,-0.9199171
831,831,PROT,128,12,monocyte,monocyte,0.93357056,True,0.19757885,0.61845726,-0.023902684
832,832,PROT,128,12,monocyte,monocyte,0.97331864,True,0.2542536,0.4951243,-0.051076636
833,833,PROT,128,3,"cd8-positive, alpha-beta t cell",macrophage,0.96219313,True,0.47152635,-0.07073345,-0.93068635
834,834,PROT,128,12,monocyte,monocyte,0.9876641,False,0.28650746,0.5792245,-0.06162032
835,835,PROT,128,12,monocyte,monocyte,0.9468158,True,0.27942216,0.5014923,0.015468851
836,836,PROT,128,12,monocyte,monocyte,0.9617834,True,0.2055321,0.4794508,-0.022092044
837,837,PROT,128,12,monocyte,monocyte,0.9679708,True,0.24268417,0.527502,-0.14131142
838,838,PROT,128,3,"cd8-positive, alpha-beta t cell",macrophage,0.9687527,True,0.40045035,0.017529007,-0.9175662
839,839,PROT,128,12,monocyte,monocyte,0.98662734,False,0.26595682,0.5914721,0.020846732
840,840,PROT,128,3,"cd8-positive, alpha-beta t cell",macrophage,0.82247573,True,0.4671954,0.27728084,-0.8137245
841,841,PROT,128,12,monocyte,monocyte,0.98274314,False,0.3571844,0.5428653,-0.00065618753
842,842,PROT,128,12,monocyte,monocyte,0.9183867,True,0.2511414,0.43540582,-0.15406318
843,843,PROT,128,3,"cd8-positive, alpha-beta t cell",monocyte,0.88914865,True,0.36506975,0.3315623,-0.8206639
844,844,PROT,128,16,neutrophil,monocyte,0.90427,True,-0.33631435,0.31199038,-0.10706326
845,845,PROT,128,13,myeloid dendritic cell,monocyte,0.844402,True,-0.11595896,0.357939,-0.18930222
846,846,PROT,128,12,monocyte,monocyte,0.99562085,False,0.3012926,0.57799035,0.02698706
847,847,PROT,128,3,"cd8-positive, alpha-beta t cell",macrophage,0.80591416,True,0.41780087,0.07077953,-0.9064251
848,848,PROT,128,13,myeloid dendritic cell,monocyte,0.8100447,True,-0.099494874,0.321525,-0.24270037
849,849,PROT,128,12,monocyte,monocyte,0.9757646,True,0.3961337,0.5124307,-0.004042417
850,850,PROT,128,13,myeloid dendritic cell,monocyte,0.90810436,True,0.0762573,0.43244976,-0.053324226
851,851,PROT,128,12,monocyte,monocyte,0.9317495,True,0.10011222,0.44469747,-0.038799062
852,852,PROT,128,3,"cd8-positive, alpha-beta t cell",macrophage,0.8189908,True,0.46312463,0.18785873,-0.6322355
853,853,PROT,128,12,monocyte,monocyte,0.92096406,True,0.103804976,0.4560369,-0.08434136
854,854,PROT,128,12,monocyte,monocyte,0.91573924,True,0.27508178,0.45430437,-0.072788596
855,855,PROT,128,12,monocyte,monocyte,0.9939824,False,0.36946383,0.5092461,0.06323001
856,856,PROT,128,3,"cd8-positive, alpha-beta t cell",macrophage,0.8307972,True,0.3214788,0.22500338,-0.91691387
857,857,PROT,128,3,"cd8-positive, alpha-beta t cell",monocyte,0.9509307,True,0.3533334,0.13126163,-0.894385
858,858,PROT,128,1,basophil,monocyte,0.78244185,True,0.03671588,0.35273537,-0.41680318
859,859,PROT,128,12,monocyte,monocyte,0.9634204,True,0.047885537,0.5027632,0.05430144
860,860,PROT,128,12,monocyte,monocyte,0.97022426,True,0.2878583,0.47112903,-0.014660686
861,861,PROT,128,3,"cd8-positive, alpha-beta t cell",macrophage,0.8991143,True,0.3857557,0.07511307,-0.91709906
862,862,PROT,128,12,monocyte,monocyte,0.98414946,False,0.32774994,0.50771266,-0.007770404
863,863,PROT,128,12,monocyte,monocyte,0.9954513,False,0.28340843,0.5327778,0.031100929
864,864,PROT,128,3,"cd8-positive, alpha-beta t cell",macrophage,0.91832435,True,0.43767968,0.09022485,-0.9461356
865,865,PROT,128,12,monocyte,monocyte,0.826081,True,0.35199082,0.44432297,-0.43145907
866,866,PROT,128,12,monocyte,monocyte,0.98398316,False,0.25401318,0.53759617,-0.008668944
867,867,PROT,128,12,monocyte,monocyte,0.9337708,True,0.08131325,0.5168294,-0.13328725
868,868,PROT,128,13,myeloid dendritic cell,monocyte,0.8131957,True,-0.12762657,0.36309907,-0.32161447
869,869,PROT,128,3,"cd8-positive, alpha-beta t cell",monocyte,0.8764067,True,0.26460963,0.25517294,-0.89179707
870,870,PROT,128,3,"cd8-positive, alpha-beta t cell",macrophage,0.8739483,True,0.36605674,0.25100115,-0.8687447
871,871,PROT,128,13,myeloid dendritic cell,monocyte,0.920015,True,-0.0047969073,0.4433286,-0.108833596
872,872,PROT,128,12,monocyte,monocyte,0.96448773,True,0.29933444,0.48312917,-0.08126883
873,873,PROT,128,12,monocyte,monocyte,0.9682365,True,-0.083046824,0.49667022,-0.019726865
874,874,PROT,128,3,"cd8-positive, alpha-beta t cell",macrophage,0.9055054,True,0.42663503,0.041806508,-0.96358407
875,875,PROT,128,3,"cd8-positive, alpha-beta t cell",macrophage,0.90074855,True,0.42538765,0.21127923,-0.79620755
876,876,PROT,128,3,"cd8-positive, alpha-beta t cell",macrophage,0.7804064,True,0.31859612,0.14672765,-0.88323426
877,877,PROT,128,3,"cd8-positive, alpha-beta t cell",macrophage,0.91352993,True,0.3222052,0.26770082,-0.7958777
878,878,PROT,128,15,natural killer cell,macrophage,0.8734124,True,0.43076086,0.16292267,-0.8688595
879,879,PROT,128,13,myeloid dendritic cell,monocyte,0.83461994,True,0.11805831,0.46351263,-0.39491713
880,880,PROT,128,12,monocyte,monocyte,0.92959017,True,0.11186439,0.44030318,-0.044528957
881,881,PROT,128,12,monocyte,monocyte,0.9243322,True,0.12167505,0.48652038,-0.1023489
882,882,PROT,128,12,monocyte,monocyte,0.91906476,True,0.28282163,0.48545977,-0.14433652
883,883,PROT,128,1,basophil,monocyte,0.81120133,True,0.10005362,0.2548021,-0.5006988
884,884,PROT,128,12,monocyte,monocyte,0.9814731,False,0.35163277,0.5099318,-0.011686906
885,885,PROT,128,12,monocyte,monocyte,0.914578,True,0.20549318,0.50898325,-0.18100975
886,886,PROT,128,13,myeloid dendritic cell,monocyte,0.8931114,True,0.034320176,0.42210802,-0.19206518
887,887,PROT,128,12,monocyte,monocyte,0.9645713,True,0.28336602,0.5563545,0.0034555867
888,888,PROT,128,13,myeloid dendritic cell,monocyte,0.88182414,True,0.08677065,0.5222246,-0.19655234
889,889,PROT,128,12,monocyte,monocyte,0.9510988,True,0.16654602,0.5425647,-0.028982393
890,890,PROT,128,12,monocyte,monocyte,0.97333133,True,0.2453598,0.50901294,-0.02309461
891,891,PROT,128,13,myeloid dendritic cell,monocyte,0.8465904,True,0.16777496,0.38729802,-0.33783382
892,892,PROT,128,12,monocyte,monocyte,0.98119557,False,0.26322198,0.59788865,-0.024003558
893,893,PROT,128,13,myeloid dendritic cell,monocyte,0.9231084,True,0.055096775,0.50771487,-0.15647304
894,894,PROT,128,12,monocyte,monocyte,0.97160226,True,0.2486743,0.49176142,0.010666631
895,895,PROT,128,3,"cd8-positive, alpha-beta t cell",monocyte,0.9026021,True,0.3825986,0.081552684,-0.95262617
896,896,PROT,128,3,"cd8-positive, alpha-beta t cell",macrophage,0.9333222,True,0.35917872,0.13939278,-0.8416531
897,897,PROT,128,12,monocyte,monocyte,0.9724508,True,0.18853933,0.5136658,-0.030255333
898,898,PROT,128,3,"cd8-positive, alpha-beta t cell",macrophage,0.8535049,True,0.27825564,0.19689469,-0.87609327
899,899,PROT,128,16,neutrophil,monocyte,0.8753759,True,-0.23608395,0.29009017,-0.1363237
900,900,PROT,128,12,monocyte,monocyte,0.83612615,True,0.23206636,0.38150868,-0.20337932
901,901,PROT,128,1,basophil,macrophage,0.8401131,True,0.34983373,0.32913926,-0.7762332
902,902,PROT,128,3,"cd8-positive, alpha-beta t cell",macrophage,0.82556003,True,0.3428268,0.36443064,-0.7226018
903,903,PROT,128,13,myeloid dendritic cell,monocyte,0.83874923,True,0.3137321,0.488391,-0.46054906
904,904,PROT,128,3,"cd8-positive, alpha-beta t cell",monocyte,0.9146372,True,0.3697992,0.14788304,-0.77662885
905,905,PROT,128,13,myeloid dendritic cell,monocyte,0.93343365,True,-0.24515575,0.57250863,0.20989192
906,906,PROT,128,3,"cd8-positive, alpha-beta t cell",monocyte,0.8888508,True,0.23338455,0.16737802,-0.69891083
907,907,PROT,128,3,"cd8-positive, alpha-beta t cell",monocyte,0.96622306,True,0.36184132,0.049666774,-0.8597167
908,908,PROT,128,4,classical monocyte,monocyte,0.97567385,True,0.41496718,0.7299925,0.2982998
909,909,PROT,128,3,"cd8-positive, alpha-beta t cell",monocyte,0.7444359,True,0.16954468,-0.06424716,-0.4051061
910,910,PROT,128,12,monocyte,monocyte,0.9834396,False,0.20502253,0.5315116,0.039438993
911,911,PROT,128,13,myeloid dendritic cell,monocyte,0.9047325,True,-0.01638028,0.48514435,-0.107228905
912,912,PROT,128,12,monocyte,monocyte,0.9672541,True,0.25856158,0.49981412,-0.084543675
913,913,PROT,128,12,monocyte,monocyte,0.9762719,True,0.2988323,0.66417736,0.044251442
914,914,PROT,128,12,monocyte,monocyte,0.8191185,True,0.3692407,0.41493526,-0.36346015
915,915,PROT,128,13,myeloid dendritic cell,monocyte,0.8175398,True,0.201976,0.4828398,-0.4400159
916,916,PROT,128,3,"cd8-positive, alpha-beta t cell",monocyte,0.9365122,True,0.26169866,0.09283593,-0.76695323
917,917,PROT,128,12,monocyte,macrophage,0.82166135,True,0.40778315,0.45599046,-0.5966902
918,918,PROT,128,3,"cd8-positive, alpha-beta t cell",monocyte,0.9096594,True,0.23561488,0.14922847,-0.739732
919,919,PROT,128,13,myeloid dendritic cell,monocyte,0.7834094,True,0.33962506,0.42174703,-0.5994153
920,920,PROT,128,13,myeloid dendritic cell,monocyte,0.9131518,True,-0.123642,0.46366426,-0.14768314
921,921,PROT,128,3,"cd8-positive, alpha-beta t cell",macrophage,0.86468095,True,0.2636386,0.20543171,-0.80734175
922,922,PROT,128,13,myeloid dendritic cell,monocyte,0.91667944,True,-0.15945378,0.4212202,-0.094078824
923,923,PROT,128,12,monocyte,monocyte,0.93206984,True,0.100140765,0.5045693,-0.11868903
924,924,PROT,128,12,monocyte,monocyte,0.9914248,False,0.36426193,0.5314091,0.018781744
925,925,PROT,128,12,monocyte,monocyte,0.9748089,True,0.25910395,0.5376118,0.007222481
926,926,PROT,128,13,myeloid dendritic cell,monocyte,0.89706516,True,0.1239708,0.4718828,-0.13653767
927,927,PROT,128,12,monocyte,monocyte,0.98572624,False,0.17116189,0.53106326,0.07859129
928,928,PROT,128,15,natural killer cell,macrophage,0.8383096,True,0.4317491,-0.11504864,-0.9021388
929,929,PROT,128,12,monocyte,monocyte,0.9535012,True,0.037992194,0.55983394,-0.063699625
930,930,PROT,128,12,monocyte,monocyte,0.95128465,True,0.21166939,0.6205436,0.0520605
931,931,PROT,128,13,myeloid dendritic cell,monocyte,0.91337013,True,-0.1525589,0.4062836,-0.060520414
932,932,PROT,128,15,natural killer cell,macrophage,0.9303601,True,0.49726498,-0.046533715,-0.9479463
933,933,PROT,128,1,basophil,monocyte,0.8215812,True,0.28155142,0.51245064,-0.69793105
934,934,PROT,128,12,monocyte,monocyte,0.9849154,False,0.33267754,0.501196,-0.052037634
935,935,PROT,128,15,natural killer cell,macrophage,0.9507511,True,0.46370497,-0.06301895,-0.96068573
936,936,PROT,128,3,"cd8-positive, alpha-beta t cell",macrophage,0.87625855,True,0.27046216,0.33939496,-0.69872236
937,937,PROT,128,13,myeloid dendritic cell,monocyte,0.90039885,True,-0.100357324,0.40994105,-0.05013057
938,938,PROT,128,13,myeloid dendritic cell,monocyte,0.9290878,True,0.079753876,0.5597588,-0.12063171
939,939,PROT,128,12,monocyte,monocyte,0.9769385,True,0.45166612,0.8039548,0.13097385
940,940,PROT,128,3,"cd8-positive, alpha-beta t cell",macrophage,0.8378703,True,0.34138915,0.36117634,-0.85734653
941,941,PROT,128,13,myeloid dendritic cell,monocyte,0.89339954,True,0.084972665,0.43786326,-0.12973025
942,942,PROT,128,12,monocyte,monocyte,0.9645475,True,0.25463253,0.49331877,-0.02138894
943,943,PROT,128,12,monocyte,monocyte,0.93709934,True,0.07564308,0.5016486,-0.07744737
944,944,PROT,128,3,"cd8-positive, alpha-beta t cell",monocyte,0.8878105,True,0.37935668,0.20670737,-0.9323833
945,945,PROT,128,1,basophil,monocyte,0.82382107,True,0.24099824,0.40450308,-0.633186
946,946,PROT,128,12,monocyte,monocyte,0.9866163,False,0.31427473,0.52185076,-0.05358936
947,947,PROT,128,3,"cd8-positive, alpha-beta t cell",macrophage,0.9283056,True,0.44790116,0.09127654,-0.93512833
948,948,PROT,128,13,myeloid dendritic cell,monocyte,0.94462717,True,-0.0058398545,0.5526943,-0.006852612
949,949,PROT,128,15,natural killer cell,macrophage,0.94952244,True,0.46138108,-0.07339659,-0.9464991
950,950,PROT,128,12,monocyte,monocyte,0.9312589,True,0.12878993,0.5688101,-0.08676284
951,951,PROT,128,13,myeloid dendritic cell,monocyte,0.8794781,True,0.022819996,0.426446,-0.1313411
952,952,PROT,128,12,monocyte,monocyte,0.9656728,True,0.33872432,0.491788,-0.07048565
953,953,PROT,128,13,myeloid dendritic cell,monocyte,0.89033675,True,0.12780294,0.5927258,-0.2094039
954,954,PROT,128,12,monocyte,monocyte,0.95685333,True,0.21923465,0.48156485,-0.08657846
955,955,PROT,128,15,natural killer cell,macrophage,0.90334284,True,0.45478177,0.06684451,-0.87654376
956,956,PROT,128,3,"cd8-positive, alpha-beta t cell",macrophage,0.9609555,True,0.44038853,-0.037009437,-0.94423807
957,957,PROT,128,12,monocyte,monocyte,0.9549527,True,0.036777407,0.55727464,-0.023960367
958,958,PROT,128,3,"cd8-positive, alpha-beta t cell",macrophage,0.87999266,True,0.44470084,-0.028847698,-0.9786511
959,959,PROT,128,12,monocyte,monocyte,0.95920056,True,0.21314587,0.4714342,-0.11211386
960,960,PROT,128,12,monocyte,monocyte,0.9498943,True,0.20572282,0.6543104,0.064219505
961,961,PROT,128,12,monocyte,monocyte,0.93965787,True,0.24169803,0.7227198,0.06522472
962,962,PROT,128,12,monocyte,monocyte,0.97281677,True,0.3234948,0.5113885,-0.038545996
963,963,PROT,128,16,neutrophil,monocyte,0.90259606,True,-0.4018713,0.28809622,-0.24987091
964,964,PROT,128,13,myeloid dendritic cell,monocyte,0.9329724,True,0.010287225,0.58693856,-0.03925988
965,965,PROT,128,12,monocyte,monocyte,0.94044,True,0.13386782,0.49096903,-0.101625994
966,966,PROT,128,12,monocyte,monocyte,0.9758054,True,0.28736106,0.56543666,0.0191968
967,967,PROT,128,3,"cd8-positive, alpha-beta t cell",macrophage,0.95767707,True,0.37411472,0.07083662,-0.8828807
968,968,PROT,128,3,"cd8-positive, alpha-beta t cell",macrophage,0.9298323,True,0.23996009,-0.0009180233,-0.7338672
969,969,PROT,128,12,monocyte,monocyte,0.93108505,True,0.11209954,0.45669308,-0.078971565
970,970,PROT,128,12,monocyte,monocyte,0.9952463,False,0.3645938,0.5550931,0.05344683
971,971,PROT,128,3,"cd8-positive, alpha-beta t cell",macrophage,0.9315385,True,0.36516136,0.1970988,-0.86773396
972,972,PROT,128,3,"cd8-positive, alpha-beta t cell",monocyte,0.9103769,True,0.34569675,0.20812614,-0.8958837
973,973,PROT,128,3,"cd8-positive, alpha-beta t cell",macrophage,0.7871666,True,0.42751598,0.2937235,-0.82449716
974,974,PROT,128,12,monocyte,monocyte,0.9897027,False,0.30107525,0.6250133,0.0046295226
975,975,PROT,128,1,basophil,monocyte,0.789767,True,0.35920662,0.46017846,-0.6471577
976,976,PROT,128,12,monocyte,monocyte,0.9792771,False,0.2011013,0.49818048,-0.0048597604
977,977,PROT,128,3,"cd8-positive, alpha-beta t cell",macrophage,0.8536814,True,0.3553269,0.32225797,-0.81478965
978,978,PROT,128,3,"cd8-positive, alpha-beta t cell",macrophage,0.93772465,True,0.38342273,0.14268471,-0.80164915
979,979,PROT,128,12,monocyte,monocyte,0.74057657,True,0.36837548,0.32112673,-0.47184527
980,980,PROT,128,12,monocyte,monocyte,0.9634952,True,0.37415275,0.51162404,-0.14639777
981,981,PROT,128,12,monocyte,monocyte,0.96993834,True,0.061610043,0.5039689,0.068344384
982,982,PROT,128,12,monocyte,monocyte,0.9734227,True,0.2984275,0.5352546,-0.10616879
983,983,PROT,128,12,monocyte,monocyte,0.9780253,False,0.20361462,0.5091651,0.001236707
984,984,PROT,128,12,monocyte,monocyte,0.7487029,True,0.42213044,0.3933109,-0.53466654
985,985,PROT,128,13,myeloid dendritic cell,monocyte,0.9487597,True,0.10768035,0.55866414,-0.07810585
986,986,PROT,128,3,"cd8-positive, alpha-beta t cell",macrophage,0.94700557,True,0.34875122,0.15940887,-0.7629651
987,987,PROT,128,12,monocyte,monocyte,0.98992,False,0.34333426,0.5760014,0.039054647
988,988,PROT,128,13,myeloid dendritic cell,macrophage,0.8590335,True,0.29930714,0.42184192,-0.29802677
989,989,PROT,128,15,natural killer cell,macrophage,0.95200306,True,0.3399911,0.094229236,-0.8880683
990,990,PROT,128,1,basophil,monocyte,0.8264442,True,0.18449295,0.47459444,-0.6474844
991,991,PROT,128,12,monocyte,monocyte,0.98736596,False,0.2913778,0.59347546,-0.0031857416
992,992,PROT,128,12,monocyte,monocyte,0.81846666,True,0.3347764,0.5088917,-0.48127168
993,993,PROT,128,12,monocyte,monocyte,0.9604861,True,0.23489551,0.49392596,-0.104892835
994,994,PROT,128,12,monocyte,monocyte,0.98433745,False,0.32871693,0.52340144,-0.0478301
995,995,PROT,128,12,monocyte,monocyte,0.98091763,False,0.25364304,0.5576685,-0.081884116
996,996,PROT,128,3,"cd8-positive, alpha-beta t cell",monocyte,0.9264512,True,0.27456912,0.25447133,-0.77419007
997,997,PROT,128,3,"cd8-positive, alpha-beta t cell",macrophage,0.96253455,True,0.2459184,-0.021396741,-0.78704405
998,998,PROT,128,12,monocyte,monocyte,0.97159356,True,0.3005591,0.52989465,-0.020320907
999,999,PROT,128,13,myeloid dendritic cell,monocyte,0.8954319,True,0.040510237,0.5151717,-0.26595342
1000,1000,PROT,128,3,"cd8-positive, alpha-beta t cell",macrophage,0.92063755,True,0.42437285,0.06814064,-0.96282274
1001,1001,PROT,128,13,myeloid dendritic cell,monocyte,0.9036825,True,0.022655815,0.5018696,-0.104967594
1002,1002,PROT,128,3,"cd8-positive, alpha-beta t cell",monocyte,0.93452287,True,0.28566563,0.107709885,-0.7777945
1003,1003,PROT,128,3,"cd8-positive, alpha-beta t cell",macrophage,0.92056566,True,0.44307113,-0.059004974,-0.9316303
1004,1004,PROT,128,12,monocyte,monocyte,0.94328254,True,0.011611626,0.44813415,-0.06923195
1005,1005,PROT,128,12,monocyte,monocyte,0.9875606,False,0.36444744,0.5969545,0.0026119575
1006,1006,PROT,128,12,monocyte,monocyte,0.94857067,True,0.12791742,0.5081767,-0.008314595
1007,1007,PROT,128,12,monocyte,monocyte,0.9607299,True,0.3836811,0.7496905,0.14362735
1008,1008,PROT,128,12,monocyte,monocyte,0.9914543,False,0.3355716,0.5370211,0.021859214
1009,1009,PROT,128,12,monocyte,monocyte,0.9633383,True,0.29467633,0.5041465,-0.06706756
1010,1010,PROT,128,3,"cd8-positive, alpha-beta t cell",macrophage,0.8333702,True,0.18702358,0.3556514,-0.76809764
1011,1011,PROT,128,12,monocyte,monocyte,0.97632223,True,0.25640056,0.60395205,0.008378699
1012,1012,PROT,128,13,myeloid dendritic cell,monocyte,0.8968211,True,-0.16385433,0.339188,-0.1057709
1013,1013,PROT,128,3,"cd8-positive, alpha-beta t cell",macrophage,0.97005713,True,0.43458104,-0.02319536,-0.9089217
1014,1014,PROT,128,3,"cd8-positive, alpha-beta t cell",macrophage,0.90544266,True,0.485872,0.09620781,-0.9245428
1015,1015,PROT,128,12,monocyte,monocyte,0.9908041,False,0.40439707,0.5716361,0.03254804
1016,1016,PROT,128,3,"cd8-positive, alpha-beta t cell",macrophage,0.9636594,True,0.24969158,0.026054088,-0.8227477
1017,1017,PROT,128,13,myeloid dendritic cell,monocyte,0.8713009,True,-0.14688575,0.48189744,-0.11289701
1018,1018,PROT,128,13,myeloid dendritic cell,monocyte,0.9156006,True,-0.01579079,0.45652637,-0.07848304
1019,1019,PROT,128,12,monocyte,monocyte,0.9814525,False,0.27565467,0.5400524,-0.018118747
1020,1020,PROT,128,12,monocyte,monocyte,0.9760132,True,0.20136958,0.5597319,-0.0012652576
1021,1021,PROT,128,12,monocyte,monocyte,0.9279919,True,0.34333408,0.5404569,-0.25335798
1022,1022,PROT,128,12,monocyte,monocyte,0.922294,True,0.29200613,0.52404857,-0.27556744
1023,1023,PROT,128,12,monocyte,monocyte,0.97718257,True,0.25799274,0.51734537,-0.03288512
1024,1024,PROT,128,12,monocyte,monocyte,0.9266412,True,0.09489991,0.4951035,-0.11546967
1025,1025,PROT,128,13,myeloid dendritic cell,monocyte,0.8421741,True,0.18034594,0.51176584,-0.42763603
1026,1026,PROT,128,12,monocyte,monocyte,0.98754895,False,0.2943159,0.5367428,-0.046888653
1027,1027,PROT,128,12,monocyte,monocyte,0.996521,False,0.43243116,0.51083916,0.039122894
1028,1028,PROT,128,15,natural killer cell,macrophage,0.93524206,True,0.41291454,-0.021945443,-0.9507258
1029,1029,PROT,128,3,"cd8-positive, alpha-beta t cell",macrophage,0.95078045,True,0.43335444,0.01701473,-0.9286114
1030,1030,PROT,128,12,monocyte,monocyte,0.9355346,True,0.09424925,0.53473616,-0.07290405
1031,1031,PROT,128,12,monocyte,monocyte,0.94600266,True,0.23756512,0.4953272,-0.12458444
1032,1032,PROT,128,12,monocyte,monocyte,0.9723218,True,0.16641146,0.5058976,0.05213508
1033,1033,PROT,128,3,"cd8-positive, alpha-beta t cell",macrophage,0.9267838,True,0.28608608,0.20002927,-0.89825463
1034,1034,PROT,128,3,"cd8-positive, alpha-beta t cell",monocyte,0.76865596,True,0.11298997,0.15332602,-0.37910727
1035,1035,PROT,128,12,monocyte,monocyte,0.9957197,False,0.45118386,0.6261596,0.061430097
1036,1036,PROT,128,12,monocyte,monocyte,0.9844721,False,0.30880973,0.4721124,0.003951311
1037,1037,PROT,128,13,myeloid dendritic cell,monocyte,0.79936975,True,0.22452956,0.47217855,-0.4536326
1038,1038,PROT,128,12,monocyte,monocyte,0.9986183,False,0.42253894,0.5375121,0.0970982
1039,1039,PROT,128,13,myeloid dendritic cell,monocyte,0.7900854,True,0.23754255,0.43132046,-0.5052937
1040,1040,PROT,128,3,"cd8-positive, alpha-beta t cell",macrophage,0.93033594,True,0.34807724,0.10122451,-0.96664906
1041,1041,PROT,128,3,"cd8-positive, alpha-beta t cell",macrophage,0.93850935,True,0.32627368,0.11818229,-0.8630894
1042,1042,PROT,128,12,monocyte,monocyte,0.95524174,True,0.20692472,0.561568,-0.08731805
1043,1043,PROT,128,12,monocyte,monocyte,0.9929717,False,0.37455392,0.5477762,-0.006729521
1044,1044,PROT,128,1,basophil,monocyte,0.89854044,True,0.19612242,0.34659556,-0.72092724
1045,1045,PROT,128,3,"cd8-positive, alpha-beta t cell",monocyte,0.9534586,True,0.3412861,0.10293232,-0.73974
1046,1046,PROT,128,3,"cd8-positive, alpha-beta t cell",monocyte,0.8468838,True,0.25412798,0.30311817,-0.6292289
1047,1047,PROT,128,13,myeloid dendritic cell,monocyte,0.86545336,True,0.22200891,0.5344901,-0.41257244
1048,1048,PROT,128,12,monocyte,monocyte,0.99800164,False,0.44396096,0.5488512,0.10110837
1049,1049,PROT,128,3,"cd8-positive, alpha-beta t cell",macrophage,0.9589646,True,0.38188556,-0.046650283,-0.9704746
1050,1050,PROT,128,12,monocyte,monocyte,0.99541116,False,0.32398418,0.51139444,0.041070536
1051,1051,PROT,128,1,basophil,monocyte,0.8637209,True,0.25723493,0.4874868,-0.5721646
1052,1052,PROT,128,3,"cd8-positive, alpha-beta t cell",macrophage,0.8472546,True,0.21631816,0.23657282,-0.8293947
1053,1053,PROT,128,12,monocyte,monocyte,0.9960842,False,0.3475564,0.5295359,0.08373591
1054,1054,PROT,128,12,monocyte,monocyte,0.9938245,False,0.44086355,0.46121278,0.119948596
1055,1055,PROT,128,12,monocyte,monocyte,0.8801409,True,0.18872443,0.3779159,-0.13690817
1056,1056,PROT,128,12,monocyte,macrophage,0.7440971,True,0.2326499,0.37460804,-0.44062757
1057,1057,PROT,128,12,monocyte,monocyte,0.9786288,False,0.3109607,0.5749932,0.07740888
1058,1058,PROT,128,1,basophil,macrophage,0.77828604,True,0.31679893,0.42494467,-0.69052577
1059,1059,PROT,128,3,"cd8-positive, alpha-beta t cell",macrophage,0.9002821,True,0.39570427,0.14225204,-0.9364775
1060,1060,PROT,128,12,monocyte,monocyte,0.9665986,True,0.33439207,0.5269263,-0.074747756
1061,1061,PROT,128,12,monocyte,monocyte,0.9652877,True,0.1603889,0.53964525,-0.0050815716
1062,1062,PROT,128,13,myeloid dendritic cell,monocyte,0.89124274,True,0.16264513,0.5482139,-0.3142341
1063,1063,PROT,128,13,myeloid dendritic cell,monocyte,0.8165611,True,0.17287132,0.4587607,-0.42213762
1064,1064,PROT,128,12,monocyte,monocyte,0.9756961,True,0.19361635,0.5257015,-0.036265597
1065,1065,PROT,128,12,monocyte,monocyte,0.9782137,False,-0.10297385,0.5009741,0.073326916
1066,1066,PROT,128,12,monocyte,monocyte,0.8550588,True,0.49150535,0.043963272,0.07290104
1067,1067,PROT,128,3,"cd8-positive, alpha-beta t cell",macrophage,0.93760633,True,0.43045387,0.04333282,-0.9452666
1068,1068,PROT,128,14,"naive thymus-derived cd4-positive, alpha-beta t cell",macrophage,0.7459351,True,0.38248298,0.026126344,-0.901363
1069,1069,PROT,128,3,"cd8-positive, alpha-beta t cell",macrophage,0.885908,True,0.36842784,0.22179563,-0.92197317
1070,1070,PROT,128,16,neutrophil,monocyte,0.8613177,True,-0.24212441,0.14438,-0.05216077
1071,1071,PROT,128,3,"cd8-positive, alpha-beta t cell",macrophage,0.8364869,True,0.3235253,0.2521691,-0.79817086
1072,1072,PROT,128,12,monocyte,monocyte,0.9947603,False,0.30724636,0.57345104,0.0013723597
1073,1073,PROT,128,12,monocyte,monocyte,0.99072313,False,0.4586221,0.7383854,0.15003008
1074,1074,PROT,128,12,monocyte,monocyte,0.99441993,False,0.34143436,0.52645606,0.031801164
1075,1075,PROT,128,12,monocyte,monocyte,0.72964364,True,0.2700461,0.34005377,-0.4591126
1076,1076,PROT,128,16,neutrophil,monocyte,0.975802,True,-0.51912403,0.33295825,0.037199885
1077,1077,PROT,128,3,"cd8-positive, alpha-beta t cell",monocyte,0.9456437,True,0.30080658,0.16629617,-0.85288405
1078,1078,PROT,128,12,monocyte,monocyte,0.9689618,True,0.069878384,0.51119137,0.094183326
1079,1079,PROT,128,3,"cd8-positive, alpha-beta t cell",macrophage,0.77474946,True,0.29300737,0.2774798,-0.84529126
1080,1080,PROT,128,12,monocyte,monocyte,0.87434685,True,0.3344546,0.51947266,-0.39480516
1081,1081,PROT,128,3,"cd8-positive, alpha-beta t cell",monocyte,0.9066323,True,0.3367589,0.33321503,-0.8019229
1082,1082,PROT,128,3,"cd8-positive, alpha-beta t cell",macrophage,0.9323908,True,0.46846214,-0.054347724,-0.97448575
1083,1083,PROT,128,12,monocyte,monocyte,0.94270974,True,0.2066906,0.5408781,-0.22095026
1084,1084,PROT,128,13,myeloid dendritic cell,monocyte,0.85454464,True,0.020727485,0.46493217,-0.27848977
1085,1085,PROT,128,12,monocyte,monocyte,0.829474,True,0.2248363,0.4183049,-0.25122046
1086,1086,PROT,128,12,monocyte,monocyte,0.90616095,True,0.12769735,0.48694125,-0.1745973
1087,1087,PROT,128,1,basophil,macrophage,0.83647233,True,0.2373642,0.41117772,-0.6120949
1088,1088,PROT,128,3,"cd8-positive, alpha-beta t cell",monocyte,0.78061074,True,0.22441518,0.3149915,-0.46891057
1089,1089,PROT,128,3,"cd8-positive, alpha-beta t cell",macrophage,0.9116208,True,0.16187613,0.05354171,-0.7279294
1090,1090,PROT,128,3,"cd8-positive, alpha-beta t cell",macrophage,0.9051036,True,0.112421796,0.25647366,-0.78639126
1091,1091,PROT,128,12,monocyte,monocyte,0.98397547,False,0.4337678,0.61394197,-0.027569674
1092,1092,PROT,128,12,monocyte,monocyte,0.87070924,True,0.29528192,0.5072948,-0.43746805
1093,1093,PROT,128,13,myeloid dendritic cell,monocyte,0.8451623,True,0.37524337,0.5935763,-0.4034829
1094,1094,PROT,128,13,myeloid dendritic cell,monocyte,0.8938968,True,0.14149779,0.57280153,-0.26870647
1095,1095,PROT,128,3,"cd8-positive, alpha-beta t cell",macrophage,0.93719596,True,0.52075267,-0.02228951,-0.9587335
1096,1096,PROT,128,12,monocyte,monocyte,0.9699407,True,0.13315472,0.5391401,0.065673724
1097,1097,PROT,128,16,neutrophil,monocyte,0.97583747,True,-0.36569837,0.4226273,0.04014784
1098,1098,PROT,128,3,"cd8-positive, alpha-beta t cell",monocyte,0.94172543,True,0.482524,0.08889525,-0.86232483
1099,1099,PROT,128,1,basophil,monocyte,0.82253444,True,0.28531903,0.37757406,-0.75184506
1100,1100,PROT,128,12,monocyte,monocyte,0.9695211,True,0.1787351,0.5407854,-0.007279694
1101,1101,PROT,128,12,monocyte,monocyte,0.9870454,False,0.32675838,0.5364359,0.0069655627
1102,1102,PROT,128,1,basophil,monocyte,0.81170124,True,0.2592565,0.29902872,-0.7590471
1103,1103,PROT,128,12,monocyte,monocyte,0.9713059,True,0.051670626,0.5151854,0.061689943
1104,1104,PROT,128,3,"cd8-positive, alpha-beta t cell",macrophage,0.92560637,True,0.3578691,0.17995295,-0.83762604
1105,1105,PROT,128,12,monocyte,monocyte,0.9984862,False,0.4400651,0.5399683,0.07006244
1106,1106,PROT,128,3,"cd8-positive, alpha-beta t cell",macrophage,0.9516911,True,0.32274377,0.08325924,-0.72895944
1107,1107,PROT,128,12,monocyte,monocyte,0.92463136,True,0.07588515,0.50382113,-0.19017448
1108,1108,PROT,128,1,basophil,macrophage,0.8450692,True,0.33402377,0.5018084,-0.68000364
1109,1109,PROT,128,13,myeloid dendritic cell,monocyte,0.8509879,True,0.019421354,0.5030666,-0.29835132
1110,1110,PROT,128,12,monocyte,monocyte,0.9981172,False,0.44147336,0.5270684,0.06654617
1111,1111,PROT,128,12,monocyte,monocyte,0.99101764,False,0.22207618,0.5293847,0.098655835
1112,1112,PROT,128,1,basophil,monocyte,0.92987335,True,0.28534475,0.32175192,-0.81020075
1113,1113,PROT,128,12,monocyte,monocyte,0.9785239,False,0.23250793,0.5049084,0.01174669
1114,1114,PROT,128,1,basophil,monocyte,0.7815173,True,0.31695154,0.41252685,-0.5694418
1115,1115,PROT,128,12,monocyte,monocyte,0.9628967,True,0.21456781,0.36333683,0.17674077
1116,1116,PROT,128,3,"cd8-positive, alpha-beta t cell",monocyte,0.82504845,True,0.37012818,0.34608844,-0.6938257
1117,1117,PROT,128,1,basophil,macrophage,0.85962397,True,0.1910874,0.4953365,-0.68481517
1118,1118,PROT,128,3,"cd8-positive, alpha-beta t cell",macrophage,0.88254684,True,0.3300327,0.19984238,-0.6911558
1119,1119,PROT,128,12,monocyte,monocyte,0.9402492,True,-0.16343841,0.3640126,0.11771688
1120,1120,PROT,128,12,monocyte,macrophage,0.8576201,True,0.20622097,0.48720977,-0.358837
1121,1121,PROT,128,3,"cd8-positive, alpha-beta t cell",monocyte,0.8281316,True,0.34660524,0.26313266,-0.5925068
1122,1122,PROT,128,12,monocyte,monocyte,0.96784246,True,0.04596272,0.5078707,0.08693203
1123,1123,PROT,128,3,"cd8-positive, alpha-beta t cell",monocyte,0.88108844,True,0.19412674,0.31627175,-0.7662692
1124,1124,PROT,128,1,basophil,monocyte,0.8413965,True,0.24603623,0.3093052,-0.7027296
1125,1125,PROT,128,13,myeloid dendritic cell,monocyte,0.85751593,True,0.16671178,0.4977161,-0.27813584
1126,1126,PROT,128,14,"naive thymus-derived cd4-positive, alpha-beta t cell",macrophage,0.8521454,True,0.24875754,0.089866266,-0.70310426
1127,1127,PROT,128,12,monocyte,monocyte,0.98051554,False,0.39932626,0.54936075,-0.14685209
1128,1128,PROT,128,3,"cd8-positive, alpha-beta t cell",macrophage,0.82295257,True,0.28662777,0.27053556,-0.84065425
1129,1129,PROT,128,12,monocyte,monocyte,0.99236715,False,0.4548957,0.61950696,0.09530726
1130,1130,PROT,128,14,"naive thymus-derived cd4-positive, alpha-beta t cell",monocyte,0.84565896,True,0.22323197,0.1314414,-0.75224745
1131,1131,PROT,128,12,monocyte,monocyte,0.9674203,True,0.011516944,0.509708,0.08579284
1132,1132,PROT,128,12,monocyte,monocyte,0.88828486,True,0.34245443,0.32340994,-0.049204938
1133,1133,PROT,128,12,monocyte,monocyte,0.9390586,True,0.088320345,0.51169056,-0.06450853
1134,1134,PROT,128,12,monocyte,monocyte,0.98938894,False,0.26775187,0.5280252,0.05509703
1135,1135,PROT,128,15,natural killer cell,macrophage,0.86365324,True,0.42609456,0.16050838,-0.91844124
1136,1136,PROT,128,12,monocyte,monocyte,0.98971134,False,0.2615225,0.50134647,0.058710396
1137,1137,PROT,128,13,myeloid dendritic cell,monocyte,0.91957253,True,0.15869996,0.5273144,-0.13589758
1138,1138,PROT,128,1,basophil,macrophage,0.82114124,True,0.27738604,0.32278976,-0.8565557
1139,1139,PROT,128,12,monocyte,monocyte,0.96287256,True,-0.0053432584,0.47628132,-0.027303964
1140,1140,PROT,128,3,"cd8-positive, alpha-beta t cell",monocyte,0.8770215,True,0.36208576,0.28568462,-0.8046026
1141,1141,PROT,128,13,myeloid dendritic cell,monocyte,0.8261,True,0.23807973,0.6041441,-0.302766
1142,1142,PROT,128,3,"cd8-positive, alpha-beta t cell",monocyte,0.789553,True,0.39653924,0.31847417,-0.51361245
1143,1143,PROT,128,3,"cd8-positive, alpha-beta t cell",macrophage,0.9671324,True,0.31389686,0.051017042,-0.7709004
1144,1144,PROT,128,3,"cd8-positive, alpha-beta t cell",macrophage,0.9719994,True,0.3384807,0.009226676,-0.89854515
1145,1145,PROT,128,3,"cd8-positive, alpha-beta t cell",macrophage,0.875658,True,0.33197975,0.19088246,-0.8949208
1146,1146,PROT,128,12,monocyte,monocyte,0.93320316,True,0.3353712,0.48845217,-0.20242593
1147,1147,PROT,128,3,"cd8-positive, alpha-beta t cell",macrophage,0.9054745,True,0.23390535,0.1657087,-0.83321714
1148,1148,PROT,128,13,myeloid dendritic cell,monocyte,0.9472907,True,0.081366956,0.6910849,0.17104927
1149,1149,PROT,128,3,"cd8-positive, alpha-beta t cell",monocyte,0.8759845,True,0.12820533,0.23526047,-0.6498751
1150,1150,PROT,128,12,monocyte,monocyte,0.7755375,True,0.19824794,0.4345683,-0.40159085
1151,1151,PROT,128,12,monocyte,monocyte,0.9429309,True,0.26842672,0.5113744,-0.13382417
1152,1152,PROT,128,12,monocyte,monocyte,0.97784615,True,0.3547208,0.55874044,0.006359212
1153,1153,PROT,128,1,basophil,monocyte,0.88344973,True,0.2529108,0.43400115,-0.7556834
1154,1154,PROT,128,12,monocyte,monocyte,0.96400636,True,0.2547594,0.4971477,-0.007940456
1155,1155,PROT,128,12,monocyte,monocyte,0.9847483,False,0.28249863,0.5022704,0.0080277175
1156,1156,PROT,128,3,"cd8-positive, alpha-beta t cell",macrophage,0.9025223,True,0.43122178,0.14090231,-0.90708554
1157,1157,PROT,128,3,"cd8-positive, alpha-beta t cell",macrophage,0.80912846,True,0.37371302,0.35927317,-0.8046725
1158,1158,PROT,128,12,monocyte,monocyte,0.9397119,True,0.16032016,0.5306247,-0.0651145
1159,1159,PROT,128,14,"naive thymus-derived cd4-positive, alpha-beta t cell",macrophage,0.6997505,True,0.2714162,0.18659551,-0.8232523
1160,1160,PROT,128,12,monocyte,monocyte,0.9386648,True,0.16119197,0.5599209,-0.042279266
1161,1161,PROT,128,12,monocyte,monocyte,0.9970732,False,0.34121856,0.526902,0.04962471
1162,1162,PROT,128,13,myeloid dendritic cell,monocyte,0.9486908,True,-0.09018883,0.51470906,0.050233424
1163,1163,PROT,128,12,monocyte,monocyte,0.9478857,True,0.17673662,0.5487679,-0.04409595
1164,1164,PROT,128,12,monocyte,monocyte,0.94436246,True,0.33698428,0.5521738,-0.20283341
1165,1165,PROT,128,3,"cd8-positive, alpha-beta t cell",monocyte,0.9365136,True,0.32873696,0.13295753,-0.80778366
1166,1166,PROT,128,13,myeloid dendritic cell,monocyte,0.83964026,True,0.053656965,0.44967386,-0.28585887
1167,1167,PROT,128,12,monocyte,monocyte,0.90757304,True,0.19098198,0.4656404,-0.13443205
1168,1168,PROT,128,13,myeloid dendritic cell,macrophage,0.78938437,True,0.21516354,0.42937443,-0.42654216
1169,1169,PROT,128,3,"cd8-positive, alpha-beta t cell",macrophage,0.94656736,True,0.30520236,0.12464832,-0.91129565
1170,1170,PROT,128,3,"cd8-positive, alpha-beta t cell",macrophage,0.9368702,True,0.22516993,0.087431476,-0.85461617
1171,1171,PROT,128,12,monocyte,monocyte,0.9919938,False,0.3604136,0.55403054,0.021273494
1172,1172,PROT,128,3,"cd8-positive, alpha-beta t cell",macrophage,0.9584111,True,0.20279908,-0.008424167,-0.7739265
1173,1173,PROT,128,12,monocyte,monocyte,0.75287145,True,0.38076475,0.44032258,-0.579779
1174,1174,PROT,128,12,monocyte,monocyte,0.9540944,True,0.1847585,0.4959421,-0.059731107
1175,1175,PROT,128,1,basophil,monocyte,0.84466296,True,0.17332815,0.40825316,-0.48252144
1176,1176,PROT,128,12,monocyte,monocyte,0.99833655,False,0.45256886,0.5449872,0.099125534
1177,1177,PROT,128,12,monocyte,monocyte,0.9438577,True,0.2616487,0.5765996,-0.033504814
1178,1178,PROT,128,3,"cd8-positive, alpha-beta t cell",macrophage,0.9366432,True,0.31333983,0.15636228,-0.9018964
1179,1179,PROT,128,12,monocyte,monocyte,0.9842542,False,0.23012727,0.5377157,0.016083077
1180,1180,PROT,128,12,monocyte,monocyte,0.9988574,False,0.46075696,0.5367421,0.0886904
1181,1181,PROT,128,3,"cd8-positive, alpha-beta t cell",monocyte,0.9570747,True,0.41310185,0.060212355,-0.9180596
1182,1182,PROT,128,12,monocyte,monocyte,0.99805826,False,0.42286524,0.5266785,0.06671545
1183,1183,PROT,128,3,"cd8-positive, alpha-beta t cell",macrophage,0.91723734,True,0.34382412,0.0146325715,-0.8207643
1184,1184,PROT,128,1,basophil,monocyte,0.83594364,True,0.38675517,0.44473174,-0.6598144
1185,1185,PROT,128,12,monocyte,monocyte,0.98834723,False,0.28232297,0.5376969,0.041685775
1186,1186,PROT,128,12,monocyte,monocyte,0.99761266,False,0.43825576,0.5267382,0.04608257
1187,1187,PROT,128,12,monocyte,monocyte,0.8362906,True,0.20525241,0.47367582,-0.3030501
1188,1188,PROT,128,3,"cd8-positive, alpha-beta t cell",monocyte,0.8438272,True,0.21372652,0.14699127,-0.5660143
1189,1189,PROT,128,1,basophil,monocyte,0.76772904,True,0.13235041,0.4367003,-0.44189602
1190,1190,PROT,128,12,monocyte,monocyte,0.99803793,False,0.45337823,0.55765694,0.09312345
1191,1191,PROT,128,13,myeloid dendritic cell,monocyte,0.82383144,True,0.29127955,0.50425917,-0.37991256
1192,1192,PROT,128,12,monocyte,monocyte,0.9924542,False,0.36626083,0.52318984,0.024827093
1193,1193,PROT,128,3,"cd8-positive, alpha-beta t cell",macrophage,0.9366634,True,0.34365135,0.075541064,-0.8889344
1194,1194,PROT,128,1,basophil,monocyte,0.8744567,True,0.30246586,0.43222523,-0.68717486
1195,1195,PROT,128,12,monocyte,monocyte,0.9877068,False,0.30000743,0.5268678,-0.040952094
1196,1196,PROT,128,12,monocyte,monocyte,0.991718,False,0.35016572,0.56497043,0.017551616
1197,1197,PROT,128,3,"cd8-positive, alpha-beta t cell",macrophage,0.9421574,True,0.32543403,0.017055329,-0.8255926
1198,1198,PROT,128,3,"cd8-positive, alpha-beta t cell",macrophage,0.8632596,True,0.29821986,0.3281153,-0.84897393
1199,1199,PROT,128,13,myeloid dendritic cell,macrophage,0.88560545,True,0.4233451,0.5792987,-0.37972784
1200,1200,PROT,128,3,"cd8-positive, alpha-beta t cell",macrophage,0.9004654,True,0.37691873,0.12637186,-0.6533227
1201,1201,PROT,128,12,monocyte,monocyte,0.71633655,True,0.2310344,0.28521237,-0.4044281
1202,1202,PROT,128,3,"cd8-positive, alpha-beta t cell",monocyte,0.8980433,True,0.39311397,0.16516231,-0.9333948
1203,1203,PROT,128,3,"cd8-positive, alpha-beta t cell",macrophage,0.83711576,True,0.4791773,0.20097639,-0.87802494
1204,1204,PROT,128,12,monocyte,monocyte,0.9836824,False,0.17573535,0.5468357,0.07085717
1205,1205,PROT,128,3,"cd8-positive, alpha-beta t cell",macrophage,0.80823517,True,0.39636078,0.27102247,-0.8639758
1206,1206,PROT,128,12,monocyte,monocyte,0.99448407,False,0.3721861,0.52957755,0.017192781
1207,1207,PROT,128,3,"cd8-positive, alpha-beta t cell",monocyte,0.8834744,True,0.26085854,0.31803888,-0.8255623
1208,1208,PROT,128,12,monocyte,monocyte,0.9884635,False,0.312075,0.5345856,-0.0011398941
1209,1209,PROT,128,1,basophil,macrophage,0.813237,True,0.24743904,0.31985548,-0.7067928
1210,1210,PROT,128,3,"cd8-positive, alpha-beta t cell",macrophage,0.91230404,True,0.40488893,-0.055649243,-0.9116771
1211,1211,PROT,128,12,monocyte,monocyte,0.9599266,True,0.24823487,0.5533013,-0.045490075
1212,1212,PROT,128,12,monocyte,monocyte,0.9497527,True,0.08518219,0.49642733,0.047719717
1213,1213,PROT,128,12,monocyte,monocyte,0.97051716,True,0.11565099,0.5349581,0.05664158
1214,1214,PROT,128,12,monocyte,monocyte,0.9896729,False,0.3307464,0.5722929,0.025103018
1215,1215,PROT,128,3,"cd8-positive, alpha-beta t cell",macrophage,0.9789789,False,0.45049983,-0.020955525,-0.90994924
1216,1216,PROT,128,12,monocyte,monocyte,0.99608535,False,0.3822353,0.5408892,0.076173365
1217,1217,PROT,128,12,monocyte,monocyte,0.93701243,True,0.3931217,0.50304735,-0.27441943
1218,1218,PROT,128,3,"cd8-positive, alpha-beta t cell",macrophage,0.8190192,True,0.33830297,0.30917457,-0.77332807
1219,1219,PROT,128,3,"cd8-positive, alpha-beta t cell",monocyte,0.84596205,True,0.26924038,0.34487033,-0.75878584
1220,1220,PROT,128,3,"cd8-positive, alpha-beta t cell",monocyte,0.9237633,True,0.27684215,0.22460632,-0.8439276
1221,1221,PROT,128,3,"cd8-positive, alpha-beta t cell",monocyte,0.8972025,True,0.2881075,0.2847068,-0.7716905
1222,1222,PROT,128,13,myeloid dendritic cell,monocyte,0.92256236,True,-0.0768629,0.49343798,-0.17389506
1223,1223,PROT,128,13,myeloid dendritic cell,monocyte,0.9055954,True,0.20454961,0.7253073,0.17171752
1224,1224,PROT,128,12,monocyte,monocyte,0.97205603,True,0.212145,0.57112014,0.007966757
1225,1225,PROT,128,13,myeloid dendritic cell,monocyte,0.8610482,True,-0.13585451,0.407575,-0.1784363
1226,1226,PROT,128,3,"cd8-positive, alpha-beta t cell",macrophage,0.91314507,True,0.3923832,0.11189154,-0.88756686
1227,1227,PROT,128,3,"cd8-positive, alpha-beta t cell",macrophage,0.86979395,True,0.40178308,-0.0032230131,-0.9627986
1228,1228,PROT,128,12,monocyte,monocyte,0.98952484,False,0.36872596,0.52924114,0.0054693893
1229,1229,PROT,128,12,monocyte,monocyte,0.9920823,False,0.27832475,0.5425051,0.08243683
1230,1230,PROT,128,12,monocyte,monocyte,0.99170506,False,0.26351735,0.5712444,0.10118586
1231,1231,PROT,128,21,regulatory t cell,macrophage,0.80283463,True,0.30622822,0.1600673,-0.6476238
1232,1232,PROT,128,1,basophil,monocyte,0.7919831,True,0.32259873,0.42328176,-0.7027781
1233,1233,PROT,128,21,regulatory t cell,macrophage,0.740979,True,0.30085573,0.17845215,-0.87110674
1234,1234,PROT,128,3,"cd8-positive, alpha-beta t cell",macrophage,0.9535738,True,0.42618144,0.01342399,-0.9890156
1235,1235,PROT,128,12,monocyte,monocyte,0.9379062,True,0.16343024,0.55817336,-0.22150284
1236,1236,PROT,128,3,"cd8-positive, alpha-beta t cell",macrophage,0.9256221,True,0.5105821,0.02073088,-0.92084837
1237,1237,PROT,128,3,"cd8-positive, alpha-beta t cell",macrophage,0.9233829,True,0.3990956,0.102417395,-0.8234372
1238,1238,PROT,128,12,monocyte,monocyte,0.9554549,True,-0.10925391,0.483852,-0.017825186
1239,1239,PROT,128,12,monocyte,monocyte,0.97269756,True,0.1009267,0.5292698,0.10018808
1240,1240,PROT,128,3,"cd8-positive, alpha-beta t cell",monocyte,0.87482184,True,0.30167612,0.3580524,-0.7837373
1241,1241,PROT,128,13,myeloid dendritic cell,monocyte,0.8100896,True,0.32526493,0.48847052,-0.43613952
1242,1242,PROT,128,1,basophil,monocyte,0.7966514,True,0.31782678,0.36586535,-0.7141911
1243,1243,PROT,128,12,monocyte,monocyte,0.9830972,False,0.3466216,0.64654887,0.11328685
1244,1244,PROT,128,3,"cd8-positive, alpha-beta t cell",macrophage,0.84631264,True,0.37355116,0.10681574,-0.91986173
1245,1245,PROT,128,3,"cd8-positive, alpha-beta t cell",macrophage,0.97671014,True,0.39562184,-0.0325018,-0.8795866
1246,1246,PROT,128,15,natural killer cell,macrophage,0.9797606,False,0.3748084,-0.019970618,-0.8670231
1247,1247,PROT,128,12,monocyte,monocyte,0.8374246,True,0.32673633,0.3673561,-0.17973225
1248,1248,PROT,128,12,monocyte,monocyte,0.91059566,True,0.15696962,0.4216301,-0.07299994
1249,1249,PROT,128,3,"cd8-positive, alpha-beta t cell",macrophage,0.8621109,True,0.37223962,0.16467892,-0.95769763
1250,1250,PROT,128,3,"cd8-positive, alpha-beta t cell",macrophage,0.97958905,False,0.36846393,-0.112479225,-0.80093473
1251,1251,PROT,128,12,monocyte,monocyte,0.97513044,True,0.24340007,0.5666408,0.07704845
1252,1252,PROT,128,13,myeloid dendritic cell,monocyte,0.86095965,True,-0.08652523,0.52546746,-0.018622845
1253,1253,PROT,128,12,monocyte,monocyte,0.9630063,True,0.30868077,0.5681247,-0.10208394
1254,1254,PROT,128,13,myeloid dendritic cell,monocyte,0.9224349,True,0.1904417,0.6041288,-0.20455061
1255,1255,PROT,128,12,monocyte,monocyte,0.9783221,False,0.36216912,0.62427753,-0.10532433
1256,1256,PROT,128,1,basophil,monocyte,0.8013412,True,0.15920272,0.5346739,-0.5295337
1257,1257,PROT,128,12,monocyte,monocyte,0.96268463,True,0.3959208,0.53467554,-0.14154433
1258,1258,PROT,128,12,monocyte,monocyte,0.9735073,True,0.39510745,0.4826263,0.023867726
1259,1259,PROT,128,12,monocyte,monocyte,0.978487,False,0.37071526,0.4970145,0.033130795
1260,1260,PROT,128,12,monocyte,monocyte,0.99306124,False,0.35806805,0.5429087,0.012518935
1261,1261,PROT,128,12,monocyte,monocyte,0.97617435,True,0.30684397,0.50860363,-0.002303645
1262,1262,PROT,128,12,monocyte,monocyte,0.9893597,False,0.24895461,0.5326955,0.08526078
1263,1263,PROT,128,3,"cd8-positive, alpha-beta t cell",monocyte,0.88715106,True,0.26210693,0.36320785,-0.72526544
1264,1264,PROT,128,12,monocyte,monocyte,0.9789107,False,0.16809165,0.53202534,0.061909273
1265,1265,PROT,128,3,"cd8-positive, alpha-beta t cell",macrophage,0.9057646,True,0.2840411,0.24213295,-0.8546175
1266,1266,PROT,128,3,"cd8-positive, alpha-beta t cell",macrophage,0.9003874,True,0.37370554,0.0808765,-0.92339766
1267,1267,PROT,128,1,basophil,monocyte,0.7863228,True,0.19498721,0.32178676,-0.66482896
1268,1268,PROT,128,1,basophil,macrophage,0.72347546,True,0.21247229,0.288384,-0.73932177
1269,1269,PROT,128,3,"cd8-positive, alpha-beta t cell",macrophage,0.89356345,True,0.453384,0.045868594,-0.9547372
1270,1270,PROT,128,1,basophil,monocyte,0.84208846,True,0.23891093,0.44549844,-0.54196954
1271,1271,PROT,128,12,monocyte,monocyte,0.9778814,True,0.40371138,0.50475234,-0.07419197
1272,1272,PROT,128,3,"cd8-positive, alpha-beta t cell",monocyte,0.75791454,True,0.24050333,0.35306144,-0.5574943
1273,1273,PROT,128,3,"cd8-positive, alpha-beta t cell",macrophage,0.93807364,True,0.24244198,0.017929088,-0.71328795
1274,1274,PROT,128,13,myeloid dendritic cell,monocyte,0.81171125,True,0.23168169,0.5219614,-0.4975658
1275,1275,PROT,128,1,basophil,monocyte,0.77856654,True,-0.1195257,0.35930905,-0.3157209
1276,1276,PROT,128,3,"cd8-positive, alpha-beta t cell",macrophage,0.9670729,True,0.36079925,0.09628624,-0.85706735
1277,1277,PROT,128,3,"cd8-positive, alpha-beta t cell",macrophage,0.9004404,True,0.39617464,0.09781258,-0.9537449
1278,1278,PROT,128,3,"cd8-positive, alpha-beta t cell",macrophage,0.9847318,False,0.36537984,-0.060994685,-0.8266021
1279,1279,PROT,128,12,monocyte,monocyte,0.99480873,False,0.32541206,0.5441064,0.014019735
1280,1280,PROT,128,12,monocyte,monocyte,0.9391636,True,0.05187717,0.49719736,-0.104353815
1281,1281,PROT,128,12,monocyte,monocyte,0.9960465,False,0.34404027,0.53357893,0.031369552
1282,1282,PROT,128,12,monocyte,monocyte,0.95999086,True,0.117804244,0.5949304,-0.075927384
1283,1283,PROT,128,3,"cd8-positive, alpha-beta t cell",monocyte,0.9242972,True,0.312917,0.05354855,-0.7582439
1284,1284,PROT,128,12,monocyte,monocyte,0.98420715,False,0.24501956,0.5259982,0.06920998
1285,1285,PROT,128,3,"cd8-positive, alpha-beta t cell",macrophage,0.95009124,True,0.41651887,0.099144384,-0.8868296
1286,1286,PROT,128,12,monocyte,monocyte,0.8338559,True,0.38467705,0.48906788,-0.4520355
1287,1287,PROT,128,12,monocyte,monocyte,0.9728487,True,0.36349607,0.58655536,-0.12013396
1288,1288,PROT,128,12,monocyte,monocyte,0.9725035,True,0.23661934,0.5730985,-0.024799407
1289,1289,PROT,128,12,monocyte,monocyte,0.9755514,True,0.34902242,0.50546575,-0.094828166
1290,1290,PROT,128,3,"cd8-positive, alpha-beta t cell",macrophage,0.9441024,True,0.27556875,0.13465361,-0.8600469
1291,1291,PROT,128,12,monocyte,monocyte,0.95182735,True,0.2254373,0.548341,-0.09422859
1292,1292,PROT,128,3,"cd8-positive, alpha-beta t cell",monocyte,0.7772131,True,0.4563335,0.23837914,-0.43184686
1293,1293,PROT,128,12,monocyte,monocyte,0.827423,True,0.23755258,0.4068969,-0.26733798
1294,1294,PROT,128,13,myeloid dendritic cell,monocyte,0.8031176,True,0.13904604,0.4844862,-0.43694127
1295,1295,PROT,128,3,"cd8-positive, alpha-beta t cell",macrophage,0.93628114,True,0.19008765,0.045159724,-0.7140386
1296,1296,PROT,128,3,"cd8-positive, alpha-beta t cell",monocyte,0.9048028,True,0.21824941,0.11662705,-0.72018105
1297,1297,PROT,128,4,classical monocyte,monocyte,0.9938679,False,0.54481065,0.73230904,0.3044435
1298,1298,PROT,128,3,"cd8-positive, alpha-beta t cell",monocyte,0.92679906,True,0.28059798,0.11290541,-0.7777165
1299,1299,PROT,128,12,monocyte,monocyte,0.9836939,False,0.35899535,0.57091147,0.036528528
1300,1300,PROT,128,13,myeloid dendritic cell,monocyte,0.9462368,True,-0.15677974,0.48698518,-0.0399985
1301,1301,PROT,128,3,"cd8-positive, alpha-beta t cell",monocyte,0.79833096,True,0.25971392,0.32904008,-0.584906
1302,1302,PROT,128,12,monocyte,monocyte,0.94068253,True,0.36503905,0.48162767,-0.1484251
1303,1303,PROT,128,3,"cd8-positive, alpha-beta t cell",macrophage,0.9520595,True,0.4048856,-0.023988817,-0.782975
1304,1304,PROT,128,1,basophil,macrophage,0.8123232,True,0.14855464,0.35609868,-0.5482466
1305,1305,PROT,128,3,"cd8-positive, alpha-beta t cell",macrophage,0.93632,True,0.04250875,0.26958165,-0.73881185
1306,1306,PROT,128,12,monocyte,monocyte,0.7984483,True,0.10014618,0.43526784,-0.26460257
1307,1307,PROT,128,12,monocyte,monocyte,0.9437312,True,0.17838527,0.5607395,-0.11251311
1308,1308,PROT,128,13,myeloid dendritic cell,monocyte,0.8026417,True,0.33749565,0.4652014,-0.4408027
1309,1309,PROT,128,12,monocyte,monocyte,0.9831209,False,0.20249762,0.54391897,0.035338774
1310,1310,PROT,128,12,monocyte,monocyte,0.8418752,True,0.2027912,0.2739273,-0.047530353
1311,1311,PROT,128,12,monocyte,monocyte,0.9755738,True,0.1513061,0.5598876,0.044939652
1312,1312,PROT,128,3,"cd8-positive, alpha-beta t cell",monocyte,0.88315934,True,0.2745444,0.31575963,-0.74290967
1313,1313,PROT,128,3,"cd8-positive, alpha-beta t cell",macrophage,0.8931783,True,0.32910347,0.26608083,-0.76369715
1314,1314,PROT,128,12,monocyte,monocyte,0.98372316,False,0.3591812,0.64695305,0.019858703
1315,1315,PROT,128,15,natural killer cell,macrophage,0.9283432,True,0.37875226,0.21349461,-0.80848813
1316,1316,PROT,128,3,"cd8-positive, alpha-beta t cell",macrophage,0.9226056,True,0.25114447,0.1979232,-0.8090147
1317,1317,PROT,128,3,"cd8-positive, alpha-beta t cell",monocyte,0.9464431,True,0.29224405,0.19336243,-0.8827392
1318,1318,PROT,128,12,monocyte,monocyte,0.9944669,False,0.33142987,0.5931342,0.03371179
1319,1319,PROT,128,12,monocyte,monocyte,0.950905,True,0.20494089,0.50376135,-0.0551804
1320,1320,PROT,128,13,myeloid dendritic cell,monocyte,0.90012664,True,0.068787724,0.52344686,-0.1766536
1321,1321,PROT,128,12,monocyte,monocyte,0.98532677,False,0.3108629,0.50896674,0.0013444871
1322,1322,PROT,128,15,natural killer cell,macrophage,0.9321628,True,0.41783518,0.03169949,-0.94040734
1323,1323,PROT,128,1,basophil,monocyte,0.83998346,True,-0.11703572,0.20472707,-0.3530857
1324,1324,PROT,128,3,"cd8-positive, alpha-beta t cell",macrophage,0.9118386,True,0.34361985,0.13548167,-0.9481399
1325,1325,PROT,128,12,monocyte,monocyte,0.9793335,False,0.24923266,0.49502322,0.031535923
1326,1326,PROT,128,12,monocyte,monocyte,0.97881395,False,0.23810446,0.5016764,0.010066465
1327,1327,PROT,128,3,"cd8-positive, alpha-beta t cell",macrophage,0.84164476,True,0.43839285,0.1942644,-0.86901796
1328,1328,PROT,128,3,"cd8-positive, alpha-beta t cell",macrophage,0.8823768,True,0.39504814,0.022827033,-0.9411283
1329,1329,PROT,128,3,"cd8-positive, alpha-beta t cell",macrophage,0.8845088,True,0.3714041,0.21831428,-0.9324069
1330,1330,PROT,128,12,monocyte,monocyte,0.9554298,True,0.2633148,0.51234907,-0.03797525
1331,1331,PROT,128,3,"cd8-positive, alpha-beta t cell",monocyte,0.94122994,True,0.39669377,0.03969379,-0.95925766
1332,1332,PROT,128,12,monocyte,monocyte,0.96047246,True,0.13125643,0.5226706,-0.07139732
1333,1333,PROT,128,3,"cd8-positive, alpha-beta t cell",macrophage,0.846233,True,0.3569674,0.37752697,-0.79341567
1334,1334,PROT,128,3,"cd8-positive, alpha-beta t cell",macrophage,0.94316393,True,0.29571593,0.08263756,-0.6713251
1335,1335,PROT,128,13,myeloid dendritic cell,monocyte,0.90851694,True,-0.120162815,0.4372715,-0.15613987
1336,1336,PROT,128,12,monocyte,monocyte,0.95435876,True,0.23321943,0.5568033,-0.03763759
1337,1337,PROT,128,12,monocyte,monocyte,0.98675436,False,0.34930795,0.5500882,0.05458486
1338,1338,PROT,128,3,"cd8-positive, alpha-beta t cell",macrophage,0.9625849,True,0.4333632,0.030062046,-0.92317134
1339,1339,PROT,128,3,"cd8-positive, alpha-beta t cell",monocyte,0.8764996,True,0.33153966,0.36571726,-0.79321325
1340,1340,PROT,128,12,monocyte,monocyte,0.97360486,True,0.37956452,0.5158818,-0.08728702
1341,1341,PROT,128,12,monocyte,macrophage,0.9942099,False,0.4425103,0.60700774,0.06434022
1342,1342,PROT,128,1,basophil,macrophage,0.8769084,True,0.23352818,0.31587812,-0.6444527
1343,1343,PROT,128,12,monocyte,monocyte,0.89310575,True,0.121016905,0.50721794,-0.15392828
1344,1344,PROT,128,3,"cd8-positive, alpha-beta t cell",monocyte,0.8825617,True,0.16206214,0.1975001,-0.53871655
1345,1345,PROT,128,12,monocyte,monocyte,0.84188086,True,0.08695912,0.4017764,-0.16688114
1346,1346,PROT,128,12,monocyte,monocyte,0.96423304,True,0.053321347,0.5552868,-0.032063827
1347,1347,PROT,128,3,"cd8-positive, alpha-beta t cell",macrophage,0.8808361,True,0.40390772,0.15926181,-0.7165259
1348,1348,PROT,128,1,basophil,monocyte,0.8475222,True,0.20785272,0.4849784,-0.60298955
1349,1349,PROT,128,13,myeloid dendritic cell,monocyte,0.9598182,True,0.44520205,0.8259168,0.10670151
1350,1350,PROT,128,3,"cd8-positive, alpha-beta t cell",monocyte,0.86852306,True,0.16567191,0.2835047,-0.5854955
1351,1351,PROT,128,12,monocyte,monocyte,0.98158276,False,0.3683955,0.55137056,-0.08272727
1352,1352,PROT,128,12,monocyte,monocyte,0.94670373,True,0.2303658,0.7271348,0.161973
1353,1353,PROT,128,12,monocyte,monocyte,0.9446342,True,0.3345865,0.73651844,0.07515705
1354,1354,PROT,128,12,monocyte,monocyte,0.91008025,True,0.13604833,0.49347898,-0.097289376
1355,1355,PROT,128,12,monocyte,monocyte,0.98754233,False,0.38871434,0.5208848,-0.009045571
1356,1356,PROT,128,12,monocyte,monocyte,0.84682566,True,0.28503963,0.45914719,-0.32532084
1357,1357,PROT,128,3,"cd8-positive, alpha-beta t cell",macrophage,0.95881784,True,0.2511895,0.031731408,-0.8205184
1358,1358,PROT,128,4,classical monocyte,monocyte,0.9584038,True,0.35180435,0.81791276,0.19367954
1359,1359,PROT,128,3,"cd8-positive, alpha-beta t cell",monocyte,0.9003868,True,0.34134096,0.31501463,-0.75027764
1360,1360,PROT,128,12,monocyte,monocyte,0.9321662,True,0.032081664,0.48715863,-0.13536905
1361,1361,PROT,128,3,"cd8-positive, alpha-beta t cell",macrophage,0.940982,True,0.46407127,0.009613793,-0.9528142
1362,1362,PROT,128,13,myeloid dendritic cell,monocyte,0.9012356,True,0.32517478,0.4381045,-0.2748019
1363,1363,PROT,128,12,monocyte,monocyte,0.96327263,True,0.04921058,0.47736666,0.0172083
1364,1364,PROT,128,12,monocyte,monocyte,0.96580625,True,0.23945504,0.61058974,0.035742998
1365,1365,PROT,128,12,monocyte,monocyte,0.9644067,True,0.18866849,0.6848193,0.0023099184
1366,1366,PROT,128,12,monocyte,monocyte,0.98818696,False,0.33910212,0.5607627,-0.00040869415
1367,1367,PROT,128,3,"cd8-positive, alpha-beta t cell",monocyte,0.9785919,False,0.4972684,-0.03483074,-0.9027828
1368,1368,PROT,128,13,myeloid dendritic cell,monocyte,0.8911307,True,-0.040688425,0.40352997,-0.10212481
1369,1369,PROT,128,12,monocyte,monocyte,0.97108996,True,0.24210253,0.53765494,-0.005285993
1370,1370,PROT,128,13,myeloid dendritic cell,macrophage,0.8031329,True,0.3274485,0.44640484,-0.6761168
1371,1371,PROT,128,3,"cd8-positive, alpha-beta t cell",monocyte,0.85918677,True,0.6058111,0.101631805,-0.7729062
1372,1372,PROT,128,12,monocyte,monocyte,0.9441049,True,0.17950067,0.5070912,-0.10555592
1373,1373,PROT,128,12,monocyte,monocyte,0.9744165,True,0.29027346,0.4857346,0.027829647
1374,1374,PROT,128,12,monocyte,monocyte,0.9557225,True,0.25954318,0.47577742,-0.04596216
1375,1375,PROT,128,3,"cd8-positive, alpha-beta t cell",macrophage,0.89776146,True,0.374565,0.19160421,-0.9366096
1376,1376,PROT,128,12,monocyte,monocyte,0.9728215,True,0.2643503,0.68250805,0.034035355
1377,1377,PROT,128,3,"cd8-positive, alpha-beta t cell",monocyte,0.7212607,True,0.59122217,-0.04716281,-0.35478163
1378,1378,PROT,128,12,monocyte,monocyte,0.9647506,True,0.19975573,0.49319872,-0.02921845
1379,1379,PROT,128,13,myeloid dendritic cell,monocyte,0.90672493,True,0.018877596,0.4167072,-0.08852117
1380,1380,PROT,128,3,"cd8-positive, alpha-beta t cell",macrophage,0.8764902,True,0.42909047,0.051122528,-0.9403282
1381,1381,PROT,128,12,monocyte,monocyte,0.94656587,True,0.1584183,0.4890717,-0.003258489
1382,1382,PROT,128,3,"cd8-positive, alpha-beta t cell",macrophage,0.9133623,True,0.34199858,0.25735357,-0.85147893
1383,1383,PROT,128,13,myeloid dendritic cell,monocyte,0.8301724,True,-0.08714697,0.41494533,-0.24866523
1384,1384,PROT,128,12,monocyte,monocyte,0.99297386,False,0.29889685,0.511959,0.01976806
1385,1385,PROT,128,13,myeloid dendritic cell,monocyte,0.8862695,True,0.20072204,0.43684688,-0.17764851
1386,1386,PROT,128,12,monocyte,monocyte,0.9393391,True,0.22774789,0.5614446,0.0012765527
1387,1387,PROT,128,13,myeloid dendritic cell,monocyte,0.8482908,True,-0.11260918,0.4230516,-0.23497094
1388,1388,PROT,128,3,"cd8-positive, alpha-beta t cell",macrophage,0.8143178,True,0.38721395,0.28938505,-0.8751294
1389,1389,PROT,128,12,monocyte,monocyte,0.98691165,False,0.27859467,0.5250643,0.038623005
1390,1390,PROT,128,13,myeloid dendritic cell,monocyte,0.87843776,True,0.030397683,0.37972108,-0.15562357
1391,1391,PROT,128,12,monocyte,monocyte,0.9302255,True,0.10965306,0.46923646,-0.12525581
1392,1392,PROT,128,13,myeloid dendritic cell,monocyte,0.8572736,True,0.0010816157,0.4581518,-0.1285068
1393,1393,PROT,128,12,monocyte,monocyte,0.92605627,True,0.17198561,0.48319015,-0.10019882
1394,1394,PROT,128,3,"cd8-positive, alpha-beta t cell",macrophage,0.89458644,True,0.26090077,0.29954964,-0.7601307
1395,1395,PROT,128,3,"cd8-positive, alpha-beta t cell",macrophage,0.9507132,True,0.27273348,0.21676798,-0.85655296
1396,1396,PROT,128,3,"cd8-positive, alpha-beta t cell",macrophage,0.8225896,True,0.18746291,0.1510401,-0.53292406
1397,1397,PROT,128,12,monocyte,monocyte,0.99781245,False,0.4360589,0.5409235,0.06350714
1398,1398,PROT,128,12,monocyte,monocyte,0.9110047,True,0.2572696,0.50740093,-0.30040187
1399,1399,PROT,128,3,"cd8-positive, alpha-beta t cell",macrophage,0.9486882,True,0.41427878,0.07440743,-0.89650583
1400,1400,PROT,128,3,"cd8-positive, alpha-beta t cell",monocyte,0.89244986,True,0.31995016,0.3134236,-0.83562845
1401,1401,PROT,128,3,"cd8-positive, alpha-beta t cell",macrophage,0.93554515,True,0.36809438,0.059380848,-0.92821026
1402,1402,PROT,128,1,basophil,monocyte,0.9117522,True,0.33046997,0.40192485,-0.814153
1403,1403,PROT,128,1,basophil,monocyte,0.84056455,True,0.36732528,0.3742107,-0.7467228
1404,1404,PROT,128,12,monocyte,monocyte,0.9918327,False,0.32150906,0.5595938,-0.0052671283
1405,1405,PROT,128,1,basophil,macrophage,0.74952435,True,0.2341683,0.38531026,-0.7148186
1406,1406,PROT,128,13,myeloid dendritic cell,monocyte,0.92105323,True,-0.1357092,0.38247833,-0.08072111
1407,1407,PROT,128,3,"cd8-positive, alpha-beta t cell",monocyte,0.882767,True,0.36562976,0.3050305,-0.82879937
1408,1408,PROT,128,13,myeloid dendritic cell,monocyte,0.86922693,True,0.20724556,0.5303217,-0.26750898
1409,1409,PROT,128,12,monocyte,monocyte,0.9688122,True,0.085824996,0.5317208,0.054984152
1410,1410,PROT,128,3,"cd8-positive, alpha-beta t cell",macrophage,0.90149546,True,0.47548652,0.047146555,-0.9031429
1411,1411,PROT,128,12,monocyte,monocyte,0.9596946,True,0.21561348,0.52214867,-0.084411964
1412,1412,PROT,128,12,monocyte,monocyte,0.9844919,False,0.24167886,0.5398552,0.07884073
1413,1413,PROT,128,12,monocyte,monocyte,0.9603012,True,0.19532853,0.5482555,-0.03643491
1414,1414,PROT,128,12,monocyte,monocyte,0.99222827,False,0.30841833,0.58371824,0.012755059
1415,1415,PROT,128,12,monocyte,monocyte,0.96567136,True,0.15760389,0.55961955,-0.02862741
1416,1416,PROT,128,3,"cd8-positive, alpha-beta t cell",macrophage,0.9487149,True,0.48717314,-0.05403038,-0.82304895
1417,1417,PROT,128,12,monocyte,monocyte,0.9929407,False,0.39715648,0.5538435,-0.014654309
1418,1418,PROT,128,12,monocyte,monocyte,0.97877085,False,0.2432645,0.5370262,0.023271367
1419,1419,PROT,128,3,"cd8-positive, alpha-beta t cell",monocyte,0.875294,True,0.33345068,0.2672154,-0.89502245
1420,1420,PROT,128,15,natural killer cell,macrophage,0.8507893,True,0.3790384,-0.1095821,-0.9211736
1421,1421,PROT,128,12,monocyte,monocyte,0.9855929,False,0.2526398,0.55170035,0.05558923
1422,1422,PROT,128,12,monocyte,monocyte,0.9883584,False,0.3711188,0.5301678,-0.0083913505
1423,1423,PROT,128,12,monocyte,monocyte,0.9878954,False,0.3276229,0.5429562,-0.01505132
1424,1424,PROT,128,12,monocyte,monocyte,0.9612791,True,-0.10693213,0.51941985,0.011403456
1425,1425,PROT,128,3,"cd8-positive, alpha-beta t cell",macrophage,0.95747805,True,0.407035,0.043423053,-0.94323766
1426,1426,PROT,128,13,myeloid dendritic cell,monocyte,0.9698434,True,-0.13324276,0.4756399,0.001520589
1427,1427,PROT,128,12,monocyte,monocyte,0.9903269,False,0.3504315,0.5457009,0.011575945
1428,1428,PROT,128,1,basophil,monocyte,0.833134,True,0.33400095,0.38463038,-0.6868439
1429,1429,PROT,128,3,"cd8-positive, alpha-beta t cell",monocyte,0.9107013,True,0.2273618,0.31810722,-0.77273405
1430,1430,PROT,128,3,"cd8-positive, alpha-beta t cell",monocyte,0.90063083,True,-0.06588462,0.23436595,-0.43196204
1431,1431,PROT,128,13,myeloid dendritic cell,monocyte,0.8217491,True,-0.026225716,0.42129138,-0.2931919
1432,1432,PROT,128,3,"cd8-positive, alpha-beta t cell",macrophage,0.8448708,True,0.34294304,0.28671277,-0.84617484
1433,1433,PROT,128,12,monocyte,monocyte,0.9958627,False,0.38478068,0.57751113,0.014838979
1434,1434,PROT,128,12,monocyte,monocyte,0.96949476,True,0.38554892,0.47280732,-0.0661117
1435,1435,PROT,128,3,"cd8-positive, alpha-beta t cell",macrophage,0.8748808,True,0.36811495,0.10110204,-0.8895403
1436,1436,PROT,128,3,"cd8-positive, alpha-beta t cell",macrophage,0.90421015,True,0.35960346,0.26499856,-0.8188083
1437,1437,PROT,128,12,monocyte,monocyte,0.9950183,False,0.39205337,0.5357875,0.005482316
1438,1438,PROT,128,12,monocyte,monocyte,0.99282044,False,0.324903,0.54707307,0.021520168
1439,1439,PROT,128,3,"cd8-positive, alpha-beta t cell",macrophage,0.86404365,True,0.265361,0.24860172,-0.76221395
1440,1440,PROT,128,12,monocyte,monocyte,0.9780025,False,0.20548159,0.52785724,0.089368716
1441,1441,PROT,128,12,monocyte,monocyte,0.98797363,False,0.32053125,0.544807,0.008592911
1442,1442,PROT,128,1,basophil,monocyte,0.8660736,True,0.20781673,0.48345026,-0.602051
1443,1443,PROT,128,12,monocyte,monocyte,0.91764855,True,0.04879576,0.53086907,-0.09325944
1444,1444,PROT,128,3,"cd8-positive, alpha-beta t cell",macrophage,0.969481,True,0.3927894,-0.057875752,-0.86754227
1445,1445,PROT,128,13,myeloid dendritic cell,macrophage,0.80278593,True,0.23246057,0.49755356,-0.5133839
1446,1446,PROT,128,12,monocyte,monocyte,0.9622528,True,0.09855224,0.50525755,0.0010109693
1447,1447,PROT,128,12,monocyte,monocyte,0.9606488,True,0.28693733,0.5304833,-0.106763124
1448,1448,PROT,128,12,monocyte,monocyte,0.9771116,True,0.19105405,0.53490615,-0.005819328
1449,1449,PROT,128,12,monocyte,monocyte,0.9791072,False,0.22200496,0.54615945,0.018182576
1450,1450,PROT,128,12,monocyte,monocyte,0.89655256,True,0.33500507,0.53054136,-0.3871383
1451,1451,PROT,128,10,macrophage,macrophage,0.96245116,True,0.39418727,0.34959528,-0.6454381
1452,1452,PROT,128,12,monocyte,monocyte,0.82725763,True,0.42607138,0.50121176,-0.44847342
1453,1453,PROT,128,12,monocyte,monocyte,0.9705988,True,-0.080479234,0.49693725,-0.043394238
1454,1454,PROT,128,3,"cd8-positive, alpha-beta t cell",monocyte,0.8636737,True,0.22930783,0.25781393,-0.6471676
1455,1455,PROT,128,12,monocyte,monocyte,0.99277765,False,0.3083136,0.51141477,0.009113185
1456,1456,PROT,128,3,"cd8-positive, alpha-beta t cell",monocyte,0.92765486,True,0.3431409,0.26037693,-0.8327588
1457,1457,PROT,128,3,"cd8-positive, alpha-beta t cell",macrophage,0.9514712,True,0.30221748,0.030750897,-0.7642219
1458,1458,PROT,128,12,monocyte,monocyte,0.959888,True,0.15901804,0.56509656,0.06400709
1459,1459,PROT,128,3,"cd8-positive, alpha-beta t cell",macrophage,0.9395449,True,0.4102987,0.17396535,-0.91717064
1460,1460,PROT,128,3,"cd8-positive, alpha-beta t cell",monocyte,0.9305351,True,0.3595549,0.14342225,-0.8424169
1461,1461,PROT,128,12,monocyte,monocyte,0.9849022,False,0.33448792,0.5373725,0.010796025
1462,1462,PROT,128,12,monocyte,monocyte,0.9698607,True,0.047067225,0.5855653,0.090442404
1463,1463,PROT,128,12,monocyte,monocyte,0.8302008,True,0.21391137,0.45258078,-0.26006752
1464,1464,PROT,128,3,"cd8-positive, alpha-beta t cell",macrophage,0.8850079,True,0.43283457,0.20705713,-0.84440756
1465,1465,PROT,128,3,"cd8-positive, alpha-beta t cell",monocyte,0.7975239,True,0.04993114,0.2409655,-0.40950996
1466,1466,PROT,128,1,basophil,monocyte,0.86833674,True,0.13035259,0.29968286,-0.641667
1467,1467,PROT,128,13,myeloid dendritic cell,monocyte,0.8331597,True,-0.04895422,0.38218108,-0.1705131
1468,1468,PROT,128,12,monocyte,monocyte,0.98226273,False,0.2778264,0.5642051,-0.021668486
1469,1469,PROT,128,12,monocyte,monocyte,0.9637122,True,0.25346848,0.5023945,-0.036831103
1470,1470,PROT,128,13,myeloid dendritic cell,monocyte,0.9340835,True,0.41294613,0.8006653,0.004865378
1471,1471,PROT,128,13,myeloid dendritic cell,monocyte,0.94034374,True,0.12990995,0.7375968,0.10743615
1472,1472,PROT,128,12,monocyte,monocyte,0.9097422,True,0.2997747,0.48037437,-0.3010773
1473,1473,PROT,128,12,monocyte,monocyte,0.97555953,True,0.34518716,0.53442425,-0.05612733
1474,1474,PROT,128,12,monocyte,monocyte,0.944599,True,0.16129479,0.5077871,-0.0378007
1475,1475,PROT,128,12,monocyte,monocyte,0.95164907,True,0.17336366,0.48823676,-0.06030035
1476,1476,PROT,128,13,myeloid dendritic cell,monocyte,0.93705297,True,0.055376798,0.5061534,-0.09839548
1477,1477,PROT,128,13,myeloid dendritic cell,monocyte,0.85600626,True,0.1010723,0.41463265,-0.21141362
1478,1478,PROT,128,12,monocyte,monocyte,0.9785108,False,0.2893338,0.5016632,-0.008967549
1479,1479,PROT,128,12,monocyte,monocyte,0.9811046,False,0.33417213,0.51751715,-0.039494134
1480,1480,PROT,128,12,monocyte,monocyte,0.9710821,True,0.27950892,0.57975125,-0.029507622
1481,1481,PROT,128,12,monocyte,monocyte,0.9143403,True,0.21994592,0.55536324,-0.24966651
1482,1482,PROT,128,13,myeloid dendritic cell,monocyte,0.89783794,True,0.21730743,0.55437905,-0.006028652
1483,1483,PROT,128,12,monocyte,monocyte,0.9766486,True,0.2421803,0.46004525,0.030153185
1484,1484,PROT,128,15,natural killer cell,macrophage,0.8337893,True,0.3636818,0.22509195,-0.87011033
1485,1485,PROT,128,1,basophil,monocyte,0.81197566,True,0.040545374,0.26730642,-0.3955717
1486,1486,PROT,128,3,"cd8-positive, alpha-beta t cell",macrophage,0.92217296,True,0.44734102,0.041145604,-0.94929147
1487,1487,PROT,128,3,"cd8-positive, alpha-beta t cell",macrophage,0.92083234,True,0.41741917,0.09382981,-0.9244961
1488,1488,PROT,128,1,basophil,macrophage,0.88498145,True,0.27583516,0.38180053,-0.816087
1489,1489,PROT,128,3,"cd8-positive, alpha-beta t cell",macrophage,0.77096945,True,0.4123131,0.29029644,-0.50033706
