latent_dim,modality,orig_index,class_idx,class_name,pred_class_name,max_cos_ref,abstained,PC1,PC2,PC3
128,PROT,0,12,monocyte,monocyte,0.9730282,True,0.38715166,0.5195419,-0.09675087
128,PROT,1,12,monocyte,myeloid dendritic cell,0.91289943,True,0.22871199,0.4888241,-0.1667709
128,PROT,2,12,monocyte,monocyte,0.99858624,False,0.4773074,0.57544285,0.090419486
128,PROT,3,10,macrophage,"cd8-positive, alpha-beta t cell",0.96133804,True,0.38565388,0.084756896,-0.93088263
128,PROT,4,12,monocyte,neutrophil,0.9692031,True,-0.5697448,0.30192277,-0.07102667
128,PROT,5,10,macrophage,"cd8-positive, alpha-beta t cell",0.93298167,True,0.33713016,-0.0015394762,-0.91837895
128,PROT,6,10,macrophage,"cd8-positive, alpha-beta t cell",0.8516557,True,0.16956933,0.12661152,-0.7973426
128,PROT,7,12,monocyte,"cd8-positive, alpha-beta t cell",0.9045385,True,0.250866,0.2641603,-0.7557887
128,PROT,8,12,monocyte,basophil,0.82071614,True,0.35024783,0.42613998,-0.6886956
128,PROT,9,12,monocyte,monocyte,0.96827716,True,0.31263095,0.43667975,-0.013350606
128,PROT,10,10,macrophage,"cd8-positive, alpha-beta t cell",0.92959386,True,0.35950685,0.00028579682,-0.9259558
128,PROT,11,12,monocyte,basophil,0.80870825,True,-0.14665219,0.42009637,-0.33169347
128,PROT,12,12,monocyte,myeloid dendritic cell,0.87024075,True,0.2132492,0.5306297,-0.32044014
128,PROT,13,12,monocyte,monocyte,0.9167405,True,0.272285,0.5343181,-0.26874092
128,PROT,14,10,macrophage,"cd8-positive, alpha-beta t cell",0.9492289,True,0.27105886,0.066096306,-0.7043672
128,PROT,15,12,monocyte,"cd8-positive, alpha-beta t cell",0.94324374,True,0.29585597,0.17486177,-0.85530704
128,PROT,16,10,macrophage,"cd8-positive, alpha-beta t cell",0.92304397,True,0.3741628,0.0069395415,-0.9414078
128,PROT,17,12,monocyte,monocyte,0.8682735,True,0.26516485,0.5357022,-0.3950911
128,PROT,18,12,monocyte,monocyte,0.9757607,True,0.2223944,0.5169014,-0.005788505
128,PROT,19,12,monocyte,monocyte,0.9793158,False,0.27561408,0.55780077,0.015028581
128,PROT,20,12,monocyte,monocyte,0.9954762,False,0.3591507,0.5472496,0.08913338
128,PROT,21,12,monocyte,monocyte,0.97691166,True,0.18126057,0.5164797,0.05400312
128,PROT,22,10,macrophage,"cd8-positive, alpha-beta t cell",0.8537453,True,0.28562355,0.24544732,-0.8348291
128,PROT,23,12,monocyte,monocyte,0.9931337,False,0.40845707,0.5387221,0.08135769
128,PROT,24,12,monocyte,monocyte,0.99590075,False,0.43782383,0.5905572,0.120874494
128,PROT,25,12,monocyte,"cd8-positive, alpha-beta t cell",0.8249941,True,0.41631246,0.21675284,-0.5667545
128,PROT,26,12,monocyte,monocyte,0.99792945,False,0.4278046,0.53130096,0.052028805
128,PROT,27,12,monocyte,monocyte,0.9790927,False,-0.12167618,0.5151117,0.10015914
128,PROT,28,12,monocyte,monocyte,0.9942831,False,0.39540243,0.56408703,0.042991266
128,PROT,29,12,monocyte,basophil,0.844165,True,0.17691779,0.41612795,-0.6549892
128,PROT,30,10,macrophage,"cd8-positive, alpha-beta t cell",0.9367928,True,0.3214524,0.08158168,-0.9511565
128,PROT,31,12,monocyte,basophil,0.8390569,True,0.1779767,0.41298062,-0.5950389
128,PROT,32,10,macrophage,"cd8-positive, alpha-beta t cell",0.88327986,True,0.34470236,0.19762431,-0.8882866
128,PROT,33,12,monocyte,monocyte,0.9894953,False,0.2698564,0.54804426,0.102951705
128,PROT,34,12,monocyte,monocyte,0.9935471,False,0.27384245,0.5370373,-0.007594079
128,PROT,35,12,monocyte,monocyte,0.9880917,False,0.38079023,0.49651524,-0.025699124
128,PROT,36,12,monocyte,monocyte,0.99486756,False,0.40902632,0.5426399,0.0049627423
128,PROT,37,12,monocyte,myeloid dendritic cell,0.89313376,True,0.15930808,0.51048076,-0.19269297
128,PROT,38,12,monocyte,monocyte,0.9766355,True,0.38492447,0.6662181,0.04070136
128,PROT,39,10,macrophage,"cd8-positive, alpha-beta t cell",0.90798044,True,0.3535054,0.19169407,-0.7527921
128,PROT,40,12,monocyte,monocyte,0.9985491,False,0.39461362,0.52284867,0.090973735
128,PROT,41,12,monocyte,basophil,0.84189713,True,-0.19510004,0.36216062,-0.22971983
128,PROT,42,10,macrophage,"cd8-positive, alpha-beta t cell",0.9667119,True,0.34864563,0.028281327,-0.8711649
128,PROT,43,10,macrophage,"cd8-positive, alpha-beta t cell",0.9318501,True,0.3613864,0.015149679,-0.96743166
128,PROT,44,12,monocyte,monocyte,0.89132947,True,0.11683008,0.43043175,-0.103465766
128,PROT,45,12,monocyte,monocyte,0.99708676,False,0.38582474,0.521131,0.0596115
128,PROT,46,12,monocyte,myeloid dendritic cell,0.77520716,True,0.28293446,0.48292217,-0.5506654
128,PROT,47,12,monocyte,"cd8-positive, alpha-beta t cell",0.9529064,True,0.3837616,-0.012828212,-0.90744174
128,PROT,48,12,monocyte,"cd8-positive, alpha-beta t cell",0.8239191,True,0.39871112,0.3813314,-0.73956186
128,PROT,49,12,monocyte,monocyte,0.98863125,False,0.38358513,0.6649918,0.10176271
128,PROT,50,12,monocyte,monocyte,0.99663675,False,0.41058287,0.5321076,0.024289608
128,PROT,51,12,monocyte,monocyte,0.9722109,True,0.28353068,0.5146819,-0.07652302
128,PROT,52,12,monocyte,monocyte,0.8850417,True,0.41317973,0.604924,-0.17473282
128,PROT,53,12,monocyte,"cd8-positive, alpha-beta t cell",0.90630466,True,0.2974407,0.20272331,-0.7475304
128,PROT,54,12,monocyte,monocyte,0.99858284,False,0.4265153,0.5295864,0.115716904
128,PROT,55,12,monocyte,monocyte,0.9400771,True,0.20060968,0.546238,-0.16466662
128,PROT,56,12,monocyte,myeloid dendritic cell,0.82642907,True,0.11857027,0.4622893,-0.35248312
128,PROT,57,10,macrophage,"cd8-positive, alpha-beta t cell",0.9088272,True,0.27577013,0.2680224,-0.83222246
128,PROT,58,12,monocyte,monocyte,0.9942524,False,0.35331196,0.5249085,0.0103315115
128,PROT,59,12,monocyte,monocyte,0.9811045,False,0.30133367,0.51865464,-0.055667162
128,PROT,60,10,macrophage,"cd8-positive, alpha-beta t cell",0.8705512,True,0.3362569,0.13537078,-0.89007074
128,PROT,61,10,macrophage,"cd8-positive, alpha-beta t cell",0.92935336,True,0.33752915,0.0038370416,-0.8622615
128,PROT,62,12,monocyte,"cd8-positive, alpha-beta t cell",0.88314253,True,0.2691493,0.33923286,-0.7634797
128,PROT,63,12,monocyte,myeloid dendritic cell,0.84089327,True,0.25517535,0.5364148,-0.36284304
128,PROT,64,12,monocyte,"cd8-positive, alpha-beta t cell",0.8710218,True,-0.088905364,0.22335358,-0.4507246
128,PROT,65,12,monocyte,monocyte,0.98378986,False,0.17673084,0.5321085,0.085169986
128,PROT,66,10,macrophage,"cd8-positive, alpha-beta t cell",0.832988,True,0.3593372,0.235887,-0.89267385
128,PROT,67,10,macrophage,"cd8-positive, alpha-beta t cell",0.9426226,True,0.37737948,0.11411902,-0.87880206
128,PROT,68,10,macrophage,"cd8-positive, alpha-beta t cell",0.92286754,True,0.2850783,0.11105695,-0.82472646
128,PROT,69,12,monocyte,monocyte,0.8821262,True,0.4161355,0.5670118,-0.431658
128,PROT,70,10,macrophage,"cd8-positive, alpha-beta t cell",0.8783114,True,0.41662428,0.13920312,-0.91985023
128,PROT,71,12,monocyte,basophil,0.70108044,True,0.3373226,0.27923128,-0.72834665
128,PROT,72,12,monocyte,monocyte,0.98843044,False,0.28607285,0.5576846,0.09316671
128,PROT,73,12,monocyte,monocyte,0.9094391,True,0.37877095,0.52907497,-0.30176008
128,PROT,74,12,monocyte,monocyte,0.91885173,True,0.31343096,0.5512175,-0.20510751
128,PROT,75,12,monocyte,"cd8-positive, alpha-beta t cell",0.934504,True,0.2245936,0.06446999,-0.6879618
128,PROT,76,12,monocyte,monocyte,0.93831265,True,0.07158825,0.4566768,-0.050294258
128,PROT,77,12,monocyte,monocyte,0.9593358,True,0.10000527,0.4823434,0.024609983
128,PROT,78,12,monocyte,monocyte,0.9958481,False,0.32641253,0.5074896,0.043732002
128,PROT,79,12,monocyte,monocyte,0.9196174,True,0.30883908,0.5260579,-0.27188444
128,PROT,80,12,monocyte,monocyte,0.9496311,True,0.24423474,0.52623355,-0.07525338
128,PROT,81,12,monocyte,monocyte,0.98492706,False,0.23932159,0.5231088,0.031327292
128,PROT,82,10,macrophage,"cd8-positive, alpha-beta t cell",0.87234056,True,0.38525456,0.17794645,-0.9088642
128,PROT,83,10,macrophage,"cd8-positive, alpha-beta t cell",0.94034904,True,0.39946178,0.03774627,-0.8676052
128,PROT,84,12,monocyte,"cd8-positive, alpha-beta t cell",0.8653208,True,0.1659905,0.27336016,-0.5989081
128,PROT,85,10,macrophage,"cd8-positive, alpha-beta t cell",0.93539983,True,0.32649884,0.2036667,-0.8553394
128,PROT,86,12,monocyte,basophil,0.7974141,True,0.30185753,0.46959755,-0.5730599
128,PROT,87,12,monocyte,monocyte,0.9893242,False,0.26289326,0.5341075,0.025471121
128,PROT,88,10,macrophage,"cd8-positive, alpha-beta t cell",0.8918864,True,0.1772586,0.115640104,-0.7194647
128,PROT,89,12,monocyte,monocyte,0.9659988,True,0.26640135,0.46963605,-0.05177003
128,PROT,90,10,macrophage,basophil,0.84990203,True,0.33757323,0.31874287,-0.7529323
128,PROT,91,12,monocyte,monocyte,0.959185,True,0.21674216,0.56831306,-0.13544685
128,PROT,92,12,monocyte,monocyte,0.97549665,True,0.23989873,0.52197105,-0.06329216
128,PROT,93,12,monocyte,myeloid dendritic cell,0.91785944,True,0.15072057,0.54488194,-0.10444874
128,PROT,94,12,monocyte,monocyte,0.9915636,False,0.2746903,0.53380924,0.027633607
128,PROT,95,12,monocyte,"cd8-positive, alpha-beta t cell",0.9344849,True,0.3787371,0.14238319,-0.89531255
128,PROT,96,12,monocyte,monocyte,0.9226683,True,0.36688232,0.5512553,-0.33339468
128,PROT,97,10,macrophage,"cd8-positive, alpha-beta t cell",0.9226457,True,0.3127917,0.25437775,-0.82392514
128,PROT,98,12,monocyte,"cd8-positive, alpha-beta t cell",0.9151331,True,0.17895734,0.13773094,-0.7876977
128,PROT,99,12,monocyte,"cd8-positive, alpha-beta t cell",0.8700052,True,0.22855988,0.11978619,-0.6864624
128,PROT,100,12,monocyte,myeloid dendritic cell,0.8708429,True,0.32933423,0.47054258,-0.30597317
128,PROT,101,12,monocyte,monocyte,0.9942596,False,0.32216334,0.56506544,0.08652744
128,PROT,102,10,macrophage,"cd8-positive, alpha-beta t cell",0.93198985,True,0.42912358,0.17652464,-0.8914207
128,PROT,103,12,monocyte,monocyte,0.9519581,True,0.32479057,0.5213658,-0.1581535
128,PROT,104,12,monocyte,monocyte,0.98436314,False,0.24484059,0.52549225,0.00054733455
128,PROT,105,10,macrophage,"cd8-positive, alpha-beta t cell",0.9271483,True,0.40596375,0.19875516,-0.8390355
128,PROT,106,12,monocyte,monocyte,0.9865702,False,0.33731624,0.5657716,-0.06937498
128,PROT,107,12,monocyte,myeloid dendritic cell,0.92603165,True,0.060905516,0.5645235,-0.25690737
128,PROT,108,12,monocyte,neutrophil,0.93583274,True,-0.37488893,0.30496576,0.08075911
128,PROT,109,12,monocyte,monocyte,0.98299617,False,0.3687826,0.63549066,0.09443784
128,PROT,110,10,macrophage,"naive thymus-derived cd4-positive, alpha-beta t cell",0.83241314,True,0.23074298,0.07527369,-0.6066527
128,PROT,111,12,monocyte,monocyte,0.88655066,True,0.06537032,0.441346,-0.10667718
128,PROT,112,12,monocyte,monocyte,0.9701325,True,0.25076887,0.5516376,-0.069845736
128,PROT,113,10,macrophage,"cd8-positive, alpha-beta t cell",0.92356867,True,0.28438458,0.28681174,-0.81731236
128,PROT,114,10,macrophage,"cd8-positive, alpha-beta t cell",0.97877896,False,0.37375602,-0.022953156,-0.8487973
128,PROT,115,12,monocyte,"cd8-positive, alpha-beta t cell",0.8431728,True,0.38869548,0.3234283,-0.77236426
128,PROT,116,10,macrophage,"cd8-positive, alpha-beta t cell",0.899875,True,0.35799578,0.14085926,-0.91409266
128,PROT,117,12,monocyte,monocyte,0.93807787,True,0.32007286,0.51729935,-0.1678855
128,PROT,118,12,monocyte,"cd8-positive, alpha-beta t cell",0.8365621,True,0.23036829,0.2342243,-0.5705088
128,PROT,119,12,monocyte,myeloid dendritic cell,0.82745296,True,-0.12113324,0.43354937,-0.237872
128,PROT,120,12,monocyte,monocyte,0.9860577,False,0.1738185,0.5351624,0.07254538
128,PROT,121,12,monocyte,myeloid dendritic cell,0.9033872,True,-0.11140391,0.44428727,-0.04388047
128,PROT,122,12,monocyte,basophil,0.8044277,True,0.40587234,0.47720096,-0.6655477
128,PROT,123,10,macrophage,"cd8-positive, alpha-beta t cell",0.9123347,True,0.3546862,0.15256126,-0.9379369
128,PROT,124,12,monocyte,basophil,0.79348516,True,0.28687948,0.47299227,-0.51613
128,PROT,125,12,monocyte,monocyte,0.98619914,False,0.27522564,0.5581143,0.08193444
128,PROT,126,12,monocyte,monocyte,0.9976396,False,0.41133362,0.53970104,0.04984826
128,PROT,127,12,monocyte,monocyte,0.99664855,False,0.43256366,0.52186793,0.03231573
128,PROT,128,10,macrophage,"cd8-positive, alpha-beta t cell",0.85253114,True,0.2126923,0.37293437,-0.77086043
128,PROT,129,10,macrophage,"cd8-positive, alpha-beta t cell",0.85465986,True,0.2277298,0.23676462,-0.6208676
128,PROT,130,12,monocyte,"cd8-positive, alpha-beta t cell",0.8911576,True,0.17879134,0.23127218,-0.70512426
128,PROT,131,12,monocyte,monocyte,0.9956122,False,0.3776027,0.5455584,0.11272046
128,PROT,132,12,monocyte,"cd8-positive, alpha-beta t cell",0.8994302,True,0.41374785,0.17998461,-0.9008564
128,PROT,133,12,monocyte,myeloid dendritic cell,0.8112952,True,0.2908675,0.360029,-0.37996894
128,PROT,134,12,monocyte,monocyte,0.99814045,False,0.4305591,0.55534786,0.06880954
128,PROT,135,12,monocyte,basophil,0.75685555,True,0.3690779,0.49636725,-0.56640035
128,PROT,136,10,macrophage,"cd8-positive, alpha-beta t cell",0.8499925,True,0.35431218,0.015219886,-0.9130578
128,PROT,137,10,macrophage,"naive thymus-derived cd4-positive, alpha-beta t cell",0.8917553,True,0.34153062,-0.03474623,-0.82176006
128,PROT,138,10,macrophage,basophil,0.8879111,True,0.27211538,0.4064078,-0.74591684
128,PROT,139,12,monocyte,monocyte,0.9051458,True,0.32172695,0.45896575,-0.27730793
128,PROT,140,12,monocyte,monocyte,0.92939115,True,0.03570862,0.37549755,0.10149577
128,PROT,141,12,monocyte,monocyte,0.8559124,True,0.34788033,0.020095851,0.18094093
128,PROT,142,12,monocyte,monocyte,0.8807344,True,0.14045358,0.47876152,-0.21984991
128,PROT,143,10,macrophage,"cd8-positive, alpha-beta t cell",0.9336265,True,0.43408197,0.12230624,-0.8674693
128,PROT,144,12,monocyte,monocyte,0.80839235,True,0.09539196,0.435841,-0.32422847
128,PROT,145,12,monocyte,myeloid dendritic cell,0.9051303,True,0.24869037,0.67342216,-0.13790001
128,PROT,146,12,monocyte,monocyte,0.9712477,True,0.056301326,0.526069,0.073507786
128,PROT,147,12,monocyte,myeloid dendritic cell,0.89639425,True,0.30000848,0.6227503,-0.25723055
128,PROT,148,12,monocyte,monocyte,0.99425304,False,0.4062538,0.6084433,0.014747471
128,PROT,149,12,monocyte,myeloid dendritic cell,0.7960994,True,0.28595722,0.41733232,-0.5519386
128,PROT,150,12,monocyte,myeloid dendritic cell,0.88507444,True,0.22075696,0.5272038,-0.31788224
128,PROT,151,12,monocyte,basophil,0.89743596,True,0.22440039,0.37391958,-0.63088834
128,PROT,152,12,monocyte,"cd8-positive, alpha-beta t cell",0.88617,True,0.28162104,-0.13266857,-0.48605436
128,PROT,153,10,macrophage,"cd8-positive, alpha-beta t cell",0.95932484,True,0.3445496,0.04599629,-0.9471017
128,PROT,154,10,macrophage,"cd8-positive, alpha-beta t cell",0.93829626,True,0.3178456,0.101356626,-0.94100094
128,PROT,155,12,monocyte,monocyte,0.9584151,True,0.29221472,0.54550314,-0.022262484
128,PROT,156,12,monocyte,monocyte,0.96684396,True,0.03905067,0.53402406,-0.047061753
128,PROT,157,12,monocyte,monocyte,0.9801581,False,-0.015361369,0.5381862,0.12556341
128,PROT,158,12,monocyte,monocyte,0.99602526,False,0.375167,0.5481418,0.042906716
128,PROT,159,10,macrophage,basophil,0.8181791,True,0.34441578,0.5832953,-0.48387605
128,PROT,160,12,monocyte,monocyte,0.9896182,False,0.40677708,0.5656401,-0.002196908
128,PROT,161,10,macrophage,"cd8-positive, alpha-beta t cell",0.8855861,True,0.36445236,0.14011703,-0.9533627
128,PROT,162,10,macrophage,"cd8-positive, alpha-beta t cell",0.9047533,True,0.29697597,0.15844123,-0.9633222
128,PROT,163,12,monocyte,myeloid dendritic cell,0.91901433,True,0.07400145,0.47776523,-0.06813415
128,PROT,164,12,monocyte,monocyte,0.98412067,False,0.22594133,0.54564387,0.024341539
128,PROT,165,10,macrophage,"cd8-positive, alpha-beta t cell",0.96084803,True,0.32843778,0.090436295,-0.9193993
128,PROT,166,12,monocyte,monocyte,0.76821727,True,0.10857187,0.2344497,-0.13697702
128,PROT,167,12,monocyte,monocyte,0.9358804,True,0.34995225,0.5257629,-0.30442375
128,PROT,168,12,monocyte,monocyte,0.98960304,False,0.24000888,0.5633571,0.12001175
128,PROT,169,12,monocyte,basophil,0.8752923,True,0.2462189,0.41074473,-0.61036557
128,PROT,170,12,monocyte,monocyte,0.9877728,False,0.3285038,0.51299775,-0.034056664
128,PROT,171,12,monocyte,monocyte,0.9934586,False,0.37543646,0.61365175,0.12267083
128,PROT,172,12,monocyte,monocyte,0.9003915,True,0.14748433,0.4543778,-0.13285248
128,PROT,173,12,monocyte,monocyte,0.8537827,True,0.36026698,0.51961046,-0.43442002
128,PROT,174,12,monocyte,"cd8-positive, alpha-beta t cell",0.8440246,True,0.41210976,0.305726,-0.8130876
128,PROT,175,12,monocyte,myeloid dendritic cell,0.94406474,True,0.19236265,0.5537814,-0.17300875
128,PROT,176,12,monocyte,neutrophil,0.9528922,True,-0.50319505,0.17017947,-0.027304552
128,PROT,177,10,macrophage,"cd8-positive, alpha-beta t cell",0.81795347,True,0.37301058,0.23164202,-0.6084217
128,PROT,178,12,monocyte,monocyte,0.7348243,True,0.20499082,0.33962563,-0.45376825
128,PROT,179,10,macrophage,"cd8-positive, alpha-beta t cell",0.82565403,True,0.39083904,0.2569069,-0.6227401
128,PROT,180,12,monocyte,myeloid dendritic cell,0.8637895,True,0.08875993,0.49815157,-0.28596488
128,PROT,181,12,monocyte,monocyte,0.9599463,True,0.36931425,0.5656268,-0.19906554
128,PROT,182,12,monocyte,monocyte,0.98463833,False,0.27330545,0.53378457,0.032326072
128,PROT,183,12,monocyte,myeloid dendritic cell,0.7873252,True,0.2764234,0.4633319,-0.5857255
128,PROT,184,12,monocyte,monocyte,0.96827525,True,0.3283865,0.53544176,-0.1063742
128,PROT,185,12,monocyte,monocyte,0.99663764,False,0.38477308,0.5236265,0.064041466
128,PROT,186,12,monocyte,"cd8-positive, alpha-beta t cell",0.9528386,True,0.44398928,-0.022074964,-0.6848655
128,PROT,187,10,macrophage,"cd8-positive, alpha-beta t cell",0.81345755,True,0.37838274,0.3006362,-0.63688195
128,PROT,188,10,macrophage,"cd8-positive, alpha-beta t cell",0.91005576,True,0.33379412,0.14275652,-0.96070826
128,PROT,189,12,monocyte,basophil,0.80275977,True,-0.21729133,0.49523303,-0.17444155
128,PROT,190,12,monocyte,basophil,0.8668072,True,0.3554587,0.36726287,-0.76061106
128,PROT,191,12,monocyte,mature nk t cell,0.85926145,True,0.37072355,0.22192796,-0.867339
128,PROT,192,12,monocyte,monocyte,0.997665,False,0.4022099,0.5369267,0.0762008
128,PROT,193,12,monocyte,monocyte,0.9941283,False,0.3411776,0.53242725,0.02324666
128,PROT,194,10,macrophage,"cd8-positive, alpha-beta t cell",0.7717785,True,0.25203064,0.20452134,-0.8132802
128,PROT,195,12,monocyte,monocyte,0.92541564,True,0.33062568,0.55891424,-0.23874721
128,PROT,196,10,macrophage,"cd8-positive, alpha-beta t cell",0.95607907,True,0.319655,0.11598639,-0.8119454
128,PROT,197,12,monocyte,monocyte,0.97406536,True,0.017977566,0.51649296,0.08858609
128,PROT,198,12,monocyte,"cd8-positive, alpha-beta t cell",0.8844767,True,0.21557273,0.16461056,-0.6251185
128,PROT,199,12,monocyte,"cd8-positive, alpha-beta t cell",0.9748399,True,0.2809518,-0.03852077,-0.8093766
128,PROT,200,12,monocyte,monocyte,0.9928953,False,0.46688342,0.6729347,0.1488449
128,PROT,201,12,monocyte,"cd8-positive, alpha-beta t cell",0.8873714,True,0.2589844,0.17940958,-0.729821
128,PROT,202,12,monocyte,basophil,0.84246725,True,0.28970402,0.440007,-0.73942524
128,PROT,203,10,macrophage,"cd8-positive, alpha-beta t cell",0.9333056,True,0.36343116,0.24053963,-0.80338216
128,PROT,204,12,monocyte,myeloid dendritic cell,0.9164586,True,0.34861505,0.6677695,-0.28164163
128,PROT,205,10,macrophage,"cd8-positive, alpha-beta t cell",0.9646518,True,0.2619925,-0.010709491,-0.8135359
128,PROT,206,12,monocyte,monocyte,0.96566284,True,0.3339644,0.56020683,-0.17864901
128,PROT,207,12,monocyte,monocyte,0.98344624,False,0.3212521,0.5233227,-0.05410608
128,PROT,208,10,macrophage,"cd8-positive, alpha-beta t cell",0.96012396,True,0.3286798,0.049962167,-0.92013663
128,PROT,209,12,monocyte,"cd8-positive, alpha-beta t cell",0.9590616,True,0.32371688,-0.1159537,-0.83093977
128,PROT,210,12,monocyte,"cd8-positive, alpha-beta t cell",0.8648319,True,0.28413582,0.29162398,-0.7126613
128,PROT,211,12,monocyte,monocyte,0.9680521,True,0.40545446,0.5574272,-0.13813621
128,PROT,212,12,monocyte,monocyte,0.996542,False,0.41000485,0.5639506,0.07046601
128,PROT,213,12,monocyte,monocyte,0.9906432,False,0.36366433,0.53162634,-0.0013806969
128,PROT,214,12,monocyte,monocyte,0.9724325,True,0.1488978,0.55544144,0.031545997
128,PROT,215,10,macrophage,"cd8-positive, alpha-beta t cell",0.89452845,True,0.31399512,0.22916882,-0.7661543
128,PROT,216,10,macrophage,"cd8-positive, alpha-beta t cell",0.88118774,True,0.42193833,0.21267323,-0.8859649
128,PROT,217,12,monocyte,neutrophil,0.9731115,True,-0.38750497,0.40667006,0.07389575
128,PROT,218,12,monocyte,basophil,0.90525955,True,0.21826309,0.39610362,-0.6492245
128,PROT,219,12,monocyte,basophil,0.82996106,True,0.20589094,0.42961043,-0.5175582
128,PROT,220,12,monocyte,monocyte,0.8968397,True,0.318851,0.56667787,-0.15724674
128,PROT,221,10,macrophage,"cd8-positive, alpha-beta t cell",0.9779152,False,0.3730985,0.019584704,-0.88289386
128,PROT,222,12,monocyte,monocyte,0.99365836,False,0.25057733,0.5318704,0.044302434
128,PROT,223,10,macrophage,"cd8-positive, alpha-beta t cell",0.9154037,True,0.35133195,0.16271724,-0.92629516
128,PROT,224,10,macrophage,"cd8-positive, alpha-beta t cell",0.94985425,True,0.38636813,0.07948725,-0.93287325
128,PROT,225,12,monocyte,basophil,0.84655285,True,0.11868193,0.47045454,-0.530012
128,PROT,226,12,monocyte,monocyte,0.9784049,False,0.28423417,0.54211456,0.013670802
128,PROT,227,10,macrophage,basophil,0.77874476,True,0.16160724,0.33429536,-0.6837529
128,PROT,228,12,monocyte,monocyte,0.99647,False,0.38237184,0.55485123,0.037554145
128,PROT,229,10,macrophage,"cd8-positive, alpha-beta t cell",0.85252047,True,0.28349477,0.39007393,-0.6923187
128,PROT,230,12,monocyte,basophil,0.80142796,True,0.22994226,0.50027436,-0.54135424
128,PROT,231,12,monocyte,"cd8-positive, alpha-beta t cell",0.86297596,True,0.31392702,0.20904483,-0.67383265
128,PROT,232,12,monocyte,monocyte,0.9483027,True,0.2909026,0.7061872,0.007542148
128,PROT,233,12,monocyte,monocyte,0.9134779,True,0.35706294,0.52580506,-0.24844055
128,PROT,234,10,macrophage,"cd8-positive, alpha-beta t cell",0.94115466,True,0.29215908,0.22347645,-0.873091
128,PROT,235,12,monocyte,monocyte,0.98728883,False,0.3548677,0.53766197,-0.054372013
128,PROT,236,10,macrophage,"cd8-positive, alpha-beta t cell",0.93958807,True,0.33373812,0.05855948,-0.9111455
128,PROT,237,12,monocyte,monocyte,0.9790495,False,0.32008937,0.5729973,0.07718113
128,PROT,238,10,macrophage,"cd8-positive, alpha-beta t cell",0.92150533,True,0.1775065,0.13106586,-0.7272944
128,PROT,239,12,monocyte,myeloid dendritic cell,0.86969256,True,0.013721466,0.45469126,-0.34947318
128,PROT,240,12,monocyte,myeloid dendritic cell,0.9388141,True,-0.20197609,0.47355065,0.065680414
128,PROT,241,10,macrophage,"cd8-positive, alpha-beta t cell",0.9321173,True,0.43039066,0.13411541,-0.9345295
128,PROT,242,10,macrophage,"cd8-positive, alpha-beta t cell",0.94210577,True,0.26464242,0.036228266,-0.77097565
128,PROT,243,12,monocyte,"cd8-positive, alpha-beta t cell",0.91895074,True,0.31208742,0.12936665,-0.8990996
128,PROT,244,10,macrophage,"cd8-positive, alpha-beta t cell",0.8934341,True,0.42505342,0.107578844,-0.9350141
128,PROT,245,12,monocyte,monocyte,0.78821594,True,0.2567829,0.41760454,-0.41380847
128,PROT,246,10,macrophage,"cd8-positive, alpha-beta t cell",0.9533099,True,0.3514266,0.14369452,-0.8804153
128,PROT,247,10,macrophage,"cd8-positive, alpha-beta t cell",0.86491084,True,0.37335646,0.1353811,-0.85977197
128,PROT,248,10,macrophage,"cd8-positive, alpha-beta t cell",0.9067733,True,0.4727128,0.125715,-0.91863406
128,PROT,249,12,monocyte,myeloid dendritic cell,0.8952735,True,0.24152705,0.5585318,-0.3637734
128,PROT,250,12,monocyte,monocyte,0.981753,False,0.30422154,0.56436604,-0.018283725
128,PROT,251,12,monocyte,monocyte,0.9978077,False,0.3206368,0.5479328,-0.0109336525
128,PROT,252,10,macrophage,"cd8-positive, alpha-beta t cell",0.9599695,True,0.43819636,-0.066926666,-0.94595873
128,PROT,253,12,monocyte,myeloid dendritic cell,0.9376629,True,0.1351265,0.5602787,-0.19071081
128,PROT,254,12,monocyte,monocyte,0.9335448,True,0.280398,0.51602465,-0.10704684
128,PROT,255,12,monocyte,basophil,0.8433973,True,-0.06023383,0.30388913,-0.45765987
128,PROT,256,12,monocyte,monocyte,0.9715953,True,0.21537891,0.5237847,-0.0048227534
128,PROT,257,12,monocyte,myeloid dendritic cell,0.9704636,True,-0.17159653,0.47268286,0.10159442
128,PROT,258,10,macrophage,"cd8-positive, alpha-beta t cell",0.8511065,True,0.45900172,0.3224785,-0.82785475
128,PROT,259,12,monocyte,monocyte,0.98451644,False,0.19413954,0.5377177,0.05421704
128,PROT,260,12,monocyte,basophil,0.84718496,True,0.25050497,0.3721878,-0.72864664
128,PROT,261,10,macrophage,"cd8-positive, alpha-beta t cell",0.9513484,True,0.40340528,0.012369152,-0.93744516
128,PROT,262,12,monocyte,monocyte,0.95512354,True,0.30934376,0.53944635,-0.08584555
128,PROT,263,12,monocyte,monocyte,0.98579866,False,0.35619766,0.5709247,-0.05631175
128,PROT,264,10,macrophage,natural killer cell,0.90221816,True,0.49780086,-0.123268664,-0.84383845
128,PROT,265,12,monocyte,"cd8-positive, alpha-beta t cell",0.92132884,True,0.28990325,0.22464885,-0.8110645
128,PROT,266,10,macrophage,"cd8-positive, alpha-beta t cell",0.91167283,True,0.32242554,0.20384826,-0.7102175
128,PROT,267,12,monocyte,myeloid dendritic cell,0.8633983,True,0.048351318,0.50131553,-0.14635926
128,PROT,268,12,monocyte,"cd8-positive, alpha-beta t cell",0.92558277,True,-0.00081315637,0.16147666,-0.55902326
128,PROT,269,12,monocyte,"cd8-positive, alpha-beta t cell",0.8743866,True,0.3007791,0.31162766,-0.71310127
128,PROT,270,12,monocyte,monocyte,0.9875595,False,0.24607103,0.53701854,0.026744202
128,PROT,271,12,monocyte,monocyte,0.981352,False,0.27740362,0.50838155,0.066483065
128,PROT,272,12,monocyte,monocyte,0.9843703,False,0.18480611,0.51528543,0.10092121
128,PROT,273,12,monocyte,monocyte,0.86309296,True,0.24807355,0.4692863,-0.18653171
128,PROT,274,10,macrophage,basophil,0.82460934,True,0.3058784,0.33607075,-0.7563013
128,PROT,275,12,monocyte,monocyte,0.9535335,True,0.3475917,0.6095749,-0.1903214
128,PROT,276,10,macrophage,"cd8-positive, alpha-beta t cell",0.9282907,True,0.34345946,0.19668774,-0.8755586
128,PROT,277,12,monocyte,monocyte,0.9962602,False,0.3818111,0.5200457,0.013606787
128,PROT,278,12,monocyte,basophil,0.8121264,True,0.3046519,0.45198855,-0.6779586
128,PROT,279,12,monocyte,monocyte,0.9819519,False,0.3324251,0.5891387,0.053404093
128,PROT,280,10,macrophage,"cd8-positive, alpha-beta t cell",0.9299721,True,0.1871588,0.20271789,-0.64915776
128,PROT,281,12,monocyte,monocyte,0.9339022,True,0.19029723,0.5446901,-0.13851415
128,PROT,282,12,monocyte,monocyte,0.9564702,True,0.1401014,0.55939615,-0.039954647
128,PROT,283,12,monocyte,monocyte,0.7727246,True,0.5010067,0.34620395,-0.59498066
128,PROT,284,12,monocyte,basophil,0.8963951,True,0.2113737,0.37622312,-0.6565366
128,PROT,285,12,monocyte,monocyte,0.97291553,True,0.3438268,0.5175036,-0.10735187
128,PROT,286,10,macrophage,"cd8-positive, alpha-beta t cell",0.92514545,True,0.29008374,0.14736392,-0.82110226
128,PROT,287,12,monocyte,monocyte,0.993594,False,0.285802,0.52315825,0.049113393
128,PROT,288,12,monocyte,monocyte,0.9740051,True,0.29366323,0.54738325,-0.020492494
128,PROT,289,10,macrophage,"cd8-positive, alpha-beta t cell",0.9880828,False,0.34677464,-0.08866778,-0.8334727
128,PROT,290,10,macrophage,"cd8-positive, alpha-beta t cell",0.9495975,True,0.3269806,0.044595886,-0.8804562
128,PROT,291,12,monocyte,myeloid dendritic cell,0.8663163,True,0.07788247,0.46797517,-0.23243159
128,PROT,292,12,monocyte,basophil,0.8588699,True,0.15917,0.38975903,-0.6876066
128,PROT,293,12,monocyte,"cd8-positive, alpha-beta t cell",0.7803902,True,0.10378491,0.3145414,-0.48016846
128,PROT,294,12,monocyte,monocyte,0.98048306,False,0.17634383,0.50747055,0.012191199
128,PROT,295,12,monocyte,monocyte,0.9563275,True,0.2858746,0.5252062,-0.13245477
128,PROT,296,10,macrophage,myeloid dendritic cell,0.7488459,True,0.3629347,0.37675476,-0.5987699
128,PROT,297,10,macrophage,"cd8-positive, alpha-beta t cell",0.9432324,True,0.45216796,0.045765866,-0.86325574
128,PROT,298,12,monocyte,monocyte,0.9870533,False,0.29133773,0.5723799,0.07275459
128,PROT,299,10,macrophage,"cd8-positive, alpha-beta t cell",0.9451878,True,0.37904194,0.13173927,-0.8993305
128,PROT,300,12,monocyte,monocyte,0.913966,True,0.29722226,0.54261166,-0.22061399
128,PROT,301,12,monocyte,basophil,0.82410324,True,0.29791194,0.3653015,-0.6947857
128,PROT,302,12,monocyte,myeloid dendritic cell,0.8462494,True,0.3364007,0.43390033,-0.24472608
128,PROT,303,12,monocyte,basophil,0.8157717,True,0.11470106,0.45327637,-0.48472196
128,PROT,304,10,macrophage,basophil,0.7339251,True,0.2605571,0.26573095,-0.6406926
128,PROT,305,10,macrophage,"cd8-positive, alpha-beta t cell",0.900555,True,0.3599264,0.16694069,-0.6718042
128,PROT,306,12,monocyte,monocyte,0.8299125,True,0.018336177,0.37790436,-0.17518762
128,PROT,307,12,monocyte,monocyte,0.9598316,True,0.37806994,0.73773617,0.17302626
128,PROT,308,12,monocyte,monocyte,0.9532637,True,0.15588485,0.5002247,-0.058754954
128,PROT,309,12,monocyte,monocyte,0.99300426,False,0.34886083,0.54228765,0.029090822
128,PROT,310,12,monocyte,myeloid dendritic cell,0.87799037,True,0.3394909,0.5566981,-0.36166954
128,PROT,311,12,monocyte,"cd8-positive, alpha-beta t cell",0.93409365,True,0.3381811,0.10482733,-0.74021626
128,PROT,312,10,macrophage,basophil,0.81673944,True,0.3344481,0.4169536,-0.72604454
128,PROT,313,10,macrophage,"cd8-positive, alpha-beta t cell",0.8016681,True,0.3785694,0.22306468,-0.77458674
128,PROT,314,12,monocyte,monocyte,0.99789375,False,0.41630006,0.52891874,0.056396797
128,PROT,315,12,monocyte,myeloid dendritic cell,0.82045156,True,0.22085132,0.43704787,-0.41609824
128,PROT,316,12,monocyte,"cd8-positive, alpha-beta t cell",0.9341638,True,0.3047064,0.17134042,-0.79438996
128,PROT,317,12,monocyte,monocyte,0.97128433,True,0.25981107,0.54856193,-0.06305799
128,PROT,318,12,monocyte,monocyte,0.91364396,True,0.01490739,0.43830284,-0.10417918
128,PROT,319,10,macrophage,basophil,0.83650273,True,0.18243274,0.49019375,-0.6420809
128,PROT,320,12,monocyte,myeloid dendritic cell,0.82794636,True,0.2165947,0.458719,-0.3952366
128,PROT,321,12,monocyte,basophil,0.8268909,True,0.34209967,0.3953368,-0.56520945
128,PROT,322,12,monocyte,basophil,0.899476,True,0.2557825,0.37174392,-0.7635672
128,PROT,323,12,monocyte,monocyte,0.96465063,True,0.248193,0.53865284,-0.12111834
128,PROT,324,12,monocyte,"cd8-positive, alpha-beta t cell",0.8934259,True,0.15064347,0.24021639,-0.6042266
128,PROT,325,12,monocyte,basophil,0.83291996,True,0.26469392,0.37337318,-0.63620704
128,PROT,326,10,macrophage,"cd8-positive, alpha-beta t cell",0.90145725,True,0.3205875,0.28670076,-0.847102
128,PROT,327,10,macrophage,"cd8-positive, alpha-beta t cell",0.90563416,True,0.27309215,0.24639659,-0.8662256
128,PROT,328,10,macrophage,"cd8-positive, alpha-beta t cell",0.93135685,True,0.38911307,0.08742495,-0.96449304
128,PROT,329,12,monocyte,monocyte,0.994247,False,0.3001101,0.5214295,0.06276886
128,PROT,330,10,macrophage,basophil,0.82960606,True,0.27958047,0.4871727,-0.61914974
128,PROT,331,12,monocyte,monocyte,0.8459492,True,0.34196782,0.5151244,-0.42227745
128,PROT,332,12,monocyte,monocyte,0.9845457,False,0.25455227,0.5233366,0.0154284015
128,PROT,333,12,monocyte,basophil,0.8675254,True,0.2300936,0.306865,-0.65450704
128,PROT,334,12,monocyte,monocyte,0.9986866,False,0.45256808,0.5386959,0.08152673
128,PROT,335,12,monocyte,monocyte,0.91974634,True,0.39417812,0.49375936,-0.1526092
128,PROT,336,12,monocyte,basophil,0.8345492,True,0.13686414,0.35607597,-0.594682
128,PROT,337,12,monocyte,myeloid dendritic cell,0.9051567,True,0.23477113,0.5427715,-0.30986416
128,PROT,338,10,macrophage,"cd8-positive, alpha-beta t cell",0.95946354,True,0.30940083,0.12872382,-0.90407914
128,PROT,339,12,monocyte,monocyte,0.90602195,True,0.2873332,0.46917906,-0.20820293
128,PROT,340,12,monocyte,monocyte,0.995654,False,0.33514985,0.55642134,0.09669596
128,PROT,341,10,macrophage,"cd8-positive, alpha-beta t cell",0.93637675,True,0.28552175,0.23915829,-0.89548093
128,PROT,342,12,monocyte,monocyte,0.9955347,False,0.35770032,0.52955,0.07226688
128,PROT,343,12,monocyte,monocyte,0.990857,False,0.25648218,0.5448825,0.047503293
128,PROT,344,12,monocyte,monocyte,0.941612,True,0.27462018,0.51212364,-0.120319605
128,PROT,345,12,monocyte,monocyte,0.9906352,False,0.38615254,0.5372816,-0.008418515
128,PROT,346,12,monocyte,monocyte,0.965839,True,0.48535845,0.66908735,0.02348812
128,PROT,347,12,monocyte,basophil,0.74492955,True,0.31865084,0.392997,-0.60726464
128,PROT,348,12,monocyte,monocyte,0.95325667,True,0.2668086,0.59227145,-0.14010467
128,PROT,349,10,macrophage,"cd8-positive, alpha-beta t cell",0.95635843,True,0.30267423,0.07456429,-0.90350264
128,PROT,350,10,macrophage,"cd8-positive, alpha-beta t cell",0.9630459,True,0.37024665,0.047694054,-0.9521943
128,PROT,351,12,monocyte,basophil,0.89759374,True,0.25333187,0.33734322,-0.69082016
128,PROT,352,10,macrophage,"cd8-positive, alpha-beta t cell",0.9146131,True,0.33451432,0.17498098,-0.92106926
128,PROT,353,12,monocyte,monocyte,0.97596496,True,0.17553246,0.5325718,0.03080669
128,PROT,354,12,monocyte,basophil,0.8445681,True,0.12247879,0.3700698,-0.61506796
128,PROT,355,12,monocyte,monocyte,0.92142963,True,0.29974312,0.50598496,-0.16284405
128,PROT,356,10,macrophage,"cd8-positive, alpha-beta t cell",0.9011684,True,0.24598478,0.34617236,-0.7734417
128,PROT,357,12,monocyte,basophil,0.86079097,True,0.19463791,0.41282773,-0.59176326
128,PROT,358,12,monocyte,monocyte,0.9986254,False,0.4335053,0.52861077,0.08607304
128,PROT,359,12,monocyte,"cd8-positive, alpha-beta t cell",0.8862611,True,0.14794868,0.13214673,-0.560856
128,PROT,360,12,monocyte,monocyte,0.9491517,True,0.3875766,0.60319114,-0.17788614
128,PROT,361,12,monocyte,monocyte,0.9418903,True,0.18107751,0.5447469,-0.12651174
128,PROT,362,12,monocyte,myeloid dendritic cell,0.8900954,True,0.08855036,0.5352518,-0.17948094
128,PROT,363,12,monocyte,"cd8-positive, alpha-beta t cell",0.93957675,True,0.4326887,0.16895913,-0.8793001
128,PROT,364,12,monocyte,basophil,0.8355052,True,0.23443678,0.4388572,-0.5690931
128,PROT,365,12,monocyte,monocyte,0.99578637,False,0.3438196,0.536906,0.048863947
128,PROT,366,10,macrophage,"cd8-positive, alpha-beta t cell",0.8969496,True,0.3160143,0.23020478,-0.8756991
128,PROT,367,10,macrophage,basophil,0.84535563,True,0.34703526,0.38809705,-0.6775811
128,PROT,368,12,monocyte,monocyte,0.93422306,True,0.21953675,0.5333974,-0.19804813
128,PROT,369,10,macrophage,"cd8-positive, alpha-beta t cell",0.93165857,True,0.306974,0.16988918,-0.76234466
128,PROT,370,12,monocyte,basophil,0.8123053,True,0.062847614,0.5257483,-0.47136045
128,PROT,371,12,monocyte,monocyte,0.80416924,True,0.2866129,0.42853704,-0.29169053
128,PROT,372,12,monocyte,monocyte,0.9567051,True,0.18610033,0.5394601,-0.11890697
128,PROT,373,12,monocyte,monocyte,0.94178295,True,0.17040598,0.57647425,-0.04104396
128,PROT,374,12,monocyte,monocyte,0.98329043,False,0.34293184,0.520868,-0.0073520765
128,PROT,375,12,monocyte,monocyte,0.9382872,True,0.27212805,0.51839364,-0.25164917
128,PROT,376,10,macrophage,"cd8-positive, alpha-beta t cell",0.9352705,True,0.41098914,0.012894068,-0.98111004
128,PROT,377,12,monocyte,basophil,0.7453193,True,0.2327472,0.39831743,-0.5515876
128,PROT,378,12,monocyte,myeloid dendritic cell,0.91139,True,0.09309529,0.560008,-0.18186313
128,PROT,379,10,macrophage,"cd8-positive, alpha-beta t cell",0.9051424,True,0.42139447,0.008280579,-0.90892947
128,PROT,380,12,monocyte,monocyte,0.985773,False,0.24975753,0.5116456,-0.009335719
128,PROT,381,12,monocyte,"cd8-positive, alpha-beta t cell",0.895794,True,0.30224574,0.3007336,-0.8524066
128,PROT,382,12,monocyte,monocyte,0.9417503,True,0.21720107,0.56137514,-0.16682628
128,PROT,383,12,monocyte,monocyte,0.9578083,True,0.06355563,0.46391413,0.036411107
128,PROT,384,10,macrophage,"cd8-positive, alpha-beta t cell",0.8744028,True,0.3363486,0.39535445,-0.80770004
128,PROT,385,10,macrophage,"cd8-positive, alpha-beta t cell",0.9533037,True,0.43138525,-0.060241047,-0.97218275
128,PROT,386,12,monocyte,myeloid dendritic cell,0.92582536,True,0.016900718,0.4770927,-0.10273835
128,PROT,387,12,monocyte,monocyte,0.97571784,True,0.2509993,0.54899603,-0.0070929974
128,PROT,388,12,monocyte,monocyte,0.9590474,True,0.08997649,0.51278615,0.00861036
128,PROT,389,10,macrophage,"cd8-positive, alpha-beta t cell",0.841488,True,0.36868697,0.22377114,-0.9083744
128,PROT,390,12,monocyte,monocyte,0.90319777,True,0.14591202,0.47983894,-0.12827265
128,PROT,391,10,macrophage,"cd8-positive, alpha-beta t cell",0.8483188,True,0.38710344,0.18947865,-0.91606396
128,PROT,392,12,monocyte,monocyte,0.9649128,True,0.13676658,0.48329124,0.00047130883
128,PROT,393,12,monocyte,myeloid dendritic cell,0.92475015,True,-0.24685547,0.4465936,-0.032367647
128,PROT,394,12,monocyte,monocyte,0.9312499,True,0.14218155,0.47559014,-0.059058227
128,PROT,395,12,monocyte,myeloid dendritic cell,0.8500528,True,-0.00023518503,0.43778843,-0.21048722
128,PROT,396,12,monocyte,monocyte,0.9972303,False,0.3844123,0.5426369,0.10631032
128,PROT,397,10,macrophage,"cd8-positive, alpha-beta t cell",0.88860685,True,0.35317245,0.20027237,-0.90839833
128,PROT,398,12,monocyte,monocyte,0.97574204,True,0.314246,0.50868726,-0.05374108
128,PROT,399,12,monocyte,monocyte,0.9578448,True,0.27257073,0.4825301,-0.028254263
128,PROT,400,10,macrophage,"cd8-positive, alpha-beta t cell",0.9001241,True,0.29423442,0.1724386,-0.891182
128,PROT,401,12,monocyte,myeloid dendritic cell,0.86519414,True,-0.156724,0.45008644,-0.20935687
128,PROT,402,12,monocyte,monocyte,0.9495724,True,0.22905198,0.48534396,-0.032587826
128,PROT,403,12,monocyte,myeloid dendritic cell,0.8404551,True,0.09558433,0.36953837,-0.26143515
128,PROT,404,12,monocyte,monocyte,0.98551613,False,0.30428582,0.611934,0.024392694
128,PROT,405,12,monocyte,"cd8-positive, alpha-beta t cell",0.85193765,True,0.3796137,-0.07826501,-0.8604152
128,PROT,406,12,monocyte,myeloid dendritic cell,0.9238123,True,0.08119652,0.48745778,-0.13091321
128,PROT,407,12,monocyte,monocyte,0.97512144,True,0.31861368,0.67462516,0.102236494
128,PROT,408,12,monocyte,monocyte,0.97203594,True,0.23914382,0.5021717,-0.016008846
128,PROT,409,12,monocyte,monocyte,0.9174912,True,0.087310925,0.4563776,-0.114480406
128,PROT,410,12,monocyte,monocyte,0.95092094,True,0.22690621,0.51124185,-0.060792048
128,PROT,411,10,macrophage,"cd8-positive, alpha-beta t cell",0.8675781,True,0.28308988,0.32854265,-0.8370162
128,PROT,412,10,macrophage,"cd8-positive, alpha-beta t cell",0.9495018,True,0.43690005,0.054883745,-0.8306452
128,PROT,413,10,macrophage,"cd8-positive, alpha-beta t cell",0.96391064,True,0.3947038,0.07804577,-0.92387754
128,PROT,414,12,monocyte,"cd8-positive, alpha-beta t cell",0.74836093,True,0.24886285,0.23573186,-0.45053625
128,PROT,415,10,macrophage,"cd8-positive, alpha-beta t cell",0.9376352,True,0.25245258,0.24034335,-0.8173183
128,PROT,416,12,monocyte,monocyte,0.98693293,False,0.22576903,0.52840537,0.023155436
128,PROT,417,12,monocyte,monocyte,0.9720352,True,0.201735,0.5499628,-0.061606027
128,PROT,418,12,monocyte,monocyte,0.9973152,False,0.400972,0.5402177,0.11131698
128,PROT,419,12,monocyte,basophil,0.8534891,True,0.22864711,0.45645186,-0.599465
128,PROT,420,12,monocyte,myeloid dendritic cell,0.8648802,True,0.077430695,0.4143993,-0.24964853
128,PROT,421,10,macrophage,"cd8-positive, alpha-beta t cell",0.96253055,True,0.3892144,0.034324955,-0.9078958
128,PROT,422,12,monocyte,monocyte,0.99058884,False,0.32722545,0.5418391,0.021432512
128,PROT,423,12,monocyte,monocyte,0.9812641,False,0.20100865,0.52475184,0.035093337
128,PROT,424,12,monocyte,myeloid dendritic cell,0.9032547,True,0.2278124,0.5506046,-0.25849086
128,PROT,425,12,monocyte,monocyte,0.99889153,False,0.43599546,0.5265784,0.07106581
128,PROT,426,10,macrophage,"cd8-positive, alpha-beta t cell",0.9043104,True,0.3353734,0.19962682,-0.7526173
128,PROT,427,12,monocyte,"cd8-positive, alpha-beta t cell",0.9011876,True,0.2605261,0.22151114,-0.7733176
128,PROT,428,10,macrophage,"cd8-positive, alpha-beta t cell",0.9208518,True,0.1709419,0.18101971,-0.8019782
128,PROT,429,12,monocyte,monocyte,0.93799514,True,0.1314564,0.48535976,-0.01946932
128,PROT,430,12,monocyte,basophil,0.86671036,True,0.27884236,0.40830013,-0.7168095
128,PROT,431,12,monocyte,basophil,0.8189782,True,0.16689779,0.43538794,-0.57532334
128,PROT,432,12,monocyte,monocyte,0.9316081,True,0.07624048,0.49713144,-0.029144868
128,PROT,433,12,monocyte,monocyte,0.9329323,True,0.23434754,0.47243223,-0.06712198
128,PROT,434,12,monocyte,monocyte,0.96705115,True,0.23243698,0.5294263,-0.08744322
128,PROT,435,12,monocyte,monocyte,0.9537658,True,0.12811935,0.5440003,-0.012057975
128,PROT,436,12,monocyte,monocyte,0.99170977,False,0.30263597,0.50591815,0.04194416
128,PROT,437,12,monocyte,monocyte,0.96321946,True,0.28558528,0.6405927,0.07499784
128,PROT,438,10,macrophage,"cd8-positive, alpha-beta t cell",0.9338165,True,0.48080352,-0.115667164,-0.9287432
128,PROT,439,12,monocyte,"cd8-positive, alpha-beta t cell",0.97823215,False,0.44102865,-0.031853568,-0.9110219
128,PROT,440,10,macrophage,natural killer cell,0.93438375,True,0.49690923,-0.020850036,-0.9147523
128,PROT,441,12,monocyte,myeloid dendritic cell,0.93590164,True,0.06742072,0.52566177,-0.059577655
128,PROT,442,10,macrophage,"cd8-positive, alpha-beta t cell",0.9004885,True,0.35398668,0.30412862,-0.8381016
128,PROT,443,12,monocyte,myeloid dendritic cell,0.9231655,True,-0.005469471,0.47068128,-0.13102594
128,PROT,444,12,monocyte,monocyte,0.98606455,False,0.3001495,0.5023773,-0.006598562
128,PROT,445,12,monocyte,monocyte,0.9533128,True,0.17594734,0.5493248,-0.007478863
128,PROT,446,12,monocyte,monocyte,0.9698091,True,0.34450272,0.55223924,-0.12950635
128,PROT,447,12,monocyte,monocyte,0.9829222,False,0.33540678,0.4995608,0.013481811
128,PROT,448,10,macrophage,"cd8-positive, alpha-beta t cell",0.902331,True,0.39532706,0.11870535,-0.93961114
128,PROT,449,12,monocyte,monocyte,0.994019,False,0.373382,0.5331145,0.02697897
128,PROT,450,12,monocyte,monocyte,0.97635037,True,0.30752385,0.56275654,-0.003333442
128,PROT,451,12,monocyte,monocyte,0.97233796,True,0.31643558,0.50564665,-0.03914289
128,PROT,452,10,macrophage,"cd8-positive, alpha-beta t cell",0.94016504,True,0.3634076,0.18804494,-0.86603063
128,PROT,453,10,macrophage,natural killer cell,0.93815887,True,0.37772602,0.019359287,-0.9768027
128,PROT,454,12,monocyte,myeloid dendritic cell,0.8306561,True,0.051409215,0.40981257,-0.30074322
128,PROT,455,12,monocyte,monocyte,0.920827,True,0.11890939,0.5770911,-0.08787516
128,PROT,456,10,macrophage,"cd8-positive, alpha-beta t cell",0.898146,True,0.33196682,0.10013881,-0.9541001
128,PROT,457,10,macrophage,"cd8-positive, alpha-beta t cell",0.94566303,True,0.39796,0.02326886,-0.92620814
128,PROT,458,10,macrophage,natural killer cell,0.93135834,True,0.49159333,-0.15138756,-0.8540101
128,PROT,459,12,monocyte,monocyte,0.9962763,False,0.456606,0.5557429,0.07121198
128,PROT,460,12,monocyte,monocyte,0.9578441,True,0.24550442,0.67427665,0.07868835
128,PROT,461,12,monocyte,monocyte,0.9855954,False,0.39864403,0.5393782,0.0060942024
128,PROT,462,12,monocyte,myeloid dendritic cell,0.8648503,True,-0.13907486,0.45496812,-0.18040495
128,PROT,463,10,macrophage,natural killer cell,0.95924443,True,0.41957062,-0.09461914,-0.89677906
128,PROT,464,12,monocyte,monocyte,0.96604896,True,0.16108653,0.5419417,-0.066676386
128,PROT,465,12,monocyte,myeloid dendritic cell,0.88841206,True,0.00808531,0.42414567,-0.14352778
128,PROT,466,12,monocyte,monocyte,0.9598602,True,0.34610453,0.5705964,-0.05314332
128,PROT,467,10,macrophage,"cd8-positive, alpha-beta t cell",0.92603904,True,0.32339334,0.18278655,-0.8203962
128,PROT,468,12,monocyte,monocyte,0.9268361,True,0.1781925,0.5154777,-0.12088176
128,PROT,469,12,monocyte,myeloid dendritic cell,0.8231231,True,-0.050465673,0.35645437,-0.24822973
128,PROT,470,10,macrophage,"cd8-positive, alpha-beta t cell",0.8918195,True,0.3612191,0.17967458,-0.94444346
128,PROT,471,10,macrophage,"cd8-positive, alpha-beta t cell",0.88624376,True,0.39624876,0.12774795,-0.96633786
128,PROT,472,10,macrophage,"cd8-positive, alpha-beta t cell",0.89416486,True,0.3819925,0.118851766,-0.95207274
128,PROT,473,12,monocyte,myeloid dendritic cell,0.8657701,True,0.025881112,0.37317556,-0.19509047
128,PROT,474,12,monocyte,monocyte,0.988912,False,0.30873457,0.51646733,-0.004469171
128,PROT,475,12,monocyte,monocyte,0.9793045,False,0.3916549,0.6290496,0.0734611
128,PROT,476,12,monocyte,monocyte,0.9853881,False,0.39746994,0.62781614,0.06160927
128,PROT,477,12,monocyte,monocyte,0.8766275,True,0.3181935,0.31545487,-0.089617
128,PROT,478,10,macrophage,"cd8-positive, alpha-beta t cell",0.8795892,True,0.31796226,0.05034965,-0.812494
128,PROT,479,12,monocyte,monocyte,0.99033284,False,0.35727322,0.5388391,0.018673599
128,PROT,480,10,macrophage,"cd8-positive, alpha-beta t cell",0.9105934,True,0.3321739,0.10590489,-0.83397293
128,PROT,481,12,monocyte,monocyte,0.9459849,True,0.30255818,0.5668047,-0.24352154
128,PROT,482,10,macrophage,"cd8-positive, alpha-beta t cell",0.94541645,True,0.33597887,0.0038354434,-0.8914623
128,PROT,483,12,monocyte,myeloid dendritic cell,0.8501851,True,0.12685053,0.47951362,-0.30645853
128,PROT,484,12,monocyte,monocyte,0.9414708,True,0.06370853,0.5270626,-0.08076888
128,PROT,485,12,monocyte,"cd8-positive, alpha-beta t cell",0.9071351,True,0.30128512,0.26138481,-0.78061557
128,PROT,486,12,monocyte,monocyte,0.98321915,False,0.26723164,0.54586005,-0.0056811124
128,PROT,487,12,monocyte,"cd8-positive, alpha-beta t cell",0.89011335,True,0.29033822,0.1276331,-0.7024251
128,PROT,488,10,macrophage,"cd8-positive, alpha-beta t cell",0.93680334,True,0.36934307,-0.055882007,-0.8147187
128,PROT,489,12,monocyte,monocyte,0.9876273,False,0.28679112,0.57940227,0.00016420335
128,PROT,490,12,monocyte,monocyte,0.8824125,True,0.21243514,0.46237293,-0.21944949
128,PROT,491,12,monocyte,monocyte,0.97255486,True,-0.025595248,0.5054067,0.0110615045
128,PROT,492,12,monocyte,monocyte,0.98096216,False,-0.031134337,0.5246883,0.062124014
128,PROT,493,10,macrophage,"cd8-positive, alpha-beta t cell",0.96727145,True,0.32216614,-0.014735304,-0.80836844
128,PROT,494,12,monocyte,monocyte,0.94877374,True,0.356819,0.5838302,-0.2954461
128,PROT,495,12,monocyte,"cd8-positive, alpha-beta t cell",0.8666195,True,0.42445445,0.06523669,-0.5376403
128,PROT,496,12,monocyte,"cd8-positive, alpha-beta t cell",0.8905428,True,0.25249344,0.35063133,-0.77177817
128,PROT,497,12,monocyte,"cd8-positive, alpha-beta t cell",0.758688,True,0.33889645,0.3193228,-0.5246545
128,PROT,498,10,macrophage,basophil,0.8768211,True,0.25865668,0.37842134,-0.6788058
128,PROT,499,12,monocyte,monocyte,0.9911534,False,0.23301804,0.5242062,0.073440254
128,PROT,500,12,monocyte,monocyte,0.96514785,True,0.08943164,0.5490194,-0.020733386
128,PROT,501,12,monocyte,"cd8-positive, alpha-beta t cell",0.8030749,True,0.31135336,0.38196263,-0.6488845
128,PROT,502,12,monocyte,monocyte,0.98650235,False,0.3986286,0.6163762,-0.09724352
128,PROT,503,12,monocyte,monocyte,0.88047457,True,0.15238571,0.5105733,-0.1654095
128,PROT,504,10,macrophage,"cd8-positive, alpha-beta t cell",0.90800506,True,0.31887382,0.15918449,-0.7791693
128,PROT,505,12,monocyte,basophil,0.8571696,True,0.30730474,0.33193654,-0.69449687
128,PROT,506,12,monocyte,myeloid dendritic cell,0.9601766,True,-0.08080724,0.5018013,-0.031090647
128,PROT,507,10,macrophage,"cd8-positive, alpha-beta t cell",0.76830894,True,0.40940058,0.3722085,-0.7101346
128,PROT,508,12,monocyte,"cd8-positive, alpha-beta t cell",0.95699465,True,0.29652965,0.014495004,-0.7923261
128,PROT,509,12,monocyte,monocyte,0.8156302,True,0.15754776,0.42166057,-0.36761093
128,PROT,510,12,monocyte,myeloid dendritic cell,0.9744192,True,-0.1658276,0.49233463,0.020218909
128,PROT,511,12,monocyte,monocyte,0.9846799,False,0.3776237,0.5314333,-0.054393366
128,PROT,512,12,monocyte,monocyte,0.99237067,False,0.33134755,0.54791504,0.09050077
128,PROT,513,12,monocyte,basophil,0.8556418,True,0.2148665,0.31176794,-0.6770508
128,PROT,514,12,monocyte,"cd8-positive, alpha-beta t cell",0.9576786,True,0.39522028,0.15711497,-0.8838203
128,PROT,515,12,monocyte,myeloid dendritic cell,0.91912025,True,0.07976432,0.5363803,-0.25226593
128,PROT,516,12,monocyte,monocyte,0.9628389,True,0.2838265,0.66507953,0.045639873
128,PROT,517,12,monocyte,neutrophil,0.8947577,True,-0.2428855,0.34381363,-0.018536031
128,PROT,518,12,monocyte,"cd8-positive, alpha-beta t cell",0.7762718,True,0.3357424,0.31520492,-0.5824509
128,PROT,519,10,macrophage,myeloid dendritic cell,0.77850604,True,0.33769166,0.4232985,-0.644222
128,PROT,520,12,monocyte,monocyte,0.9723968,True,0.18402305,0.5211526,0.047704294
128,PROT,521,10,macrophage,"cd8-positive, alpha-beta t cell",0.8400211,True,0.30854803,0.2988504,-0.7258868
128,PROT,522,10,macrophage,"cd8-positive, alpha-beta t cell",0.9028218,True,0.39135897,0.11527671,-0.9013369
128,PROT,523,12,monocyte,monocyte,0.8891937,True,0.44439209,0.5356448,-0.3479849
128,PROT,524,12,monocyte,"cd8-positive, alpha-beta t cell",0.9635601,True,0.24170654,-0.07427034,-0.78525484
128,PROT,525,12,monocyte,monocyte,0.9651902,True,0.26592988,0.6779453,-0.08571029
128,PROT,526,12,monocyte,monocyte,0.9571181,True,0.12513454,0.58071333,-0.028980777
128,PROT,527,12,monocyte,monocyte,0.97002935,True,0.119065404,0.5297138,0.09206411
128,PROT,528,12,monocyte,"cd8-positive, alpha-beta t cell",0.8560548,True,0.15136555,0.22377072,-0.51705587
128,PROT,529,10,macrophage,"cd8-positive, alpha-beta t cell",0.9827843,False,0.45436317,-0.05862578,-0.89129674
128,PROT,530,12,monocyte,basophil,0.8183728,True,0.412692,0.4665573,-0.6170728
128,PROT,531,10,macrophage,"cd8-positive, alpha-beta t cell",0.83019626,True,0.2938713,0.37259975,-0.8374542
128,PROT,532,12,monocyte,myeloid dendritic cell,0.90451026,True,0.14412236,0.5205458,-0.20583415
128,PROT,533,10,macrophage,regulatory t cell,0.8696708,True,0.2863011,0.17397329,-0.7486273
128,PROT,534,12,monocyte,monocyte,0.99316925,False,0.34813723,0.5274207,-0.009263903
128,PROT,535,12,monocyte,monocyte,0.9918506,False,0.33139646,0.53541994,-0.008060887
128,PROT,536,12,monocyte,myeloid dendritic cell,0.86893433,True,-0.10782614,0.4852781,-0.24648389
128,PROT,537,12,monocyte,monocyte,0.9799726,False,0.24811055,0.49077103,0.021799415
128,PROT,538,10,macrophage,"cd8-positive, alpha-beta t cell",0.905214,True,0.43272036,0.0020619072,-0.9456762
128,PROT,539,12,monocyte,monocyte,0.95764935,True,0.20224153,0.66374254,0.07529098
128,PROT,540,12,monocyte,monocyte,0.98967844,False,0.42333856,0.5730141,0.025446653
128,PROT,541,12,monocyte,monocyte,0.9926205,False,0.3064866,0.5210026,0.0042534247
128,PROT,542,12,monocyte,"cd8-positive, alpha-beta t cell",0.876759,True,0.35934347,0.0790931,-0.6985937
128,PROT,543,12,monocyte,myeloid dendritic cell,0.85549915,True,0.10858857,0.3974471,-0.24911141
128,PROT,544,10,macrophage,"cd8-positive, alpha-beta t cell",0.85406905,True,0.39768428,0.191768,-0.88449943
128,PROT,545,12,monocyte,monocyte,0.98198485,False,0.2037587,0.4759105,0.06812483
128,PROT,546,10,macrophage,"cd8-positive, alpha-beta t cell",0.9581774,True,0.4362011,-0.074295655,-0.9072848
128,PROT,547,12,monocyte,myeloid dendritic cell,0.8723495,True,0.11356294,0.5397177,-0.31765163
128,PROT,548,12,monocyte,monocyte,0.85448766,True,0.24868542,0.44803795,-0.26921135
128,PROT,549,12,monocyte,basophil,0.8401615,True,0.33734322,0.36956075,-0.66497326
128,PROT,550,12,monocyte,monocyte,0.99716294,False,0.3283328,0.5288074,0.08549762
128,PROT,551,12,monocyte,"cd8-positive, alpha-beta t cell",0.91506165,True,0.3954711,0.12379463,-0.7337073
128,PROT,552,10,macrophage,"cd8-positive, alpha-beta t cell",0.90684,True,0.38102254,0.058100138,-0.72312933
128,PROT,553,12,monocyte,monocyte,0.9760625,True,0.23775774,0.51487905,-0.026088946
128,PROT,554,12,monocyte,myeloid dendritic cell,0.836059,True,0.283373,0.53669554,-0.46440002
128,PROT,555,12,monocyte,monocyte,0.95525384,True,0.16452938,0.514079,-0.04769553
128,PROT,556,12,monocyte,"cd8-positive, alpha-beta t cell",0.90021634,True,0.42533728,0.09509264,-0.91175586
128,PROT,557,12,monocyte,monocyte,0.96377695,True,0.065565854,0.5095046,-0.039713174
128,PROT,558,12,monocyte,monocyte,0.89245677,True,0.37907037,0.5357298,-0.3552137
128,PROT,559,12,monocyte,"cd8-positive, alpha-beta t cell",0.95622116,True,0.33067116,-0.07838236,-0.83267426
128,PROT,560,10,macrophage,"cd8-positive, alpha-beta t cell",0.979083,False,0.3407769,-0.02311756,-0.79549617
128,PROT,561,12,monocyte,basophil,0.85342675,True,0.28714094,0.36723045,-0.6431777
128,PROT,562,10,macrophage,"cd8-positive, alpha-beta t cell",0.91460574,True,0.43748087,0.1759537,-0.87938714
128,PROT,563,10,macrophage,"cd8-positive, alpha-beta t cell",0.9217644,True,0.41157103,0.16836245,-0.8666254
128,PROT,564,12,monocyte,monocyte,0.9876914,False,0.37588936,0.5965718,0.09229611
128,PROT,565,12,monocyte,monocyte,0.9603409,True,0.088087365,0.50406146,-0.037148386
128,PROT,566,12,monocyte,monocyte,0.7513502,True,0.36217454,0.4678655,-0.53004545
128,PROT,567,10,macrophage,"cd8-positive, alpha-beta t cell",0.9320318,True,0.35202986,0.18809052,-0.7860945
128,PROT,568,12,monocyte,monocyte,0.9764656,True,0.23642555,0.5185601,-0.045568995
128,PROT,569,12,monocyte,myeloid dendritic cell,0.9380578,True,-0.02096337,0.549249,-0.16911767
128,PROT,570,12,monocyte,"cd8-positive, alpha-beta t cell",0.9142799,True,0.34142393,0.23525794,-0.91413456
128,PROT,571,12,monocyte,"cd8-positive, alpha-beta t cell",0.8519885,True,0.33741954,0.373498,-0.77858603
128,PROT,572,12,monocyte,monocyte,0.95555806,True,0.32355732,0.50883913,-0.120720804
128,PROT,573,12,monocyte,monocyte,0.9799889,False,0.14470382,0.5442848,0.093952745
128,PROT,574,12,monocyte,monocyte,0.9952296,False,0.3349476,0.5441973,0.084518105
128,PROT,575,10,macrophage,myeloid dendritic cell,0.7550278,True,0.38757044,0.4712514,-0.5562723
128,PROT,576,12,monocyte,basophil,0.78385466,True,0.1766834,0.4780558,-0.5514982
128,PROT,577,12,monocyte,monocyte,0.90452975,True,0.29847193,0.51333725,-0.3985459
128,PROT,578,12,monocyte,monocyte,0.97000396,True,0.42853612,0.666078,-0.018429093
128,PROT,579,12,monocyte,basophil,0.8663372,True,0.28836787,0.5920559,-0.41544676
128,PROT,580,12,monocyte,"cd8-positive, alpha-beta t cell",0.9452426,True,0.23583645,0.15693702,-0.85304254
128,PROT,581,10,macrophage,"cd8-positive, alpha-beta t cell",0.9475112,True,0.3815265,-0.09148908,-0.8060499
128,PROT,582,12,monocyte,monocyte,0.9682801,True,0.33435953,0.5163837,-0.124328606
128,PROT,583,10,macrophage,"cd8-positive, alpha-beta t cell",0.9569004,True,0.40452915,0.013823155,-0.92379063
128,PROT,584,10,macrophage,macrophage,0.7899652,True,0.27613124,0.29608727,-0.61044747
128,PROT,585,12,monocyte,monocyte,0.9972022,False,0.35577464,0.5689325,0.037395418
128,PROT,586,12,monocyte,monocyte,0.9816315,False,0.25922295,0.56685454,0.070007235
128,PROT,587,12,monocyte,monocyte,0.99355334,False,0.28029284,0.5433779,0.02414161
128,PROT,588,12,monocyte,myeloid dendritic cell,0.81764084,True,0.39752233,0.44109073,-0.46960986
128,PROT,589,12,monocyte,monocyte,0.9944175,False,0.30161533,0.5531784,0.07607457
128,PROT,590,12,monocyte,monocyte,0.98579615,False,0.3228001,0.64232886,0.022402436
128,PROT,591,12,monocyte,monocyte,0.92333305,True,0.19991772,0.5332373,-0.18864289
128,PROT,592,12,monocyte,monocyte,0.9699158,True,0.2560531,0.50738484,-0.09772035
128,PROT,593,10,macrophage,"cd8-positive, alpha-beta t cell",0.9447297,True,0.46025157,-0.054766964,-0.94242454
128,PROT,594,12,monocyte,myeloid dendritic cell,0.86396676,True,-0.06737068,0.46800342,-0.08366022
128,PROT,595,12,monocyte,monocyte,0.9637372,True,0.27429414,0.6095479,-0.040594622
128,PROT,596,12,monocyte,monocyte,0.96270615,True,0.09760472,0.4919798,0.045684844
128,PROT,597,12,monocyte,monocyte,0.9740125,True,0.4122751,0.7464932,0.17416382
128,PROT,598,12,monocyte,"cd8-positive, alpha-beta t cell",0.92998683,True,0.27801356,0.11038642,-0.7834319
128,PROT,599,12,monocyte,monocyte,0.7638189,True,0.25330034,0.324672,-0.3468954
128,PROT,600,12,monocyte,monocyte,0.9571751,True,0.2260581,0.5116149,-0.07956587
128,PROT,601,12,monocyte,monocyte,0.72776574,True,0.24619022,0.36502263,-0.44223285
128,PROT,602,12,monocyte,monocyte,0.9643951,True,0.32478973,0.48117062,-0.099497855
128,PROT,603,12,monocyte,"cd8-positive, alpha-beta t cell",0.9347642,True,0.2795776,0.059167627,-0.81448233
128,PROT,604,12,monocyte,monocyte,0.94968295,True,0.105988085,0.5394347,-0.07557575
128,PROT,605,10,macrophage,basophil,0.8179337,True,0.054650575,0.3131685,-0.5493547
128,PROT,606,12,monocyte,"cd8-positive, alpha-beta t cell",0.829874,True,0.34481493,0.26291844,-0.72879136
128,PROT,607,12,monocyte,myeloid dendritic cell,0.9091826,True,0.006034404,0.6731475,0.19509494
128,PROT,608,10,macrophage,myeloid dendritic cell,0.8028043,True,0.3139255,0.356115,-0.63993645
128,PROT,609,10,macrophage,natural killer cell,0.9517133,True,0.48360953,-0.031753328,-0.8870418
128,PROT,610,10,macrophage,"cd8-positive, alpha-beta t cell",0.92589,True,0.31100738,0.111780465,-0.6736989
128,PROT,611,12,monocyte,monocyte,0.9628699,True,0.15940785,0.54630464,-0.024576478
128,PROT,612,10,macrophage,"cd8-positive, alpha-beta t cell",0.9554368,True,0.4490534,-0.13006832,-0.9735303
128,PROT,613,12,monocyte,monocyte,0.99186534,False,0.3338219,0.5363454,0.058376744
128,PROT,614,10,macrophage,"cd8-positive, alpha-beta t cell",0.9643424,True,0.49202397,-0.05375631,-0.9347608
128,PROT,615,10,macrophage,"cd8-positive, alpha-beta t cell",0.90591687,True,0.468233,0.0728738,-0.91203135
128,PROT,616,12,monocyte,myeloid dendritic cell,0.8018489,True,0.2460333,0.52063125,-0.5260204
128,PROT,617,12,monocyte,monocyte,0.9936924,False,0.373756,0.5413392,0.056463838
128,PROT,618,12,monocyte,monocyte,0.9953134,False,0.32616523,0.5789261,0.04376076
128,PROT,619,10,macrophage,"cd8-positive, alpha-beta t cell",0.8932084,True,0.3231034,0.26314563,-0.9276997
128,PROT,620,12,monocyte,monocyte,0.9638125,True,0.20471895,0.52526635,-0.0804698
128,PROT,621,12,monocyte,monocyte,0.9353716,True,0.24513073,0.52083,-0.15323308
128,PROT,622,12,monocyte,monocyte,0.96908486,True,0.2489022,0.54532427,-0.014529027
128,PROT,623,10,macrophage,"cd8-positive, alpha-beta t cell",0.90296066,True,0.4177157,0.18325065,-0.8891048
128,PROT,624,12,monocyte,"cd8-positive, alpha-beta t cell",0.7256271,True,0.38062376,0.36218634,-0.5583379
128,PROT,625,10,macrophage,"cd8-positive, alpha-beta t cell",0.9106578,True,0.4697904,0.100541934,-0.9239485
128,PROT,626,10,macrophage,macrophage,0.74671614,True,0.29964957,0.2047656,-0.76842076
128,PROT,627,12,monocyte,monocyte,0.97909707,False,0.14534779,0.52271396,0.10126087
128,PROT,628,12,monocyte,monocyte,0.98035187,False,0.00094243884,0.5285959,0.04755649
128,PROT,629,10,macrophage,regulatory t cell,0.7435292,True,0.28525573,0.26420042,-0.7277218
128,PROT,630,12,monocyte,"cd8-positive, alpha-beta t cell",0.9223157,True,0.36586046,0.10097107,-0.9659623
128,PROT,631,12,monocyte,myeloid dendritic cell,0.87220216,True,0.19450314,0.55773264,-0.4370653
128,PROT,632,10,macrophage,"cd8-positive, alpha-beta t cell",0.93599963,True,0.3130148,0.26912838,-0.8147234
128,PROT,633,10,macrophage,"cd8-positive, alpha-beta t cell",0.89027923,True,0.33859026,0.15895754,-0.9623611
128,PROT,634,10,macrophage,"cd8-positive, alpha-beta t cell",0.970992,True,0.34864178,-0.08164936,-0.82934046
128,PROT,635,12,monocyte,"cd8-positive, alpha-beta t cell",0.9170809,True,0.3195734,0.33386752,-0.7816669
128,PROT,636,12,monocyte,monocyte,0.9799874,False,0.3658181,0.670595,-0.01827021
128,PROT,637,12,monocyte,monocyte,0.76838565,True,-0.059347242,0.31783813,-0.19305196
128,PROT,638,12,monocyte,monocyte,0.9930753,False,0.40570316,0.67062414,0.14492178
128,PROT,639,12,monocyte,monocyte,0.99087197,False,0.29624596,0.539163,0.005814992
128,PROT,640,12,monocyte,"cd8-positive, alpha-beta t cell",0.9376286,True,0.30762452,0.20857476,-0.8163323
128,PROT,641,10,macrophage,myeloid dendritic cell,0.74586225,True,0.5409193,0.25665003,-0.5627425
128,PROT,642,10,macrophage,"cd8-positive, alpha-beta t cell",0.8735635,True,0.14793855,0.35702208,-0.6048697
128,PROT,643,12,monocyte,monocyte,0.92689645,True,0.008989811,0.448669,-0.03515148
128,PROT,644,10,macrophage,"cd8-positive, alpha-beta t cell",0.9402656,True,0.24455604,0.073375836,-0.871049
128,PROT,645,12,monocyte,monocyte,0.817577,True,0.19807221,0.41560453,-0.3375961
128,PROT,646,10,macrophage,"cd8-positive, alpha-beta t cell",0.9531115,True,0.32261765,-0.0022215247,-0.7894666
128,PROT,647,12,monocyte,myeloid dendritic cell,0.83621186,True,0.22051519,0.54492575,-0.3786219
128,PROT,648,12,monocyte,"cd8-positive, alpha-beta t cell",0.9183011,True,0.2437498,-0.00878083,-0.62141824
128,PROT,649,12,monocyte,monocyte,0.99186814,False,0.29821542,0.5603133,0.031545863
128,PROT,650,12,monocyte,macrophage,0.8528679,True,0.26983184,0.4239771,-0.3925179
128,PROT,651,12,monocyte,monocyte,0.9624114,True,0.23453993,0.55449736,-0.050263643
128,PROT,652,10,macrophage,"cd8-positive, alpha-beta t cell",0.9481527,True,0.3762307,0.19780298,-0.82571363
128,PROT,653,12,monocyte,monocyte,0.9379156,True,0.009037808,0.46606186,-0.10169144
128,PROT,654,12,monocyte,monocyte,0.9378593,True,0.23934463,0.36023173,0.10729244
128,PROT,655,12,monocyte,myeloid dendritic cell,0.9567256,True,-0.07371089,0.50403696,-0.08158606
128,PROT,656,12,monocyte,myeloid dendritic cell,0.944178,True,0.049239695,0.50259376,-0.061324395
128,PROT,657,12,monocyte,monocyte,0.9650883,True,0.09129819,0.5227011,0.031322166
128,PROT,658,10,macrophage,"cd8-positive, alpha-beta t cell",0.77366257,True,0.53625405,0.24163248,-0.48101115
128,PROT,659,12,monocyte,monocyte,0.9717699,True,0.21891804,0.5425194,-0.014860079
128,PROT,660,10,macrophage,"cd8-positive, alpha-beta t cell",0.92397404,True,0.39956594,-0.06664401,-0.9624001
128,PROT,661,12,monocyte,monocyte,0.9531155,True,0.10735917,0.507214,0.0341222
128,PROT,662,12,monocyte,monocyte,0.97407496,True,0.33847734,0.54503703,-0.07404483
128,PROT,663,12,monocyte,monocyte,0.9785057,False,0.2788124,0.5405138,0.0019242913
128,PROT,664,12,monocyte,monocyte,0.96648675,True,0.08596423,0.51032376,0.051920533
128,PROT,665,12,monocyte,monocyte,0.991381,False,0.36289388,0.54935616,0.027548522
128,PROT,666,12,monocyte,"cd8-positive, alpha-beta t cell",0.8878202,True,0.34832025,0.30607718,-0.8499913
128,PROT,667,12,monocyte,monocyte,0.9939989,False,0.4303576,0.6102538,0.046810955
128,PROT,668,12,monocyte,monocyte,0.9849076,False,0.23519534,0.51523787,0.05342576
128,PROT,669,12,monocyte,monocyte,0.990397,False,0.24570307,0.5171822,0.02394092
128,PROT,670,12,monocyte,neutrophil,0.87419635,True,-0.28288272,0.10389228,-0.025642619
128,PROT,671,12,monocyte,neutrophil,0.8835983,True,-0.38164005,0.032619614,0.060251772
128,PROT,672,12,monocyte,"cd8-positive, alpha-beta t cell",0.97841215,False,0.3075521,-0.07841253,-0.84470177
128,PROT,673,12,monocyte,monocyte,0.93256575,True,0.32796,0.4830365,-0.15074876
128,PROT,674,12,monocyte,monocyte,0.96442,True,0.030418009,0.5339518,0.0124839395
128,PROT,675,12,monocyte,myeloid dendritic cell,0.9278303,True,0.32845184,0.7457449,-0.09604883
128,PROT,676,10,macrophage,myeloid dendritic cell,0.7299639,True,0.4701727,0.4060433,-0.6247184
128,PROT,677,12,monocyte,basophil,0.8504028,True,0.059844315,0.3127021,-0.4406861
128,PROT,678,12,monocyte,myeloid dendritic cell,0.9159465,True,0.2559615,0.74441725,-0.043671507
128,PROT,679,12,monocyte,myeloid dendritic cell,0.8863844,True,0.14667091,0.59872776,-0.25179824
128,PROT,680,10,macrophage,monocyte,0.9702304,True,0.36801884,0.57057697,-0.21498573
128,PROT,681,12,monocyte,basophil,0.85827523,True,0.060713887,0.49630067,-0.55323917
128,PROT,682,12,monocyte,monocyte,0.814202,True,0.20549832,0.44730195,-0.2522599
128,PROT,683,10,macrophage,myeloid dendritic cell,0.7506494,True,0.3285817,0.42684183,-0.629161
128,PROT,684,12,monocyte,monocyte,0.98591334,False,0.3011266,0.5232842,-0.03039483
128,PROT,685,12,monocyte,monocyte,0.97956216,False,0.14690846,0.519776,0.05288413
128,PROT,686,12,monocyte,monocyte,0.9813766,False,0.14527142,0.53988,0.086533755
128,PROT,687,10,macrophage,"cd8-positive, alpha-beta t cell",0.8267982,True,0.38459256,0.19657905,-0.87141955
128,PROT,688,12,monocyte,monocyte,0.9819217,False,0.18118945,0.5202163,0.08562431
128,PROT,689,12,monocyte,"cd8-positive, alpha-beta t cell",0.88888305,True,0.29101512,0.24653466,-0.8643453
128,PROT,690,12,monocyte,monocyte,0.9711096,True,0.39552724,0.71735376,0.11237264
128,PROT,691,10,macrophage,"cd8-positive, alpha-beta t cell",0.90473545,True,0.25668383,0.3505356,-0.80949944
128,PROT,692,12,monocyte,monocyte,0.98950034,False,0.36718467,0.572151,0.0024940595
128,PROT,693,12,monocyte,monocyte,0.8177895,True,0.30273646,0.3388355,-0.23560265
128,PROT,694,12,monocyte,myeloid dendritic cell,0.9274721,True,0.0062244534,0.4883177,-0.049234852
128,PROT,695,12,monocyte,myeloid dendritic cell,0.9621668,True,-0.18261024,0.4250588,0.016309991
128,PROT,696,12,monocyte,monocyte,0.79974324,True,0.33469966,0.4353806,-0.46905708
128,PROT,697,10,macrophage,"cd8-positive, alpha-beta t cell",0.9738411,True,0.40752122,-0.0040888377,-0.94557804
128,PROT,698,12,monocyte,"cd8-positive, alpha-beta t cell",0.96366405,True,0.34990042,0.06189027,-0.85347795
128,PROT,699,12,monocyte,monocyte,0.85664135,True,0.31163156,0.52595454,-0.4567771
128,PROT,700,10,macrophage,"cd8-positive, alpha-beta t cell",0.9723036,True,0.33398634,-0.0017951764,-0.8540305
128,PROT,701,10,macrophage,"cd8-positive, alpha-beta t cell",0.85942507,True,0.38643378,0.15746234,-0.8568685
128,PROT,702,12,monocyte,monocyte,0.9772322,True,0.21829307,0.52950066,0.0075095594
128,PROT,703,12,monocyte,monocyte,0.97024775,True,0.15148675,0.50925845,-0.0319373
128,PROT,704,12,monocyte,monocyte,0.97931826,False,0.35887486,0.5727222,-0.14340544
128,PROT,705,12,monocyte,monocyte,0.98063827,False,0.25994158,0.55749804,-0.006780714
128,PROT,706,12,monocyte,monocyte,0.8688828,True,0.18020356,0.5118424,-0.22142282
128,PROT,707,12,monocyte,neutrophil,0.96564573,True,-0.49495348,0.31686988,0.048250735
128,PROT,708,12,monocyte,monocyte,0.9937397,False,0.3767627,0.5919505,0.075643435
128,PROT,709,12,monocyte,monocyte,0.9777498,True,-0.05361244,0.48633912,0.0476892
128,PROT,710,12,monocyte,"cd8-positive, alpha-beta t cell",0.9451274,True,0.32195777,0.20774068,-0.8240324
128,PROT,711,10,macrophage,"cd8-positive, alpha-beta t cell",0.9013181,True,0.33727977,0.20874937,-0.91454124
128,PROT,712,12,monocyte,monocyte,0.9810185,False,0.3092305,0.5420105,-0.095664605
128,PROT,713,12,monocyte,basophil,0.85193384,True,0.32140738,0.41007915,-0.7108772
128,PROT,714,12,monocyte,basophil,0.79630363,True,0.28020656,0.471606,-0.6081898
128,PROT,715,10,macrophage,"cd8-positive, alpha-beta t cell",0.9755146,True,0.45701212,-0.03522598,-0.89004785
128,PROT,716,10,macrophage,"cd8-positive, alpha-beta t cell",0.84135133,True,0.08691746,0.15333432,-0.5112532
128,PROT,717,12,monocyte,basophil,0.8408123,True,0.29364914,0.47308967,-0.62337047
128,PROT,718,10,macrophage,"cd8-positive, alpha-beta t cell",0.95618236,True,0.33508912,-0.08782454,-0.8134104
128,PROT,719,10,macrophage,"cd8-positive, alpha-beta t cell",0.8959727,True,0.2568297,0.29648465,-0.78365844
128,PROT,720,12,monocyte,"cd8-positive, alpha-beta t cell",0.9189264,True,0.26405114,0.082847595,-0.67258906
128,PROT,721,12,monocyte,"cd8-positive, alpha-beta t cell",0.84762454,True,0.29589814,0.20362432,-0.5395259
128,PROT,722,12,monocyte,monocyte,0.97995245,False,0.37012953,0.5550915,-0.069556445
128,PROT,723,12,monocyte,monocyte,0.98507863,False,0.33734947,0.57325226,-0.0981236
128,PROT,724,12,monocyte,monocyte,0.96435463,True,0.11924788,0.5164945,0.04649669
128,PROT,725,12,monocyte,monocyte,0.98743683,False,0.2886787,0.5426361,-0.03574641
128,PROT,726,12,monocyte,monocyte,0.9860963,False,0.3570739,0.5097684,-0.024053127
128,PROT,727,12,monocyte,monocyte,0.985583,False,0.19438992,0.5193968,0.012581468
128,PROT,728,12,monocyte,monocyte,0.7649508,True,0.40900955,0.42034277,-0.574451
128,PROT,729,12,monocyte,monocyte,0.80933857,True,0.017619476,0.30626023,-0.14221707
128,PROT,730,12,monocyte,basophil,0.7839522,True,0.18703675,0.3448656,-0.6148305
128,PROT,731,12,monocyte,monocyte,0.9953176,False,0.34346047,0.52774185,0.040975273
128,PROT,732,10,macrophage,"cd8-positive, alpha-beta t cell",0.9159725,True,0.4807383,0.051341373,-0.908683
128,PROT,733,12,monocyte,monocyte,0.97840005,False,0.2688967,0.5455468,-0.035843655
128,PROT,734,12,monocyte,myeloid dendritic cell,0.8657248,True,0.29277718,0.61397743,-0.40350956
128,PROT,735,10,macrophage,"cd8-positive, alpha-beta t cell",0.9240015,True,0.3158718,0.21921812,-0.8469436
128,PROT,736,12,monocyte,monocyte,0.93231916,True,0.328752,0.55748457,-0.21853508
128,PROT,737,12,monocyte,monocyte,0.8111097,True,0.3998686,0.42898074,-0.47901735
128,PROT,738,12,monocyte,monocyte,0.9814366,False,0.20923507,0.52723247,0.060405016
128,PROT,739,12,monocyte,monocyte,0.96492,True,0.11144726,0.52175206,-0.051438753
128,PROT,740,12,monocyte,myeloid dendritic cell,0.84459573,True,0.1138868,0.48259923,-0.30343935
128,PROT,741,12,monocyte,myeloid dendritic cell,0.860176,True,-0.03816852,0.17550328,0.017823264
128,PROT,742,10,macrophage,"cd8-positive, alpha-beta t cell",0.98012024,False,0.33744955,-0.032256197,-0.8301726
128,PROT,743,10,macrophage,basophil,0.83587545,True,0.332454,0.3188744,-0.7488959
128,PROT,744,12,monocyte,monocyte,0.9888154,False,0.25325227,0.51335174,0.053398192
128,PROT,745,12,monocyte,monocyte,0.9551359,True,0.14468549,0.5376811,-0.0038366616
128,PROT,746,12,monocyte,monocyte,0.98918897,False,0.4067585,0.68561906,0.14717576
128,PROT,747,10,macrophage,basophil,0.74702716,True,0.31909156,0.23972242,-0.73152125
128,PROT,748,12,monocyte,"cd8-positive, alpha-beta t cell",0.86157215,True,0.32203823,0.3654622,-0.7932005
128,PROT,749,10,macrophage,"cd8-positive, alpha-beta t cell",0.85052234,True,0.5060029,0.32381693,-0.76360595
128,PROT,750,10,macrophage,"cd8-positive, alpha-beta t cell",0.92176425,True,0.3903272,0.19783853,-0.8953836
128,PROT,751,10,macrophage,basophil,0.8629893,True,0.29580307,0.45660242,-0.6425665
128,PROT,752,12,monocyte,"cd8-positive, alpha-beta t cell",0.8963046,True,0.13523085,0.23843597,-0.66757894
128,PROT,753,12,monocyte,monocyte,0.9491326,True,0.14031376,0.565857,-0.08195847
128,PROT,754,12,monocyte,"cd8-positive, alpha-beta t cell",0.87004876,True,0.42070717,0.08739066,-0.609653
128,PROT,755,12,monocyte,monocyte,0.9003445,True,0.34585193,0.49567065,-0.22179066
128,PROT,756,12,monocyte,basophil,0.8310292,True,0.14521706,0.57872796,-0.45683828
128,PROT,757,12,monocyte,monocyte,0.9922051,False,0.2824583,0.51266116,0.05172226
128,PROT,758,12,monocyte,monocyte,0.93969816,True,0.0566276,0.5404482,-0.053773567
128,PROT,759,12,monocyte,monocyte,0.9545486,True,0.106521256,0.5163373,0.0016152114
128,PROT,760,10,macrophage,"cd8-positive, alpha-beta t cell",0.9411116,True,0.21255173,0.0067686625,-0.75018394
128,PROT,761,12,monocyte,myeloid dendritic cell,0.8825412,True,0.23497754,0.52245,-0.36308393
128,PROT,762,12,monocyte,monocyte,0.9822321,False,0.25996485,0.51744264,0.027902693
128,PROT,763,10,macrophage,"cd8-positive, alpha-beta t cell",0.8388817,True,0.27248248,0.2856137,-0.7040683
128,PROT,764,10,macrophage,basophil,0.90392756,True,0.2609044,0.38702855,-0.67622095
128,PROT,765,10,macrophage,"cd8-positive, alpha-beta t cell",0.8650249,True,0.49744385,0.1014341,-0.5436082
128,PROT,766,12,monocyte,"cd8-positive, alpha-beta t cell",0.7040955,True,0.18632066,-0.084439516,-0.09468675
128,PROT,767,12,monocyte,monocyte,0.9636699,True,0.25323722,0.5190609,-0.03720838
128,PROT,768,12,monocyte,monocyte,0.96568835,True,0.06648219,0.5237443,0.00875137
128,PROT,769,12,monocyte,monocyte,0.9786908,False,0.21106791,0.5339691,-0.01012297
128,PROT,770,12,monocyte,monocyte,0.97267246,True,0.326399,0.52469856,-0.06161457
128,PROT,771,10,macrophage,"cd8-positive, alpha-beta t cell",0.95115703,True,0.34517586,0.09200536,-0.81574273
128,PROT,772,12,monocyte,monocyte,0.97698534,True,0.38646734,0.5745739,-0.16365111
128,PROT,773,10,macrophage,regulatory t cell,0.76721966,True,0.34281495,0.21161516,-0.75111115
128,PROT,774,12,monocyte,monocyte,0.9730097,True,0.1521614,0.5177731,0.098244786
128,PROT,775,12,monocyte,"cd8-positive, alpha-beta t cell",0.9616204,True,0.34526837,0.08637421,-0.9281752
128,PROT,776,12,monocyte,monocyte,0.9745263,True,0.18227619,0.53105146,-0.02096811
128,PROT,777,12,monocyte,myeloid dendritic cell,0.83992726,True,-0.057326883,0.35442653,-0.019756675
128,PROT,778,10,macrophage,"cd8-positive, alpha-beta t cell",0.96525526,True,0.32855487,0.014218394,-0.7934867
128,PROT,779,10,macrophage,"cd8-positive, alpha-beta t cell",0.9372979,True,0.3936676,0.11688827,-0.7874048
128,PROT,780,10,macrophage,"cd8-positive, alpha-beta t cell",0.91559803,True,0.4295334,0.035796095,-0.9879418
128,PROT,781,12,monocyte,basophil,0.8552205,True,0.2597532,0.41700068,-0.7629541
128,PROT,782,12,monocyte,basophil,0.81920695,True,0.2969854,0.4180306,-0.7358897
128,PROT,783,12,monocyte,monocyte,0.97606874,True,0.1215677,0.50777876,0.080653384
128,PROT,784,12,monocyte,"cd8-positive, alpha-beta t cell",0.92466176,True,0.26401097,0.2320718,-0.83450913
128,PROT,785,12,monocyte,basophil,0.76440346,True,0.24238016,0.45665863,-0.5562427
128,PROT,786,10,macrophage,plasma cell,0.7873344,True,0.29116023,0.21064343,-0.777752
128,PROT,787,12,monocyte,monocyte,0.9955969,False,0.41729358,0.5947164,0.090491146
128,PROT,788,12,monocyte,"cd8-positive, alpha-beta t cell",0.83150417,True,0.33075643,0.34368223,-0.8171669
128,PROT,789,10,macrophage,"cd8-positive, alpha-beta t cell",0.91747296,True,0.2549976,0.2610567,-0.7571355
128,PROT,790,10,macrophage,basophil,0.8488803,True,0.29691896,0.2974259,-0.68703026
128,PROT,791,10,macrophage,"cd8-positive, alpha-beta t cell",0.8762673,True,0.33328345,0.13650815,-0.65181506
128,PROT,792,12,monocyte,monocyte,0.96628195,True,0.017660111,0.48457703,0.012676433
128,PROT,793,12,monocyte,basophil,0.89301485,True,0.23898636,0.43579814,-0.6809832
128,PROT,794,10,macrophage,"cd8-positive, alpha-beta t cell",0.8873016,True,0.34437662,0.1363504,-0.6813349
128,PROT,795,12,monocyte,monocyte,0.93930495,True,0.29490405,0.5571006,-0.192148
128,PROT,796,10,macrophage,"cd8-positive, alpha-beta t cell",0.93188053,True,0.34037942,0.02884056,-0.9559148
128,PROT,797,12,monocyte,monocyte,0.96682554,True,0.36546674,0.5900952,-0.15742329
128,PROT,798,12,monocyte,myeloid dendritic cell,0.8024734,True,0.2879526,0.4767634,-0.4392371
128,PROT,799,12,monocyte,monocyte,0.9378103,True,0.2536459,0.52087563,-0.1358553
128,PROT,800,12,monocyte,monocyte,0.99499285,False,0.410542,0.5474652,-0.014923945
128,PROT,801,10,macrophage,"cd8-positive, alpha-beta t cell",0.92253256,True,0.43947712,0.06356482,-0.97267383
128,PROT,802,10,macrophage,basophil,0.8090797,True,0.024927378,0.5025229,-0.45808062
128,PROT,803,12,monocyte,"cd8-positive, alpha-beta t cell",0.9157729,True,0.24251312,0.09984772,-0.73748875
128,PROT,804,12,monocyte,"cd8-positive, alpha-beta t cell",0.93497086,True,0.40358776,0.14112118,-0.9325253
128,PROT,805,12,monocyte,monocyte,0.8893708,True,0.27980697,0.5560214,-0.37934923
128,PROT,806,12,monocyte,basophil,0.80410755,True,0.26983374,0.26687184,-0.64024246
128,PROT,807,12,monocyte,monocyte,0.9827465,False,0.3391173,0.5779016,0.036320314
128,PROT,808,12,monocyte,myeloid dendritic cell,0.92134047,True,0.020871267,0.47811255,-0.1608984
128,PROT,809,12,monocyte,monocyte,0.98365366,False,0.25649107,0.53174067,0.06301397
128,PROT,810,10,macrophage,natural killer cell,0.90342665,True,0.39270526,0.2358224,-0.85114014
128,PROT,811,12,monocyte,monocyte,0.9882858,False,0.3150181,0.527428,-0.01368054
128,PROT,812,12,monocyte,monocyte,0.90976244,True,0.31394657,0.52322644,-0.31090415
128,PROT,813,12,monocyte,"cd8-positive, alpha-beta t cell",0.8335165,True,0.5954298,0.21757762,-0.6305495
128,PROT,814,12,monocyte,"cd8-positive, alpha-beta t cell",0.8893264,True,0.26709163,0.27936682,-0.7844152
128,PROT,815,12,monocyte,monocyte,0.9014087,True,0.34911668,0.56445205,-0.41622946
128,PROT,816,12,monocyte,monocyte,0.92296493,True,0.23181702,0.44836912,-0.10066804
128,PROT,817,10,macrophage,"cd8-positive, alpha-beta t cell",0.8692219,True,0.44192824,0.2122686,-0.9034803
128,PROT,818,12,monocyte,myeloid dendritic cell,0.90328664,True,-0.15415284,0.38150468,-0.061512597
128,PROT,819,12,monocyte,myeloid dendritic cell,0.94084376,True,-0.15925106,0.4096174,-0.016394012
128,PROT,820,12,monocyte,monocyte,0.98819125,False,0.20520936,0.54237753,0.0953068
128,PROT,821,10,macrophage,myeloid dendritic cell,0.79825294,True,0.33014247,0.3478614,-0.7534207
128,PROT,822,12,monocyte,monocyte,0.9867128,False,0.2812686,0.6295735,0.089726835
128,PROT,823,12,monocyte,monocyte,0.95896834,True,0.2551664,0.47880146,-0.060999896
128,PROT,824,12,monocyte,myeloid dendritic cell,0.8248329,True,0.08695015,0.32804015,-0.29955247
128,PROT,825,10,macrophage,"cd8-positive, alpha-beta t cell",0.9342744,True,0.43064225,0.10986517,-0.90433097
128,PROT,826,12,monocyte,monocyte,0.9766393,True,0.28972024,0.5656287,-0.10828293
128,PROT,827,12,monocyte,myeloid dendritic cell,0.922793,True,-0.19340825,0.4618214,-0.09053385
128,PROT,828,12,monocyte,monocyte,0.984335,False,0.2938802,0.5105608,-0.051669966
128,PROT,829,12,monocyte,monocyte,0.9565172,True,0.23284088,0.57313424,-0.034549214
128,PROT,830,10,macrophage,natural killer cell,0.9185818,True,0.46359956,-0.053092603,-0.9199171
128,PROT,831,12,monocyte,monocyte,0.93357056,True,0.19757885,0.61845726,-0.023902684
128,PROT,832,12,monocyte,monocyte,0.97331864,True,0.2542536,0.4951243,-0.051076636
128,PROT,833,10,macrophage,"cd8-positive, alpha-beta t cell",0.96219313,True,0.47152635,-0.07073345,-0.93068635
128,PROT,834,12,monocyte,monocyte,0.9876641,False,0.28650746,0.5792245,-0.06162032
128,PROT,835,12,monocyte,monocyte,0.9468158,True,0.27942216,0.5014923,0.015468851
128,PROT,836,12,monocyte,monocyte,0.9617834,True,0.2055321,0.4794508,-0.022092044
128,PROT,837,12,monocyte,monocyte,0.9679708,True,0.24268417,0.527502,-0.14131142
128,PROT,838,10,macrophage,"cd8-positive, alpha-beta t cell",0.9687527,True,0.40045035,0.017529007,-0.9175662
128,PROT,839,12,monocyte,monocyte,0.98662734,False,0.26595682,0.5914721,0.020846732
128,PROT,840,10,macrophage,"cd8-positive, alpha-beta t cell",0.82247573,True,0.4671954,0.27728084,-0.8137245
128,PROT,841,12,monocyte,monocyte,0.98274314,False,0.3571844,0.5428653,-0.00065618753
128,PROT,842,12,monocyte,monocyte,0.9183867,True,0.2511414,0.43540582,-0.15406318
128,PROT,843,12,monocyte,"cd8-positive, alpha-beta t cell",0.88914865,True,0.36506975,0.3315623,-0.8206639
128,PROT,844,12,monocyte,neutrophil,0.90427,True,-0.33631435,0.31199038,-0.10706326
128,PROT,845,12,monocyte,myeloid dendritic cell,0.844402,True,-0.11595896,0.357939,-0.18930222
128,PROT,846,12,monocyte,monocyte,0.99562085,False,0.3012926,0.57799035,0.02698706
128,PROT,847,10,macrophage,"cd8-positive, alpha-beta t cell",0.80591416,True,0.41780087,0.07077953,-0.9064251
128,PROT,848,12,monocyte,myeloid dendritic cell,0.8100447,True,-0.099494874,0.321525,-0.24270037
128,PROT,849,12,monocyte,monocyte,0.9757646,True,0.3961337,0.5124307,-0.004042417
128,PROT,850,12,monocyte,myeloid dendritic cell,0.90810436,True,0.0762573,0.43244976,-0.053324226
128,PROT,851,12,monocyte,monocyte,0.9317495,True,0.10011222,0.44469747,-0.038799062
128,PROT,852,10,macrophage,"cd8-positive, alpha-beta t cell",0.8189908,True,0.46312463,0.18785873,-0.6322355
128,PROT,853,12,monocyte,monocyte,0.92096406,True,0.103804976,0.4560369,-0.08434136
128,PROT,854,12,monocyte,monocyte,0.91573924,True,0.27508178,0.45430437,-0.072788596
128,PROT,855,12,monocyte,monocyte,0.9939824,False,0.36946383,0.5092461,0.06323001
128,PROT,856,10,macrophage,"cd8-positive, alpha-beta t cell",0.8307972,True,0.3214788,0.22500338,-0.91691387
128,PROT,857,12,monocyte,"cd8-positive, alpha-beta t cell",0.9509307,True,0.3533334,0.13126163,-0.894385
128,PROT,858,12,monocyte,basophil,0.78244185,True,0.03671588,0.35273537,-0.41680318
128,PROT,859,12,monocyte,monocyte,0.9634204,True,0.047885537,0.5027632,0.05430144
128,PROT,860,12,monocyte,monocyte,0.97022426,True,0.2878583,0.47112903,-0.014660686
128,PROT,861,10,macrophage,"cd8-positive, alpha-beta t cell",0.8991143,True,0.3857557,0.07511307,-0.91709906
128,PROT,862,12,monocyte,monocyte,0.98414946,False,0.32774994,0.50771266,-0.007770404
128,PROT,863,12,monocyte,monocyte,0.9954513,False,0.28340843,0.5327778,0.031100929
128,PROT,864,10,macrophage,"cd8-positive, alpha-beta t cell",0.91832435,True,0.43767968,0.09022485,-0.9461356
128,PROT,865,12,monocyte,monocyte,0.826081,True,0.35199082,0.44432297,-0.43145907
128,PROT,866,12,monocyte,monocyte,0.98398316,False,0.25401318,0.53759617,-0.008668944
128,PROT,867,12,monocyte,monocyte,0.9337708,True,0.08131325,0.5168294,-0.13328725
128,PROT,868,12,monocyte,myeloid dendritic cell,0.8131957,True,-0.12762657,0.36309907,-0.32161447
128,PROT,869,12,monocyte,"cd8-positive, alpha-beta t cell",0.8764067,True,0.26460963,0.25517294,-0.89179707
128,PROT,870,10,macrophage,"cd8-positive, alpha-beta t cell",0.8739483,True,0.36605674,0.25100115,-0.8687447
128,PROT,871,12,monocyte,myeloid dendritic cell,0.920015,True,-0.0047969073,0.4433286,-0.108833596
128,PROT,872,12,monocyte,monocyte,0.96448773,True,0.29933444,0.48312917,-0.08126883
128,PROT,873,12,monocyte,monocyte,0.9682365,True,-0.083046824,0.49667022,-0.019726865
128,PROT,874,10,macrophage,"cd8-positive, alpha-beta t cell",0.9055054,True,0.42663503,0.041806508,-0.96358407
128,PROT,875,10,macrophage,"cd8-positive, alpha-beta t cell",0.90074855,True,0.42538765,0.21127923,-0.79620755
128,PROT,876,10,macrophage,"cd8-positive, alpha-beta t cell",0.7804064,True,0.31859612,0.14672765,-0.88323426
128,PROT,877,10,macrophage,"cd8-positive, alpha-beta t cell",0.91352993,True,0.3222052,0.26770082,-0.7958777
128,PROT,878,10,macrophage,natural killer cell,0.8734124,True,0.43076086,0.16292267,-0.8688595
128,PROT,879,12,monocyte,myeloid dendritic cell,0.83461994,True,0.11805831,0.46351263,-0.39491713
128,PROT,880,12,monocyte,monocyte,0.92959017,True,0.11186439,0.44030318,-0.044528957
128,PROT,881,12,monocyte,monocyte,0.9243322,True,0.12167505,0.48652038,-0.1023489
128,PROT,882,12,monocyte,monocyte,0.91906476,True,0.28282163,0.48545977,-0.14433652
128,PROT,883,12,monocyte,basophil,0.81120133,True,0.10005362,0.2548021,-0.5006988
128,PROT,884,12,monocyte,monocyte,0.9814731,False,0.35163277,0.5099318,-0.011686906
128,PROT,885,12,monocyte,monocyte,0.914578,True,0.20549318,0.50898325,-0.18100975
128,PROT,886,12,monocyte,myeloid dendritic cell,0.8931114,True,0.034320176,0.42210802,-0.19206518
128,PROT,887,12,monocyte,monocyte,0.9645713,True,0.28336602,0.5563545,0.0034555867
128,PROT,888,12,monocyte,myeloid dendritic cell,0.88182414,True,0.08677065,0.5222246,-0.19655234
128,PROT,889,12,monocyte,monocyte,0.9510988,True,0.16654602,0.5425647,-0.028982393
128,PROT,890,12,monocyte,monocyte,0.97333133,True,0.2453598,0.50901294,-0.02309461
128,PROT,891,12,monocyte,myeloid dendritic cell,0.8465904,True,0.16777496,0.38729802,-0.33783382
128,PROT,892,12,monocyte,monocyte,0.98119557,False,0.26322198,0.59788865,-0.024003558
128,PROT,893,12,monocyte,myeloid dendritic cell,0.9231084,True,0.055096775,0.50771487,-0.15647304
128,PROT,894,12,monocyte,monocyte,0.97160226,True,0.2486743,0.49176142,0.010666631
128,PROT,895,12,monocyte,"cd8-positive, alpha-beta t cell",0.9026021,True,0.3825986,0.081552684,-0.95262617
128,PROT,896,10,macrophage,"cd8-positive, alpha-beta t cell",0.9333222,True,0.35917872,0.13939278,-0.8416531
128,PROT,897,12,monocyte,monocyte,0.9724508,True,0.18853933,0.5136658,-0.030255333
128,PROT,898,10,macrophage,"cd8-positive, alpha-beta t cell",0.8535049,True,0.27825564,0.19689469,-0.87609327
128,PROT,899,12,monocyte,neutrophil,0.8753759,True,-0.23608395,0.29009017,-0.1363237
128,PROT,900,12,monocyte,monocyte,0.83612615,True,0.23206636,0.38150868,-0.20337932
128,PROT,901,10,macrophage,basophil,0.8401131,True,0.34983373,0.32913926,-0.7762332
128,PROT,902,10,macrophage,"cd8-positive, alpha-beta t cell",0.82556003,True,0.3428268,0.36443064,-0.7226018
128,PROT,903,12,monocyte,myeloid dendritic cell,0.83874923,True,0.3137321,0.488391,-0.46054906
128,PROT,904,12,monocyte,"cd8-positive, alpha-beta t cell",0.9146372,True,0.3697992,0.14788304,-0.77662885
128,PROT,905,12,monocyte,myeloid dendritic cell,0.93343365,True,-0.24515575,0.57250863,0.20989192
128,PROT,906,12,monocyte,"cd8-positive, alpha-beta t cell",0.8888508,True,0.23338455,0.16737802,-0.69891083
128,PROT,907,12,monocyte,"cd8-positive, alpha-beta t cell",0.96622306,True,0.36184132,0.049666774,-0.8597167
128,PROT,908,12,monocyte,classical monocyte,0.97567385,True,0.41496718,0.7299925,0.2982998
128,PROT,909,12,monocyte,"cd8-positive, alpha-beta t cell",0.7444359,True,0.16954468,-0.06424716,-0.4051061
128,PROT,910,12,monocyte,monocyte,0.9834396,False,0.20502253,0.5315116,0.039438993
128,PROT,911,12,monocyte,myeloid dendritic cell,0.9047325,True,-0.01638028,0.48514435,-0.107228905
128,PROT,912,12,monocyte,monocyte,0.9672541,True,0.25856158,0.49981412,-0.084543675
128,PROT,913,12,monocyte,monocyte,0.9762719,True,0.2988323,0.66417736,0.044251442
128,PROT,914,12,monocyte,monocyte,0.8191185,True,0.3692407,0.41493526,-0.36346015
128,PROT,915,12,monocyte,myeloid dendritic cell,0.8175398,True,0.201976,0.4828398,-0.4400159
128,PROT,916,12,monocyte,"cd8-positive, alpha-beta t cell",0.9365122,True,0.26169866,0.09283593,-0.76695323
128,PROT,917,10,macrophage,monocyte,0.82166135,True,0.40778315,0.45599046,-0.5966902
128,PROT,918,12,monocyte,"cd8-positive, alpha-beta t cell",0.9096594,True,0.23561488,0.14922847,-0.739732
128,PROT,919,12,monocyte,myeloid dendritic cell,0.7834094,True,0.33962506,0.42174703,-0.5994153
128,PROT,920,12,monocyte,myeloid dendritic cell,0.9131518,True,-0.123642,0.46366426,-0.14768314
128,PROT,921,10,macrophage,"cd8-positive, alpha-beta t cell",0.86468095,True,0.2636386,0.20543171,-0.80734175
128,PROT,922,12,monocyte,myeloid dendritic cell,0.91667944,True,-0.15945378,0.4212202,-0.094078824
128,PROT,923,12,monocyte,monocyte,0.93206984,True,0.100140765,0.5045693,-0.11868903
128,PROT,924,12,monocyte,monocyte,0.9914248,False,0.36426193,0.5314091,0.018781744
128,PROT,925,12,monocyte,monocyte,0.9748089,True,0.25910395,0.5376118,0.007222481
128,PROT,926,12,monocyte,myeloid dendritic cell,0.89706516,True,0.1239708,0.4718828,-0.13653767
128,PROT,927,12,monocyte,monocyte,0.98572624,False,0.17116189,0.53106326,0.07859129
128,PROT,928,10,macrophage,natural killer cell,0.8383096,True,0.4317491,-0.11504864,-0.9021388
128,PROT,929,12,monocyte,monocyte,0.9535012,True,0.037992194,0.55983394,-0.063699625
128,PROT,930,12,monocyte,monocyte,0.95128465,True,0.21166939,0.6205436,0.0520605
128,PROT,931,12,monocyte,myeloid dendritic cell,0.91337013,True,-0.1525589,0.4062836,-0.060520414
128,PROT,932,10,macrophage,natural killer cell,0.9303601,True,0.49726498,-0.046533715,-0.9479463
128,PROT,933,12,monocyte,basophil,0.8215812,True,0.28155142,0.51245064,-0.69793105
128,PROT,934,12,monocyte,monocyte,0.9849154,False,0.33267754,0.501196,-0.052037634
128,PROT,935,10,macrophage,natural killer cell,0.9507511,True,0.46370497,-0.06301895,-0.96068573
128,PROT,936,10,macrophage,"cd8-positive, alpha-beta t cell",0.87625855,True,0.27046216,0.33939496,-0.69872236
128,PROT,937,12,monocyte,myeloid dendritic cell,0.90039885,True,-0.100357324,0.40994105,-0.05013057
128,PROT,938,12,monocyte,myeloid dendritic cell,0.9290878,True,0.079753876,0.5597588,-0.12063171
128,PROT,939,12,monocyte,monocyte,0.9769385,True,0.45166612,0.8039548,0.13097385
128,PROT,940,10,macrophage,"cd8-positive, alpha-beta t cell",0.8378703,True,0.34138915,0.36117634,-0.85734653
128,PROT,941,12,monocyte,myeloid dendritic cell,0.89339954,True,0.084972665,0.43786326,-0.12973025
128,PROT,942,12,monocyte,monocyte,0.9645475,True,0.25463253,0.49331877,-0.02138894
128,PROT,943,12,monocyte,monocyte,0.93709934,True,0.07564308,0.5016486,-0.07744737
128,PROT,944,12,monocyte,"cd8-positive, alpha-beta t cell",0.8878105,True,0.37935668,0.20670737,-0.9323833
128,PROT,945,12,monocyte,basophil,0.82382107,True,0.24099824,0.40450308,-0.633186
128,PROT,946,12,monocyte,monocyte,0.9866163,False,0.31427473,0.52185076,-0.05358936
128,PROT,947,10,macrophage,"cd8-positive, alpha-beta t cell",0.9283056,True,0.44790116,0.09127654,-0.93512833
128,PROT,948,12,monocyte,myeloid dendritic cell,0.94462717,True,-0.0058398545,0.5526943,-0.006852612
128,PROT,949,10,macrophage,natural killer cell,0.94952244,True,0.46138108,-0.07339659,-0.9464991
128,PROT,950,12,monocyte,monocyte,0.9312589,True,0.12878993,0.5688101,-0.08676284
128,PROT,951,12,monocyte,myeloid dendritic cell,0.8794781,True,0.022819996,0.426446,-0.1313411
128,PROT,952,12,monocyte,monocyte,0.9656728,True,0.33872432,0.491788,-0.07048565
128,PROT,953,12,monocyte,myeloid dendritic cell,0.89033675,True,0.12780294,0.5927258,-0.2094039
128,PROT,954,12,monocyte,monocyte,0.95685333,True,0.21923465,0.48156485,-0.08657846
128,PROT,955,10,macrophage,natural killer cell,0.90334284,True,0.45478177,0.06684451,-0.87654376
128,PROT,956,10,macrophage,"cd8-positive, alpha-beta t cell",0.9609555,True,0.44038853,-0.037009437,-0.94423807
128,PROT,957,12,monocyte,monocyte,0.9549527,True,0.036777407,0.55727464,-0.023960367
128,PROT,958,10,macrophage,"cd8-positive, alpha-beta t cell",0.87999266,True,0.44470084,-0.028847698,-0.9786511
128,PROT,959,12,monocyte,monocyte,0.95920056,True,0.21314587,0.4714342,-0.11211386
128,PROT,960,12,monocyte,monocyte,0.9498943,True,0.20572282,0.6543104,0.064219505
128,PROT,961,12,monocyte,monocyte,0.93965787,True,0.24169803,0.7227198,0.06522472
128,PROT,962,12,monocyte,monocyte,0.97281677,True,0.3234948,0.5113885,-0.038545996
128,PROT,963,12,monocyte,neutrophil,0.90259606,True,-0.4018713,0.28809622,-0.24987091
128,PROT,964,12,monocyte,myeloid dendritic cell,0.9329724,True,0.010287225,0.58693856,-0.03925988
128,PROT,965,12,monocyte,monocyte,0.94044,True,0.13386782,0.49096903,-0.101625994
128,PROT,966,12,monocyte,monocyte,0.9758054,True,0.28736106,0.56543666,0.0191968
128,PROT,967,10,macrophage,"cd8-positive, alpha-beta t cell",0.95767707,True,0.37411472,0.07083662,-0.8828807
128,PROT,968,10,macrophage,"cd8-positive, alpha-beta t cell",0.9298323,True,0.23996009,-0.0009180233,-0.7338672
128,PROT,969,12,monocyte,monocyte,0.93108505,True,0.11209954,0.45669308,-0.078971565
128,PROT,970,12,monocyte,monocyte,0.9952463,False,0.3645938,0.5550931,0.05344683
128,PROT,971,10,macrophage,"cd8-positive, alpha-beta t cell",0.9315385,True,0.36516136,0.1970988,-0.86773396
128,PROT,972,12,monocyte,"cd8-positive, alpha-beta t cell",0.9103769,True,0.34569675,0.20812614,-0.8958837
128,PROT,973,10,macrophage,"cd8-positive, alpha-beta t cell",0.7871666,True,0.42751598,0.2937235,-0.82449716
128,PROT,974,12,monocyte,monocyte,0.9897027,False,0.30107525,0.6250133,0.0046295226
128,PROT,975,12,monocyte,basophil,0.789767,True,0.35920662,0.46017846,-0.6471577
128,PROT,976,12,monocyte,monocyte,0.9792771,False,0.2011013,0.49818048,-0.0048597604
128,PROT,977,10,macrophage,"cd8-positive, alpha-beta t cell",0.8536814,True,0.3553269,0.32225797,-0.81478965
128,PROT,978,10,macrophage,"cd8-positive, alpha-beta t cell",0.93772465,True,0.38342273,0.14268471,-0.80164915
128,PROT,979,12,monocyte,monocyte,0.74057657,True,0.36837548,0.32112673,-0.47184527
128,PROT,980,12,monocyte,monocyte,0.9634952,True,0.37415275,0.51162404,-0.14639777
128,PROT,981,12,monocyte,monocyte,0.96993834,True,0.061610043,0.5039689,0.068344384
128,PROT,982,12,monocyte,monocyte,0.9734227,True,0.2984275,0.5352546,-0.10616879
128,PROT,983,12,monocyte,monocyte,0.9780253,False,0.20361462,0.5091651,0.001236707
128,PROT,984,12,monocyte,monocyte,0.7487029,True,0.42213044,0.3933109,-0.53466654
128,PROT,985,12,monocyte,myeloid dendritic cell,0.9487597,True,0.10768035,0.55866414,-0.07810585
128,PROT,986,10,macrophage,"cd8-positive, alpha-beta t cell",0.94700557,True,0.34875122,0.15940887,-0.7629651
128,PROT,987,12,monocyte,monocyte,0.98992,False,0.34333426,0.5760014,0.039054647
128,PROT,988,10,macrophage,myeloid dendritic cell,0.8590335,True,0.29930714,0.42184192,-0.29802677
128,PROT,989,10,macrophage,natural killer cell,0.95200306,True,0.3399911,0.094229236,-0.8880683
128,PROT,990,12,monocyte,basophil,0.8264442,True,0.18449295,0.47459444,-0.6474844
128,PROT,991,12,monocyte,monocyte,0.98736596,False,0.2913778,0.59347546,-0.0031857416
128,PROT,992,12,monocyte,monocyte,0.81846666,True,0.3347764,0.5088917,-0.48127168
128,PROT,993,12,monocyte,monocyte,0.9604861,True,0.23489551,0.49392596,-0.104892835
128,PROT,994,12,monocyte,monocyte,0.98433745,False,0.32871693,0.52340144,-0.0478301
128,PROT,995,12,monocyte,monocyte,0.98091763,False,0.25364304,0.5576685,-0.081884116
128,PROT,996,12,monocyte,"cd8-positive, alpha-beta t cell",0.9264512,True,0.27456912,0.25447133,-0.77419007
128,PROT,997,10,macrophage,"cd8-positive, alpha-beta t cell",0.96253455,True,0.2459184,-0.021396741,-0.78704405
128,PROT,998,12,monocyte,monocyte,0.97159356,True,0.3005591,0.52989465,-0.020320907
128,PROT,999,12,monocyte,myeloid dendritic cell,0.8954319,True,0.040510237,0.5151717,-0.26595342
128,PROT,1000,10,macrophage,"cd8-positive, alpha-beta t cell",0.92063755,True,0.42437285,0.06814064,-0.96282274
128,PROT,1001,12,monocyte,myeloid dendritic cell,0.9036825,True,0.022655815,0.5018696,-0.104967594
128,PROT,1002,12,monocyte,"cd8-positive, alpha-beta t cell",0.93452287,True,0.28566563,0.107709885,-0.7777945
128,PROT,1003,10,macrophage,"cd8-positive, alpha-beta t cell",0.92056566,True,0.44307113,-0.059004974,-0.9316303
128,PROT,1004,12,monocyte,monocyte,0.94328254,True,0.011611626,0.44813415,-0.06923195
128,PROT,1005,12,monocyte,monocyte,0.9875606,False,0.36444744,0.5969545,0.0026119575
128,PROT,1006,12,monocyte,monocyte,0.94857067,True,0.12791742,0.5081767,-0.008314595
128,PROT,1007,12,monocyte,monocyte,0.9607299,True,0.3836811,0.7496905,0.14362735
128,PROT,1008,12,monocyte,monocyte,0.9914543,False,0.3355716,0.5370211,0.021859214
128,PROT,1009,12,monocyte,monocyte,0.9633383,True,0.29467633,0.5041465,-0.06706756
128,PROT,1010,10,macrophage,"cd8-positive, alpha-beta t cell",0.8333702,True,0.18702358,0.3556514,-0.76809764
128,PROT,1011,12,monocyte,monocyte,0.97632223,True,0.25640056,0.60395205,0.008378699
128,PROT,1012,12,monocyte,myeloid dendritic cell,0.8968211,True,-0.16385433,0.339188,-0.1057709
128,PROT,1013,10,macrophage,"cd8-positive, alpha-beta t cell",0.97005713,True,0.43458104,-0.02319536,-0.9089217
128,PROT,1014,10,macrophage,"cd8-positive, alpha-beta t cell",0.90544266,True,0.485872,0.09620781,-0.9245428
128,PROT,1015,12,monocyte,monocyte,0.9908041,False,0.40439707,0.5716361,0.03254804
128,PROT,1016,10,macrophage,"cd8-positive, alpha-beta t cell",0.9636594,True,0.24969158,0.026054088,-0.8227477
128,PROT,1017,12,monocyte,myeloid dendritic cell,0.8713009,True,-0.14688575,0.48189744,-0.11289701
128,PROT,1018,12,monocyte,myeloid dendritic cell,0.9156006,True,-0.01579079,0.45652637,-0.07848304
128,PROT,1019,12,monocyte,monocyte,0.9814525,False,0.27565467,0.5400524,-0.018118747
128,PROT,1020,12,monocyte,monocyte,0.9760132,True,0.20136958,0.5597319,-0.0012652576
128,PROT,1021,12,monocyte,monocyte,0.9279919,True,0.34333408,0.5404569,-0.25335798
128,PROT,1022,12,monocyte,monocyte,0.922294,True,0.29200613,0.52404857,-0.27556744
128,PROT,1023,12,monocyte,monocyte,0.97718257,True,0.25799274,0.51734537,-0.03288512
128,PROT,1024,12,monocyte,monocyte,0.9266412,True,0.09489991,0.4951035,-0.11546967
128,PROT,1025,12,monocyte,myeloid dendritic cell,0.8421741,True,0.18034594,0.51176584,-0.42763603
128,PROT,1026,12,monocyte,monocyte,0.98754895,False,0.2943159,0.5367428,-0.046888653
128,PROT,1027,12,monocyte,monocyte,0.996521,False,0.43243116,0.51083916,0.039122894
128,PROT,1028,10,macrophage,natural killer cell,0.93524206,True,0.41291454,-0.021945443,-0.9507258
128,PROT,1029,10,macrophage,"cd8-positive, alpha-beta t cell",0.95078045,True,0.43335444,0.01701473,-0.9286114
128,PROT,1030,12,monocyte,monocyte,0.9355346,True,0.09424925,0.53473616,-0.07290405
128,PROT,1031,12,monocyte,monocyte,0.94600266,True,0.23756512,0.4953272,-0.12458444
128,PROT,1032,12,monocyte,monocyte,0.9723218,True,0.16641146,0.5058976,0.05213508
128,PROT,1033,10,macrophage,"cd8-positive, alpha-beta t cell",0.9267838,True,0.28608608,0.20002927,-0.89825463
128,PROT,1034,12,monocyte,"cd8-positive, alpha-beta t cell",0.76865596,True,0.11298997,0.15332602,-0.37910727
128,PROT,1035,12,monocyte,monocyte,0.9957197,False,0.45118386,0.6261596,0.061430097
128,PROT,1036,12,monocyte,monocyte,0.9844721,False,0.30880973,0.4721124,0.003951311
128,PROT,1037,12,monocyte,myeloid dendritic cell,0.79936975,True,0.22452956,0.47217855,-0.4536326
128,PROT,1038,12,monocyte,monocyte,0.9986183,False,0.42253894,0.5375121,0.0970982
128,PROT,1039,12,monocyte,myeloid dendritic cell,0.7900854,True,0.23754255,0.43132046,-0.5052937
128,PROT,1040,10,macrophage,"cd8-positive, alpha-beta t cell",0.93033594,True,0.34807724,0.10122451,-0.96664906
128,PROT,1041,10,macrophage,"cd8-positive, alpha-beta t cell",0.93850935,True,0.32627368,0.11818229,-0.8630894
128,PROT,1042,12,monocyte,monocyte,0.95524174,True,0.20692472,0.561568,-0.08731805
128,PROT,1043,12,monocyte,monocyte,0.9929717,False,0.37455392,0.5477762,-0.006729521
128,PROT,1044,12,monocyte,basophil,0.89854044,True,0.19612242,0.34659556,-0.72092724
128,PROT,1045,12,monocyte,"cd8-positive, alpha-beta t cell",0.9534586,True,0.3412861,0.10293232,-0.73974
128,PROT,1046,12,monocyte,"cd8-positive, alpha-beta t cell",0.8468838,True,0.25412798,0.30311817,-0.6292289
128,PROT,1047,12,monocyte,myeloid dendritic cell,0.86545336,True,0.22200891,0.5344901,-0.41257244
128,PROT,1048,12,monocyte,monocyte,0.99800164,False,0.44396096,0.5488512,0.10110837
128,PROT,1049,10,macrophage,"cd8-positive, alpha-beta t cell",0.9589646,True,0.38188556,-0.046650283,-0.9704746
128,PROT,1050,12,monocyte,monocyte,0.99541116,False,0.32398418,0.51139444,0.041070536
128,PROT,1051,12,monocyte,basophil,0.8637209,True,0.25723493,0.4874868,-0.5721646
128,PROT,1052,10,macrophage,"cd8-positive, alpha-beta t cell",0.8472546,True,0.21631816,0.23657282,-0.8293947
128,PROT,1053,12,monocyte,monocyte,0.9960842,False,0.3475564,0.5295359,0.08373591
128,PROT,1054,12,monocyte,monocyte,0.9938245,False,0.44086355,0.46121278,0.119948596
128,PROT,1055,12,monocyte,monocyte,0.8801409,True,0.18872443,0.3779159,-0.13690817
128,PROT,1056,10,macrophage,monocyte,0.7440971,True,0.2326499,0.37460804,-0.44062757
128,PROT,1057,12,monocyte,monocyte,0.9786288,False,0.3109607,0.5749932,0.07740888
128,PROT,1058,10,macrophage,basophil,0.77828604,True,0.31679893,0.42494467,-0.69052577
128,PROT,1059,10,macrophage,"cd8-positive, alpha-beta t cell",0.9002821,True,0.39570427,0.14225204,-0.9364775
128,PROT,1060,12,monocyte,monocyte,0.9665986,True,0.33439207,0.5269263,-0.074747756
128,PROT,1061,12,monocyte,monocyte,0.9652877,True,0.1603889,0.53964525,-0.0050815716
128,PROT,1062,12,monocyte,myeloid dendritic cell,0.89124274,True,0.16264513,0.5482139,-0.3142341
128,PROT,1063,12,monocyte,myeloid dendritic cell,0.8165611,True,0.17287132,0.4587607,-0.42213762
128,PROT,1064,12,monocyte,monocyte,0.9756961,True,0.19361635,0.5257015,-0.036265597
128,PROT,1065,12,monocyte,monocyte,0.9782137,False,-0.10297385,0.5009741,0.073326916
128,PROT,1066,12,monocyte,monocyte,0.8550588,True,0.49150535,0.043963272,0.07290104
128,PROT,1067,10,macrophage,"cd8-positive, alpha-beta t cell",0.93760633,True,0.43045387,0.04333282,-0.9452666
128,PROT,1068,10,macrophage,"naive thymus-derived cd4-positive, alpha-beta t cell",0.7459351,True,0.38248298,0.026126344,-0.901363
128,PROT,1069,10,macrophage,"cd8-positive, alpha-beta t cell",0.885908,True,0.36842784,0.22179563,-0.92197317
128,PROT,1070,12,monocyte,neutrophil,0.8613177,True,-0.24212441,0.14438,-0.05216077
128,PROT,1071,10,macrophage,"cd8-positive, alpha-beta t cell",0.8364869,True,0.3235253,0.2521691,-0.79817086
128,PROT,1072,12,monocyte,monocyte,0.9947603,False,0.30724636,0.57345104,0.0013723597
128,PROT,1073,12,monocyte,monocyte,0.99072313,False,0.4586221,0.7383854,0.15003008
128,PROT,1074,12,monocyte,monocyte,0.99441993,False,0.34143436,0.52645606,0.031801164
128,PROT,1075,12,monocyte,monocyte,0.72964364,True,0.2700461,0.34005377,-0.4591126
128,PROT,1076,12,monocyte,neutrophil,0.975802,True,-0.51912403,0.33295825,0.037199885
128,PROT,1077,12,monocyte,"cd8-positive, alpha-beta t cell",0.9456437,True,0.30080658,0.16629617,-0.85288405
128,PROT,1078,12,monocyte,monocyte,0.9689618,True,0.069878384,0.51119137,0.094183326
128,PROT,1079,10,macrophage,"cd8-positive, alpha-beta t cell",0.77474946,True,0.29300737,0.2774798,-0.84529126
128,PROT,1080,12,monocyte,monocyte,0.87434685,True,0.3344546,0.51947266,-0.39480516
128,PROT,1081,12,monocyte,"cd8-positive, alpha-beta t cell",0.9066323,True,0.3367589,0.33321503,-0.8019229
128,PROT,1082,10,macrophage,"cd8-positive, alpha-beta t cell",0.9323908,True,0.46846214,-0.054347724,-0.97448575
128,PROT,1083,12,monocyte,monocyte,0.94270974,True,0.2066906,0.5408781,-0.22095026
128,PROT,1084,12,monocyte,myeloid dendritic cell,0.85454464,True,0.020727485,0.46493217,-0.27848977
128,PROT,1085,12,monocyte,monocyte,0.829474,True,0.2248363,0.4183049,-0.25122046
128,PROT,1086,12,monocyte,monocyte,0.90616095,True,0.12769735,0.48694125,-0.1745973
128,PROT,1087,10,macrophage,basophil,0.83647233,True,0.2373642,0.41117772,-0.6120949
128,PROT,1088,12,monocyte,"cd8-positive, alpha-beta t cell",0.78061074,True,0.22441518,0.3149915,-0.46891057
128,PROT,1089,10,macrophage,"cd8-positive, alpha-beta t cell",0.9116208,True,0.16187613,0.05354171,-0.7279294
128,PROT,1090,10,macrophage,"cd8-positive, alpha-beta t cell",0.9051036,True,0.112421796,0.25647366,-0.78639126
128,PROT,1091,12,monocyte,monocyte,0.98397547,False,0.4337678,0.61394197,-0.027569674
128,PROT,1092,12,monocyte,monocyte,0.87070924,True,0.29528192,0.5072948,-0.43746805
128,PROT,1093,12,monocyte,myeloid dendritic cell,0.8451623,True,0.37524337,0.5935763,-0.4034829
128,PROT,1094,12,monocyte,myeloid dendritic cell,0.8938968,True,0.14149779,0.57280153,-0.26870647
128,PROT,1095,10,macrophage,"cd8-positive, alpha-beta t cell",0.93719596,True,0.52075267,-0.02228951,-0.9587335
128,PROT,1096,12,monocyte,monocyte,0.9699407,True,0.13315472,0.5391401,0.065673724
128,PROT,1097,12,monocyte,neutrophil,0.97583747,True,-0.36569837,0.4226273,0.04014784
128,PROT,1098,12,monocyte,"cd8-positive, alpha-beta t cell",0.94172543,True,0.482524,0.08889525,-0.86232483
128,PROT,1099,12,monocyte,basophil,0.82253444,True,0.28531903,0.37757406,-0.75184506
128,PROT,1100,12,monocyte,monocyte,0.9695211,True,0.1787351,0.5407854,-0.007279694
128,PROT,1101,12,monocyte,monocyte,0.9870454,False,0.32675838,0.5364359,0.0069655627
128,PROT,1102,12,monocyte,basophil,0.81170124,True,0.2592565,0.29902872,-0.7590471
128,PROT,1103,12,monocyte,monocyte,0.9713059,True,0.051670626,0.5151854,0.061689943
128,PROT,1104,10,macrophage,"cd8-positive, alpha-beta t cell",0.92560637,True,0.3578691,0.17995295,-0.83762604
128,PROT,1105,12,monocyte,monocyte,0.9984862,False,0.4400651,0.5399683,0.07006244
128,PROT,1106,10,macrophage,"cd8-positive, alpha-beta t cell",0.9516911,True,0.32274377,0.08325924,-0.72895944
128,PROT,1107,12,monocyte,monocyte,0.92463136,True,0.07588515,0.50382113,-0.19017448
128,PROT,1108,10,macrophage,basophil,0.8450692,True,0.33402377,0.5018084,-0.68000364
128,PROT,1109,12,monocyte,myeloid dendritic cell,0.8509879,True,0.019421354,0.5030666,-0.29835132
128,PROT,1110,12,monocyte,monocyte,0.9981172,False,0.44147336,0.5270684,0.06654617
128,PROT,1111,12,monocyte,monocyte,0.99101764,False,0.22207618,0.5293847,0.098655835
128,PROT,1112,12,monocyte,basophil,0.92987335,True,0.28534475,0.32175192,-0.81020075
128,PROT,1113,12,monocyte,monocyte,0.9785239,False,0.23250793,0.5049084,0.01174669
128,PROT,1114,12,monocyte,basophil,0.7815173,True,0.31695154,0.41252685,-0.5694418
128,PROT,1115,12,monocyte,monocyte,0.9628967,True,0.21456781,0.36333683,0.17674077
128,PROT,1116,12,monocyte,"cd8-positive, alpha-beta t cell",0.82504845,True,0.37012818,0.34608844,-0.6938257
128,PROT,1117,10,macrophage,basophil,0.85962397,True,0.1910874,0.4953365,-0.68481517
128,PROT,1118,10,macrophage,"cd8-positive, alpha-beta t cell",0.88254684,True,0.3300327,0.19984238,-0.6911558
128,PROT,1119,12,monocyte,monocyte,0.9402492,True,-0.16343841,0.3640126,0.11771688
128,PROT,1120,10,macrophage,monocyte,0.8576201,True,0.20622097,0.48720977,-0.358837
128,PROT,1121,12,monocyte,"cd8-positive, alpha-beta t cell",0.8281316,True,0.34660524,0.26313266,-0.5925068
128,PROT,1122,12,monocyte,monocyte,0.96784246,True,0.04596272,0.5078707,0.08693203
128,PROT,1123,12,monocyte,"cd8-positive, alpha-beta t cell",0.88108844,True,0.19412674,0.31627175,-0.7662692
128,PROT,1124,12,monocyte,basophil,0.8413965,True,0.24603623,0.3093052,-0.7027296
128,PROT,1125,12,monocyte,myeloid dendritic cell,0.85751593,True,0.16671178,0.4977161,-0.27813584
128,PROT,1126,10,macrophage,"naive thymus-derived cd4-positive, alpha-beta t cell",0.8521454,True,0.24875754,0.089866266,-0.70310426
128,PROT,1127,12,monocyte,monocyte,0.98051554,False,0.39932626,0.54936075,-0.14685209
128,PROT,1128,10,macrophage,"cd8-positive, alpha-beta t cell",0.82295257,True,0.28662777,0.27053556,-0.84065425
128,PROT,1129,12,monocyte,monocyte,0.99236715,False,0.4548957,0.61950696,0.09530726
128,PROT,1130,12,monocyte,"naive thymus-derived cd4-positive, alpha-beta t cell",0.84565896,True,0.22323197,0.1314414,-0.75224745
128,PROT,1131,12,monocyte,monocyte,0.9674203,True,0.011516944,0.509708,0.08579284
128,PROT,1132,12,monocyte,monocyte,0.88828486,True,0.34245443,0.32340994,-0.049204938
128,PROT,1133,12,monocyte,monocyte,0.9390586,True,0.088320345,0.51169056,-0.06450853
128,PROT,1134,12,monocyte,monocyte,0.98938894,False,0.26775187,0.5280252,0.05509703
128,PROT,1135,10,macrophage,natural killer cell,0.86365324,True,0.42609456,0.16050838,-0.91844124
128,PROT,1136,12,monocyte,monocyte,0.98971134,False,0.2615225,0.50134647,0.058710396
128,PROT,1137,12,monocyte,myeloid dendritic cell,0.91957253,True,0.15869996,0.5273144,-0.13589758
128,PROT,1138,10,macrophage,basophil,0.82114124,True,0.27738604,0.32278976,-0.8565557
128,PROT,1139,12,monocyte,monocyte,0.96287256,True,-0.0053432584,0.47628132,-0.027303964
128,PROT,1140,12,monocyte,"cd8-positive, alpha-beta t cell",0.8770215,True,0.36208576,0.28568462,-0.8046026
128,PROT,1141,12,monocyte,myeloid dendritic cell,0.8261,True,0.23807973,0.6041441,-0.302766
128,PROT,1142,12,monocyte,"cd8-positive, alpha-beta t cell",0.789553,True,0.39653924,0.31847417,-0.51361245
128,PROT,1143,10,macrophage,"cd8-positive, alpha-beta t cell",0.9671324,True,0.31389686,0.051017042,-0.7709004
128,PROT,1144,10,macrophage,"cd8-positive, alpha-beta t cell",0.9719994,True,0.3384807,0.009226676,-0.89854515
128,PROT,1145,10,macrophage,"cd8-positive, alpha-beta t cell",0.875658,True,0.33197975,0.19088246,-0.8949208
128,PROT,1146,12,monocyte,monocyte,0.93320316,True,0.3353712,0.48845217,-0.20242593
128,PROT,1147,10,macrophage,"cd8-positive, alpha-beta t cell",0.9054745,True,0.23390535,0.1657087,-0.83321714
128,PROT,1148,12,monocyte,myeloid dendritic cell,0.9472907,True,0.081366956,0.6910849,0.17104927
128,PROT,1149,12,monocyte,"cd8-positive, alpha-beta t cell",0.8759845,True,0.12820533,0.23526047,-0.6498751
128,PROT,1150,12,monocyte,monocyte,0.7755375,True,0.19824794,0.4345683,-0.40159085
128,PROT,1151,12,monocyte,monocyte,0.9429309,True,0.26842672,0.5113744,-0.13382417
128,PROT,1152,12,monocyte,monocyte,0.97784615,True,0.3547208,0.55874044,0.006359212
128,PROT,1153,12,monocyte,basophil,0.88344973,True,0.2529108,0.43400115,-0.7556834
128,PROT,1154,12,monocyte,monocyte,0.96400636,True,0.2547594,0.4971477,-0.007940456
128,PROT,1155,12,monocyte,monocyte,0.9847483,False,0.28249863,0.5022704,0.0080277175
128,PROT,1156,10,macrophage,"cd8-positive, alpha-beta t cell",0.9025223,True,0.43122178,0.14090231,-0.90708554
128,PROT,1157,10,macrophage,"cd8-positive, alpha-beta t cell",0.80912846,True,0.37371302,0.35927317,-0.8046725
128,PROT,1158,12,monocyte,monocyte,0.9397119,True,0.16032016,0.5306247,-0.0651145
128,PROT,1159,10,macrophage,"naive thymus-derived cd4-positive, alpha-beta t cell",0.6997505,True,0.2714162,0.18659551,-0.8232523
128,PROT,1160,12,monocyte,monocyte,0.9386648,True,0.16119197,0.5599209,-0.042279266
128,PROT,1161,12,monocyte,monocyte,0.9970732,False,0.34121856,0.526902,0.04962471
128,PROT,1162,12,monocyte,myeloid dendritic cell,0.9486908,True,-0.09018883,0.51470906,0.050233424
128,PROT,1163,12,monocyte,monocyte,0.9478857,True,0.17673662,0.5487679,-0.04409595
128,PROT,1164,12,monocyte,monocyte,0.94436246,True,0.33698428,0.5521738,-0.20283341
128,PROT,1165,12,monocyte,"cd8-positive, alpha-beta t cell",0.9365136,True,0.32873696,0.13295753,-0.80778366
128,PROT,1166,12,monocyte,myeloid dendritic cell,0.83964026,True,0.053656965,0.44967386,-0.28585887
128,PROT,1167,12,monocyte,monocyte,0.90757304,True,0.19098198,0.4656404,-0.13443205
128,PROT,1168,10,macrophage,myeloid dendritic cell,0.78938437,True,0.21516354,0.42937443,-0.42654216
128,PROT,1169,10,macrophage,"cd8-positive, alpha-beta t cell",0.94656736,True,0.30520236,0.12464832,-0.91129565
128,PROT,1170,10,macrophage,"cd8-positive, alpha-beta t cell",0.9368702,True,0.22516993,0.087431476,-0.85461617
128,PROT,1171,12,monocyte,monocyte,0.9919938,False,0.3604136,0.55403054,0.021273494
128,PROT,1172,10,macrophage,"cd8-positive, alpha-beta t cell",0.9584111,True,0.20279908,-0.008424167,-0.7739265
128,PROT,1173,12,monocyte,monocyte,0.75287145,True,0.38076475,0.44032258,-0.579779
128,PROT,1174,12,monocyte,monocyte,0.9540944,True,0.1847585,0.4959421,-0.059731107
128,PROT,1175,12,monocyte,basophil,0.84466296,True,0.17332815,0.40825316,-0.48252144
128,PROT,1176,12,monocyte,monocyte,0.99833655,False,0.45256886,0.5449872,0.099125534
128,PROT,1177,12,monocyte,monocyte,0.9438577,True,0.2616487,0.5765996,-0.033504814
128,PROT,1178,10,macrophage,"cd8-positive, alpha-beta t cell",0.9366432,True,0.31333983,0.15636228,-0.9018964
128,PROT,1179,12,monocyte,monocyte,0.9842542,False,0.23012727,0.5377157,0.016083077
128,PROT,1180,12,monocyte,monocyte,0.9988574,False,0.46075696,0.5367421,0.0886904
128,PROT,1181,12,monocyte,"cd8-positive, alpha-beta t cell",0.9570747,True,0.41310185,0.060212355,-0.9180596
128,PROT,1182,12,monocyte,monocyte,0.99805826,False,0.42286524,0.5266785,0.06671545
128,PROT,1183,10,macrophage,"cd8-positive, alpha-beta t cell",0.91723734,True,0.34382412,0.0146325715,-0.8207643
128,PROT,1184,12,monocyte,basophil,0.83594364,True,0.38675517,0.44473174,-0.6598144
128,PROT,1185,12,monocyte,monocyte,0.98834723,False,0.28232297,0.5376969,0.041685775
128,PROT,1186,12,monocyte,monocyte,0.99761266,False,0.43825576,0.5267382,0.04608257
128,PROT,1187,12,monocyte,monocyte,0.8362906,True,0.20525241,0.47367582,-0.3030501
128,PROT,1188,12,monocyte,"cd8-positive, alpha-beta t cell",0.8438272,True,0.21372652,0.14699127,-0.5660143
128,PROT,1189,12,monocyte,basophil,0.76772904,True,0.13235041,0.4367003,-0.44189602
128,PROT,1190,12,monocyte,monocyte,0.99803793,False,0.45337823,0.55765694,0.09312345
128,PROT,1191,12,monocyte,myeloid dendritic cell,0.82383144,True,0.29127955,0.50425917,-0.37991256
128,PROT,1192,12,monocyte,monocyte,0.9924542,False,0.36626083,0.52318984,0.024827093
128,PROT,1193,10,macrophage,"cd8-positive, alpha-beta t cell",0.9366634,True,0.34365135,0.075541064,-0.8889344
128,PROT,1194,12,monocyte,basophil,0.8744567,True,0.30246586,0.43222523,-0.68717486
128,PROT,1195,12,monocyte,monocyte,0.9877068,False,0.30000743,0.5268678,-0.040952094
128,PROT,1196,12,monocyte,monocyte,0.991718,False,0.35016572,0.56497043,0.017551616
128,PROT,1197,10,macrophage,"cd8-positive, alpha-beta t cell",0.9421574,True,0.32543403,0.017055329,-0.8255926
128,PROT,1198,10,macrophage,"cd8-positive, alpha-beta t cell",0.8632596,True,0.29821986,0.3281153,-0.84897393
128,PROT,1199,10,macrophage,myeloid dendritic cell,0.88560545,True,0.4233451,0.5792987,-0.37972784
128,PROT,1200,10,macrophage,"cd8-positive, alpha-beta t cell",0.9004654,True,0.37691873,0.12637186,-0.6533227
128,PROT,1201,12,monocyte,monocyte,0.71633655,True,0.2310344,0.28521237,-0.4044281
128,PROT,1202,12,monocyte,"cd8-positive, alpha-beta t cell",0.8980433,True,0.39311397,0.16516231,-0.9333948
128,PROT,1203,10,macrophage,"cd8-positive, alpha-beta t cell",0.83711576,True,0.4791773,0.20097639,-0.87802494
128,PROT,1204,12,monocyte,monocyte,0.9836824,False,0.17573535,0.5468357,0.07085717
128,PROT,1205,10,macrophage,"cd8-positive, alpha-beta t cell",0.80823517,True,0.39636078,0.27102247,-0.8639758
128,PROT,1206,12,monocyte,monocyte,0.99448407,False,0.3721861,0.52957755,0.017192781
128,PROT,1207,12,monocyte,"cd8-positive, alpha-beta t cell",0.8834744,True,0.26085854,0.31803888,-0.8255623
128,PROT,1208,12,monocyte,monocyte,0.9884635,False,0.312075,0.5345856,-0.0011398941
128,PROT,1209,10,macrophage,basophil,0.813237,True,0.24743904,0.31985548,-0.7067928
128,PROT,1210,10,macrophage,"cd8-positive, alpha-beta t cell",0.91230404,True,0.40488893,-0.055649243,-0.9116771
128,PROT,1211,12,monocyte,monocyte,0.9599266,True,0.24823487,0.5533013,-0.045490075
128,PROT,1212,12,monocyte,monocyte,0.9497527,True,0.08518219,0.49642733,0.047719717
128,PROT,1213,12,monocyte,monocyte,0.97051716,True,0.11565099,0.5349581,0.05664158
128,PROT,1214,12,monocyte,monocyte,0.9896729,False,0.3307464,0.5722929,0.025103018
128,PROT,1215,10,macrophage,"cd8-positive, alpha-beta t cell",0.9789789,False,0.45049983,-0.020955525,-0.90994924
128,PROT,1216,12,monocyte,monocyte,0.99608535,False,0.3822353,0.5408892,0.076173365
128,PROT,1217,12,monocyte,monocyte,0.93701243,True,0.3931217,0.50304735,-0.27441943
128,PROT,1218,10,macrophage,"cd8-positive, alpha-beta t cell",0.8190192,True,0.33830297,0.30917457,-0.77332807
128,PROT,1219,12,monocyte,"cd8-positive, alpha-beta t cell",0.84596205,True,0.26924038,0.34487033,-0.75878584
128,PROT,1220,12,monocyte,"cd8-positive, alpha-beta t cell",0.9237633,True,0.27684215,0.22460632,-0.8439276
128,PROT,1221,12,monocyte,"cd8-positive, alpha-beta t cell",0.8972025,True,0.2881075,0.2847068,-0.7716905
128,PROT,1222,12,monocyte,myeloid dendritic cell,0.92256236,True,-0.0768629,0.49343798,-0.17389506
128,PROT,1223,12,monocyte,myeloid dendritic cell,0.9055954,True,0.20454961,0.7253073,0.17171752
128,PROT,1224,12,monocyte,monocyte,0.97205603,True,0.212145,0.57112014,0.007966757
128,PROT,1225,12,monocyte,myeloid dendritic cell,0.8610482,True,-0.13585451,0.407575,-0.1784363
128,PROT,1226,10,macrophage,"cd8-positive, alpha-beta t cell",0.91314507,True,0.3923832,0.11189154,-0.88756686
128,PROT,1227,10,macrophage,"cd8-positive, alpha-beta t cell",0.86979395,True,0.40178308,-0.0032230131,-0.9627986
128,PROT,1228,12,monocyte,monocyte,0.98952484,False,0.36872596,0.52924114,0.0054693893
128,PROT,1229,12,monocyte,monocyte,0.9920823,False,0.27832475,0.5425051,0.08243683
128,PROT,1230,12,monocyte,monocyte,0.99170506,False,0.26351735,0.5712444,0.10118586
128,PROT,1231,10,macrophage,regulatory t cell,0.80283463,True,0.30622822,0.1600673,-0.6476238
128,PROT,1232,12,monocyte,basophil,0.7919831,True,0.32259873,0.42328176,-0.7027781
128,PROT,1233,10,macrophage,regulatory t cell,0.740979,True,0.30085573,0.17845215,-0.87110674
128,PROT,1234,10,macrophage,"cd8-positive, alpha-beta t cell",0.9535738,True,0.42618144,0.01342399,-0.9890156
128,PROT,1235,12,monocyte,monocyte,0.9379062,True,0.16343024,0.55817336,-0.22150284
128,PROT,1236,10,macrophage,"cd8-positive, alpha-beta t cell",0.9256221,True,0.5105821,0.02073088,-0.92084837
128,PROT,1237,10,macrophage,"cd8-positive, alpha-beta t cell",0.9233829,True,0.3990956,0.102417395,-0.8234372
128,PROT,1238,12,monocyte,monocyte,0.9554549,True,-0.10925391,0.483852,-0.017825186
128,PROT,1239,12,monocyte,monocyte,0.97269756,True,0.1009267,0.5292698,0.10018808
128,PROT,1240,12,monocyte,"cd8-positive, alpha-beta t cell",0.87482184,True,0.30167612,0.3580524,-0.7837373
128,PROT,1241,12,monocyte,myeloid dendritic cell,0.8100896,True,0.32526493,0.48847052,-0.43613952
128,PROT,1242,12,monocyte,basophil,0.7966514,True,0.31782678,0.36586535,-0.7141911
128,PROT,1243,12,monocyte,monocyte,0.9830972,False,0.3466216,0.64654887,0.11328685
128,PROT,1244,10,macrophage,"cd8-positive, alpha-beta t cell",0.84631264,True,0.37355116,0.10681574,-0.91986173
128,PROT,1245,10,macrophage,"cd8-positive, alpha-beta t cell",0.97671014,True,0.39562184,-0.0325018,-0.8795866
128,PROT,1246,10,macrophage,natural killer cell,0.9797606,False,0.3748084,-0.019970618,-0.8670231
128,PROT,1247,12,monocyte,monocyte,0.8374246,True,0.32673633,0.3673561,-0.17973225
128,PROT,1248,12,monocyte,monocyte,0.91059566,True,0.15696962,0.4216301,-0.07299994
128,PROT,1249,10,macrophage,"cd8-positive, alpha-beta t cell",0.8621109,True,0.37223962,0.16467892,-0.95769763
128,PROT,1250,10,macrophage,"cd8-positive, alpha-beta t cell",0.97958905,False,0.36846393,-0.112479225,-0.80093473
128,PROT,1251,12,monocyte,monocyte,0.97513044,True,0.24340007,0.5666408,0.07704845
128,PROT,1252,12,monocyte,myeloid dendritic cell,0.86095965,True,-0.08652523,0.52546746,-0.018622845
128,PROT,1253,12,monocyte,monocyte,0.9630063,True,0.30868077,0.5681247,-0.10208394
128,PROT,1254,12,monocyte,myeloid dendritic cell,0.9224349,True,0.1904417,0.6041288,-0.20455061
128,PROT,1255,12,monocyte,monocyte,0.9783221,False,0.36216912,0.62427753,-0.10532433
128,PROT,1256,12,monocyte,basophil,0.8013412,True,0.15920272,0.5346739,-0.5295337
128,PROT,1257,12,monocyte,monocyte,0.96268463,True,0.3959208,0.53467554,-0.14154433
128,PROT,1258,12,monocyte,monocyte,0.9735073,True,0.39510745,0.4826263,0.023867726
128,PROT,1259,12,monocyte,monocyte,0.978487,False,0.37071526,0.4970145,0.033130795
128,PROT,1260,12,monocyte,monocyte,0.99306124,False,0.35806805,0.5429087,0.012518935
128,PROT,1261,12,monocyte,monocyte,0.97617435,True,0.30684397,0.50860363,-0.002303645
128,PROT,1262,12,monocyte,monocyte,0.9893597,False,0.24895461,0.5326955,0.08526078
128,PROT,1263,12,monocyte,"cd8-positive, alpha-beta t cell",0.88715106,True,0.26210693,0.36320785,-0.72526544
128,PROT,1264,12,monocyte,monocyte,0.9789107,False,0.16809165,0.53202534,0.061909273
128,PROT,1265,10,macrophage,"cd8-positive, alpha-beta t cell",0.9057646,True,0.2840411,0.24213295,-0.8546175
128,PROT,1266,10,macrophage,"cd8-positive, alpha-beta t cell",0.9003874,True,0.37370554,0.0808765,-0.92339766
128,PROT,1267,12,monocyte,basophil,0.7863228,True,0.19498721,0.32178676,-0.66482896
128,PROT,1268,10,macrophage,basophil,0.72347546,True,0.21247229,0.288384,-0.73932177
128,PROT,1269,10,macrophage,"cd8-positive, alpha-beta t cell",0.89356345,True,0.453384,0.045868594,-0.9547372
128,PROT,1270,12,monocyte,basophil,0.84208846,True,0.23891093,0.44549844,-0.54196954
128,PROT,1271,12,monocyte,monocyte,0.9778814,True,0.40371138,0.50475234,-0.07419197
128,PROT,1272,12,monocyte,"cd8-positive, alpha-beta t cell",0.75791454,True,0.24050333,0.35306144,-0.5574943
128,PROT,1273,10,macrophage,"cd8-positive, alpha-beta t cell",0.93807364,True,0.24244198,0.017929088,-0.71328795
128,PROT,1274,12,monocyte,myeloid dendritic cell,0.81171125,True,0.23168169,0.5219614,-0.4975658
128,PROT,1275,12,monocyte,basophil,0.77856654,True,-0.1195257,0.35930905,-0.3157209
128,PROT,1276,10,macrophage,"cd8-positive, alpha-beta t cell",0.9670729,True,0.36079925,0.09628624,-0.85706735
128,PROT,1277,10,macrophage,"cd8-positive, alpha-beta t cell",0.9004404,True,0.39617464,0.09781258,-0.9537449
128,PROT,1278,10,macrophage,"cd8-positive, alpha-beta t cell",0.9847318,False,0.36537984,-0.060994685,-0.8266021
128,PROT,1279,12,monocyte,monocyte,0.99480873,False,0.32541206,0.5441064,0.014019735
128,PROT,1280,12,monocyte,monocyte,0.9391636,True,0.05187717,0.49719736,-0.104353815
128,PROT,1281,12,monocyte,monocyte,0.9960465,False,0.34404027,0.53357893,0.031369552
128,PROT,1282,12,monocyte,monocyte,0.95999086,True,0.117804244,0.5949304,-0.075927384
128,PROT,1283,12,monocyte,"cd8-positive, alpha-beta t cell",0.9242972,True,0.312917,0.05354855,-0.7582439
128,PROT,1284,12,monocyte,monocyte,0.98420715,False,0.24501956,0.5259982,0.06920998
128,PROT,1285,10,macrophage,"cd8-positive, alpha-beta t cell",0.95009124,True,0.41651887,0.099144384,-0.8868296
128,PROT,1286,12,monocyte,monocyte,0.8338559,True,0.38467705,0.48906788,-0.4520355
128,PROT,1287,12,monocyte,monocyte,0.9728487,True,0.36349607,0.58655536,-0.12013396
128,PROT,1288,12,monocyte,monocyte,0.9725035,True,0.23661934,0.5730985,-0.024799407
128,PROT,1289,12,monocyte,monocyte,0.9755514,True,0.34902242,0.50546575,-0.094828166
128,PROT,1290,10,macrophage,"cd8-positive, alpha-beta t cell",0.9441024,True,0.27556875,0.13465361,-0.8600469
128,PROT,1291,12,monocyte,monocyte,0.95182735,True,0.2254373,0.548341,-0.09422859
128,PROT,1292,12,monocyte,"cd8-positive, alpha-beta t cell",0.7772131,True,0.4563335,0.23837914,-0.43184686
128,PROT,1293,12,monocyte,monocyte,0.827423,True,0.23755258,0.4068969,-0.26733798
128,PROT,1294,12,monocyte,myeloid dendritic cell,0.8031176,True,0.13904604,0.4844862,-0.43694127
128,PROT,1295,10,macrophage,"cd8-positive, alpha-beta t cell",0.93628114,True,0.19008765,0.045159724,-0.7140386
128,PROT,1296,12,monocyte,"cd8-positive, alpha-beta t cell",0.9048028,True,0.21824941,0.11662705,-0.72018105
128,PROT,1297,12,monocyte,classical monocyte,0.9938679,False,0.54481065,0.73230904,0.3044435
128,PROT,1298,12,monocyte,"cd8-positive, alpha-beta t cell",0.92679906,True,0.28059798,0.11290541,-0.7777165
128,PROT,1299,12,monocyte,monocyte,0.9836939,False,0.35899535,0.57091147,0.036528528
128,PROT,1300,12,monocyte,myeloid dendritic cell,0.9462368,True,-0.15677974,0.48698518,-0.0399985
128,PROT,1301,12,monocyte,"cd8-positive, alpha-beta t cell",0.79833096,True,0.25971392,0.32904008,-0.584906
128,PROT,1302,12,monocyte,monocyte,0.94068253,True,0.36503905,0.48162767,-0.1484251
128,PROT,1303,10,macrophage,"cd8-positive, alpha-beta t cell",0.9520595,True,0.4048856,-0.023988817,-0.782975
128,PROT,1304,10,macrophage,basophil,0.8123232,True,0.14855464,0.35609868,-0.5482466
128,PROT,1305,10,macrophage,"cd8-positive, alpha-beta t cell",0.93632,True,0.04250875,0.26958165,-0.73881185
128,PROT,1306,12,monocyte,monocyte,0.7984483,True,0.10014618,0.43526784,-0.26460257
128,PROT,1307,12,monocyte,monocyte,0.9437312,True,0.17838527,0.5607395,-0.11251311
128,PROT,1308,12,monocyte,myeloid dendritic cell,0.8026417,True,0.33749565,0.4652014,-0.4408027
128,PROT,1309,12,monocyte,monocyte,0.9831209,False,0.20249762,0.54391897,0.035338774
128,PROT,1310,12,monocyte,monocyte,0.8418752,True,0.2027912,0.2739273,-0.047530353
128,PROT,1311,12,monocyte,monocyte,0.9755738,True,0.1513061,0.5598876,0.044939652
128,PROT,1312,12,monocyte,"cd8-positive, alpha-beta t cell",0.88315934,True,0.2745444,0.31575963,-0.74290967
128,PROT,1313,10,macrophage,"cd8-positive, alpha-beta t cell",0.8931783,True,0.32910347,0.26608083,-0.76369715
128,PROT,1314,12,monocyte,monocyte,0.98372316,False,0.3591812,0.64695305,0.019858703
128,PROT,1315,10,macrophage,natural killer cell,0.9283432,True,0.37875226,0.21349461,-0.80848813
128,PROT,1316,10,macrophage,"cd8-positive, alpha-beta t cell",0.9226056,True,0.25114447,0.1979232,-0.8090147
128,PROT,1317,12,monocyte,"cd8-positive, alpha-beta t cell",0.9464431,True,0.29224405,0.19336243,-0.8827392
128,PROT,1318,12,monocyte,monocyte,0.9944669,False,0.33142987,0.5931342,0.03371179
128,PROT,1319,12,monocyte,monocyte,0.950905,True,0.20494089,0.50376135,-0.0551804
128,PROT,1320,12,monocyte,myeloid dendritic cell,0.90012664,True,0.068787724,0.52344686,-0.1766536
128,PROT,1321,12,monocyte,monocyte,0.98532677,False,0.3108629,0.50896674,0.0013444871
128,PROT,1322,10,macrophage,natural killer cell,0.9321628,True,0.41783518,0.03169949,-0.94040734
128,PROT,1323,12,monocyte,basophil,0.83998346,True,-0.11703572,0.20472707,-0.3530857
128,PROT,1324,10,macrophage,"cd8-positive, alpha-beta t cell",0.9118386,True,0.34361985,0.13548167,-0.9481399
128,PROT,1325,12,monocyte,monocyte,0.9793335,False,0.24923266,0.49502322,0.031535923
128,PROT,1326,12,monocyte,monocyte,0.97881395,False,0.23810446,0.5016764,0.010066465
128,PROT,1327,10,macrophage,"cd8-positive, alpha-beta t cell",0.84164476,True,0.43839285,0.1942644,-0.86901796
128,PROT,1328,10,macrophage,"cd8-positive, alpha-beta t cell",0.8823768,True,0.39504814,0.022827033,-0.9411283
128,PROT,1329,10,macrophage,"cd8-positive, alpha-beta t cell",0.8845088,True,0.3714041,0.21831428,-0.9324069
128,PROT,1330,12,monocyte,monocyte,0.9554298,True,0.2633148,0.51234907,-0.03797525
128,PROT,1331,12,monocyte,"cd8-positive, alpha-beta t cell",0.94122994,True,0.39669377,0.03969379,-0.95925766
128,PROT,1332,12,monocyte,monocyte,0.96047246,True,0.13125643,0.5226706,-0.07139732
128,PROT,1333,10,macrophage,"cd8-positive, alpha-beta t cell",0.846233,True,0.3569674,0.37752697,-0.79341567
128,PROT,1334,10,macrophage,"cd8-positive, alpha-beta t cell",0.94316393,True,0.29571593,0.08263756,-0.6713251
128,PROT,1335,12,monocyte,myeloid dendritic cell,0.90851694,True,-0.120162815,0.4372715,-0.15613987
128,PROT,1336,12,monocyte,monocyte,0.95435876,True,0.23321943,0.5568033,-0.03763759
128,PROT,1337,12,monocyte,monocyte,0.98675436,False,0.34930795,0.5500882,0.05458486
128,PROT,1338,10,macrophage,"cd8-positive, alpha-beta t cell",0.9625849,True,0.4333632,0.030062046,-0.92317134
128,PROT,1339,12,monocyte,"cd8-positive, alpha-beta t cell",0.8764996,True,0.33153966,0.36571726,-0.79321325
128,PROT,1340,12,monocyte,monocyte,0.97360486,True,0.37956452,0.5158818,-0.08728702
128,PROT,1341,10,macrophage,monocyte,0.9942099,False,0.4425103,0.60700774,0.06434022
128,PROT,1342,10,macrophage,basophil,0.8769084,True,0.23352818,0.31587812,-0.6444527
128,PROT,1343,12,monocyte,monocyte,0.89310575,True,0.121016905,0.50721794,-0.15392828
128,PROT,1344,12,monocyte,"cd8-positive, alpha-beta t cell",0.8825617,True,0.16206214,0.1975001,-0.53871655
128,PROT,1345,12,monocyte,monocyte,0.84188086,True,0.08695912,0.4017764,-0.16688114
128,PROT,1346,12,monocyte,monocyte,0.96423304,True,0.053321347,0.5552868,-0.032063827
128,PROT,1347,10,macrophage,"cd8-positive, alpha-beta t cell",0.8808361,True,0.40390772,0.15926181,-0.7165259
128,PROT,1348,12,monocyte,basophil,0.8475222,True,0.20785272,0.4849784,-0.60298955
128,PROT,1349,12,monocyte,myeloid dendritic cell,0.9598182,True,0.44520205,0.8259168,0.10670151
128,PROT,1350,12,monocyte,"cd8-positive, alpha-beta t cell",0.86852306,True,0.16567191,0.2835047,-0.5854955
128,PROT,1351,12,monocyte,monocyte,0.98158276,False,0.3683955,0.55137056,-0.08272727
128,PROT,1352,12,monocyte,monocyte,0.94670373,True,0.2303658,0.7271348,0.161973
128,PROT,1353,12,monocyte,monocyte,0.9446342,True,0.3345865,0.73651844,0.07515705
128,PROT,1354,12,monocyte,monocyte,0.91008025,True,0.13604833,0.49347898,-0.097289376
128,PROT,1355,12,monocyte,monocyte,0.98754233,False,0.38871434,0.5208848,-0.009045571
128,PROT,1356,12,monocyte,monocyte,0.84682566,True,0.28503963,0.45914719,-0.32532084
128,PROT,1357,10,macrophage,"cd8-positive, alpha-beta t cell",0.95881784,True,0.2511895,0.031731408,-0.8205184
128,PROT,1358,12,monocyte,classical monocyte,0.9584038,True,0.35180435,0.81791276,0.19367954
128,PROT,1359,12,monocyte,"cd8-positive, alpha-beta t cell",0.9003868,True,0.34134096,0.31501463,-0.75027764
128,PROT,1360,12,monocyte,monocyte,0.9321662,True,0.032081664,0.48715863,-0.13536905
128,PROT,1361,10,macrophage,"cd8-positive, alpha-beta t cell",0.940982,True,0.46407127,0.009613793,-0.9528142
128,PROT,1362,12,monocyte,myeloid dendritic cell,0.9012356,True,0.32517478,0.4381045,-0.2748019
128,PROT,1363,12,monocyte,monocyte,0.96327263,True,0.04921058,0.47736666,0.0172083
128,PROT,1364,12,monocyte,monocyte,0.96580625,True,0.23945504,0.61058974,0.035742998
128,PROT,1365,12,monocyte,monocyte,0.9644067,True,0.18866849,0.6848193,0.0023099184
128,PROT,1366,12,monocyte,monocyte,0.98818696,False,0.33910212,0.5607627,-0.00040869415
128,PROT,1367,12,monocyte,"cd8-positive, alpha-beta t cell",0.9785919,False,0.4972684,-0.03483074,-0.9027828
128,PROT,1368,12,monocyte,myeloid dendritic cell,0.8911307,True,-0.040688425,0.40352997,-0.10212481
128,PROT,1369,12,monocyte,monocyte,0.97108996,True,0.24210253,0.53765494,-0.005285993
128,PROT,1370,10,macrophage,myeloid dendritic cell,0.8031329,True,0.3274485,0.44640484,-0.6761168
128,PROT,1371,12,monocyte,"cd8-positive, alpha-beta t cell",0.85918677,True,0.6058111,0.101631805,-0.7729062
128,PROT,1372,12,monocyte,monocyte,0.9441049,True,0.17950067,0.5070912,-0.10555592
128,PROT,1373,12,monocyte,monocyte,0.9744165,True,0.29027346,0.4857346,0.027829647
128,PROT,1374,12,monocyte,monocyte,0.9557225,True,0.25954318,0.47577742,-0.04596216
128,PROT,1375,10,macrophage,"cd8-positive, alpha-beta t cell",0.89776146,True,0.374565,0.19160421,-0.9366096
128,PROT,1376,12,monocyte,monocyte,0.9728215,True,0.2643503,0.68250805,0.034035355
128,PROT,1377,12,monocyte,"cd8-positive, alpha-beta t cell",0.7212607,True,0.59122217,-0.04716281,-0.35478163
128,PROT,1378,12,monocyte,monocyte,0.9647506,True,0.19975573,0.49319872,-0.02921845
128,PROT,1379,12,monocyte,myeloid dendritic cell,0.90672493,True,0.018877596,0.4167072,-0.08852117
128,PROT,1380,10,macrophage,"cd8-positive, alpha-beta t cell",0.8764902,True,0.42909047,0.051122528,-0.9403282
128,PROT,1381,12,monocyte,monocyte,0.94656587,True,0.1584183,0.4890717,-0.003258489
128,PROT,1382,10,macrophage,"cd8-positive, alpha-beta t cell",0.9133623,True,0.34199858,0.25735357,-0.85147893
128,PROT,1383,12,monocyte,myeloid dendritic cell,0.8301724,True,-0.08714697,0.41494533,-0.24866523
128,PROT,1384,12,monocyte,monocyte,0.99297386,False,0.29889685,0.511959,0.01976806
128,PROT,1385,12,monocyte,myeloid dendritic cell,0.8862695,True,0.20072204,0.43684688,-0.17764851
128,PROT,1386,12,monocyte,monocyte,0.9393391,True,0.22774789,0.5614446,0.0012765527
128,PROT,1387,12,monocyte,myeloid dendritic cell,0.8482908,True,-0.11260918,0.4230516,-0.23497094
128,PROT,1388,10,macrophage,"cd8-positive, alpha-beta t cell",0.8143178,True,0.38721395,0.28938505,-0.8751294
128,PROT,1389,12,monocyte,monocyte,0.98691165,False,0.27859467,0.5250643,0.038623005
128,PROT,1390,12,monocyte,myeloid dendritic cell,0.87843776,True,0.030397683,0.37972108,-0.15562357
128,PROT,1391,12,monocyte,monocyte,0.9302255,True,0.10965306,0.46923646,-0.12525581
128,PROT,1392,12,monocyte,myeloid dendritic cell,0.8572736,True,0.0010816157,0.4581518,-0.1285068
128,PROT,1393,12,monocyte,monocyte,0.92605627,True,0.17198561,0.48319015,-0.10019882
128,PROT,1394,10,macrophage,"cd8-positive, alpha-beta t cell",0.89458644,True,0.26090077,0.29954964,-0.7601307
128,PROT,1395,10,macrophage,"cd8-positive, alpha-beta t cell",0.9507132,True,0.27273348,0.21676798,-0.85655296
128,PROT,1396,10,macrophage,"cd8-positive, alpha-beta t cell",0.8225896,True,0.18746291,0.1510401,-0.53292406
128,PROT,1397,12,monocyte,monocyte,0.99781245,False,0.4360589,0.5409235,0.06350714
128,PROT,1398,12,monocyte,monocyte,0.9110047,True,0.2572696,0.50740093,-0.30040187
128,PROT,1399,10,macrophage,"cd8-positive, alpha-beta t cell",0.9486882,True,0.41427878,0.07440743,-0.89650583
128,PROT,1400,12,monocyte,"cd8-positive, alpha-beta t cell",0.89244986,True,0.31995016,0.3134236,-0.83562845
128,PROT,1401,10,macrophage,"cd8-positive, alpha-beta t cell",0.93554515,True,0.36809438,0.059380848,-0.92821026
128,PROT,1402,12,monocyte,basophil,0.9117522,True,0.33046997,0.40192485,-0.814153
128,PROT,1403,12,monocyte,basophil,0.84056455,True,0.36732528,0.3742107,-0.7467228
128,PROT,1404,12,monocyte,monocyte,0.9918327,False,0.32150906,0.5595938,-0.0052671283
128,PROT,1405,10,macrophage,basophil,0.74952435,True,0.2341683,0.38531026,-0.7148186
128,PROT,1406,12,monocyte,myeloid dendritic cell,0.92105323,True,-0.1357092,0.38247833,-0.08072111
128,PROT,1407,12,monocyte,"cd8-positive, alpha-beta t cell",0.882767,True,0.36562976,0.3050305,-0.82879937
128,PROT,1408,12,monocyte,myeloid dendritic cell,0.86922693,True,0.20724556,0.5303217,-0.26750898
128,PROT,1409,12,monocyte,monocyte,0.9688122,True,0.085824996,0.5317208,0.054984152
128,PROT,1410,10,macrophage,"cd8-positive, alpha-beta t cell",0.90149546,True,0.47548652,0.047146555,-0.9031429
128,PROT,1411,12,monocyte,monocyte,0.9596946,True,0.21561348,0.52214867,-0.084411964
128,PROT,1412,12,monocyte,monocyte,0.9844919,False,0.24167886,0.5398552,0.07884073
128,PROT,1413,12,monocyte,monocyte,0.9603012,True,0.19532853,0.5482555,-0.03643491
128,PROT,1414,12,monocyte,monocyte,0.99222827,False,0.30841833,0.58371824,0.012755059
128,PROT,1415,12,monocyte,monocyte,0.96567136,True,0.15760389,0.55961955,-0.02862741
128,PROT,1416,10,macrophage,"cd8-positive, alpha-beta t cell",0.9487149,True,0.48717314,-0.05403038,-0.82304895
128,PROT,1417,12,monocyte,monocyte,0.9929407,False,0.39715648,0.5538435,-0.014654309
128,PROT,1418,12,monocyte,monocyte,0.97877085,False,0.2432645,0.5370262,0.023271367
128,PROT,1419,12,monocyte,"cd8-positive, alpha-beta t cell",0.875294,True,0.33345068,0.2672154,-0.89502245
128,PROT,1420,10,macrophage,natural killer cell,0.8507893,True,0.3790384,-0.1095821,-0.9211736
128,PROT,1421,12,monocyte,monocyte,0.9855929,False,0.2526398,0.55170035,0.05558923
128,PROT,1422,12,monocyte,monocyte,0.9883584,False,0.3711188,0.5301678,-0.0083913505
128,PROT,1423,12,monocyte,monocyte,0.9878954,False,0.3276229,0.5429562,-0.01505132
128,PROT,1424,12,monocyte,monocyte,0.9612791,True,-0.10693213,0.51941985,0.011403456
128,PROT,1425,10,macrophage,"cd8-positive, alpha-beta t cell",0.95747805,True,0.407035,0.043423053,-0.94323766
128,PROT,1426,12,monocyte,myeloid dendritic cell,0.9698434,True,-0.13324276,0.4756399,0.001520589
128,PROT,1427,12,monocyte,monocyte,0.9903269,False,0.3504315,0.5457009,0.011575945
128,PROT,1428,12,monocyte,basophil,0.833134,True,0.33400095,0.38463038,-0.6868439
128,PROT,1429,12,monocyte,"cd8-positive, alpha-beta t cell",0.9107013,True,0.2273618,0.31810722,-0.77273405
128,PROT,1430,12,monocyte,"cd8-positive, alpha-beta t cell",0.90063083,True,-0.06588462,0.23436595,-0.43196204
128,PROT,1431,12,monocyte,myeloid dendritic cell,0.8217491,True,-0.026225716,0.42129138,-0.2931919
128,PROT,1432,10,macrophage,"cd8-positive, alpha-beta t cell",0.8448708,True,0.34294304,0.28671277,-0.84617484
128,PROT,1433,12,monocyte,monocyte,0.9958627,False,0.38478068,0.57751113,0.014838979
128,PROT,1434,12,monocyte,monocyte,0.96949476,True,0.38554892,0.47280732,-0.0661117
128,PROT,1435,10,macrophage,"cd8-positive, alpha-beta t cell",0.8748808,True,0.36811495,0.10110204,-0.8895403
128,PROT,1436,10,macrophage,"cd8-positive, alpha-beta t cell",0.90421015,True,0.35960346,0.26499856,-0.8188083
128,PROT,1437,12,monocyte,monocyte,0.9950183,False,0.39205337,0.5357875,0.005482316
128,PROT,1438,12,monocyte,monocyte,0.99282044,False,0.324903,0.54707307,0.021520168
128,PROT,1439,10,macrophage,"cd8-positive, alpha-beta t cell",0.86404365,True,0.265361,0.24860172,-0.76221395
128,PROT,1440,12,monocyte,monocyte,0.9780025,False,0.20548159,0.52785724,0.089368716
128,PROT,1441,12,monocyte,monocyte,0.98797363,False,0.32053125,0.544807,0.008592911
128,PROT,1442,12,monocyte,basophil,0.8660736,True,0.20781673,0.48345026,-0.602051
128,PROT,1443,12,monocyte,monocyte,0.91764855,True,0.04879576,0.53086907,-0.09325944
128,PROT,1444,10,macrophage,"cd8-positive, alpha-beta t cell",0.969481,True,0.3927894,-0.057875752,-0.86754227
128,PROT,1445,10,macrophage,myeloid dendritic cell,0.80278593,True,0.23246057,0.49755356,-0.5133839
128,PROT,1446,12,monocyte,monocyte,0.9622528,True,0.09855224,0.50525755,0.0010109693
128,PROT,1447,12,monocyte,monocyte,0.9606488,True,0.28693733,0.5304833,-0.106763124
128,PROT,1448,12,monocyte,monocyte,0.9771116,True,0.19105405,0.53490615,-0.005819328
128,PROT,1449,12,monocyte,monocyte,0.9791072,False,0.22200496,0.54615945,0.018182576
128,PROT,1450,12,monocyte,monocyte,0.89655256,True,0.33500507,0.53054136,-0.3871383
128,PROT,1451,10,macrophage,macrophage,0.96245116,True,0.39418727,0.34959528,-0.6454381
128,PROT,1452,12,monocyte,monocyte,0.82725763,True,0.42607138,0.50121176,-0.44847342
128,PROT,1453,12,monocyte,monocyte,0.9705988,True,-0.080479234,0.49693725,-0.043394238
128,PROT,1454,12,monocyte,"cd8-positive, alpha-beta t cell",0.8636737,True,0.22930783,0.25781393,-0.6471676
128,PROT,1455,12,monocyte,monocyte,0.99277765,False,0.3083136,0.51141477,0.009113185
128,PROT,1456,12,monocyte,"cd8-positive, alpha-beta t cell",0.92765486,True,0.3431409,0.26037693,-0.8327588
128,PROT,1457,10,macrophage,"cd8-positive, alpha-beta t cell",0.9514712,True,0.30221748,0.030750897,-0.7642219
128,PROT,1458,12,monocyte,monocyte,0.959888,True,0.15901804,0.56509656,0.06400709
128,PROT,1459,10,macrophage,"cd8-positive, alpha-beta t cell",0.9395449,True,0.4102987,0.17396535,-0.91717064
128,PROT,1460,12,monocyte,"cd8-positive, alpha-beta t cell",0.9305351,True,0.3595549,0.14342225,-0.8424169
128,PROT,1461,12,monocyte,monocyte,0.9849022,False,0.33448792,0.5373725,0.010796025
128,PROT,1462,12,monocyte,monocyte,0.9698607,True,0.047067225,0.5855653,0.090442404
128,PROT,1463,12,monocyte,monocyte,0.8302008,True,0.21391137,0.45258078,-0.26006752
128,PROT,1464,10,macrophage,"cd8-positive, alpha-beta t cell",0.8850079,True,0.43283457,0.20705713,-0.84440756
128,PROT,1465,12,monocyte,"cd8-positive, alpha-beta t cell",0.7975239,True,0.04993114,0.2409655,-0.40950996
128,PROT,1466,12,monocyte,basophil,0.86833674,True,0.13035259,0.29968286,-0.641667
128,PROT,1467,12,monocyte,myeloid dendritic cell,0.8331597,True,-0.04895422,0.38218108,-0.1705131
128,PROT,1468,12,monocyte,monocyte,0.98226273,False,0.2778264,0.5642051,-0.021668486
128,PROT,1469,12,monocyte,monocyte,0.9637122,True,0.25346848,0.5023945,-0.036831103
128,PROT,1470,12,monocyte,myeloid dendritic cell,0.9340835,True,0.41294613,0.8006653,0.004865378
128,PROT,1471,12,monocyte,myeloid dendritic cell,0.94034374,True,0.12990995,0.7375968,0.10743615
128,PROT,1472,12,monocyte,monocyte,0.9097422,True,0.2997747,0.48037437,-0.3010773
128,PROT,1473,12,monocyte,monocyte,0.97555953,True,0.34518716,0.53442425,-0.05612733
128,PROT,1474,12,monocyte,monocyte,0.944599,True,0.16129479,0.5077871,-0.0378007
128,PROT,1475,12,monocyte,monocyte,0.95164907,True,0.17336366,0.48823676,-0.06030035
128,PROT,1476,12,monocyte,myeloid dendritic cell,0.93705297,True,0.055376798,0.5061534,-0.09839548
128,PROT,1477,12,monocyte,myeloid dendritic cell,0.85600626,True,0.1010723,0.41463265,-0.21141362
128,PROT,1478,12,monocyte,monocyte,0.9785108,False,0.2893338,0.5016632,-0.008967549
128,PROT,1479,12,monocyte,monocyte,0.9811046,False,0.33417213,0.51751715,-0.039494134
128,PROT,1480,12,monocyte,monocyte,0.9710821,True,0.27950892,0.57975125,-0.029507622
128,PROT,1481,12,monocyte,monocyte,0.9143403,True,0.21994592,0.55536324,-0.24966651
128,PROT,1482,12,monocyte,myeloid dendritic cell,0.89783794,True,0.21730743,0.55437905,-0.006028652
128,PROT,1483,12,monocyte,monocyte,0.9766486,True,0.2421803,0.46004525,0.030153185
128,PROT,1484,10,macrophage,natural killer cell,0.8337893,True,0.3636818,0.22509195,-0.87011033
128,PROT,1485,12,monocyte,basophil,0.81197566,True,0.040545374,0.26730642,-0.3955717
128,PROT,1486,10,macrophage,"cd8-positive, alpha-beta t cell",0.92217296,True,0.44734102,0.041145604,-0.94929147
128,PROT,1487,10,macrophage,"cd8-positive, alpha-beta t cell",0.92083234,True,0.41741917,0.09382981,-0.9244961
128,PROT,1488,10,macrophage,basophil,0.88498145,True,0.27583516,0.38180053,-0.816087
128,PROT,1489,10,macrophage,"cd8-positive, alpha-beta t cell",0.77096945,True,0.4123131,0.29029644,-0.50033706
