id,scenario,profile,missingness,model,smooth,acc_unres,bal_unres,bal_oracle,in_support,bal_head
calib_0000,random_1,fulcher,per_cell,V0_shipped,True,10.0,10.0,,10.0,8.0
calib_0001,random_2,random_0.35,none,V0_shipped,True,6.329113924050633,50.0,77.7027027027027,6.329113924050633,50.0
calib_0002,random_3,random_0.25,none,V0_shipped,True,76.0,48.115128163086844,99.68847352024922,76.0,51.62390009291141
calib_0003,random_5,scope2,per_cell,V0_shipped,True,28.666666666666668,32.93816543816544,75.75757575757575,28.666666666666668,36.65642915642916
calib_0004,random_8,random_0.15,none,V0_shipped,True,58.52272727272727,60.06849577309483,81.01005421465327,76.98863636363636,68.6958746834926
calib_0005,random_1,fulcher,per_cell,V0_shipped,True,14.000000000000002,14.000000000000002,,14.000000000000002,11.5
calib_0006,random_2,fulcher,per_cell,V0_shipped,True,8.24742268041237,32.71739130434783,95.0,8.24742268041237,49.34782608695652
calib_0007,random_3,pbmc240,none,V0_shipped,True,81.45631067961165,68.9625503404136,91.63745465546481,82.33009708737865,69.29838438843511
calib_0008,random_5,random_0.35,none,V0_shipped,True,56.95364238410596,59.12818662818664,90.37397787397788,62.251655629139066,61.3071188071188
calib_0009,random_8,fulcher,none,V0_shipped,True,66.66666666666666,63.922538610038615,84.21271718146718,75.16339869281046,64.33920527670529
calib_0010,myeloid,random_0.25,none,V0_shipped,True,75.0,79.45626441864799,85.39464774537619,86.60714285714286,81.78795171868971
calib_0011,lymphoid,fulcher,none,V0_shipped,True,18.71657754010695,15.781841109709962,93.33543505674653,18.71657754010695,17.522068095838588
calib_0012,pbmc_like,pbmc240,none,V0_shipped,True,47.02258726899384,51.79077574878412,55.54133031130875,85.62628336755647,53.4216305779332
calib_0013,scope2_like,random_0.35,none,V0_shipped,True,60.66666666666667,48.52272727272727,77.1590909090909,66.0,54.31818181818182
calib_0014,random_1,random_0.35,none,V0_shipped,True,29.891304347826086,29.891304347826086,,29.891304347826086,39.130434782608695
calib_0015,random_2,random_0.15,none,V0_shipped,True,1.2345679012345678,0.9803921568627451,92.45098039215686,1.2345679012345678,0.9803921568627451
calib_0016,random_3,random_0.15,none,V0_shipped,True,56.32183908045977,67.92533922760484,96.26082151409099,58.333333333333336,71.67986737889115
calib_0017,random_5,scope2,per_cell,V0_shipped,True,48.214285714285715,34.10723912206392,62.474586060839435,61.60714285714286,43.08625336927224
calib_0018,random_8,random_0.35,none,V0_shipped,True,64.69719350073855,55.5737482024294,64.43425289906067,85.37666174298376,57.85587194319059
calib_0019,random_1,random_0.35,none,V0_shipped,True,0.0,0.0,,0.0,0.0
calib_0020,random_2,random_0.35,none,V0_shipped,True,0.0,0.0,48.717948717948715,0.0,0.0
calib_0021,random_3,fulcher,per_cell,V0_shipped,True,51.12395632626846,42.77180984733355,78.71508326132086,54.01412973667309,60.30260035393717
calib_0022,random_5,random_0.15,none,V0_shipped,True,21.16788321167883,37.65384615384615,70.26373626373626,42.33576642335766,40.217948717948715
calib_0023,random_8,random_0.35,none,V0_shipped,True,34.74576271186441,28.62640389312785,64.58303152038182,50.0,46.638576341328545
calib_0024,myeloid,random_0.15,none,V0_shipped,True,21.875,27.9874213836478,57.79302458547741,32.03125,29.245283018867923
calib_0025,lymphoid,scope2,none,V0_shipped,True,56.51105651105651,57.80885780885781,67.83216783216784,82.55528255528255,58.08433990252172
calib_0026,pbmc_like,random_0.15,none,V0_shipped,True,31.024096385542173,40.9609170931119,50.72433597417785,75.30120481927712,48.76336239555721
calib_0027,scope2_like,scope2,none,V0_shipped,True,55.25,42.71274547554871,84.78372481067899,57.99999999999999,47.46823257604929
calib_0028,random_1,pbmc240,per_cell,V0_shipped,True,2.459016393442623,2.459016393442623,,2.459016393442623,3.278688524590164
calib_0029,random_2,pbmc240,none,V0_shipped,True,5.263157894736842,8.695652173913043,96.88269073010665,5.263157894736842,5.291222313371616
calib_0030,random_3,random_0.15,none,V0_shipped,True,43.0,35.17072176524651,95.6339913014386,43.0,45.23694158273824
calib_0031,random_5,pbmc240,per_cell,V0_shipped,True,53.72881355932203,46.28878451700496,72.14596584635602,57.96610169491525,49.22342906217807
calib_0032,random_8,pbmc240,none,V0_shipped,True,49.36708860759494,41.27473716759431,69.17877757163471,69.62025316455697,53.34544423830139
calib_0033,random_1,random_0.35,none,V0_shipped,True,0.0,0.0,,0.0,0.0
calib_0034,random_2,random_0.15,none,V0_shipped,True,0.0,0.0,74.44444444444444,0.0,0.0
calib_0035,random_3,fulcher,per_cell,V0_shipped,True,12.0,8.982541079812206,91.65444053208137,12.0,7.604655712050079
calib_0036,random_5,random_0.35,none,V0_shipped,True,85.38461538461539,63.34196146102962,92.60569456427955,90.0,74.41020584247504
calib_0037,random_8,scope2,per_cell,V0_shipped,True,55.77788894447223,45.556823180447125,69.48848639139217,67.83391695847924,51.790726388936484
calib_0038,myeloid,random_0.35,none,V0_shipped,True,54.69613259668509,56.52211590058428,71.61145607316529,61.87845303867403,62.341142474327825
calib_0039,lymphoid,random_0.25,none,V0_shipped,True,27.941176470588236,18.095238095238095,94.44444444444446,27.941176470588236,21.904761904761905
calib_0040,pbmc_like,random_0.35,none,V0_shipped,True,57.99999999999999,45.166714333380995,57.459721626388294,80.4,53.45103039547483
calib_0041,scope2_like,scope2,per_cell,V0_shipped,True,59.25,46.64035425490951,87.10370940829162,62.5,50.52945706584521
calib_0042,random_1,fulcher,per_cell,V0_shipped,True,0.0,0.0,,0.0,0.0
calib_0043,random_2,pbmc240,per_cell,V0_shipped,True,6.8181818181818175,5.172413793103448,100.0,6.8181818181818175,15.517241379310345
calib_0044,random_3,pbmc240,none,V0_shipped,True,80.55,45.55847137936691,64.4578520271484,81.45,39.327538133508284
calib_0045,random_5,scope2,none,V0_shipped,True,18.705035971223023,29.930005146680394,93.52238805970148,18.705035971223023,46.9627723451707
calib_0046,random_8,random_0.35,none,V0_shipped,True,39.37007874015748,37.287757973733584,56.8558287918044,58.26771653543307,39.232202418178034
calib_0047,random_1,random_0.15,none,V0_shipped,True,2.666666666666667,2.666666666666667,,2.666666666666667,2.666666666666667
calib_0048,random_2,scope2,per_cell,V0_shipped,True,15.31791907514451,7.725947521865889,98.83381924198251,15.31791907514451,6.559766763848396
calib_0049,random_3,fulcher,none,V0_shipped,True,30.043859649122805,39.7038230415749,74.49447571398791,56.79824561403509,39.569794527376715
calib_0050,random_5,random_0.25,none,V0_shipped,True,12.307692307692308,42.5,79.26923076923076,30.76923076923077,50.66666666666666
calib_0051,random_8,random_0.15,none,V0_shipped,True,31.496062992125985,37.84722222222222,59.12698412698413,66.14173228346458,38.54166666666667
calib_0052,myeloid,scope2,none,V0_shipped,True,42.66666666666667,49.145083372292355,70.46875486987689,62.66666666666667,49.035998129967275
calib_0053,lymphoid,random_0.35,none,V0_shipped,True,33.55817875210793,52.6148084786168,80.6924002857168,52.951096121416526,51.6148364036132
calib_0054,pbmc_like,scope2,none,V0_shipped,True,72.13930348258707,53.89483853759045,57.55191287811804,88.30845771144278,56.40978310367672
calib_0055,scope2_like,random_0.35,none,V0_shipped,True,54.25,43.54062379668848,78.3115132845591,56.75,48.164548838403284
calib_0056,random_1,random_0.35,none,V0_shipped,True,1.7321016166281753,1.7321016166281753,,1.7321016166281753,1.558891454965358
calib_0057,random_2,pbmc240,per_cell,V0_shipped,True,16.0,17.176596886741812,97.53086419753086,16.0,35.69511540526034
calib_0058,random_3,random_0.15,none,V0_shipped,True,1.2987012987012987,6.666666666666667,92.70440251572327,1.2987012987012987,7.29559748427673
calib_0059,random_5,random_0.35,none,V0_shipped,True,11.627906976744185,31.02091165413534,46.96546052631579,71.62790697674419,34.77091165413534
calib_0060,random_8,scope2,per_cell,V0_shipped,True,61.68831168831169,42.59169770797678,58.03361689989597,85.71428571428571,48.33274606530421
calib_0061,random_1,pbmc240,none,V0_shipped,True,0.0,0.0,,0.0,0.0
calib_0062,random_2,scope2,per_cell,V0_shipped,True,60.6,64.64088397790056,97.84287916313063,60.6,65.86146278944906
calib_0063,random_3,fulcher,none,V0_shipped,True,1.0638297872340425,0.5649717514124294,56.77966101694915,3.1914893617021276,0.5649717514124294
calib_0064,random_5,random_0.25,none,V0_shipped,True,14.754098360655737,25.0,60.66666666666667,14.754098360655737,25.0
calib_0065,random_8,random_0.35,none,V0_shipped,True,60.087082728592165,65.17030804192609,77.11832206061769,76.0522496371553,64.64460710734666
calib_0066,myeloid,random_0.25,none,V0_shipped,True,15.645371577574968,39.33333333333333,60.56272401433692,29.595827900912646,38.72222222222222
calib_0067,lymphoid,fulcher,none,V0_shipped,True,20.666666666666668,18.777056277056275,95.23809523809523,20.666666666666668,30.681818181818183
calib_0068,pbmc_like,random_0.35,none,V0_shipped,True,38.0,49.30763377277734,55.74870266676141,80.5,53.093163488539616
calib_0069,scope2_like,random_0.15,none,V0_shipped,True,64.08045977011494,54.695991847826086,86.12856657608697,69.82758620689656,61.94378396739131
calib_0070,random_1,random_0.25,none,V0_shipped,True,29.5,29.5,,29.5,23.75
calib_0071,random_2,scope2,none,V0_shipped,True,0.78125,0.4098360655737705,78.68852459016394,0.78125,1.2295081967213115
calib_0072,random_3,pbmc240,none,V0_shipped,True,57.615894039735096,60.79957469431153,89.0489101541733,57.615894039735096,62.13290802764487
calib_0073,random_5,pbmc240,none,V0_shipped,True,80.53691275167785,62.372161172161164,86.34285714285713,83.22147651006712,60.83369963369963
calib_0074,random_8,random_0.35,none,V0_shipped,True,8.16326530612245,29.166666666666664,51.53508771929825,35.714285714285715,35.416666666666664
calib_0075,random_1,random_0.25,none,V0_shipped,True,19.333333333333332,19.333333333333332,,19.333333333333332,24.0
calib_0076,random_2,random_0.25,none,V0_shipped,True,29.20634920634921,54.48979591836734,97.95918367346938,31.216931216931215,62.925170068027214
calib_0077,random_3,pbmc240,per_cell,V0_shipped,True,15.646258503401361,16.52094717668488,79.89005984907624,19.727891156462583,22.076502732240435
calib_0078,random_5,random_0.15,none,V0_shipped,True,41.333333333333336,58.33333333333333,76.0,50.66666666666667,63.33333333333333
calib_0079,random_8,pbmc240,none,V0_shipped,True,40.0,38.74999999999999,64.44444444444444,56.666666666666664,52.08333333333333
calib_0080,myeloid,random_0.35,none,V0_shipped,True,56.17977528089888,63.20754716981132,100.0,56.17977528089888,68.86792452830188
calib_0081,lymphoid,random_0.35,none,V0_shipped,True,5.343511450381679,2.7777777777777777,91.23716153127917,5.343511450381679,5.555555555555555
calib_0082,pbmc_like,random_0.25,none,V0_shipped,True,15.384615384615385,30.36722511414714,34.785829765309934,73.71794871794873,30.496424080555407
calib_0083,scope2_like,scope2,per_cell,V0_shipped,True,60.3448275862069,48.501188858695656,86.1413043478261,64.51149425287356,51.33746603260869
calib_0084,random_1,random_0.35,none,V0_shipped,True,23.91304347826087,23.91304347826087,,23.91304347826087,32.065217391304344
calib_0085,random_2,pbmc240,none,V0_shipped,True,46.75,55.34839412084921,98.35329341317365,46.75,52.77626565051714
calib_0086,random_3,random_0.15,none,V0_shipped,True,22.62210796915167,37.0311167945439,89.16240409207163,23.90745501285347,42.67902813299233
calib_0087,random_5,random_0.25,none,V0_shipped,True,66.57754010695187,64.0017825311943,87.84011031513806,78.34224598930481,62.33511586452762
calib_0088,random_8,fulcher,per_cell,V0_shipped,True,19.553072625698324,31.825480192076828,51.27144039433955,41.340782122905026,35.64114282076467
calib_0089,random_1,fulcher,none,V0_shipped,True,14.139941690962099,14.139941690962099,,14.139941690962099,13.994169096209912
calib_0090,random_2,pbmc240,none,V0_shipped,True,19.5,37.142857142857146,70.16949152542374,19.5,38.095238095238095
calib_0091,random_3,random_0.15,none,V0_shipped,True,42.64705882352941,63.15789473684211,96.49122807017544,42.64705882352941,63.15789473684211
calib_0092,random_5,fulcher,per_cell,V0_shipped,True,29.45205479452055,38.01739670705188,67.75085430257845,34.93150684931507,35.350730040385216
calib_0093,random_8,pbmc240,none,V0_shipped,True,78.19548872180451,70.38023190172787,94.49583647689126,81.95488721804512,83.55629399323114
calib_0094,myeloid,fulcher,per_cell,V0_shipped,True,27.419354838709676,20.389531345100426,42.44268614323392,46.774193548387096,23.691418137553256
calib_0095,lymphoid,fulcher,per_cell,V0_shipped,True,0.0,0.0,61.07939802802284,0.0,0.7092198581560284
calib_0096,pbmc_like,scope2,none,V0_shipped,True,53.669724770642205,53.993121566650984,59.37326106443754,83.25688073394495,57.65429785570452
calib_0097,scope2_like,random_0.15,none,V0_shipped,True,52.666666666666664,43.06818181818181,82.72727272727273,58.666666666666664,52.95454545454545
calib_0098,random_1,fulcher,per_cell,V0_shipped,True,0.0,0.0,,0.0,1.8867924528301887
calib_0099,random_2,pbmc240,per_cell,V0_shipped,True,29.75206611570248,29.55601092896175,82.08333333333333,29.75206611570248,30.375683060109292
calib_0100,random_3,random_0.15,none,V0_shipped,True,66.66666666666666,55.18207282913165,96.26517273576097,66.66666666666666,51.58730158730158
calib_0101,random_5,pbmc240,none,V0_shipped,True,65.77181208053692,80.48148148148148,100.0,65.77181208053692,85.18518518518519
calib_0102,random_8,fulcher,per_cell,V0_shipped,True,15.263157894736842,26.28139839346736,39.92126078332975,64.73684210526316,27.19394887498336
calib_0103,random_1,scope2,none,V0_shipped,True,14.249999999999998,14.249999999999998,,14.249999999999998,12.25
calib_0104,random_2,random_0.35,none,V0_shipped,True,70.36144578313252,73.01688532555879,91.2536443148688,75.66265060240964,74.13548752834467
calib_0105,random_3,scope2,none,V0_shipped,True,81.25,51.47714604236343,97.19806763285024,83.0,58.386287625418056
calib_0106,random_5,fulcher,none,V0_shipped,True,39.3048128342246,40.52481727010029,76.61994327088667,39.57219251336899,43.774207311943165
calib_0107,random_8,scope2,none,V0_shipped,True,38.297872340425535,43.3830789093947,59.967437533227006,82.97872340425532,56.85530113161692
calib_0108,myeloid,pbmc240,none,V0_shipped,True,32.151898734177216,45.03502769631802,56.974584555229725,43.79746835443038,45.47979797979798
calib_0109,lymphoid,random_0.35,none,V0_shipped,True,8.0,10.0,50.0,12.0,10.0
calib_0110,pbmc_like,pbmc240,per_cell,V0_shipped,True,44.13965087281795,46.78389941437111,52.80284187286968,74.56359102244389,50.82912868166676
calib_0111,scope2_like,random_0.35,none,V0_shipped,True,59.33908045977011,51.99558423913043,77.60699728260869,64.65517241379311,60.067085597826086
calib_0112,random_1,random_0.35,none,V0_shipped,True,0.0,0.0,,0.0,0.0
calib_0113,random_2,random_0.15,none,V0_shipped,True,47.5,47.5,82.5,47.5,50.0
calib_0114,random_3,scope2,per_cell,V0_shipped,True,4.697986577181208,12.962962962962962,81.27371273712738,5.369127516778524,25.185185185185183
calib_0115,random_5,random_0.35,none,V0_shipped,True,46.62162162162162,52.93650793650794,69.40551063192572,50.67567567567568,54.42497753818508
calib_0116,random_8,random_0.35,none,V0_shipped,True,17.682926829268293,43.79117502458211,57.263397246804324,72.5609756097561,43.79117502458211
calib_0117,random_1,scope2,none,V0_shipped,True,0.0,0.0,,0.0,0.0
calib_0118,random_2,random_0.15,none,V0_shipped,True,10.16949152542373,50.0,78.30188679245282,10.16949152542373,50.0
calib_0119,random_3,random_0.25,none,V0_shipped,True,17.180616740088105,19.59026888604353,93.65153886280648,17.180616740088105,27.23336652914118
calib_0120,random_5,random_0.35,none,V0_shipped,True,42.75,46.708326924062966,82.3352451271233,56.49999999999999,55.40839870789108
calib_0121,random_8,random_0.15,none,V0_shipped,True,46.794871794871796,39.62573591253154,67.45871804114026,60.89743589743589,43.64271696904161
calib_0122,myeloid,fulcher,per_cell,V0_shipped,True,19.5364238410596,46.52927120669056,62.76583034647552,42.71523178807947,49.2831541218638
calib_0123,lymphoid,random_0.35,none,V0_shipped,True,82.66666666666667,82.29166666666667,98.03921568627452,82.66666666666667,83.82352941176471
calib_0124,pbmc_like,random_0.35,none,V0_shipped,True,43.12977099236641,52.26878483037903,53.26352957512378,74.42748091603053,53.744069638997175
calib_0125,scope2_like,fulcher,none,V0_shipped,True,62.44604316546762,51.50812558495703,88.4332723559942,66.18705035971223,54.866842508295754
calib_0126,random_1,random_0.35,none,V0_shipped,True,46.666666666666664,46.666666666666664,,46.666666666666664,43.333333333333336
calib_0127,random_2,random_0.25,none,V0_shipped,True,76.66666666666667,41.07142857142857,87.85714285714286,76.66666666666667,40.714285714285715
calib_0128,random_3,pbmc240,none,V0_shipped,True,51.68539325842697,53.74707539512009,70.67755335911761,67.04119850187266,57.13842333954066
calib_0129,random_5,random_0.15,none,V0_shipped,True,89.36170212765957,72.74929527836504,98.99929527836505,89.36170212765957,69.83262861169838
calib_0130,random_8,random_0.35,none,V0_shipped,True,44.70842332613391,53.40099284287601,82.02632604137185,56.587473002159825,56.36221162065825
calib_0131,random_1,fulcher,none,V0_shipped,True,0.0,0.0,,0.0,0.0
calib_0132,random_2,fulcher,none,V0_shipped,True,71.0,62.23928255995652,94.01114206128133,71.0,83.52809294109655
calib_0133,random_3,fulcher,per_cell,V0_shipped,True,65.5,54.02003910068426,73.38030070288136,65.5,54.49832425638878
calib_0134,random_5,random_0.35,none,V0_shipped,True,27.173913043478258,41.74603174603175,72.22222222222221,27.173913043478258,47.460317460317455
calib_0135,random_8,random_0.25,none,V0_shipped,True,62.4,51.515151515151516,51.515151515151516,98.4,51.515151515151516
calib_0136,myeloid,random_0.25,none,V0_shipped,True,28.04878048780488,64.53052995391705,73.76966038869966,66.26016260162602,68.83953616509717
calib_0137,lymphoid,random_0.15,none,V0_shipped,True,41.25,43.482963952307415,62.6537348525954,42.5,43.01949858786538
calib_0138,pbmc_like,random_0.25,none,V0_shipped,True,51.87500000000001,42.308380829453625,48.98113648305219,73.125,47.53260758145816
calib_0139,scope2_like,random_0.25,none,V0_shipped,True,62.66666666666667,53.06818181818181,78.63636363636364,69.33333333333334,59.88636363636364
calib_0140,random_1,random_0.25,none,V0_shipped,True,55.400000000000006,55.400000000000006,,55.400000000000006,48.8
calib_0141,random_2,random_0.25,none,V0_shipped,True,10.0,35.081345758963835,55.544147843942504,61.8,29.158110882956876
calib_0142,random_3,random_0.25,none,V0_shipped,True,15.053763440860216,18.30065359477124,84.110247872734,17.20430107526882,31.045751633986928
calib_0143,random_5,random_0.35,none,V0_shipped,True,49.83388704318937,51.966096135375125,90.80271243907609,56.47840531561462,63.362248804255074
calib_0144,random_8,pbmc240,per_cell,V0_shipped,True,38.0,24.03702978056426,55.72524817136886,68.66666666666667,29.155564263322887
calib_0145,random_1,random_0.15,none,V0_shipped,True,0.0,0.0,,0.0,0.0
calib_0146,random_2,random_0.35,none,V0_shipped,True,58.25,48.14049586776859,95.49900617219375,58.25,48.14049586776859
calib_0147,random_3,pbmc240,none,V0_shipped,True,15.66265060240964,15.833333333333332,95.83333333333334,15.66265060240964,32.5
calib_0148,random_5,scope2,per_cell,V0_shipped,True,61.24260355029586,30.479605774547142,91.46440641452018,61.53846153846154,34.643219938161295
calib_0149,random_8,random_0.35,none,V0_shipped,True,34.02061855670103,32.80440301120448,65.02866771708683,61.34020618556701,49.43605567226891
calib_0150,myeloid,random_0.35,none,V0_shipped,True,90.75,92.86521344493592,98.97674896823617,91.5,93.5185993881831
calib_0151,lymphoid,random_0.15,none,V0_shipped,True,5.288461538461538,9.401709401709402,55.74002336592264,8.173076923076923,10.512820512820513
calib_0152,pbmc_like,random_0.35,none,V0_shipped,True,61.53081510934394,52.38898597975842,56.85451613261512,81.80914512922465,53.104151182955526
calib_0153,scope2_like,pbmc240,per_cell,V0_shipped,True,57.758620689655174,44.65438179347826,85.80587635869566,60.63218390804598,47.817595108695656
calib_0154,random_1,random_0.15,none,V0_shipped,True,0.0,0.0,,0.0,0.0
calib_0155,random_2,fulcher,per_cell,V0_shipped,True,0.0,0.0,86.17297297297297,0.0,0.0
calib_0156,random_3,fulcher,none,V0_shipped,True,87.0,65.11904761904762,94.41697191697193,88.25,65.73565323565323
calib_0157,random_5,random_0.25,none,V0_shipped,True,7.865168539325842,14.358974358974358,41.92307692307692,24.719101123595504,17.05128205128205
calib_0158,random_8,scope2,none,V0_shipped,True,58.25,51.214357765582086,85.97906705851892,59.75,70.95371031046972
calib_0159,random_1,pbmc240,per_cell,V0_shipped,True,55.333333333333336,55.333333333333336,,55.333333333333336,56.00000000000001
calib_0160,random_2,scope2,none,V0_shipped,True,9.239130434782608,29.310344827586203,84.51612903225806,9.239130434782608,27.586206896551722
calib_0161,random_3,fulcher,none,V0_shipped,True,0.0,0.0,91.97235513024987,0.0,2.0202020202020203
calib_0162,random_5,random_0.15,none,V0_shipped,True,22.82608695652174,21.01814733393681,59.715720505194184,22.82608695652174,24.055562739773265
calib_0163,random_8,pbmc240,per_cell,V0_shipped,True,47.5,30.585571835571834,52.54578754578755,75.0,41.048534798534796
calib_0164,myeloid,fulcher,none,V0_shipped,True,2.666666666666667,5.263157894736842,56.837406015037594,4.0,3.9473684210526314
calib_0165,lymphoid,scope2,per_cell,V0_shipped,True,29.761904761904763,40.05295296779451,87.5199635286179,31.19047619047619,41.10888937403247
calib_0166,pbmc_like,random_0.15,none,V0_shipped,True,30.0,42.64352931019598,55.766424933091606,73.125,44.9302857636191
calib_0167,scope2_like,random_0.35,none,V0_shipped,True,48.66666666666667,33.18181818181819,78.18181818181817,54.0,36.59090909090909
calib_0168,random_1,random_0.35,none,V0_shipped,True,0.0,0.0,,0.0,0.0
calib_0169,random_2,random_0.25,none,V0_shipped,True,28.846153846153843,50.0,99.32432432432432,29.807692307692307,50.0
calib_0170,random_3,scope2,per_cell,V0_shipped,True,80.66666666666666,48.45686320940879,98.86336727444944,81.33333333333333,65.93653800615677
calib_0171,random_5,random_0.35,none,V0_shipped,True,41.86046511627907,55.82393315289211,97.13213981244672,41.86046511627907,58.947411165305596
calib_0172,random_8,random_0.35,none,V0_shipped,True,59.68992248062015,44.14335664335664,71.15800865800865,72.86821705426357,51.28205128205128
calib_0173,random_1,fulcher,none,V0_shipped,True,1.3333333333333335,1.3333333333333335,,1.3333333333333335,1.3333333333333335
calib_0174,random_2,scope2,none,V0_shipped,True,55.400000000000006,53.76725646509819,96.94244604316546,55.400000000000006,68.44983472681314
calib_0175,random_3,fulcher,none,V0_shipped,True,4.444444444444445,27.35042735042735,93.83229383229383,4.444444444444445,24.786324786324787
calib_0176,random_5,random_0.35,none,V0_shipped,True,39.097744360902254,59.133333333333326,77.07936507936508,61.65413533834586,61.304761904761904
calib_0177,random_8,random_0.25,none,V0_shipped,True,52.54237288135594,37.88117462774206,65.86049006127773,58.644067796610166,46.07973564860274
calib_0178,myeloid,pbmc240,per_cell,V0_shipped,True,54.666666666666664,67.9245283018868,99.05660377358491,56.00000000000001,70.75471698113208
calib_0179,lymphoid,scope2,none,V0_shipped,True,12.962962962962962,36.09295570079883,66.01307189542483,13.148148148148147,39.687726942628906
calib_0180,pbmc_like,fulcher,per_cell,V0_shipped,True,41.02564102564102,30.23908553320318,36.33435192258722,72.43589743589743,30.922389157683277
calib_0181,scope2_like,random_0.35,none,V0_shipped,True,64.74820143884892,64.20275674295924,85.81372840976772,69.49640287769783,70.93188973028164
calib_0182,random_1,random_0.35,none,V0_shipped,True,16.1,16.1,,16.1,14.899999999999999
calib_0183,random_2,fulcher,per_cell,V0_shipped,True,0.0,0.0,70.83333333333333,0.0,0.0
calib_0184,random_3,random_0.25,none,V0_shipped,True,55.06329113924051,49.19595717380787,69.09930375886077,58.22784810126582,54.590774279043345
calib_0185,random_5,fulcher,per_cell,V0_shipped,True,50.993377483443716,40.46390168970814,56.44470046082949,62.251655629139066,41.466205837173575
calib_0186,random_8,random_0.25,none,V0_shipped,True,81.82897862232778,74.78880378414355,75.81728742887898,97.9809976247031,79.50117233006773
calib_0187,random_1,scope2,none,V0_shipped,True,0.0,0.0,,0.0,0.0
calib_0188,random_2,scope2,per_cell,V0_shipped,True,35.55555555555556,38.912272928666376,97.20314576871954,35.55555555555556,41.49313247673903
calib_0189,random_3,random_0.15,none,V0_shipped,True,5.769230769230769,27.127659574468083,97.48427672955975,5.769230769230769,39.184397163120565
calib_0190,random_5,random_0.15,none,V0_shipped,True,53.7117903930131,49.462242878174536,73.99351984385166,54.43959243085881,61.46702876264876
calib_0191,random_8,pbmc240,per_cell,V0_shipped,True,39.950372208436725,30.684683648630518,53.8532301558867,45.6575682382134,46.41386091243776
calib_0192,myeloid,random_0.15,none,V0_shipped,True,79.87012987012987,46.67792792792793,54.89864864864865,87.01298701298701,55.4786036036036
calib_0193,lymphoid,fulcher,per_cell,V0_shipped,True,3.9215686274509802,4.166666666666666,66.66666666666666,3.9215686274509802,4.166666666666666
calib_0194,pbmc_like,scope2,none,V0_shipped,True,59.115646258503396,55.2577911922152,59.42743579238151,83.26530612244898,59.879317428445475
calib_0195,scope2_like,random_0.15,none,V0_shipped,True,50.0,41.25,73.29545454545455,54.666666666666664,50.56818181818181
calib_0196,random_1,random_0.25,none,V0_shipped,True,6.521739130434782,6.521739130434782,,6.521739130434782,16.304347826086957
calib_0197,random_2,fulcher,none,V0_shipped,True,9.917355371900827,12.377803335250144,57.777458309373195,9.917355371900827,13.441633122484188
calib_0198,random_3,pbmc240,per_cell,V0_shipped,True,72.0,78.76404494382022,92.4625468164794,79.33333333333333,87.38764044943821
calib_0199,random_5,fulcher,none,V0_shipped,True,35.78947368421053,20.315789473684212,73.64912280701755,43.15789473684211,31.98245614035088
calib_0200,random_8,random_0.35,none,V0_shipped,True,13.815789473684212,26.665140415140414,60.36324786324787,52.63157894736842,31.659798534798533
calib_0201,random_1,random_0.25,none,V0_shipped,True,2.0,2.0,,2.0,2.0
calib_0202,random_2,pbmc240,none,V0_shipped,True,56.16438356164384,69.81132075471699,97.16981132075472,56.16438356164384,72.64150943396226
calib_0203,random_3,pbmc240,none,V0_shipped,True,9.523809523809524,20.833333333333336,59.68468468468468,40.95238095238095,23.055555555555554
calib_0204,random_5,random_0.35,none,V0_shipped,True,43.58974358974359,37.471428571428575,81.15660377358492,44.230769230769226,48.1017282384652
calib_0205,random_8,random_0.15,none,V0_shipped,True,69.42675159235668,61.47192028985508,78.17255434782608,76.43312101910828,68.57789855072464
calib_0206,myeloid,fulcher,per_cell,V0_shipped,True,27.564102564102566,51.475442834138484,54.84702093397746,78.84615384615384,51.28421900161031
calib_0207,lymphoid,random_0.25,none,V0_shipped,True,25.89686098654709,27.196495796654307,94.29222451810128,25.89686098654709,26.05578986102069
calib_0208,pbmc_like,fulcher,per_cell,V0_shipped,True,36.231884057971016,41.63856185979753,47.39688197105881,63.56107660455487,41.711863752559275
calib_0209,scope2_like,pbmc240,per_cell,V0_shipped,True,54.0,39.20454545454545,76.70454545454545,59.333333333333336,45.909090909090914
calib_0210,random_1,random_0.25,none,V0_shipped,True,0.2178649237472767,0.2178649237472767,,0.2178649237472767,0.2178649237472767
calib_0211,random_2,pbmc240,none,V0_shipped,True,86.66666666666667,83.39580209895053,99.13793103448276,87.33333333333333,78.22338830584708
calib_0212,random_3,scope2,none,V0_shipped,True,51.33333333333333,49.35870558512068,73.38009998387356,61.33333333333333,50.33516099553835
calib_0213,random_5,random_0.15,none,V0_shipped,True,31.70731707317073,26.666666666666668,57.666666666666664,36.58536585365854,41.0
calib_0214,random_8,scope2,none,V0_shipped,True,44.396551724137936,51.13349885408709,71.58804430863253,69.39655172413794,53.08899127832951
calib_0215,random_1,random_0.25,none,V0_shipped,True,0.0,0.0,,0.0,0.0
calib_0216,random_2,random_0.25,none,V0_shipped,True,0.0,0.0,90.0,0.0,0.0
calib_0217,random_3,pbmc240,none,V0_shipped,True,70.69486404833837,82.42753623188405,100.0,70.69486404833837,83.15217391304347
calib_0218,random_5,random_0.15,none,V0_shipped,True,30.0,54.96337762323511,73.5993610517465,44.75,55.53558081958215
calib_0219,random_8,random_0.15,none,V0_shipped,True,33.098591549295776,46.74342105263158,59.901315789473685,45.774647887323944,47.401315789473685
calib_0220,myeloid,random_0.35,none,V0_shipped,True,26.72413793103448,40.85429769392033,56.98375262054507,38.793103448275865,45.09958071278825
calib_0221,lymphoid,random_0.35,none,V0_shipped,True,48.66666666666667,44.394494394494394,95.20757020757021,48.66666666666667,44.97169497169497
calib_0222,pbmc_like,random_0.25,none,V0_shipped,True,36.60130718954248,36.28324305860537,48.632093885717076,74.50980392156863,42.98614160933002
calib_0223,scope2_like,pbmc240,per_cell,V0_shipped,True,55.603448275862064,42.319123641304344,83.81878396739131,59.195402298850574,46.883491847826086
calib_0224,random_1,fulcher,per_cell,V0_shipped,True,1.2903225806451613,1.2903225806451613,,1.2903225806451613,1.935483870967742
calib_0225,random_2,fulcher,per_cell,V0_shipped,True,0.0,0.0,17.707362534948743,0.0,0.0
calib_0226,random_3,pbmc240,none,V0_shipped,True,23.333333333333332,29.838709677419356,73.17243930147156,33.88888888888889,31.573802541544477
calib_0227,random_5,fulcher,per_cell,V0_shipped,True,71.95004803073968,67.39712250539107,78.39069728817091,79.2507204610951,66.23334112946776
calib_0228,random_8,fulcher,none,V0_shipped,True,60.55776892430279,56.03192134442134,82.55895146520147,64.9402390438247,61.79929586179587
calib_0229,random_1,pbmc240,none,V0_shipped,True,1.3071895424836601,1.3071895424836601,,1.3071895424836601,1.0893246187363834
calib_0230,random_2,fulcher,none,V0_shipped,True,0.8064516129032258,0.4132231404958678,67.21763085399448,4.838709677419355,0.4132231404958678
calib_0231,random_3,pbmc240,none,V0_shipped,True,42.25,74.63547434477667,97.18992248062015,47.5,73.95717977113327
calib_0232,random_5,random_0.35,none,V0_shipped,True,39.473684210526315,59.70238095238095,79.33333333333333,53.94736842105263,59.70238095238095
calib_0233,random_8,random_0.25,none,V0_shipped,True,40.69767441860465,38.771929824561404,68.1798245614035,54.65116279069767,47.75777888116518
calib_0234,myeloid,random_0.25,none,V0_shipped,True,55.15151515151515,68.14883229977569,79.15323300450936,71.51515151515152,68.20300676016548
calib_0235,lymphoid,scope2,per_cell,V0_shipped,True,9.75609756097561,18.181818181818183,50.0,19.51219512195122,18.181818181818183
calib_0236,pbmc_like,scope2,per_cell,V0_shipped,True,46.666666666666664,47.90986790986792,53.79046879046879,76.66666666666667,51.16485366485367
calib_0237,scope2_like,scope2,none,V0_shipped,True,55.75,43.95777178796047,84.27352072904634,60.0,50.33692722371968
calib_0238,random_1,random_0.35,none,V0_shipped,True,41.6,41.6,,41.6,38.800000000000004
calib_0239,random_2,fulcher,none,V0_shipped,True,33.093525179856115,29.670880761336072,81.27332524724761,48.201438848920866,27.954142563911176
calib_0000,random_1,fulcher,per_cell,V0_shipped,False,9.333333333333334,9.333333333333334,,9.333333333333334,7.333333333333333
calib_0001,random_2,random_0.35,none,V0_shipped,False,6.329113924050633,50.0,70.27027027027027,8.860759493670885,50.0
calib_0002,random_3,random_0.25,none,V0_shipped,False,74.0,49.70077061813412,97.81931464174455,74.0,49.44321473465595
calib_0003,random_5,scope2,per_cell,V0_shipped,False,31.333333333333336,35.36240786240786,76.2119431684649,31.333333333333336,33.20843570843571
calib_0004,random_8,random_0.15,none,V0_shipped,False,59.94318181818182,66.25193988401536,85.90020828228376,77.55681818181817,74.88927346238667
calib_0005,random_1,fulcher,per_cell,V0_shipped,False,13.0,13.0,,13.0,11.75
calib_0006,random_2,fulcher,per_cell,V0_shipped,False,9.793814432989691,28.804347826086957,99.45652173913044,9.793814432989691,35.434782608695656
calib_0007,random_3,pbmc240,none,V0_shipped,False,80.19417475728156,71.22152002375816,91.87364868427991,81.26213592233009,71.78411144139419
calib_0008,random_5,random_0.35,none,V0_shipped,False,66.22516556291392,66.55122655122655,90.95238095238095,69.5364238410596,70.21164021164022
calib_0009,random_8,fulcher,none,V0_shipped,False,64.70588235294117,59.406169562419564,86.33325289575289,74.50980392156863,63.647240990990994
calib_0010,myeloid,random_0.25,none,V0_shipped,False,70.3125,75.0465202340053,84.12882496056606,81.25,77.25872467632678
calib_0011,lymphoid,fulcher,none,V0_shipped,False,19.25133689839572,19.066834804539724,85.64312736443884,19.25133689839572,20.80706179066835
calib_0012,pbmc_like,pbmc240,none,V0_shipped,False,46.61190965092403,53.17825887604708,58.52226735760701,81.93018480492813,56.30670360113046
calib_0013,scope2_like,random_0.35,none,V0_shipped,False,56.00000000000001,49.31818181818181,83.63636363636364,58.666666666666664,53.97727272727273
calib_0014,random_1,random_0.35,none,V0_shipped,False,25.543478260869566,25.543478260869566,,25.543478260869566,30.978260869565215
calib_0015,random_2,random_0.15,none,V0_shipped,False,7.4074074074074066,5.88235294117647,85.88235294117648,7.4074074074074066,5.88235294117647
calib_0016,random_3,random_0.15,none,V0_shipped,False,43.96551724137931,57.47464746935184,93.71584699453553,44.827586206896555,61.15856715990259
calib_0017,random_5,scope2,per_cell,V0_shipped,False,47.32142857142857,38.37783981517135,65.43887177512514,63.39285714285714,42.86705814401232
calib_0018,random_8,random_0.35,none,V0_shipped,False,64.25406203840473,60.481157011451316,72.33256596057502,81.38847858197931,66.48406704274072
calib_0019,random_1,random_0.35,none,V0_shipped,False,0.0,0.0,,0.0,0.0
calib_0020,random_2,random_0.35,none,V0_shipped,False,0.0,0.0,63.97435897435897,1.7857142857142856,0.0
calib_0021,random_3,fulcher,per_cell,V0_shipped,False,51.18818240205524,44.58632247186547,78.98402468068952,54.271034039820165,57.34824715840426
calib_0022,random_5,random_0.15,none,V0_shipped,False,19.708029197080293,35.628205128205124,67.52380952380952,41.605839416058394,38.666666666666664
calib_0023,random_8,random_0.35,none,V0_shipped,False,45.33898305084746,40.293848112710485,76.53640197485657,54.66101694915254,55.72090524927784
calib_0024,myeloid,random_0.15,none,V0_shipped,False,14.84375,19.168096054888508,55.557461406518,25.0,22.918810748999427
calib_0025,lymphoid,scope2,none,V0_shipped,False,47.665847665847664,48.6543759271032,69.23076923076921,66.33906633906635,50.773468955287136
calib_0026,pbmc_like,random_0.15,none,V0_shipped,False,31.626506024096386,44.415535758040505,55.91725848314506,74.69879518072288,51.34358387784489
calib_0027,scope2_like,scope2,none,V0_shipped,False,52.0,42.61327172378385,84.79976896418945,55.50000000000001,47.02862276986266
calib_0028,random_1,pbmc240,per_cell,V0_shipped,False,4.918032786885246,4.918032786885246,,4.918032786885246,5.737704918032787
calib_0029,random_2,pbmc240,none,V0_shipped,False,10.526315789473683,14.930270713699754,92.53486464315013,10.526315789473683,11.525840853158325
calib_0030,random_3,random_0.15,none,V0_shipped,False,33.5,28.63411051249216,91.20030148859998,33.5,40.99360490380437
calib_0031,random_5,pbmc240,per_cell,V0_shipped,False,51.864406779661024,44.94712340213164,74.51911446287475,56.779661016949156,48.432615234267374
calib_0032,random_8,pbmc240,none,V0_shipped,False,60.12658227848101,51.73675530818388,82.28483817769532,71.51898734177216,62.72160379303238
calib_0033,random_1,random_0.35,none,V0_shipped,False,0.0,0.0,,0.0,0.0
calib_0034,random_2,random_0.15,none,V0_shipped,False,0.0,0.0,91.94444444444444,0.0,0.0
calib_0035,random_3,fulcher,per_cell,V0_shipped,False,17.5,12.463321596244132,89.95500782472612,17.5,13.49276212832551
calib_0036,random_5,random_0.35,none,V0_shipped,False,73.07692307692307,64.08603475902872,89.58584987057809,76.92307692307693,66.85730720243231
calib_0037,random_8,scope2,per_cell,V0_shipped,False,52.926463231615806,47.784846481030826,70.5577805229322,65.83291645822912,53.67386079339084
calib_0038,myeloid,random_0.35,none,V0_shipped,False,55.24861878453039,60.14338422773494,79.30660960627664,61.87845303867403,64.43257908296754
calib_0039,lymphoid,random_0.25,none,V0_shipped,False,22.058823529411764,24.444444444444446,90.0,22.058823529411764,26.34920634920635
calib_0040,pbmc_like,random_0.35,none,V0_shipped,False,55.60000000000001,51.97701669923893,62.61272872383984,79.2,56.58162130384352
calib_0041,scope2_like,scope2,per_cell,V0_shipped,False,53.25,42.860351687844954,83.00603260171994,56.75,48.59774098318572
calib_0042,random_1,fulcher,per_cell,V0_shipped,False,0.0,0.0,,0.0,0.0
calib_0043,random_2,pbmc240,per_cell,V0_shipped,False,11.363636363636363,8.620689655172415,100.0,11.363636363636363,12.873563218390805
calib_0044,random_3,pbmc240,none,V0_shipped,False,74.5,40.67089981802135,64.9088154205425,75.8,37.92419378773324
calib_0045,random_5,scope2,none,V0_shipped,False,28.05755395683453,41.24485944660932,89.76972281449893,28.05755395683453,52.324289880646035
calib_0046,random_8,random_0.35,none,V0_shipped,False,43.30708661417323,41.44830102147175,67.86810581017897,56.69291338582677,53.13788007385568
calib_0047,random_1,random_0.15,none,V0_shipped,False,7.333333333333333,7.333333333333333,,7.333333333333333,8.666666666666668
calib_0048,random_2,scope2,per_cell,V0_shipped,False,16.76300578034682,8.454810495626822,92.85714285714286,16.76300578034682,8.236151603498543
calib_0049,random_3,fulcher,none,V0_shipped,False,25.219298245614034,36.67713516600049,74.953095684803,54.824561403508774,40.58673446266235
calib_0050,random_5,random_0.25,none,V0_shipped,False,30.76923076923077,56.903846153846146,83.30128205128204,40.0,65.64102564102564
calib_0051,random_8,random_0.15,none,V0_shipped,False,34.645669291338585,40.7184829059829,73.38980463980465,57.48031496062992,47.41491147741147
calib_0052,myeloid,scope2,none,V0_shipped,False,45.33333333333333,50.71030076359669,73.1023842917251,62.66666666666667,51.38382421692379
calib_0053,lymphoid,random_0.35,none,V0_shipped,False,32.04047217537943,49.79666928279791,79.81872268126997,49.57841483979764,52.24200242800495
calib_0054,pbmc_like,scope2,none,V0_shipped,False,67.16417910447761,51.322469888549286,57.481947068709914,83.83084577114428,58.06182904061381
calib_0055,scope2_like,random_0.35,none,V0_shipped,False,47.0,40.11680143755616,76.3092029264536,50.74999999999999,43.36413810807341
calib_0056,random_1,random_0.35,none,V0_shipped,False,3.2909930715935336,3.2909930715935336,,3.2909930715935336,3.0600461893764432
calib_0057,random_2,pbmc240,per_cell,V0_shipped,False,22.0,23.161567364465917,94.95437466451959,22.666666666666664,35.37305421363393
calib_0058,random_3,random_0.15,none,V0_shipped,False,6.493506493506493,10.307845084409136,93.33333333333333,6.493506493506493,21.59549817941079
calib_0059,random_5,random_0.35,none,V0_shipped,False,20.930232558139537,38.347079984443866,55.762534029038115,65.58139534883722,42.097079984443866
calib_0060,random_8,scope2,per_cell,V0_shipped,False,69.48051948051948,66.19412564180006,84.38886372025907,85.06493506493507,69.62456793852144
calib_0061,random_1,pbmc240,none,V0_shipped,False,0.0,0.0,,0.0,0.6666666666666667
calib_0062,random_2,scope2,per_cell,V0_shipped,False,57.599999999999994,61.75202203017025,98.07798888099897,57.599999999999994,62.81586102980654
calib_0063,random_3,fulcher,none,V0_shipped,False,0.0,0.0,57.38229755178907,8.51063829787234,1.1299435028248588
calib_0064,random_5,random_0.25,none,V0_shipped,False,24.59016393442623,53.333333333333336,80.66666666666666,31.147540983606557,58.00000000000001
calib_0065,random_8,random_0.35,none,V0_shipped,False,57.61973875181422,68.05632064249734,79.06683466118893,73.29462989840349,68.71701233967941
calib_0066,myeloid,random_0.25,none,V0_shipped,False,21.251629726205998,41.88172043010752,64.88530465949822,37.54889178617992,41.86021505376345
calib_0067,lymphoid,fulcher,none,V0_shipped,False,24.0,22.727272727272727,90.90909090909092,25.333333333333336,31.65584415584416
calib_0068,pbmc_like,random_0.35,none,V0_shipped,False,36.75,51.53332209738477,59.81816875027559,74.5,57.67603539699293
calib_0069,scope2_like,random_0.15,none,V0_shipped,False,51.58045977011494,43.06640625,83.36022418478262,54.741379310344826,48.641304347826086
calib_0070,random_1,random_0.25,none,V0_shipped,False,27.0,27.0,,27.0,22.25
calib_0071,random_2,scope2,none,V0_shipped,False,3.90625,9.972677595628415,83.19672131147541,3.90625,19.53551912568306
calib_0072,random_3,pbmc240,none,V0_shipped,False,54.3046357615894,56.84795321637427,90.37320574162679,54.966887417218544,58.44497607655502
calib_0073,random_5,pbmc240,none,V0_shipped,False,85.90604026845638,74.13040293040292,95.1142857142857,87.24832214765101,72.3919413919414
calib_0074,random_8,random_0.35,none,V0_shipped,False,13.26530612244898,39.58333333333333,62.03947368421052,38.775510204081634,42.5
calib_0075,random_1,random_0.25,none,V0_shipped,False,16.666666666666664,16.666666666666664,,16.666666666666664,20.666666666666668
calib_0076,random_2,random_0.25,none,V0_shipped,False,31.53439153439154,55.81632653061225,97.00680272108843,33.75661375661376,63.095238095238095
calib_0077,random_3,pbmc240,per_cell,V0_shipped,False,16.3265306122449,15.938069216757741,78.12256049960968,19.727891156462583,22.586520947176684
calib_0078,random_5,random_0.15,none,V0_shipped,False,36.0,53.97849462365591,70.91397849462365,42.66666666666667,58.978494623655905
calib_0079,random_8,pbmc240,none,V0_shipped,False,53.333333333333336,61.736111111111114,84.65277777777777,60.0,74.51388888888889
calib_0080,myeloid,random_0.35,none,V0_shipped,False,55.0561797752809,61.818658280922435,100.0,55.0561797752809,62.76205450733753
calib_0081,lymphoid,random_0.35,none,V0_shipped,False,15.267175572519085,18.88422035480859,91.4985994397759,15.267175572519085,21.900093370681606
calib_0082,pbmc_like,random_0.25,none,V0_shipped,False,20.51282051282051,45.68892955349864,52.182317606394214,67.94871794871796,46.46412335194825
calib_0083,scope2_like,scope2,per_cell,V0_shipped,False,56.03448275862068,45.39741847826087,84.9694293478261,59.195402298850574,49.59239130434783
calib_0084,random_1,random_0.35,none,V0_shipped,False,17.934782608695652,17.934782608695652,,17.934782608695652,25.0
calib_0085,random_2,pbmc240,none,V0_shipped,False,40.25,43.55380148793323,98.95209580838323,40.25,42.19742333514789
calib_0086,random_3,random_0.15,none,V0_shipped,False,30.077120822622106,43.307757885762996,85.59249786871271,32.64781491002571,46.39812446717818
calib_0087,random_5,random_0.25,none,V0_shipped,False,54.54545454545454,55.60017488985303,84.34029529479031,69.78609625668449,55.08055023038374
calib_0088,random_8,fulcher,per_cell,V0_shipped,False,25.139664804469277,36.23494852486449,58.35902542835316,45.2513966480447,43.174315180617704
calib_0089,random_1,fulcher,none,V0_shipped,False,13.411078717201166,13.411078717201166,,13.411078717201166,12.973760932944606
calib_0090,random_2,pbmc240,none,V0_shipped,False,14.75,28.095238095238095,69.69330104923326,14.75,30.0
calib_0091,random_3,random_0.15,none,V0_shipped,False,33.82352941176471,50.58479532163743,97.34471313418682,33.82352941176471,54.751461988304094
calib_0092,random_5,fulcher,per_cell,V0_shipped,False,34.93150684931507,44.57005281143213,71.2103137620379,37.67123287671233,42.81733457595527
calib_0093,random_8,pbmc240,none,V0_shipped,False,77.94486215538848,69.58870274914088,93.9637027491409,79.4486215538847,81.83543477528468
calib_0094,myeloid,fulcher,per_cell,V0_shipped,False,23.387096774193548,17.696287279367013,43.6570928810734,43.54838709677419,20.054777845404747
calib_0095,lymphoid,fulcher,per_cell,V0_shipped,False,5.41871921182266,5.985123681024044,57.87131189310743,6.403940886699508,7.706279190451479
calib_0096,pbmc_like,scope2,none,V0_shipped,False,51.60550458715596,53.98512616223613,59.55058466887111,80.27522935779817,58.068675354480995
calib_0097,scope2_like,random_0.15,none,V0_shipped,False,44.666666666666664,39.20454545454545,77.5,49.333333333333336,43.977272727272734
calib_0098,random_1,fulcher,per_cell,V0_shipped,False,5.660377358490567,5.660377358490567,,5.660377358490567,7.547169811320755
calib_0099,random_2,pbmc240,per_cell,V0_shipped,False,28.09917355371901,27.94398907103825,85.41666666666667,28.09917355371901,29.17349726775956
calib_0100,random_3,random_0.15,none,V0_shipped,False,48.66666666666667,42.623716153127916,91.36321195144724,49.333333333333336,42.48366013071895
calib_0101,random_5,pbmc240,none,V0_shipped,False,60.40268456375839,75.49287749287748,96.6923076923077,64.42953020134227,79.14245014245014
calib_0102,random_8,fulcher,per_cell,V0_shipped,False,20.0,24.619225136466515,57.62981814705952,58.42105263157895,32.52152398704122
calib_0103,random_1,scope2,none,V0_shipped,False,17.75,17.75,,17.75,15.5
calib_0104,random_2,random_0.35,none,V0_shipped,False,51.566265060240966,59.45193553611921,86.00583090379008,62.16867469879518,59.546080336896665
calib_0105,random_3,scope2,none,V0_shipped,False,74.5,60.31819026384243,91.38888888888889,77.0,64.48253437383872
calib_0106,random_5,fulcher,none,V0_shipped,False,30.481283422459892,35.8296675749506,75.03712546165376,32.0855614973262,38.34156626609456
calib_0107,random_8,scope2,none,V0_shipped,False,42.5531914893617,50.57745373534846,73.87670565302143,73.04964539007092,54.60523151312624
calib_0108,myeloid,pbmc240,none,V0_shipped,False,35.44303797468354,49.059954382535025,61.14369501466276,49.11392405063291,49.21146953405018
calib_0109,lymphoid,random_0.35,none,V0_shipped,False,10.0,12.5,51.66666666666667,20.0,12.5
calib_0110,pbmc_like,pbmc240,per_cell,V0_shipped,False,49.12718204488778,51.50060471312409,57.40012999147862,76.05985037406484,55.280546396291584
calib_0111,scope2_like,random_0.35,none,V0_shipped,False,53.01724137931034,46.48012907608695,77.54330842391303,57.04022988505747,50.23777173913043
calib_0112,random_1,random_0.35,none,V0_shipped,False,0.0,0.0,,0.0,0.0
calib_0113,random_2,random_0.15,none,V0_shipped,False,35.0,35.0,87.5,35.0,42.5
calib_0114,random_3,scope2,per_cell,V0_shipped,False,12.751677852348994,15.925925925925924,79.06052393857271,13.422818791946309,20.37037037037037
calib_0115,random_5,random_0.35,none,V0_shipped,False,52.702702702702695,64.12848158131177,82.46331236897275,53.37837837837838,67.12638514525308
calib_0116,random_8,random_0.35,none,V0_shipped,False,23.170731707317074,49.77384464110128,71.13446411012782,63.41463414634146,52.27384464110128
calib_0117,random_1,scope2,none,V0_shipped,False,0.0,0.0,,0.0,0.0
calib_0118,random_2,random_0.15,none,V0_shipped,False,10.16949152542373,50.0,83.01886792452831,10.16949152542373,50.0
calib_0119,random_3,random_0.25,none,V0_shipped,False,26.431718061674008,28.415137288376723,90.76160667709964,26.431718061674008,34.913453786693225
calib_0120,random_5,random_0.35,none,V0_shipped,False,40.5,38.80787571142901,84.31578291984383,56.00000000000001,47.39258062862124
calib_0121,random_8,random_0.15,none,V0_shipped,False,51.28205128205128,51.28529376426769,72.62292165361973,64.1025641025641,55.46647843325725
calib_0122,myeloid,fulcher,per_cell,V0_shipped,False,23.509933774834437,47.0310633213859,66.91756272401433,44.03973509933775,51.35603345280764
calib_0123,lymphoid,random_0.35,none,V0_shipped,False,65.33333333333333,67.34068627450979,96.078431372549,65.33333333333333,69.42401960784315
calib_0124,pbmc_like,random_0.35,none,V0_shipped,False,48.854961832061065,52.678468323395855,63.297195746471104,73.66412213740458,56.43283138210674
calib_0125,scope2_like,fulcher,none,V0_shipped,False,58.417266187050366,49.637858419127035,89.24848974729855,63.16546762589928,52.333446779545646
calib_0126,random_1,random_0.35,none,V0_shipped,False,40.0,40.0,,40.0,36.0
calib_0127,random_2,random_0.25,none,V0_shipped,False,66.66666666666666,35.714285714285715,80.71428571428572,66.66666666666666,36.07142857142857
calib_0128,random_3,pbmc240,none,V0_shipped,False,46.06741573033708,49.81417816613348,73.13780260707635,57.30337078651685,51.83593563481832
calib_0129,random_5,random_0.15,none,V0_shipped,False,85.1063829787234,70.78488372093024,97.0022903453136,86.70212765957447,70.44397463002115
calib_0130,random_8,random_0.35,none,V0_shipped,False,43.628509719222464,54.658972866582886,80.27867405928495,55.0755939524838,58.014381175798555
calib_0131,random_1,fulcher,none,V0_shipped,False,3.7735849056603774,3.7735849056603774,,3.7735849056603774,3.7735849056603774
calib_0132,random_2,fulcher,none,V0_shipped,False,60.5,57.46993681635981,95.12534818941505,60.75000000000001,68.61879203750254
calib_0133,random_3,fulcher,per_cell,V0_shipped,False,63.5,50.86687147977471,86.97749383233254,63.5,52.07654889912955
calib_0134,random_5,random_0.35,none,V0_shipped,False,28.26086956521739,42.857142857142854,79.66457023060796,28.26086956521739,48.57142857142858
calib_0135,random_8,random_0.25,none,V0_shipped,False,59.199999999999996,46.95075757575757,55.68181818181819,91.2,59.18560606060607
calib_0136,myeloid,random_0.25,none,V0_shipped,False,27.235772357723576,60.387447405329596,67.9379132438389,65.04065040650406,64.28884492085754
calib_0137,lymphoid,random_0.15,none,V0_shipped,False,36.0,37.672111152849084,74.41143666726956,37.0,42.41510960854423
calib_0138,pbmc_like,random_0.25,none,V0_shipped,False,53.125,46.15719812463108,54.57997966618656,77.5,49.265356788345294
calib_0139,scope2_like,random_0.25,none,V0_shipped,False,49.333333333333336,41.590909090909086,80.9090909090909,54.666666666666664,48.75
calib_0140,random_1,random_0.25,none,V0_shipped,False,41.099999999999994,41.099999999999994,,41.099999999999994,36.6
calib_0141,random_2,random_0.25,none,V0_shipped,False,9.700000000000001,31.183857210551253,55.21244669088612,47.8,25.36329173906176
calib_0142,random_3,random_0.25,none,V0_shipped,False,15.053763440860216,18.30065359477124,82.92637809840917,16.129032258064516,35.59625107904797
calib_0143,random_5,random_0.35,none,V0_shipped,False,46.51162790697674,51.46470411047213,88.3464010736738,53.820598006644516,62.29138584624477
calib_0144,random_8,pbmc240,per_cell,V0_shipped,False,38.0,27.372648902821318,61.02338035527691,67.33333333333333,41.61539968652038
calib_0145,random_1,random_0.15,none,V0_shipped,False,1.3333333333333335,1.3333333333333335,,1.3333333333333335,0.6666666666666667
calib_0146,random_2,random_0.35,none,V0_shipped,False,57.49999999999999,47.5206611570248,93.28381629877602,57.49999999999999,47.5206611570248
calib_0147,random_3,pbmc240,none,V0_shipped,False,16.867469879518072,15.0,95.0,16.867469879518072,36.66666666666667
calib_0148,random_5,scope2,per_cell,V0_shipped,False,61.834319526627226,31.46682576229224,90.24845761236449,61.834319526627226,36.81338325277777
calib_0149,random_8,random_0.35,none,V0_shipped,False,43.81443298969072,44.611435376037214,73.15151237381745,69.58762886597938,57.49008211775276
calib_0150,myeloid,random_0.35,none,V0_shipped,False,84.39999999999999,87.80921130457182,98.86215767717428,84.89999999999999,88.30577356583996
calib_0151,lymphoid,random_0.15,none,V0_shipped,False,8.173076923076923,11.455451023796348,59.944659656889876,11.538461538461538,15.163868904876098
calib_0152,pbmc_like,random_0.35,none,V0_shipped,False,61.33200795228628,57.25239822697582,65.2842553369775,79.52286282306163,58.857056866208936
calib_0153,scope2_like,pbmc240,per_cell,V0_shipped,False,54.45402298850575,44.497282608695656,88.48080842391303,58.189655172413794,46.70516304347826
calib_0154,random_1,random_0.15,none,V0_shipped,False,0.0,0.0,,0.0,0.0
calib_0155,random_2,fulcher,per_cell,V0_shipped,False,0.9259259259259258,0.6,81.5945945945946,0.9259259259259258,0.6
calib_0156,random_3,fulcher,none,V0_shipped,False,84.25,66.16718672274227,86.86507936507937,85.0,64.95534301089857
calib_0157,random_5,random_0.25,none,V0_shipped,False,15.730337078651685,25.256410256410255,42.666666666666664,32.58426966292135,25.256410256410255
calib_0158,random_8,scope2,none,V0_shipped,False,56.99999999999999,55.291373688005585,84.18370925425123,60.25,69.80466279639528
calib_0159,random_1,pbmc240,per_cell,V0_shipped,False,38.0,38.0,,38.0,36.0
calib_0160,random_2,scope2,none,V0_shipped,False,5.434782608695652,15.839822024471637,87.09677419354838,5.434782608695652,16.162402669632925
calib_0161,random_3,fulcher,none,V0_shipped,False,5.263157894736842,8.181818181818183,86.15098351940456,5.263157894736842,10.64327485380117
calib_0162,random_5,random_0.15,none,V0_shipped,False,17.391304347826086,29.525195051510845,68.60468123626019,19.565217391304348,32.108065002801844
calib_0163,random_8,pbmc240,per_cell,V0_shipped,False,55.833333333333336,47.34483109483109,69.63980463980464,79.16666666666666,48.96520146520147
calib_0164,myeloid,fulcher,none,V0_shipped,False,4.666666666666667,8.341165413533833,57.28383458646616,11.333333333333332,5.709586466165413
calib_0165,lymphoid,scope2,per_cell,V0_shipped,False,26.904761904761905,39.23868032903631,86.99225800350705,28.333333333333332,42.993283031467655
calib_0166,pbmc_like,random_0.15,none,V0_shipped,False,31.874999999999996,43.90212396501705,61.30953137242445,68.125,49.92064248353556
calib_0167,scope2_like,random_0.35,none,V0_shipped,False,49.333333333333336,39.20454545454546,81.93181818181819,52.666666666666664,40.90909090909091
calib_0168,random_1,random_0.35,none,V0_shipped,False,0.0,0.0,,0.0,1.8867924528301887
calib_0169,random_2,random_0.25,none,V0_shipped,False,28.846153846153843,49.009009009009006,94.27927927927928,28.846153846153843,49.009009009009006
calib_0170,random_3,scope2,per_cell,V0_shipped,False,79.33333333333333,56.805325334806746,88.6178861788618,79.33333333333333,68.89520351514194
calib_0171,random_5,random_0.35,none,V0_shipped,False,43.139534883720934,55.75605805797411,96.43591929525434,43.72093023255814,59.27973825152141
calib_0172,random_8,random_0.35,none,V0_shipped,False,65.89147286821705,65.6614219114219,81.87645687645688,79.84496124031007,73.35997335997335
calib_0173,random_1,fulcher,none,V0_shipped,False,3.3333333333333335,3.3333333333333335,,3.3333333333333335,3.3333333333333335
calib_0174,random_2,scope2,none,V0_shipped,False,49.3,47.69184652278178,96.67266187050359,49.3,59.89775746969992
calib_0175,random_3,fulcher,none,V0_shipped,False,8.88888888888889,35.4931854931855,89.32778932778933,8.88888888888889,35.4931854931855
calib_0176,random_5,random_0.35,none,V0_shipped,False,42.10526315789473,59.26422277486106,81.07619047619048,60.150375939849624,62.60073071136901
calib_0177,random_8,random_0.25,none,V0_shipped,False,52.54237288135594,42.12899370387406,79.73637519109677,58.644067796610166,57.09335860726335
calib_0178,myeloid,pbmc240,per_cell,V0_shipped,False,48.0,63.20754716981132,100.0,48.0,66.0377358490566
calib_0179,lymphoid,scope2,none,V0_shipped,False,15.925925925925927,36.81917211328976,70.37037037037037,16.666666666666664,42.15686274509804
calib_0180,pbmc_like,fulcher,per_cell,V0_shipped,False,47.43589743589743,40.64929406105877,47.33590810061399,75.64102564102564,44.146167557932266
calib_0181,scope2_like,random_0.35,none,V0_shipped,False,55.39568345323741,53.321492384923,83.13941121415809,59.42446043165468,59.745915936356674
calib_0182,random_1,random_0.35,none,V0_shipped,False,18.2,18.2,,18.2,17.7
calib_0183,random_2,fulcher,per_cell,V0_shipped,False,8.695652173913043,33.33333333333333,80.0,8.695652173913043,33.33333333333333
calib_0184,random_3,random_0.25,none,V0_shipped,False,44.303797468354425,38.701857344187125,74.66502597757724,46.20253164556962,44.67722597337036
calib_0185,random_5,fulcher,per_cell,V0_shipped,False,42.384105960264904,39.774961597542244,55.229705778092864,51.65562913907284,47.31803143093465
calib_0186,random_8,random_0.25,none,V0_shipped,False,77.31591448931117,65.85984001799592,69.07378590855271,93.34916864608076,66.44361878962006
calib_0187,random_1,scope2,none,V0_shipped,False,2.0,2.0,,2.0,2.0
calib_0188,random_2,scope2,per_cell,V0_shipped,False,30.0,32.18874612317236,90.40208241027912,30.0,36.74678777137794
calib_0189,random_3,random_0.15,none,V0_shipped,False,11.538461538461538,39.00709219858156,94.17904456041751,12.5,43.262411347517734
calib_0190,random_5,random_0.15,none,V0_shipped,False,49.19941775836973,45.949280034462774,75.72733722519898,50.65502183406113,54.96953825360487
calib_0191,random_8,pbmc240,per_cell,V0_shipped,False,37.220843672456574,34.214309199128934,61.314680522934786,42.92803970223325,47.22923513340971
calib_0192,myeloid,random_0.15,none,V0_shipped,False,79.87012987012987,59.23282657657658,75.78547297297298,85.06493506493507,69.23282657657658
calib_0193,lymphoid,fulcher,per_cell,V0_shipped,False,11.76470588235294,17.083333333333332,72.22222222222221,11.76470588235294,17.083333333333332
calib_0194,pbmc_like,scope2,none,V0_shipped,False,55.986394557823125,59.06465959013036,64.43291687948788,80.20408163265306,61.986984169703994
calib_0195,scope2_like,random_0.15,none,V0_shipped,False,44.666666666666664,41.590909090909086,82.27272727272728,48.0,49.09090909090909
calib_0196,random_1,random_0.25,none,V0_shipped,False,12.5,12.5,,12.5,17.934782608695652
calib_0197,random_2,fulcher,none,V0_shipped,False,14.049586776859504,16.920644048303622,60.3939045428407,14.87603305785124,15.85681426106958
calib_0198,random_3,pbmc240,per_cell,V0_shipped,False,60.0,69.26966292134831,91.54494382022472,67.33333333333333,76.76966292134831
calib_0199,random_5,fulcher,none,V0_shipped,False,43.15789473684211,43.98245614035088,78.56140350877193,51.578947368421055,47.31578947368421
calib_0200,random_8,random_0.35,none,V0_shipped,False,20.394736842105264,36.2324149280671,67.5188790677921,58.55263157894737,43.09673116738334
calib_0201,random_1,random_0.25,none,V0_shipped,False,4.666666666666667,4.666666666666667,,4.666666666666667,5.333333333333334
calib_0202,random_2,pbmc240,none,V0_shipped,False,46.57534246575342,61.65094339622641,100.0,46.57534246575342,63.537735849056595
calib_0203,random_3,pbmc240,none,V0_shipped,False,11.428571428571429,25.13888888888889,63.738738738738746,40.0,25.13888888888889
calib_0204,random_5,random_0.35,none,V0_shipped,False,41.66666666666667,45.864801014745524,88.37547169811319,41.66666666666667,54.93968606310449
calib_0205,random_8,random_0.15,none,V0_shipped,False,70.70063694267516,68.43523550724638,82.16711956521738,78.343949044586,72.9302536231884
calib_0206,myeloid,fulcher,per_cell,V0_shipped,False,28.846153846153843,47.481884057971016,53.32930756843801,71.7948717948718,53.025362318840585
calib_0207,lymphoid,random_0.25,none,V0_shipped,False,22.309417040358746,26.052959325200263,91.79144612075065,22.309417040358746,24.985139686942738
calib_0208,pbmc_like,fulcher,per_cell,V0_shipped,False,35.81780538302277,42.24152192187709,48.32474518157093,66.87370600414079,42.97993246420919
calib_0209,scope2_like,pbmc240,per_cell,V0_shipped,False,52.666666666666664,44.65909090909091,87.72727272727272,57.333333333333336,51.02272727272727
calib_0210,random_1,random_0.25,none,V0_shipped,False,1.7429193899782136,1.7429193899782136,,1.7429193899782136,1.5250544662309369
calib_0211,random_2,pbmc240,none,V0_shipped,False,76.66666666666667,70.4647676161919,99.13793103448276,77.33333333333333,69.05922038980509
calib_0212,random_3,scope2,none,V0_shipped,False,52.0,50.28678170187604,76.74837391818524,62.0,52.52109874751384
calib_0213,random_5,random_0.15,none,V0_shipped,False,36.58536585365854,34.333333333333336,65.33333333333333,41.46341463414634,48.66666666666667
calib_0214,random_8,scope2,none,V0_shipped,False,51.724137931034484,58.12877992105933,80.64576967150497,67.67241379310344,65.46306022408965
calib_0215,random_1,random_0.25,none,V0_shipped,False,0.0,0.0,,0.0,0.0
calib_0216,random_2,random_0.25,none,V0_shipped,False,4.3478260869565215,16.666666666666664,90.0,4.3478260869565215,16.666666666666664
calib_0217,random_3,pbmc240,none,V0_shipped,False,68.27794561933534,80.97826086956522,99.81884057971014,68.58006042296071,82.78985507246377
calib_0218,random_5,random_0.15,none,V0_shipped,False,32.25,49.39429617886464,75.78776757874085,41.25,54.32812408763387
calib_0219,random_8,random_0.15,none,V0_shipped,False,33.80281690140845,53.37578532479847,72.8461356092935,38.732394366197184,61.46137091038406
calib_0220,myeloid,random_0.35,none,V0_shipped,False,26.72413793103448,41.52253668763103,58.437015768845136,43.96551724137931,43.658280922431864
calib_0221,lymphoid,random_0.35,none,V0_shipped,False,41.333333333333336,42.77389277389277,95.41569541569541,41.333333333333336,40.897990897990894
calib_0222,pbmc_like,random_0.25,none,V0_shipped,False,41.17647058823529,45.469184599619375,58.53059581320451,76.47058823529412,48.82886839408578
calib_0223,scope2_like,pbmc240,per_cell,V0_shipped,False,50.43103448275862,41.58882472826087,89.18563179347827,53.59195402298851,45.21908967391305
calib_0224,random_1,fulcher,per_cell,V0_shipped,False,0.6451612903225806,0.6451612903225806,,0.6451612903225806,1.2903225806451613
calib_0225,random_2,fulcher,per_cell,V0_shipped,False,0.9708737864077669,0.6756756756756757,37.20876048462255,0.9708737864077669,1.3513513513513513
calib_0226,random_3,pbmc240,none,V0_shipped,False,26.111111111111114,31.339991017410373,71.08861060473964,37.22222222222222,31.022297957781824
calib_0227,random_5,fulcher,per_cell,V0_shipped,False,70.79731027857828,67.09834950345113,79.01295085153579,78.09798270893373,66.67265552596264
calib_0228,random_8,fulcher,none,V0_shipped,False,62.35059760956175,58.173730646556734,84.68480977991848,65.73705179282868,63.28482597504337
calib_0229,random_1,pbmc240,none,V0_shipped,False,2.3965141612200433,2.3965141612200433,,2.3965141612200433,2.3965141612200433
calib_0230,random_2,fulcher,none,V0_shipped,False,6.451612903225806,35.81267217630854,83.05785123966942,12.903225806451612,36.63911845730027
calib_0231,random_3,pbmc240,none,V0_shipped,False,39.0,70.39497969730527,93.7984496124031,45.25,69.52288667404946
calib_0232,random_5,random_0.35,none,V0_shipped,False,44.07894736842105,62.68452380952381,78.79166666666666,55.26315789473685,62.39880952380952
calib_0233,random_8,random_0.25,none,V0_shipped,False,44.76744186046512,47.56620324395895,73.509289142668,52.90697674418605,61.223104932141666
calib_0234,myeloid,random_0.25,none,V0_shipped,False,56.96969696969697,67.83954114697733,79.89087494081946,70.3030303030303,71.15512678220782
calib_0235,lymphoid,scope2,per_cell,V0_shipped,False,12.195121951219512,22.727272727272727,53.333333333333336,24.390243902439025,22.727272727272727
calib_0236,pbmc_like,scope2,per_cell,V0_shipped,False,50.0,56.367845117845114,59.20972545972547,79.33333333333333,60.11784511784513
calib_0237,scope2_like,scope2,none,V0_shipped,False,53.5,44.23694005904248,84.40508278783211,56.99999999999999,48.6907970735464
calib_0238,random_1,random_0.35,none,V0_shipped,False,34.599999999999994,34.599999999999994,,34.599999999999994,31.1
calib_0239,random_2,fulcher,none,V0_shipped,False,25.179856115107913,22.58933569695839,77.19607202836349,36.930455635491604,20.28596753125583
calib_0000,random_1,fulcher,per_cell,V0r_v3_recipe_seed0,True,14.000000000000002,14.000000000000002,,14.000000000000002,12.666666666666668
calib_0001,random_2,random_0.35,none,V0r_v3_recipe_seed0,True,6.329113924050633,50.0,89.1891891891892,6.329113924050633,50.0
calib_0002,random_3,random_0.25,none,V0r_v3_recipe_seed0,True,81.33333333333333,58.533502760015296,99.68847352024922,81.33333333333333,61.01888287697437
calib_0003,random_5,scope2,per_cell,V0r_v3_recipe_seed0,True,28.666666666666668,36.296068796068795,78.78787878787878,28.666666666666668,37.377149877149876
calib_0004,random_8,random_0.15,none,V0r_v3_recipe_seed0,True,55.96590909090909,59.481974393531004,79.500237380544,74.14772727272727,70.34265753900189
calib_0005,random_1,fulcher,per_cell,V0r_v3_recipe_seed0,True,13.25,13.25,,13.25,14.249999999999998
calib_0006,random_2,fulcher,per_cell,V0r_v3_recipe_seed0,True,9.278350515463918,37.98913043478261,97.28260869565217,10.824742268041238,50.97826086956522
calib_0007,random_3,pbmc240,none,V0r_v3_recipe_seed0,True,86.2135922330097,71.51960743497726,99.79600163198694,86.2135922330097,71.6922427885883
calib_0008,random_5,random_0.35,none,V0r_v3_recipe_seed0,True,47.019867549668874,48.81072631072631,84.60678210678212,53.64238410596026,56.34319384319384
calib_0009,random_8,fulcher,none,V0r_v3_recipe_seed0,True,79.73856209150327,74.41361003861005,88.79605051480051,88.23529411764706,79.81539575289575
calib_0010,myeloid,random_0.25,none,V0r_v3_recipe_seed0,True,69.86607142857143,76.71570428616046,80.85967948936661,91.07142857142857,80.17286630255343
calib_0011,lymphoid,fulcher,none,V0r_v3_recipe_seed0,True,54.54545454545454,63.007566204287514,97.64186633039091,54.54545454545454,64.6469104665826
calib_0012,pbmc_like,pbmc240,none,V0r_v3_recipe_seed0,True,44.558521560574945,52.94849958209329,61.40743425326478,81.93018480492813,60.08249394894333
calib_0013,scope2_like,random_0.35,none,V0r_v3_recipe_seed0,True,74.66666666666667,71.5909090909091,91.36363636363636,79.33333333333333,80.3409090909091
calib_0014,random_1,random_0.35,none,V0r_v3_recipe_seed0,True,21.73913043478261,21.73913043478261,,21.73913043478261,29.347826086956523
calib_0015,random_2,random_0.15,none,V0r_v3_recipe_seed0,True,3.7037037037037033,2.941176470588235,93.33333333333333,3.7037037037037033,1.9607843137254901
calib_0016,random_3,random_0.15,none,V0r_v3_recipe_seed0,True,51.43678160919541,63.36648861054829,94.89470129551175,52.87356321839081,67.33898201019217
calib_0017,random_5,scope2,per_cell,V0r_v3_recipe_seed0,True,51.78571428571429,38.35646900269541,64.72343088178667,62.5,45.01386214863303
calib_0018,random_8,random_0.35,none,V0r_v3_recipe_seed0,True,56.72082717872969,50.651809131685496,67.15785343767429,74.88921713441654,54.59479185622011
calib_0019,random_1,random_0.35,none,V0r_v3_recipe_seed0,True,0.0,0.0,,0.0,0.0
calib_0020,random_2,random_0.35,none,V0r_v3_recipe_seed0,True,0.0,0.0,60.897435897435905,0.0,0.0
calib_0021,random_3,fulcher,per_cell,V0r_v3_recipe_seed0,True,46.563904945407835,53.60335873359578,80.8655506388417,60.62941554271034,62.648151528044025
calib_0022,random_5,random_0.15,none,V0r_v3_recipe_seed0,True,13.138686131386862,27.564102564102566,71.30219780219781,29.927007299270077,31.653846153846153
calib_0023,random_8,random_0.35,none,V0r_v3_recipe_seed0,True,27.11864406779661,27.649151840799778,73.05695043749915,39.40677966101695,40.68959379352359
calib_0024,myeloid,random_0.15,none,V0r_v3_recipe_seed0,True,10.9375,9.842767295597483,71.98970840480273,12.5,11.100628930817608
calib_0025,lymphoid,scope2,none,V0r_v3_recipe_seed0,True,44.717444717444714,46.365755456664544,65.73426573426573,63.882063882063875,47.806738715829624
calib_0026,pbmc_like,random_0.15,none,V0r_v3_recipe_seed0,True,25.0,36.36845431015787,53.28748118016513,65.06024096385542,44.37766491529932
calib_0027,scope2_like,scope2,none,V0r_v3_recipe_seed0,True,46.75,35.42228212039532,87.40533949428828,49.5,37.68771659607239
calib_0028,random_1,pbmc240,per_cell,V0r_v3_recipe_seed0,True,3.278688524590164,3.278688524590164,,3.278688524590164,4.098360655737705
calib_0029,random_2,pbmc240,none,V0r_v3_recipe_seed0,True,13.157894736842104,18.04757998359311,100.0,13.157894736842104,9.064807219031994
calib_0030,random_3,random_0.15,none,V0r_v3_recipe_seed0,True,28.499999999999996,28.18553085451252,92.08765473402477,28.499999999999996,41.89037966797799
calib_0031,random_5,pbmc240,per_cell,V0r_v3_recipe_seed0,True,55.08474576271186,52.24040400212442,75.22413454727666,60.84745762711864,53.67834685261376
calib_0032,random_8,pbmc240,none,V0r_v3_recipe_seed0,True,44.936708860759495,41.60018552875696,71.26211090496804,65.82278481012658,61.817666460523604
calib_0033,random_1,random_0.35,none,V0r_v3_recipe_seed0,True,0.0,0.0,,0.0,0.0
calib_0034,random_2,random_0.15,none,V0r_v3_recipe_seed0,True,0.0,0.0,79.44444444444444,0.0,0.0
calib_0035,random_3,fulcher,per_cell,V0r_v3_recipe_seed0,True,46.9,32.50073356807512,94.99462050078247,46.9,28.53702073552426
calib_0036,random_5,random_0.35,none,V0r_v3_recipe_seed0,True,77.3076923076923,53.12297136283332,82.10238711532931,83.07692307692308,61.8571017708205
calib_0037,random_8,scope2,per_cell,V0r_v3_recipe_seed0,True,42.42121060530265,37.92542166255943,72.88405153768551,51.1255627813907,46.209764375385575
calib_0038,myeloid,random_0.35,none,V0r_v3_recipe_seed0,True,53.591160220994475,46.63320368092843,74.54746644535768,57.4585635359116,54.271696780020854
calib_0039,lymphoid,random_0.25,none,V0r_v3_recipe_seed0,True,25.0,16.19047619047619,83.33333333333334,25.0,17.14285714285714
calib_0040,pbmc_like,random_0.35,none,V0r_v3_recipe_seed0,True,50.4,43.68578896356674,55.54864388197722,69.6,52.45916551472107
calib_0041,scope2_like,scope2,per_cell,V0r_v3_recipe_seed0,True,48.5,35.1046078808882,90.18097805159799,51.0,35.78487998973174
calib_0042,random_1,fulcher,per_cell,V0r_v3_recipe_seed0,True,0.0,0.0,,0.0,0.0
calib_0043,random_2,pbmc240,per_cell,V0r_v3_recipe_seed0,True,7.954545454545454,11.666666666666666,99.13793103448276,7.954545454545454,8.333333333333332
calib_0044,random_3,pbmc240,none,V0r_v3_recipe_seed0,True,80.2,41.1336566773667,70.33748057202214,82.05,31.041183407921146
calib_0045,random_5,scope2,none,V0r_v3_recipe_seed0,True,12.23021582733813,24.919540229885058,93.5690512952479,12.23021582733813,37.81609195402299
calib_0046,random_8,random_0.35,none,V0r_v3_recipe_seed0,True,39.37007874015748,37.693740879716486,60.258606569582184,59.055118110236215,47.610187915065964
calib_0047,random_1,random_0.15,none,V0r_v3_recipe_seed0,True,36.0,36.0,,36.0,40.0
calib_0048,random_2,scope2,per_cell,V0r_v3_recipe_seed0,True,24.710982658959537,12.463556851311953,85.27696793002916,24.710982658959537,14.139941690962099
calib_0049,random_3,fulcher,none,V0r_v3_recipe_seed0,True,28.947368421052634,35.17574389790721,74.56743798207212,51.973684210526315,34.27731100053475
calib_0050,random_5,random_0.25,none,V0r_v3_recipe_seed0,True,18.461538461538463,47.5,73.87179487179488,32.30769230769231,47.5
calib_0051,random_8,random_0.15,none,V0r_v3_recipe_seed0,True,29.133858267716533,34.375,58.68055555555556,66.14173228346458,39.93055555555556
calib_0052,myeloid,scope2,none,V0r_v3_recipe_seed0,True,34.66666666666667,39.01916783543712,76.06856786660433,46.0,44.986130590618664
calib_0053,lymphoid,random_0.35,none,V0r_v3_recipe_seed0,True,34.90725126475548,61.41455538996523,78.88470503855119,51.433389544688026,59.44688665684883
calib_0054,pbmc_like,scope2,none,V0r_v3_recipe_seed0,True,65.67164179104478,44.409185037993154,55.129418375132964,80.59701492537313,55.55973480108922
calib_0055,scope2_like,random_0.35,none,V0r_v3_recipe_seed0,True,56.00000000000001,46.23925041714799,88.67282762161469,60.75000000000001,56.16737260942113
calib_0056,random_1,random_0.35,none,V0r_v3_recipe_seed0,True,8.25635103926097,8.25635103926097,,8.25635103926097,9.295612009237875
calib_0057,random_2,pbmc240,per_cell,V0r_v3_recipe_seed0,True,6.666666666666667,7.139023081052066,98.55072463768116,6.666666666666667,19.1358024691358
calib_0058,random_3,random_0.15,none,V0r_v3_recipe_seed0,True,6.493506493506493,15.220125786163521,89.55974842767297,6.493506493506493,26.640185369083085
calib_0059,random_5,random_0.35,none,V0r_v3_recipe_seed0,True,5.116279069767442,22.406015037593985,46.44084618874773,39.06976744186046,31.4779945553539
calib_0060,random_8,scope2,per_cell,V0r_v3_recipe_seed0,True,53.896103896103895,38.22120708748615,53.09855196483103,83.76623376623377,44.35757072384979
calib_0061,random_1,pbmc240,none,V0r_v3_recipe_seed0,True,0.0,0.0,,0.0,0.0
calib_0062,random_2,scope2,per_cell,V0r_v3_recipe_seed0,True,68.8,69.51367360016627,96.63009404388715,68.8,72.79828192382965
calib_0063,random_3,fulcher,none,V0r_v3_recipe_seed0,True,39.361702127659576,21.99623352165725,79.90583804143127,44.680851063829785,27.60828625235405
calib_0064,random_5,random_0.25,none,V0r_v3_recipe_seed0,True,18.0327868852459,36.0,75.0,18.0327868852459,40.0
calib_0065,random_8,random_0.35,none,V0r_v3_recipe_seed0,True,63.13497822931785,68.12550593983097,78.75050593983097,79.39042089985486,67.93517874127114
calib_0066,myeloid,random_0.25,none,V0r_v3_recipe_seed0,True,12.646675358539767,38.05555555555556,59.15053763440859,45.371577574967404,39.72222222222222
calib_0067,lymphoid,fulcher,none,V0r_v3_recipe_seed0,True,35.333333333333336,33.495670995671,97.61904761904762,35.333333333333336,48.917748917748916
calib_0068,pbmc_like,random_0.35,none,V0r_v3_recipe_seed0,True,33.5,43.734759981075086,58.372288472918086,55.25,54.98017533856599
calib_0069,scope2_like,random_0.15,none,V0r_v3_recipe_seed0,True,53.304597701149426,40.40845788043478,85.5681046195652,58.189655172413794,44.170346467391305
calib_0070,random_1,random_0.25,none,V0r_v3_recipe_seed0,True,57.99999999999999,57.99999999999999,,57.99999999999999,56.75
calib_0071,random_2,scope2,none,V0r_v3_recipe_seed0,True,2.34375,1.2295081967213115,75.0,2.34375,1.639344262295082
calib_0072,random_3,pbmc240,none,V0r_v3_recipe_seed0,True,57.615894039735096,60.88144603934077,91.2307283359915,57.615894039735096,60.29665071770335
calib_0073,random_5,pbmc240,none,V0r_v3_recipe_seed0,True,85.23489932885906,73.34652014652015,93.48571428571428,87.24832214765101,67.39780219780219
calib_0074,random_8,random_0.35,none,V0r_v3_recipe_seed0,True,14.285714285714285,32.291666666666664,67.10526315789474,24.489795918367346,42.08333333333333
calib_0075,random_1,random_0.25,none,V0r_v3_recipe_seed0,True,12.0,12.0,,12.0,22.0
calib_0076,random_2,random_0.25,none,V0r_v3_recipe_seed0,True,29.523809523809526,54.52380952380953,94.35374149659864,31.11111111111111,63.36734693877551
calib_0077,random_3,pbmc240,per_cell,V0r_v3_recipe_seed0,True,16.3265306122449,17.067395264116573,84.44444444444444,22.448979591836736,29.25318761384335
calib_0078,random_5,random_0.15,none,V0r_v3_recipe_seed0,True,49.333333333333336,51.43010752688172,86.03225806451613,52.0,56.36559139784946
calib_0079,random_8,pbmc240,none,V0r_v3_recipe_seed0,True,35.0,37.242063492063494,63.19444444444444,51.66666666666667,48.05555555555555
calib_0080,myeloid,random_0.35,none,V0r_v3_recipe_seed0,True,65.1685393258427,70.75471698113208,100.0,65.1685393258427,73.58490566037736
calib_0081,lymphoid,random_0.35,none,V0r_v3_recipe_seed0,True,35.87786259541985,34.29038281979458,89.6732026143791,35.87786259541985,38.23529411764706
calib_0082,pbmc_like,random_0.25,none,V0r_v3_recipe_seed0,True,12.82051282051282,31.253713606654788,36.96687413513679,73.07692307692307,30.964442154592636
calib_0083,scope2_like,scope2,per_cell,V0r_v3_recipe_seed0,True,46.40804597701149,34.328294836956516,87.72927989130434,49.42528735632184,38.370414402173914
calib_0084,random_1,random_0.35,none,V0r_v3_recipe_seed0,True,13.043478260869565,13.043478260869565,,13.043478260869565,21.195652173913043
calib_0085,random_2,pbmc240,none,V0r_v3_recipe_seed0,True,39.0,59.217927780802036,99.55089820359282,39.0,59.16349119941934
calib_0086,random_3,random_0.15,none,V0r_v3_recipe_seed0,True,26.47814910025707,39.492753623188406,89.40750213128729,27.506426735218508,43.65942028985507
calib_0087,random_5,random_0.25,none,V0r_v3_recipe_seed0,True,74.33155080213903,63.54723707664884,82.55742777385396,84.22459893048129,63.74331550802139
calib_0088,random_8,fulcher,per_cell,V0r_v3_recipe_seed0,True,15.64245810055866,30.41316526610644,58.35252282731275,31.28491620111732,37.563184364654944
calib_0089,random_1,fulcher,none,V0r_v3_recipe_seed0,True,8.60058309037901,8.60058309037901,,8.60058309037901,9.329446064139942
calib_0090,random_2,pbmc240,none,V0r_v3_recipe_seed0,True,29.5,45.149313962873286,92.74414850686037,29.5,47.83696529459242
calib_0091,random_3,random_0.15,none,V0r_v3_recipe_seed0,True,39.705882352941174,57.94215267899479,96.04077761972499,39.705882352941174,70.48364153627311
calib_0092,random_5,fulcher,per_cell,V0r_v3_recipe_seed0,True,58.21917808219178,59.160608884746814,76.59770114942528,65.06849315068493,62.87915501708605
calib_0093,random_8,pbmc240,none,V0r_v3_recipe_seed0,True,79.9498746867168,72.06789193137546,94.73537559150617,83.45864661654136,84.88020242258226
calib_0094,myeloid,fulcher,per_cell,V0r_v3_recipe_seed0,True,38.70967741935484,26.658551430310407,47.49442077500506,58.87096774193549,29.686548995739496
calib_0095,lymphoid,fulcher,per_cell,V0r_v3_recipe_seed0,True,5.41871921182266,4.7742605085625325,65.48876328326251,5.41871921182266,5.682407887908666
calib_0096,pbmc_like,scope2,none,V0r_v3_recipe_seed0,True,41.284403669724774,47.8459434789358,62.780456869331545,63.30275229357798,55.14606861793562
calib_0097,scope2_like,random_0.15,none,V0r_v3_recipe_seed0,True,41.333333333333336,31.36363636363636,82.04545454545455,45.33333333333333,39.090909090909086
calib_0098,random_1,fulcher,per_cell,V0r_v3_recipe_seed0,True,0.0,0.0,,0.0,1.8867924528301887
calib_0099,random_2,pbmc240,per_cell,V0r_v3_recipe_seed0,True,29.75206611570248,29.528688524590162,89.58333333333333,29.75206611570248,30.348360655737704
calib_0100,random_3,random_0.15,none,V0r_v3_recipe_seed0,True,36.0,28.384687208216626,96.07843137254902,36.0,32.07282913165266
calib_0101,random_5,pbmc240,none,V0r_v3_recipe_seed0,True,66.44295302013423,81.42450142450143,98.46153846153847,69.12751677852349,90.37037037037038
calib_0102,random_8,fulcher,per_cell,V0r_v3_recipe_seed0,True,50.526315789473685,34.500399414192515,59.755269194924374,64.73684210526316,54.74176762969867
calib_0103,random_1,scope2,none,V0r_v3_recipe_seed0,True,11.5,11.5,,11.5,13.0
calib_0104,random_2,random_0.35,none,V0r_v3_recipe_seed0,True,79.87951807228916,79.59791059280855,95.6268221574344,79.87951807228916,79.79936022027859
calib_0105,random_3,scope2,none,V0r_v3_recipe_seed0,True,90.5,67.25984764028242,98.56558900037162,90.75,77.96404682274249
calib_0106,random_5,fulcher,none,V0r_v3_recipe_seed0,True,41.711229946524064,43.214848639376946,80.70705353724222,43.85026737967914,44.39853661551775
calib_0107,random_8,scope2,none,V0r_v3_recipe_seed0,True,39.71631205673759,42.199532923217134,59.08692185007974,86.52482269503547,46.31208703577124
calib_0108,myeloid,pbmc240,none,V0r_v3_recipe_seed0,True,27.088607594936708,42.57575757575758,69.38905180840665,36.20253164556962,44.77272727272727
calib_0109,lymphoid,random_0.35,none,V0r_v3_recipe_seed0,True,0.0,0.0,67.5,0.0,0.0
calib_0110,pbmc_like,pbmc240,per_cell,V0r_v3_recipe_seed0,True,42.8927680798005,49.26093819477349,56.099109350997836,72.56857855361596,52.206948083279855
calib_0111,scope2_like,random_0.35,none,V0r_v3_recipe_seed0,True,47.270114942528735,42.39979619565217,87.16457201086956,51.14942528735632,52.91694972826087
calib_0112,random_1,random_0.35,none,V0r_v3_recipe_seed0,True,0.0,0.0,,0.0,0.0
calib_0113,random_2,random_0.15,none,V0r_v3_recipe_seed0,True,30.0,30.000000000000004,97.5,30.0,37.5
calib_0114,random_3,scope2,per_cell,V0r_v3_recipe_seed0,True,2.684563758389262,5.925925925925926,86.45889792231256,2.684563758389262,24.444444444444443
calib_0115,random_5,random_0.35,none,V0r_v3_recipe_seed0,True,55.4054054054054,58.911350703803535,74.88769092542678,60.13513513513513,62.663971248876905
calib_0116,random_8,random_0.35,none,V0r_v3_recipe_seed0,True,20.121951219512198,54.861111111111114,62.15277777777778,84.7560975609756,59.58333333333332
calib_0117,random_1,scope2,none,V0r_v3_recipe_seed0,True,0.0,0.0,,0.0,0.0
calib_0118,random_2,random_0.15,none,V0r_v3_recipe_seed0,True,6.779661016949152,33.33333333333333,85.84905660377358,6.779661016949152,33.33333333333333
calib_0119,random_3,random_0.25,none,V0r_v3_recipe_seed0,True,15.418502202643172,17.641200739792286,88.56546687532604,15.418502202643172,29.089012187603736
calib_0120,random_5,random_0.35,none,V0r_v3_recipe_seed0,True,36.25,32.63395375070502,83.08762021959991,44.75,51.19238065938573
calib_0121,random_8,random_0.15,none,V0r_v3_recipe_seed0,True,41.02564102564102,35.26743161520285,61.60505950455487,64.74358974358975,41.26336657455244
calib_0122,myeloid,fulcher,per_cell,V0r_v3_recipe_seed0,True,19.867549668874172,45.483870967741936,68.29151732377538,46.026490066225165,48.8410991636798
calib_0123,lymphoid,random_0.35,none,V0r_v3_recipe_seed0,True,77.33333333333333,79.47303921568627,96.56862745098039,77.33333333333333,80.453431372549
calib_0124,pbmc_like,random_0.35,none,V0r_v3_recipe_seed0,True,52.29007633587786,46.07520304984074,59.951579426217116,79.77099236641222,51.41463927695812
calib_0125,scope2_like,fulcher,none,V0r_v3_recipe_seed0,True,55.827338129496404,44.74655407130095,89.49842593380414,59.42446043165468,46.94227005870842
calib_0126,random_1,random_0.35,none,V0r_v3_recipe_seed0,True,54.0,54.0,,54.0,47.333333333333336
calib_0127,random_2,random_0.25,none,V0r_v3_recipe_seed0,True,40.666666666666664,21.785714285714285,72.14285714285714,40.666666666666664,24.642857142857146
calib_0128,random_3,pbmc240,none,V0r_v3_recipe_seed0,True,47.565543071161045,51.923474828502755,75.06087953015327,58.052434456928836,60.30575052921422
calib_0129,random_5,random_0.15,none,V0r_v3_recipe_seed0,True,88.29787234042553,69.04774489076814,99.46441155743481,88.82978723404256,75.71441155743481
calib_0130,random_8,random_0.35,none,V0r_v3_recipe_seed0,True,40.38876889848812,54.256231478098485,84.14925211226836,48.59611231101512,60.980595865001575
calib_0131,random_1,fulcher,none,V0r_v3_recipe_seed0,True,20.754716981132077,20.754716981132077,,20.754716981132077,22.641509433962266
calib_0132,random_2,fulcher,none,V0r_v3_recipe_seed0,True,62.5,59.664379373598756,93.45403899721448,62.5,61.02316733473741
calib_0133,random_3,fulcher,per_cell,V0r_v3_recipe_seed0,True,68.75,48.60354699064377,75.16962249220315,68.75,55.09705348415026
calib_0134,random_5,random_0.35,none,V0r_v3_recipe_seed0,True,21.73913043478261,19.922132374962565,88.30188679245282,21.73913043478261,51.611260856543886
calib_0135,random_8,random_0.25,none,V0r_v3_recipe_seed0,True,63.2,53.390151515151516,56.666666666666664,95.19999999999999,57.70833333333334
calib_0136,myeloid,random_0.25,none,V0r_v3_recipe_seed0,True,20.73170731707317,50.96653142322848,78.37858144660389,45.52845528455284,53.802260735991446
calib_0137,lymphoid,random_0.15,none,V0r_v3_recipe_seed0,True,82.25,64.87697733628282,73.75354193042745,83.75,67.72408651817226
calib_0138,pbmc_like,random_0.25,none,V0r_v3_recipe_seed0,True,62.5,45.343796774831254,53.19590829073587,84.375,45.155151232737445
calib_0139,scope2_like,random_0.25,none,V0r_v3_recipe_seed0,True,34.66666666666667,23.636363636363637,82.1590909090909,38.0,27.954545454545453
calib_0140,random_1,random_0.25,none,V0r_v3_recipe_seed0,True,79.3,79.3,,79.3,77.7
calib_0141,random_2,random_0.25,none,V0r_v3_recipe_seed0,True,5.2,36.36076449218133,51.95071868583162,58.099999999999994,34.59169167588059
calib_0142,random_3,random_0.25,none,V0r_v3_recipe_seed0,True,40.86021505376344,55.55555555555555,99.37106918238993,40.86021505376344,61.740041928721176
calib_0143,random_5,random_0.35,none,V0r_v3_recipe_seed0,True,42.524916943521596,46.03591091365386,85.37223046313956,53.820598006644516,57.54037278175209
calib_0144,random_8,pbmc240,per_cell,V0r_v3_recipe_seed0,True,36.0,19.780564263322884,62.72368077324975,66.0,30.417646290491117
calib_0145,random_1,random_0.15,none,V0r_v3_recipe_seed0,True,0.0,0.0,,0.0,0.0
calib_0146,random_2,random_0.35,none,V0r_v3_recipe_seed0,True,57.25,47.31404958677686,98.34710743801654,57.25,47.31404958677686
calib_0147,random_3,pbmc240,none,V0r_v3_recipe_seed0,True,10.843373493975903,9.166666666666668,95.83333333333334,10.843373493975903,40.833333333333336
calib_0148,random_5,scope2,per_cell,V0r_v3_recipe_seed0,True,59.171597633136095,28.237488050195907,95.02215135157549,59.171597633136095,36.511389904794726
calib_0149,random_8,random_0.35,none,V0r_v3_recipe_seed0,True,39.175257731958766,31.93971810422282,62.355509420749435,69.58762886597938,49.8878973759315
calib_0150,myeloid,random_0.35,none,V0r_v3_recipe_seed0,True,91.35,93.28941680605935,99.04910786838087,91.95,93.09843132095622
calib_0151,lymphoid,random_0.15,none,V0r_v3_recipe_seed0,True,5.288461538461538,6.32724589559122,65.57215765848859,5.769230769230769,4.138227879235074
calib_0152,pbmc_like,random_0.35,none,V0r_v3_recipe_seed0,True,42.74353876739563,46.12807869358517,61.73661737835706,56.461232604373755,57.310729868257624
calib_0153,scope2_like,pbmc240,per_cell,V0r_v3_recipe_seed0,True,44.9712643678161,34.5703125,86.76545516304348,48.41954022988506,37.72078804347826
calib_0154,random_1,random_0.15,none,V0r_v3_recipe_seed0,True,0.0,0.0,,0.0,0.0
calib_0155,random_2,fulcher,per_cell,V0r_v3_recipe_seed0,True,4.320987654320987,5.654054054054054,85.2,4.320987654320987,5.254054054054054
calib_0156,random_3,fulcher,none,V0r_v3_recipe_seed0,True,87.75,66.94749694749694,96.12637362637363,88.75,66.94749694749694
calib_0157,random_5,random_0.25,none,V0r_v3_recipe_seed0,True,23.595505617977526,28.46153846153846,48.71794871794872,51.68539325842697,34.87179487179487
calib_0158,random_8,scope2,none,V0r_v3_recipe_seed0,True,53.75,48.115842553136915,81.91549030933054,58.5,63.21948994429678
calib_0159,random_1,pbmc240,per_cell,V0r_v3_recipe_seed0,True,28.666666666666668,28.666666666666668,,28.666666666666668,27.333333333333332
calib_0160,random_2,scope2,none,V0r_v3_recipe_seed0,True,10.326086956521738,32.758620689655174,100.0,10.326086956521738,36.206896551724135
calib_0161,random_3,fulcher,none,V0r_v3_recipe_seed0,True,7.368421052631578,23.333333333333332,92.47740563530037,7.368421052631578,19.431153641679956
calib_0162,random_5,random_0.15,none,V0r_v3_recipe_seed0,True,21.195652173913043,26.315789473684216,55.90909090909091,21.195652173913043,27.719298245614034
calib_0163,random_8,pbmc240,per_cell,V0r_v3_recipe_seed0,True,60.0,44.99135124135124,62.61039886039885,85.83333333333333,52.18864468864469
calib_0164,myeloid,fulcher,none,V0r_v3_recipe_seed0,True,2.666666666666667,5.263157894736842,71.52255639097744,4.0,7.894736842105263
calib_0165,lymphoid,scope2,per_cell,V0r_v3_recipe_seed0,True,26.666666666666668,40.76835652293704,76.13730821586762,26.904761904761905,42.21667550043079
calib_0166,pbmc_like,random_0.15,none,V0r_v3_recipe_seed0,True,33.125,49.81243250111175,63.09494314211296,70.0,58.965069987082565
calib_0167,scope2_like,random_0.35,none,V0r_v3_recipe_seed0,True,46.0,31.363636363636367,85.11363636363636,50.0,36.70454545454545
calib_0168,random_1,random_0.35,none,V0r_v3_recipe_seed0,True,0.0,0.0,,0.0,0.0
calib_0169,random_2,random_0.25,none,V0r_v3_recipe_seed0,True,28.846153846153843,50.0,99.32432432432432,29.807692307692307,50.0
calib_0170,random_3,scope2,per_cell,V0r_v3_recipe_seed0,True,73.33333333333333,39.513773778514484,81.11268976767438,73.33333333333333,68.37556239640067
calib_0171,random_5,random_0.35,none,V0r_v3_recipe_seed0,True,40.69767441860465,59.56147657447393,97.30548451264565,40.81395348837209,68.71826788844943
calib_0172,random_8,random_0.35,none,V0r_v3_recipe_seed0,True,73.64341085271317,64.60414585414586,76.32575757575756,88.37209302325581,72.6377788877789
calib_0173,random_1,fulcher,none,V0r_v3_recipe_seed0,True,1.3333333333333335,1.3333333333333335,,1.3333333333333335,1.3333333333333335
calib_0174,random_2,scope2,none,V0r_v3_recipe_seed0,True,33.2,30.944973750729147,98.83093525179856,33.2,54.7183874522004
calib_0175,random_3,fulcher,none,V0r_v3_recipe_seed0,True,15.555555555555555,38.28828828828829,99.09909909909909,15.555555555555555,42.96604296604296
calib_0176,random_5,random_0.35,none,V0r_v3_recipe_seed0,True,55.639097744360896,72.34285714285714,82.03809523809524,77.94486215538848,74.75238095238096
calib_0177,random_8,random_0.25,none,V0r_v3_recipe_seed0,True,43.050847457627114,35.26619715831929,70.2427256463064,52.54237288135594,49.362887905285405
calib_0178,myeloid,pbmc240,per_cell,V0r_v3_recipe_seed0,True,64.0,74.52830188679245,99.05660377358491,64.0,78.30188679245282
calib_0179,lymphoid,scope2,none,V0r_v3_recipe_seed0,True,5.37037037037037,15.359477124183005,79.520697167756,5.37037037037037,34.49527959331881
calib_0180,pbmc_like,fulcher,per_cell,V0r_v3_recipe_seed0,True,44.230769230769226,45.28251704722293,53.96641484876778,77.56410256410257,49.97198879551821
calib_0181,scope2_like,random_0.35,none,V0r_v3_recipe_seed0,True,53.38129496402878,48.47379392495533,87.99880881477068,56.69064748201439,52.07181145239513
calib_0182,random_1,random_0.35,none,V0r_v3_recipe_seed0,True,8.799999999999999,8.799999999999999,,8.799999999999999,10.8
calib_0183,random_2,fulcher,per_cell,V0r_v3_recipe_seed0,True,4.3478260869565215,16.666666666666664,85.0,4.3478260869565215,16.666666666666664
calib_0184,random_3,random_0.25,none,V0r_v3_recipe_seed0,True,52.53164556962025,48.744241812330415,90.18215855787636,54.43037974683544,63.80545213605099
calib_0185,random_5,fulcher,per_cell,V0r_v3_recipe_seed0,True,49.668874172185426,38.60764504312891,62.71599905470874,58.94039735099338,47.60994919059435
calib_0186,random_8,random_0.25,none,V0r_v3_recipe_seed0,True,78.02850356294537,72.96171104636389,73.41364333636709,98.45605700712589,78.70226232224256
calib_0187,random_1,scope2,none,V0r_v3_recipe_seed0,True,0.0,0.0,,0.0,0.0
calib_0188,random_2,scope2,per_cell,V0r_v3_recipe_seed0,True,24.814814814814813,27.459016393442624,97.1311475409836,24.814814814814813,29.846034559149317
calib_0189,random_3,random_0.15,none,V0r_v3_recipe_seed0,True,21.153846153846153,45.45697845577412,100.0,21.153846153846153,57.0319818011508
calib_0190,random_5,random_0.15,none,V0r_v3_recipe_seed0,True,43.37700145560407,46.839323505225295,78.49708255151837,43.66812227074236,53.83870273118963
calib_0191,random_8,pbmc240,per_cell,V0r_v3_recipe_seed0,True,36.22828784119106,38.09717338322651,59.77886661093492,39.70223325062035,44.008770009244394
calib_0192,myeloid,random_0.15,none,V0r_v3_recipe_seed0,True,86.36363636363636,60.837556306306304,63.336148648648646,95.45454545454545,58.599380630630634
calib_0193,lymphoid,fulcher,per_cell,V0r_v3_recipe_seed0,True,21.568627450980394,21.944444444444443,67.77777777777777,21.568627450980394,17.77777777777778
calib_0194,pbmc_like,scope2,none,V0r_v3_recipe_seed0,True,45.85034013605443,53.12328824396132,65.89896311562725,64.5578231292517,58.14271210287518
calib_0195,scope2_like,random_0.15,none,V0r_v3_recipe_seed0,True,63.33333333333333,62.27272727272728,87.5,69.33333333333334,65.68181818181819
calib_0196,random_1,random_0.25,none,V0r_v3_recipe_seed0,True,19.565217391304348,19.565217391304348,,19.565217391304348,27.717391304347828
calib_0197,random_2,fulcher,none,V0r_v3_recipe_seed0,True,24.793388429752067,23.76365727429557,72.541690626797,24.793388429752067,30.621046578493388
calib_0198,random_3,pbmc240,per_cell,V0r_v3_recipe_seed0,True,47.333333333333336,53.89513108614232,95.88014981273409,52.666666666666664,65.10299625468164
calib_0199,random_5,fulcher,none,V0r_v3_recipe_seed0,True,53.68421052631579,53.649122807017534,81.98245614035088,55.78947368421052,60.982456140350884
calib_0200,random_8,random_0.35,none,V0r_v3_recipe_seed0,True,43.42105263157895,30.19808090460264,63.40579710144927,59.210526315789465,31.640388596910334
calib_0201,random_1,random_0.25,none,V0r_v3_recipe_seed0,True,0.0,0.0,,0.0,0.0
calib_0202,random_2,pbmc240,none,V0r_v3_recipe_seed0,True,64.38356164383562,75.47169811320755,99.05660377358491,65.75342465753424,78.30188679245282
calib_0203,random_3,pbmc240,none,V0r_v3_recipe_seed0,True,28.57142857142857,23.31081081081081,74.26801801801801,60.952380952380956,26.433933933933933
calib_0204,random_5,random_0.35,none,V0r_v3_recipe_seed0,True,46.15384615384615,39.219327731092434,82.43018867924528,46.794871794871796,53.54626605359125
calib_0205,random_8,random_0.15,none,V0r_v3_recipe_seed0,True,73.88535031847134,60.8016304347826,78.77038043478261,84.71337579617835,69.01268115942028
calib_0206,myeloid,fulcher,per_cell,V0r_v3_recipe_seed0,True,24.358974358974358,49.351851851851855,53.72987117552335,78.84615384615384,49.351851851851855
calib_0207,lymphoid,random_0.25,none,V0r_v3_recipe_seed0,True,61.32286995515695,71.11792012227916,93.80466472303208,61.32286995515695,73.71776727334485
calib_0208,pbmc_like,fulcher,per_cell,V0r_v3_recipe_seed0,True,34.57556935817806,44.808618136032116,50.315973032954155,68.73706004140787,48.78908471361301
calib_0209,scope2_like,pbmc240,per_cell,V0r_v3_recipe_seed0,True,48.66666666666667,37.15909090909091,85.9090909090909,54.0,40.45454545454545
calib_0210,random_1,random_0.25,none,V0r_v3_recipe_seed0,True,0.0,0.0,,0.0,0.0
calib_0211,random_2,pbmc240,none,V0r_v3_recipe_seed0,True,70.0,61.206896551724135,99.13793103448276,70.66666666666667,54.62893553223388
calib_0212,random_3,scope2,none,V0r_v3_recipe_seed0,True,31.333333333333336,30.058592700102132,74.30817610062893,38.666666666666664,34.485298070203726
calib_0213,random_5,random_0.15,none,V0r_v3_recipe_seed0,True,31.70731707317073,26.666666666666668,68.33333333333333,39.02439024390244,35.333333333333336
calib_0214,random_8,scope2,none,V0r_v3_recipe_seed0,True,43.96551724137931,47.92327158135981,72.83414502164503,63.793103448275865,54.76962375859434
calib_0215,random_1,random_0.25,none,V0r_v3_recipe_seed0,True,0.0,0.0,,0.0,0.0
calib_0216,random_2,random_0.25,none,V0r_v3_recipe_seed0,True,0.0,0.0,90.0,0.0,0.0
calib_0217,random_3,pbmc240,none,V0r_v3_recipe_seed0,True,71.29909365558912,82.78985507246377,99.81884057971014,71.29909365558912,83.51449275362319
calib_0218,random_5,random_0.15,none,V0r_v3_recipe_seed0,True,27.500000000000004,51.55998551892467,69.73962530217565,44.0,54.54352132455126
calib_0219,random_8,random_0.15,none,V0r_v3_recipe_seed0,True,30.985915492957744,42.849839971550495,61.57450213371266,41.54929577464789,46.1310899715505
calib_0220,myeloid,random_0.35,none,V0r_v3_recipe_seed0,True,27.586206896551722,39.098532494758906,63.75387384923891,43.96551724137931,46.069182389937104
calib_0221,lymphoid,random_0.35,none,V0r_v3_recipe_seed0,True,40.0,44.65256965256965,95.20757020757021,40.0,45.743145743145746
calib_0222,pbmc_like,random_0.25,none,V0r_v3_recipe_seed0,True,30.718954248366014,30.841384863123995,49.1881374127751,56.209150326797385,42.63687600644122
calib_0223,scope2_like,pbmc240,per_cell,V0r_v3_recipe_seed0,True,45.689655172413794,35.23267663043478,88.45957880434783,48.706896551724135,35.776154891304344
calib_0224,random_1,fulcher,per_cell,V0r_v3_recipe_seed0,True,0.0,0.0,,0.0,0.0
calib_0225,random_2,fulcher,per_cell,V0r_v3_recipe_seed0,True,0.9708737864077669,0.6756756756756757,25.955265610438026,2.912621359223301,1.3513513513513513
calib_0226,random_3,pbmc240,none,V0r_v3_recipe_seed0,True,47.77777777777778,52.26612242741275,86.07170220073445,58.333333333333336,54.11349766188476
calib_0227,random_5,fulcher,per_cell,V0r_v3_recipe_seed0,True,77.23342939481267,72.2505337689028,81.42044062253994,85.6868395773295,73.93894248692547
calib_0228,random_8,fulcher,none,V0r_v3_recipe_seed0,True,66.73306772908366,61.559556226675795,83.5433836996337,69.52191235059762,66.24054992940862
calib_0229,random_1,pbmc240,none,V0r_v3_recipe_seed0,True,0.4357298474945534,0.4357298474945534,,0.4357298474945534,0.4357298474945534
calib_0230,random_2,fulcher,none,V0r_v3_recipe_seed0,True,8.064516129032258,4.132231404958678,89.25619834710744,8.870967741935484,5.785123966942149
calib_0231,random_3,pbmc240,none,V0r_v3_recipe_seed0,True,44.5,75.5075673680325,97.38372093023257,49.75,74.92617201919528
calib_0232,random_5,random_0.35,none,V0r_v3_recipe_seed0,True,61.18421052631579,68.46428571428571,78.85714285714286,76.97368421052632,69.08928571428572
calib_0233,random_8,random_0.25,none,V0r_v3_recipe_seed0,True,38.372093023255815,32.9559748427673,76.63108242303873,47.674418604651166,51.73980056272758
calib_0234,myeloid,random_0.25,none,V0r_v3_recipe_seed0,True,41.21212121212121,62.75187631458442,77.71830832874119,62.121212121212125,68.17491055004929
calib_0235,lymphoid,scope2,per_cell,V0r_v3_recipe_seed0,True,4.878048780487805,9.090909090909092,55.45454545454545,21.951219512195124,12.424242424242424
calib_0236,pbmc_like,scope2,per_cell,V0r_v3_recipe_seed0,True,31.333333333333336,43.72183372183372,57.76029526029526,57.99999999999999,46.098484848484844
calib_0237,scope2_like,scope2,none,V0r_v3_recipe_seed0,True,47.25,33.95263765883712,86.2918752406623,50.74999999999999,36.00949813887819
calib_0238,random_1,random_0.35,none,V0r_v3_recipe_seed0,True,63.7,63.7,,63.7,60.6
calib_0239,random_2,fulcher,none,V0r_v3_recipe_seed0,True,51.798561151079134,46.3519313304721,97.25345213659264,52.038369304556355,46.56652360515021
calib_0000,random_1,fulcher,per_cell,V0r_v3_recipe_seed0,False,12.666666666666668,12.666666666666668,,12.666666666666668,14.000000000000002
calib_0001,random_2,random_0.35,none,V0r_v3_recipe_seed0,False,6.329113924050633,50.0,80.4054054054054,7.59493670886076,50.67567567567568
calib_0002,random_3,random_0.25,none,V0r_v3_recipe_seed0,False,80.66666666666666,57.14461387112642,99.68847352024922,80.66666666666666,59.26449691206209
calib_0003,random_5,scope2,per_cell,V0r_v3_recipe_seed0,False,28.666666666666668,36.296068796068795,79.84848484848486,28.666666666666668,37.10687960687961
calib_0004,random_8,random_0.15,none,V0r_v3_recipe_seed0,False,53.40909090909091,60.524559952626,84.5422001347709,67.61363636363636,73.04961253369272
calib_0005,random_1,fulcher,per_cell,V0r_v3_recipe_seed0,False,11.5,11.5,,11.5,13.0
calib_0006,random_2,fulcher,per_cell,V0r_v3_recipe_seed0,False,11.855670103092782,25.16304347826087,97.55434782608697,12.886597938144329,41.79347826086956
calib_0007,random_3,pbmc240,none,V0r_v3_recipe_seed0,False,85.43689320388349,75.2842793584182,98.95253082873296,85.43689320388349,74.5906849071738
calib_0008,random_5,random_0.35,none,V0r_v3_recipe_seed0,False,60.9271523178808,62.04425204425205,88.94179894179895,63.576158940397356,65.60846560846561
calib_0009,random_8,fulcher,none,V0r_v3_recipe_seed0,False,69.93464052287581,66.18444337194337,86.303490990991,83.00653594771242,73.46122908622908
calib_0010,myeloid,random_0.25,none,V0r_v3_recipe_seed0,False,64.73214285714286,72.19815651270154,80.36386827884321,83.48214285714286,75.92108751053102
calib_0011,lymphoid,fulcher,none,V0r_v3_recipe_seed0,False,40.64171122994652,46.96090794451451,97.23203026481715,40.64171122994652,47.471626733921816
calib_0012,pbmc_like,pbmc240,none,V0r_v3_recipe_seed0,False,44.558521560574945,54.45553653196018,64.82114377924566,78.02874743326488,61.506249719570526
calib_0013,scope2_like,random_0.35,none,V0r_v3_recipe_seed0,False,62.0,57.38636363636363,90.90909090909092,64.66666666666666,64.77272727272727
calib_0014,random_1,random_0.35,none,V0r_v3_recipe_seed0,False,19.021739130434785,19.021739130434785,,19.021739130434785,27.173913043478258
calib_0015,random_2,random_0.15,none,V0r_v3_recipe_seed0,False,11.11111111111111,9.509803921568627,85.19607843137256,11.11111111111111,17.84313725490196
calib_0016,random_3,random_0.15,none,V0r_v3_recipe_seed0,False,41.66666666666667,54.52380221444506,90.98360655737704,42.241379310344826,58.13711344426026
calib_0017,random_5,scope2,per_cell,V0r_v3_recipe_seed0,False,49.107142857142854,41.21929149018098,72.52916827108203,58.92857142857143,43.54447439353099
calib_0018,random_8,random_0.35,none,V0r_v3_recipe_seed0,False,57.31166912850812,56.9337084612903,72.57013497816077,71.49187592319055,60.15568850241904
calib_0019,random_1,random_0.35,none,V0r_v3_recipe_seed0,False,0.0,0.0,,0.0,1.5151515151515151
calib_0020,random_2,random_0.35,none,V0r_v3_recipe_seed0,False,0.0,0.0,64.35897435897435,1.7857142857142856,5.0
calib_0021,random_3,fulcher,per_cell,V0r_v3_recipe_seed0,False,42.51766217084136,47.99580796342098,84.16404103938558,52.215799614643544,55.72600060093169
calib_0022,random_5,random_0.15,none,V0r_v3_recipe_seed0,False,21.897810218978105,34.67399267399267,70.99084249084248,39.416058394160586,35.6025641025641
calib_0023,random_8,random_0.35,none,V0r_v3_recipe_seed0,False,35.59322033898305,34.956252985370206,78.95574848130686,42.3728813559322,54.37105982052341
calib_0024,myeloid,random_0.15,none,V0r_v3_recipe_seed0,False,8.59375,10.031446540880502,62.76157804459691,15.625,11.289308176100628
calib_0025,lymphoid,scope2,none,V0r_v3_recipe_seed0,False,39.55773955773956,40.79254079254079,64.1025641025641,57.98525798525799,42.27590591226954
calib_0026,pbmc_like,random_0.15,none,V0r_v3_recipe_seed0,False,26.506024096385545,37.701321166954735,57.81680742517765,64.1566265060241,45.91832359753507
calib_0027,scope2_like,scope2,none,V0r_v3_recipe_seed0,False,41.0,33.0188679245283,85.1944551405468,44.75,37.94442305223976
calib_0028,random_1,pbmc240,per_cell,V0r_v3_recipe_seed0,False,5.737704918032787,5.737704918032787,,5.737704918032787,5.737704918032787
calib_0029,random_2,pbmc240,none,V0r_v3_recipe_seed0,False,15.789473684210526,21.164889253486464,97.82608695652173,15.789473684210526,21.821164889253485
calib_0030,random_3,random_0.15,none,V0r_v3_recipe_seed0,False,23.0,22.89640559445938,88.12869410059106,23.0,34.575627876928046
calib_0031,random_5,pbmc240,per_cell,V0r_v3_recipe_seed0,False,51.52542372881356,52.990880138200744,74.46669052152805,57.11864406779661,56.506052324347756
calib_0032,random_8,pbmc240,none,V0r_v3_recipe_seed0,False,52.53164556962025,49.582302618016904,86.45150484436199,62.65822784810127,65.5674087816945
calib_0033,random_1,random_0.35,none,V0r_v3_recipe_seed0,False,0.0,0.0,,0.0,0.0
calib_0034,random_2,random_0.15,none,V0r_v3_recipe_seed0,False,0.0,0.0,91.94444444444444,0.0,0.0
calib_0035,random_3,fulcher,per_cell,V0r_v3_recipe_seed0,False,42.1,29.954029733959313,93.94072769953051,42.1,29.153217918622847
calib_0036,random_5,random_0.35,none,V0r_v3_recipe_seed0,False,68.46153846153847,50.241176712272484,84.04083980442911,74.23076923076923,55.113603681334475
calib_0037,random_8,scope2,per_cell,V0r_v3_recipe_seed0,False,43.32166083041521,41.68798915556131,73.4321321581115,50.97548774387194,49.604765326396596
calib_0038,myeloid,random_0.35,none,V0r_v3_recipe_seed0,False,54.69613259668509,51.5406638603087,80.58213596504386,59.11602209944752,56.69176390597034
calib_0039,lymphoid,random_0.25,none,V0r_v3_recipe_seed0,False,11.76470588235294,7.619047619047619,92.22222222222221,11.76470588235294,11.428571428571429
calib_0040,pbmc_like,random_0.35,none,V0r_v3_recipe_seed0,False,50.0,50.80028441139552,67.87974176863067,67.60000000000001,54.99284999284999
calib_0041,scope2_like,scope2,per_cell,V0r_v3_recipe_seed0,False,39.75,31.565267616480554,85.53459119496856,43.0,35.28430240020537
calib_0042,random_1,fulcher,per_cell,V0r_v3_recipe_seed0,False,0.0,0.0,,0.0,1.3513513513513513
calib_0043,random_2,pbmc240,per_cell,V0r_v3_recipe_seed0,False,3.4090909090909087,5.0,99.13793103448276,3.4090909090909087,9.25287356321839
calib_0044,random_3,pbmc240,none,V0r_v3_recipe_seed0,False,77.25,44.303443535852914,68.99607144809704,79.7,39.607066707279934
calib_0045,random_5,scope2,none,V0r_v3_recipe_seed0,False,20.14388489208633,36.097492831409454,92.20444575153788,20.863309352517987,48.510256598779506
calib_0046,random_8,random_0.35,none,V0r_v3_recipe_seed0,False,41.732283464566926,41.88747059173888,65.35168929986003,56.69291338582677,53.47175690163495
calib_0047,random_1,random_0.15,none,V0r_v3_recipe_seed0,False,24.666666666666668,24.666666666666668,,24.666666666666668,32.666666666666664
calib_0048,random_2,scope2,per_cell,V0r_v3_recipe_seed0,False,21.820809248554912,11.005830903790088,83.52769679300292,21.820809248554912,12.026239067055394
calib_0049,random_3,fulcher,none,V0r_v3_recipe_seed0,False,29.166666666666668,31.09031006698027,76.5895351261205,48.90350877192983,28.503321822515886
calib_0050,random_5,random_0.25,none,V0r_v3_recipe_seed0,False,24.615384615384617,51.32692307692308,86.55128205128206,29.230769230769234,61.602564102564095
calib_0051,random_8,random_0.15,none,V0r_v3_recipe_seed0,False,33.07086614173229,38.35164835164836,71.89178876678876,55.90551181102362,52.63583638583638
calib_0052,myeloid,scope2,none,V0r_v3_recipe_seed0,False,36.0,41.06903537478572,76.70219728845254,43.333333333333336,43.55212716222534
calib_0053,lymphoid,random_0.35,none,V0r_v3_recipe_seed0,False,30.522765598650924,52.16335681972504,81.32407105294872,46.20573355817875,53.12949555698611
calib_0054,pbmc_like,scope2,none,V0r_v3_recipe_seed0,False,62.43781094527363,44.12201414161311,61.38639518336356,76.61691542288557,54.60988495810084
calib_0055,scope2_like,random_0.35,none,V0r_v3_recipe_seed0,False,54.0,47.291746887434215,88.88140161725067,57.99999999999999,52.634450006417666
calib_0056,random_1,random_0.35,none,V0r_v3_recipe_seed0,False,6.928406466512701,6.928406466512701,,6.928406466512701,7.274826789838337
calib_0057,random_2,pbmc240,per_cell,V0r_v3_recipe_seed0,False,15.333333333333332,16.129898013955984,100.0,15.333333333333332,25.95276435856146
calib_0058,random_3,random_0.15,none,V0r_v3_recipe_seed0,False,9.090909090909092,17.603442568685868,86.41509433962264,9.090909090909092,27.487586891757697
calib_0059,random_5,random_0.35,none,V0r_v3_recipe_seed0,False,12.093023255813954,27.93703007518797,53.04446460980037,45.58139534883721,35.206888449572205
calib_0060,random_8,scope2,per_cell,V0r_v3_recipe_seed0,False,58.44155844155844,53.13466894862243,80.26246686130408,72.07792207792207,63.17674250813785
calib_0061,random_1,pbmc240,none,V0r_v3_recipe_seed0,False,0.0,0.0,,0.0,0.0
calib_0062,random_2,scope2,per_cell,V0r_v3_recipe_seed0,False,58.099999999999994,59.694054278737084,97.11893174457472,58.099999999999994,63.59090043125097
calib_0063,random_3,fulcher,none,V0r_v3_recipe_seed0,False,14.893617021276595,9.001883239171375,68.62523540489642,24.46808510638298,9.566854990583805
calib_0064,random_5,random_0.25,none,V0r_v3_recipe_seed0,False,19.672131147540984,37.666666666666664,80.0,22.950819672131146,55.00000000000001
calib_0065,random_8,random_0.35,none,V0r_v3_recipe_seed0,False,64.15094339622641,71.37909290615119,81.39685122195273,81.27721335268505,72.13616594425399
calib_0066,myeloid,random_0.25,none,V0r_v3_recipe_seed0,False,15.123859191655804,39.749103942652326,63.59856630824373,43.9374185136897,41.55555555555555
calib_0067,lymphoid,fulcher,none,V0r_v3_recipe_seed0,False,33.33333333333333,32.03463203463203,94.64285714285714,34.0,47.8896103896104
calib_0068,pbmc_like,random_0.35,none,V0r_v3_recipe_seed0,False,37.75,52.763953083993485,65.44036830803944,63.5,60.01101931716627
calib_0069,scope2_like,random_0.15,none,V0r_v3_recipe_seed0,False,44.827586206896555,38.65064538043478,81.13960597826086,53.735632183908045,42.94327445652174
calib_0070,random_1,random_0.25,none,V0r_v3_recipe_seed0,False,43.5,43.5,,43.5,44.75
calib_0071,random_2,scope2,none,V0r_v3_recipe_seed0,False,4.6875,10.382513661202184,78.27868852459017,5.46875,10.792349726775956
calib_0072,random_3,pbmc240,none,V0r_v3_recipe_seed0,False,53.64238410596026,56.44497607655502,93.05794790005316,53.64238410596026,56.69962785752259
calib_0073,random_5,pbmc240,none,V0r_v3_recipe_seed0,False,87.91946308724832,77.92747252747253,99.4,88.59060402684564,74.65054945054945
calib_0074,random_8,random_0.35,none,V0r_v3_recipe_seed0,False,15.306122448979592,34.583333333333336,71.09649122807018,32.6530612244898,47.291666666666664
calib_0075,random_1,random_0.25,none,V0r_v3_recipe_seed0,False,18.0,18.0,,18.0,20.666666666666668
calib_0076,random_2,random_0.25,none,V0r_v3_recipe_seed0,False,29.417989417989414,54.45578231292517,91.70068027210885,32.06349206349206,60.98639455782313
calib_0077,random_3,pbmc240,per_cell,V0r_v3_recipe_seed0,False,16.3265306122449,17.067395264116573,86.12021857923496,19.727891156462583,21.4936247723133
calib_0078,random_5,random_0.15,none,V0r_v3_recipe_seed0,False,53.333333333333336,63.0752688172043,80.36559139784947,54.666666666666664,67.07526881720429
calib_0079,random_8,pbmc240,none,V0r_v3_recipe_seed0,False,53.333333333333336,66.04166666666667,88.81944444444446,58.333333333333336,73.05555555555556
calib_0080,myeloid,random_0.35,none,V0r_v3_recipe_seed0,False,59.55056179775281,65.5922431865828,100.0,59.55056179775281,69.36582809224319
calib_0081,lymphoid,random_0.35,none,V0r_v3_recipe_seed0,False,30.53435114503817,36.20448179271708,95.3968253968254,30.53435114503817,33.87021475256769
calib_0082,pbmc_like,random_0.25,none,V0r_v3_recipe_seed0,False,19.230769230769234,42.17649427635748,51.6774645023619,67.3076923076923,45.5691071354546
calib_0083,scope2_like,scope2,per_cell,V0r_v3_recipe_seed0,False,39.94252873563218,31.500509510869566,85.15625,43.53448275862069,35.61905570652174
calib_0084,random_1,random_0.35,none,V0r_v3_recipe_seed0,False,16.304347826086957,16.304347826086957,,16.304347826086957,19.021739130434785
calib_0085,random_2,pbmc240,none,V0r_v3_recipe_seed0,False,36.0,50.12701868989294,99.55089820359282,36.0,50.072582108510254
calib_0086,random_3,random_0.15,none,V0r_v3_recipe_seed0,False,28.53470437017995,41.06990622335891,85.46462063086103,30.59125964010283,43.17988064791134
calib_0087,random_5,random_0.25,none,V0r_v3_recipe_seed0,False,61.49732620320856,61.30124777183601,76.21968856153096,79.41176470588235,61.0072982880974
calib_0088,random_8,fulcher,per_cell,V0r_v3_recipe_seed0,False,18.994413407821227,34.06812725090036,56.575311942959,35.754189944134076,45.351322347120664
calib_0089,random_1,fulcher,none,V0r_v3_recipe_seed0,False,9.037900874635568,9.037900874635568,,9.037900874635568,9.037900874635568
calib_0090,random_2,pbmc240,none,V0r_v3_recipe_seed0,False,23.25,35.39144471347861,87.15092816787732,23.25,37.29620661824052
calib_0091,random_3,random_0.15,none,V0r_v3_recipe_seed0,False,35.294117647058826,47.13331752805437,95.59032716927453,35.294117647058826,57.08471629524262
calib_0092,random_5,fulcher,per_cell,V0r_v3_recipe_seed0,False,46.57534246575342,52.244796520658596,77.39049394221809,50.0,53.77322149735942
calib_0093,random_8,pbmc240,none,V0r_v3_recipe_seed0,False,80.20050125313283,73.2245131729668,93.48595108146351,81.95488721804512,82.52802624486219
calib_0094,myeloid,fulcher,per_cell,V0r_v3_recipe_seed0,False,33.064516129032256,23.633843825566288,50.52570830111913,57.25806451612904,25.986165715319704
calib_0095,lymphoid,fulcher,per_cell,V0r_v3_recipe_seed0,False,12.31527093596059,11.290480932411395,66.89130749846889,13.793103448275861,14.732791951266263
calib_0096,pbmc_like,scope2,none,V0r_v3_recipe_seed0,False,40.596330275229356,47.97158454127763,60.84801253599208,62.38532110091744,55.30685249035634
calib_0097,scope2_like,random_0.15,none,V0r_v3_recipe_seed0,False,40.666666666666664,35.68181818181818,79.77272727272727,43.333333333333336,44.31818181818182
calib_0098,random_1,fulcher,per_cell,V0r_v3_recipe_seed0,False,3.7735849056603774,3.7735849056603774,,3.7735849056603774,7.547169811320755
calib_0099,random_2,pbmc240,per_cell,V0r_v3_recipe_seed0,False,27.685950413223143,27.547814207650273,90.0,27.685950413223143,30.39617486338798
calib_0100,random_3,random_0.15,none,V0r_v3_recipe_seed0,False,29.333333333333332,38.00186741363212,92.15686274509804,30.0,31.372549019607842
calib_0101,random_5,pbmc240,none,V0r_v3_recipe_seed0,False,60.40268456375839,76.7037037037037,95.38461538461537,68.45637583892618,80.73789173789173
calib_0102,random_8,fulcher,per_cell,V0r_v3_recipe_seed0,False,38.421052631578945,30.428870989215817,71.25391306425789,55.26315789473685,43.66590112279767
calib_0103,random_1,scope2,none,V0r_v3_recipe_seed0,False,10.25,10.25,,10.25,12.25
calib_0104,random_2,random_0.35,none,V0r_v3_recipe_seed0,False,60.24096385542169,64.69974894719792,93.87755102040816,60.96385542168675,67.20319080012958
calib_0105,random_3,scope2,none,V0r_v3_recipe_seed0,False,85.75,61.63368636194723,98.17911557041992,87.0,66.84596804162021
calib_0106,random_5,fulcher,none,V0r_v3_recipe_seed0,False,35.56149732620321,39.8733252978536,80.60126593145462,37.4331550802139,42.60963793982662
calib_0107,random_8,scope2,none,V0r_v3_recipe_seed0,False,41.843971631205676,42.75423407002354,64.88266119845068,79.43262411347519,55.62773727247412
calib_0108,myeloid,pbmc240,none,V0r_v3_recipe_seed0,False,27.59493670886076,43.1158357771261,67.7199413489736,38.9873417721519,45.9188660801564
calib_0109,lymphoid,random_0.35,none,V0r_v3_recipe_seed0,False,6.0,7.5,72.5,14.000000000000002,10.0
calib_0110,pbmc_like,pbmc240,per_cell,V0r_v3_recipe_seed0,False,44.63840399002494,51.22323000414091,59.3283455278731,73.31670822942642,54.68512748193367
calib_0111,scope2_like,random_0.35,none,V0r_v3_recipe_seed0,False,41.95402298850575,38.6124320652174,85.0373641304348,45.83333333333333,44.79449728260869
calib_0112,random_1,random_0.35,none,V0r_v3_recipe_seed0,False,0.0,0.0,,0.0,0.0
calib_0113,random_2,random_0.15,none,V0r_v3_recipe_seed0,False,17.5,17.5,100.0,17.5,20.0
calib_0114,random_3,scope2,per_cell,V0r_v3_recipe_seed0,False,9.395973154362416,18.51851851851852,83.20686540198736,10.738255033557047,23.703703703703702
calib_0115,random_5,random_0.35,none,V0r_v3_recipe_seed0,False,58.108108108108105,64.31117100928422,85.32494758909854,59.45945945945946,66.93171608265948
calib_0116,random_8,random_0.35,none,V0r_v3_recipe_seed0,False,23.170731707317074,56.345255653883974,73.35914454277285,75.0,63.4285889872173
calib_0117,random_1,scope2,none,V0r_v3_recipe_seed0,False,1.8867924528301887,1.8867924528301887,,1.8867924528301887,1.8867924528301887
calib_0118,random_2,random_0.15,none,V0r_v3_recipe_seed0,False,10.16949152542373,42.61006289308176,88.67924528301887,10.16949152542373,42.61006289308176
calib_0119,random_3,random_0.25,none,V0r_v3_recipe_seed0,False,18.94273127753304,21.12770901503296,85.00782472613459,18.94273127753304,30.287855076587473
calib_0120,random_5,random_0.35,none,V0r_v3_recipe_seed0,False,31.5,29.100138440239963,84.01326535844304,40.0,46.86491455526989
calib_0121,random_8,random_0.15,none,V0r_v3_recipe_seed0,False,42.94871794871795,45.07669510192639,66.96771689202303,69.23076923076923,53.87467767724286
calib_0122,myeloid,fulcher,per_cell,V0r_v3_recipe_seed0,False,23.841059602649008,49.27120669056153,70.58542413381123,47.019867549668874,53.16606929510155
calib_0123,lymphoid,random_0.35,none,V0r_v3_recipe_seed0,False,60.0,63.41911764705882,94.11764705882352,60.0,66.36029411764706
calib_0124,pbmc_like,random_0.35,none,V0r_v3_recipe_seed0,False,47.70992366412214,45.4574139356748,66.7875432368186,68.70229007633588,55.195602952849335
calib_0125,scope2_like,fulcher,none,V0r_v3_recipe_seed0,False,44.89208633093525,36.962371309452905,87.50904024504382,48.63309352517985,41.125670041691485
calib_0126,random_1,random_0.35,none,V0r_v3_recipe_seed0,False,46.0,46.0,,46.0,40.666666666666664
calib_0127,random_2,random_0.25,none,V0r_v3_recipe_seed0,False,39.33333333333333,21.071428571428573,54.285714285714285,39.33333333333333,22.142857142857142
calib_0128,random_3,pbmc240,none,V0r_v3_recipe_seed0,False,39.325842696629216,47.08693437743718,75.97049133361983,47.940074906367045,51.321841824635115
calib_0129,random_5,random_0.15,none,V0r_v3_recipe_seed0,False,84.04255319148936,64.76744186046511,96.02272727272727,88.29787234042553,68.78259337561663
calib_0130,random_8,random_0.35,none,V0r_v3_recipe_seed0,False,40.60475161987041,53.50437241674286,81.9066228055964,49.24406047516199,59.41448352379632
calib_0131,random_1,fulcher,none,V0r_v3_recipe_seed0,False,16.9811320754717,16.9811320754717,,16.9811320754717,16.9811320754717
calib_0132,random_2,fulcher,none,V0r_v3_recipe_seed0,False,47.0,47.788572593246826,94.56824512534818,48.0,57.30008832121748
calib_0133,random_3,fulcher,per_cell,V0r_v3_recipe_seed0,False,68.25,49.276381324768415,89.34566866824932,68.25,52.00819252432155
calib_0134,random_5,random_0.35,none,V0r_v3_recipe_seed0,False,35.869565217391305,42.34501347708894,85.68134171907757,35.869565217391305,50.61994609164421
calib_0135,random_8,random_0.25,none,V0r_v3_recipe_seed0,False,60.8,50.17045454545455,61.66666666666667,88.0,59.01515151515152
calib_0136,myeloid,random_0.25,none,V0r_v3_recipe_seed0,False,22.35772357723577,47.552260735991446,63.629324450677885,45.9349593495935,53.92247712549255
calib_0137,lymphoid,random_0.15,none,V0r_v3_recipe_seed0,False,65.0,53.730562859700136,80.74621691686261,65.5,56.80073829829663
calib_0138,pbmc_like,random_0.25,none,V0r_v3_recipe_seed0,False,51.24999999999999,40.142979186082634,54.804795391002294,76.25,45.77725295828745
calib_0139,scope2_like,random_0.25,none,V0r_v3_recipe_seed0,False,31.333333333333336,24.545454545454547,81.36363636363637,34.66666666666667,30.113636363636363
calib_0140,random_1,random_0.25,none,V0r_v3_recipe_seed0,False,62.5,62.5,,62.5,60.0
calib_0141,random_2,random_0.25,none,V0r_v3_recipe_seed0,False,8.0,34.05465171378929,54.26078028747433,43.9,30.25983256989417
calib_0142,random_3,random_0.25,none,V0r_v3_recipe_seed0,False,37.634408602150536,51.91145640646195,95.24602293747688,37.634408602150536,59.076334936490326
calib_0143,random_5,random_0.35,none,V0r_v3_recipe_seed0,False,41.52823920265781,47.0134850636418,82.3232794141885,55.14950166112956,54.56029306813005
calib_0144,random_8,pbmc240,per_cell,V0r_v3_recipe_seed0,False,40.0,27.671434169278996,69.3883881922675,62.66666666666667,43.74183646812957
calib_0145,random_1,random_0.15,none,V0r_v3_recipe_seed0,False,0.0,0.0,,0.0,0.0
calib_0146,random_2,random_0.35,none,V0r_v3_recipe_seed0,False,55.50000000000001,45.97761272099592,97.82404017156607,55.50000000000001,46.390835861491794
calib_0147,random_3,pbmc240,none,V0r_v3_recipe_seed0,False,10.843373493975903,9.166666666666668,96.66666666666667,10.843373493975903,35.0
calib_0148,random_5,scope2,per_cell,V0r_v3_recipe_seed0,False,60.650887573964496,31.70941657710963,91.18189199407473,60.650887573964496,39.14978064416036
calib_0149,random_8,random_0.35,none,V0r_v3_recipe_seed0,False,46.90721649484536,41.80210232677977,72.38421016991701,74.22680412371135,64.79848366233286
calib_0150,myeloid,random_0.35,none,V0r_v3_recipe_seed0,False,85.0,88.40422368131571,98.934516577319,85.55,88.10268219904722
calib_0151,lymphoid,random_0.15,none,V0r_v3_recipe_seed0,False,11.538461538461538,14.00541105577077,71.19166205497142,13.942307692307693,15.971223021582734
calib_0152,pbmc_like,random_0.35,none,V0r_v3_recipe_seed0,False,44.53280318091451,51.79090137600776,68.24176314461046,57.85288270377733,58.02711802578824
calib_0153,scope2_like,pbmc240,per_cell,V0r_v3_recipe_seed0,False,37.06896551724138,30.591881793478258,83.02055027173914,41.810344827586206,32.4600883152174
calib_0154,random_1,random_0.15,none,V0r_v3_recipe_seed0,False,0.0,0.0,,0.0,0.0
calib_0155,random_2,fulcher,per_cell,V0r_v3_recipe_seed0,False,6.172839506172839,5.902702702702703,85.44864864864866,6.481481481481481,6.378378378378378
calib_0156,random_3,fulcher,none,V0r_v3_recipe_seed0,False,86.0,69.05677655677654,92.7075702075702,86.75,67.31436259214037
calib_0157,random_5,random_0.25,none,V0r_v3_recipe_seed0,False,16.853932584269664,28.076923076923077,50.05128205128205,46.06741573033708,33.97435897435897
calib_0158,random_8,scope2,none,V0r_v3_recipe_seed0,False,52.75,49.14728889982592,80.78934285218028,60.25,67.5347369649529
calib_0159,random_1,pbmc240,per_cell,V0r_v3_recipe_seed0,False,26.0,26.0,,26.0,26.666666666666668
calib_0160,random_2,scope2,none,V0r_v3_recipe_seed0,False,5.978260869565218,18.96551724137931,99.35483870967742,5.978260869565218,25.862068965517242
calib_0161,random_3,fulcher,none,V0r_v3_recipe_seed0,False,10.526315789473683,24.848484848484844,93.72674109516214,10.526315789473683,29.36735778841042
calib_0162,random_5,random_0.15,none,V0r_v3_recipe_seed0,False,16.304347826086957,26.082805293331614,64.93447993447992,17.934782608695652,27.94085951980689
calib_0163,random_8,pbmc240,per_cell,V0r_v3_recipe_seed0,False,61.66666666666667,58.64367114367114,79.6423483923484,85.0,63.22700447700448
calib_0164,myeloid,fulcher,none,V0r_v3_recipe_seed0,False,4.0,7.894736842105263,67.05827067669173,7.333333333333333,7.894736842105263
calib_0165,lymphoid,scope2,per_cell,V0r_v3_recipe_seed0,False,24.523809523809522,38.09676065480374,78.83938932616671,24.761904761904763,39.3325001576068
calib_0166,pbmc_like,random_0.15,none,V0r_v3_recipe_seed0,False,38.75,54.62687673379497,67.16022912563793,66.875,57.77783071808229
calib_0167,scope2_like,random_0.35,none,V0r_v3_recipe_seed0,False,40.0,29.659090909090907,84.88636363636364,44.0,34.31818181818182
calib_0168,random_1,random_0.35,none,V0r_v3_recipe_seed0,False,1.8867924528301887,1.8867924528301887,,1.8867924528301887,1.8867924528301887
calib_0169,random_2,random_0.25,none,V0r_v3_recipe_seed0,False,27.884615384615387,48.333333333333336,96.98198198198197,27.884615384615387,48.333333333333336
calib_0170,random_3,scope2,per_cell,V0r_v3_recipe_seed0,False,76.0,47.50835372431395,86.1788617886179,76.0,69.05306917146841
calib_0171,random_5,random_0.35,none,V0r_v3_recipe_seed0,False,39.651162790697676,55.09529998742191,96.53253765274226,39.76744186046511,63.06676325396715
calib_0172,random_8,random_0.35,none,V0r_v3_recipe_seed0,False,61.240310077519375,69.95920745920745,85.98484848484848,83.72093023255815,88.09731934731934
calib_0173,random_1,fulcher,none,V0r_v3_recipe_seed0,False,6.666666666666667,6.666666666666667,,6.666666666666667,6.0
calib_0174,random_2,scope2,none,V0r_v3_recipe_seed0,False,29.9,28.294931622269754,98.65107913669064,29.9,48.28569576771016
calib_0175,random_3,fulcher,none,V0r_v3_recipe_seed0,False,15.555555555555555,46.74289674289674,96.08454608454609,17.77777777777778,50.658350658350656
calib_0176,random_5,random_0.35,none,V0r_v3_recipe_seed0,False,54.63659147869674,69.04834975898805,84.81269841269842,69.67418546365914,71.99120690184519
calib_0177,random_8,random_0.25,none,V0r_v3_recipe_seed0,False,42.03389830508474,36.61895390329872,73.13813961958961,51.864406779661024,50.630279737733176
calib_0178,myeloid,pbmc240,per_cell,V0r_v3_recipe_seed0,False,57.333333333333336,69.81132075471699,100.0,57.333333333333336,72.64150943396226
calib_0179,lymphoid,scope2,none,V0r_v3_recipe_seed0,False,8.148148148148149,18.51851851851852,78.43137254901961,8.148148148148149,30.75526506899056
calib_0180,pbmc_like,fulcher,per_cell,V0r_v3_recipe_seed0,False,46.794871794871796,50.368333191862604,57.45318733554028,80.12820512820514,55.31013213366154
calib_0181,scope2_like,random_0.35,none,V0r_v3_recipe_seed0,False,43.7410071942446,39.83131966306475,85.05275248872628,47.05035971223022,44.40781077171786
calib_0182,random_1,random_0.35,none,V0r_v3_recipe_seed0,False,8.3,8.3,,8.3,11.4
calib_0183,random_2,fulcher,per_cell,V0r_v3_recipe_seed0,False,8.695652173913043,33.33333333333333,87.5,8.695652173913043,33.33333333333333
calib_0184,random_3,random_0.25,none,V0r_v3_recipe_seed0,False,44.936708860759495,42.796743863191764,80.46107570307734,51.89873417721519,56.23777371111252
calib_0185,random_5,fulcher,per_cell,V0r_v3_recipe_seed0,False,41.05960264900662,35.38325652841782,64.62005199101974,51.65562913907284,47.25735554767813
calib_0186,random_8,random_0.25,none,V0r_v3_recipe_seed0,False,76.12826603325415,67.80664701079706,70.73468351404416,94.18052256532067,69.9740604717091
calib_0187,random_1,scope2,none,V0r_v3_recipe_seed0,False,0.6666666666666667,0.6666666666666667,,0.6666666666666667,2.0
calib_0188,random_2,scope2,per_cell,V0r_v3_recipe_seed0,False,20.37037037037037,22.252990695613647,94.74412937527691,20.74074074074074,22.73482498892335
calib_0189,random_3,random_0.15,none,V0r_v3_recipe_seed0,False,21.153846153846153,45.37668941522815,97.32369864846783,21.153846153846153,56.32276194299478
calib_0190,random_5,random_0.15,none,V0r_v3_recipe_seed0,False,37.99126637554585,43.28942977284621,79.1338189801358,39.5924308588064,51.097579360232956
calib_0191,random_8,pbmc240,per_cell,V0r_v3_recipe_seed0,False,35.98014888337469,40.062883985085115,68.68514992281595,40.198511166253105,43.54964880154634
calib_0192,myeloid,random_0.15,none,V0r_v3_recipe_seed0,False,85.06493506493507,68.6036036036036,73.65005630630631,92.85714285714286,66.41751126126127
calib_0193,lymphoid,fulcher,per_cell,V0r_v3_recipe_seed0,False,21.568627450980394,27.499999999999996,75.55555555555556,21.568627450980394,23.333333333333332
calib_0194,pbmc_like,scope2,none,V0r_v3_recipe_seed0,False,41.904761904761905,54.954025096286465,68.07466302147128,61.904761904761905,60.15205686991671
calib_0195,scope2_like,random_0.15,none,V0r_v3_recipe_seed0,False,54.0,50.34090909090909,87.38636363636363,57.333333333333336,54.54545454545454
calib_0196,random_1,random_0.25,none,V0r_v3_recipe_seed0,False,17.934782608695652,17.934782608695652,,17.934782608695652,21.73913043478261
calib_0197,random_2,fulcher,none,V0r_v3_recipe_seed0,False,19.00826446280992,20.198389879240942,77.96147211040828,19.00826446280992,23.67740080506038
calib_0198,random_3,pbmc240,per_cell,V0r_v3_recipe_seed0,False,39.33333333333333,51.23595505617977,94.50374531835206,44.0,60.77715355805243
calib_0199,random_5,fulcher,none,V0r_v3_recipe_seed0,False,50.526315789473685,53.0701754385965,84.64912280701755,53.68421052631579,58.12280701754386
calib_0200,random_8,random_0.35,none,V0r_v3_recipe_seed0,False,37.5,33.741041567128526,73.1152452619844,57.23684210526315,46.93671364867017
calib_0201,random_1,random_0.25,none,V0r_v3_recipe_seed0,False,2.0,2.0,,2.0,2.0
calib_0202,random_2,pbmc240,none,V0r_v3_recipe_seed0,False,54.794520547945204,68.86792452830188,100.0,54.794520547945204,71.08490566037734
calib_0203,random_3,pbmc240,none,V0r_v3_recipe_seed0,False,18.095238095238095,21.76051051051051,74.54954954954954,44.761904761904766,25.784534534534536
calib_0204,random_5,random_0.35,none,V0r_v3_recipe_seed0,False,45.51282051282051,42.17157127001744,88.77547169811321,45.51282051282051,60.932170604090686
calib_0205,random_8,random_0.15,none,V0r_v3_recipe_seed0,False,63.05732484076433,63.23596014492754,82.49320652173913,73.24840764331209,70.79936594202898
calib_0206,myeloid,fulcher,per_cell,V0r_v3_recipe_seed0,False,26.923076923076923,50.43880837359098,54.625603864734295,71.7948717948718,50.90177133655395
calib_0207,lymphoid,random_0.25,none,V0r_v3_recipe_seed0,False,46.74887892376682,57.736562031192506,92.85714285714286,46.74887892376682,60.044863992753825
calib_0208,pbmc_like,fulcher,per_cell,V0r_v3_recipe_seed0,False,36.231884057971016,45.441344400278915,53.29584994253881,68.94409937888199,48.406064401624896
calib_0209,scope2_like,pbmc240,per_cell,V0r_v3_recipe_seed0,False,36.0,30.113636363636363,83.75,42.66666666666667,35.56818181818182
calib_0210,random_1,random_0.25,none,V0r_v3_recipe_seed0,False,0.0,0.0,,0.0,0.0
calib_0211,random_2,pbmc240,none,V0r_v3_recipe_seed0,False,68.0,58.62068965517242,99.13793103448276,68.66666666666667,58.07721139430284
calib_0212,random_3,scope2,none,V0r_v3_recipe_seed0,False,36.666666666666664,35.401279363543516,74.39579637692844,41.333333333333336,39.927699833360215
calib_0213,random_5,random_0.15,none,V0r_v3_recipe_seed0,False,36.58536585365854,34.333333333333336,66.33333333333333,41.46341463414634,58.33333333333333
calib_0214,random_8,scope2,none,V0r_v3_recipe_seed0,False,47.41379310344828,54.40886013496308,79.24393621084798,62.93103448275862,62.2562149859944
calib_0215,random_1,random_0.25,none,V0r_v3_recipe_seed0,False,0.25,0.25,,0.25,0.25
calib_0216,random_2,random_0.25,none,V0r_v3_recipe_seed0,False,4.3478260869565215,16.666666666666664,95.0,4.3478260869565215,0.0
calib_0217,random_3,pbmc240,none,V0r_v3_recipe_seed0,False,70.69486404833837,82.42753623188405,99.45652173913044,71.29909365558912,84.23913043478262
calib_0218,random_5,random_0.15,none,V0r_v3_recipe_seed0,False,28.249999999999996,48.347639964264445,70.75671063541556,39.25,54.67175693982178
calib_0219,random_8,random_0.15,none,V0r_v3_recipe_seed0,False,28.87323943661972,48.40045637743006,71.91797060218113,35.91549295774648,56.6802987197724
calib_0220,myeloid,random_0.35,none,V0r_v3_recipe_seed0,False,22.413793103448278,37.38207547169811,63.15057879865099,42.241379310344826,45.32232704402516
calib_0221,lymphoid,random_0.35,none,V0r_v3_recipe_seed0,False,29.333333333333332,35.833610833610834,95.1909201909202,29.333333333333332,36.058386058386056
calib_0222,pbmc_like,random_0.25,none,V0r_v3_recipe_seed0,False,35.294117647058826,43.515834675254965,61.49355877616747,57.51633986928104,50.517981749865804
calib_0223,scope2_like,pbmc240,per_cell,V0r_v3_recipe_seed0,False,36.637931034482754,30.472995923913043,85.76766304347827,40.660919540229884,35.81861413043478
calib_0224,random_1,fulcher,per_cell,V0r_v3_recipe_seed0,False,0.0,0.0,,0.0,0.0
calib_0225,random_2,fulcher,per_cell,V0r_v3_recipe_seed0,False,2.912621359223301,2.027027027027027,39.98136067101584,3.8834951456310676,2.027027027027027
calib_0226,random_3,pbmc240,none,V0r_v3_recipe_seed0,False,39.44444444444444,42.44207550659163,81.6233388814034,48.888888888888886,44.3204935140419
calib_0227,random_5,fulcher,per_cell,V0r_v3_recipe_seed0,False,74.83189241114313,69.89089143564165,82.39101543650898,82.80499519692603,71.48162390410178
calib_0228,random_8,fulcher,none,V0r_v3_recipe_seed0,False,65.5378486055777,61.53606616788766,86.03422619047619,67.72908366533864,69.233377669547
calib_0229,random_1,pbmc240,none,V0r_v3_recipe_seed0,False,1.9607843137254901,1.9607843137254901,,1.9607843137254901,1.9607843137254901
calib_0230,random_2,fulcher,none,V0r_v3_recipe_seed0,False,11.29032258064516,22.03856749311295,88.84297520661157,15.32258064516129,24.517906336088153
calib_0231,random_3,pbmc240,none,V0r_v3_recipe_seed0,False,37.0,69.61978589885568,94.96124031007751,44.0,71.92229605020303
calib_0232,random_5,random_0.35,none,V0r_v3_recipe_seed0,False,61.8421052631579,70.08333333333334,79.9047619047619,73.68421052631578,70.08333333333334
calib_0233,random_8,random_0.25,none,V0r_v3_recipe_seed0,False,48.837209302325576,52.172500827540546,79.34976001324064,54.06976744186046,61.125868917576966
calib_0234,myeloid,random_0.25,none,V0r_v3_recipe_seed0,False,43.93939393939394,61.25101868165132,77.34257972881724,62.121212121212125,66.42312737207298
calib_0235,lymphoid,scope2,per_cell,V0r_v3_recipe_seed0,False,17.073170731707318,28.939393939393938,68.33333333333333,34.146341463414636,33.93939393939394
calib_0236,pbmc_like,scope2,per_cell,V0r_v3_recipe_seed0,False,37.333333333333336,50.563001813001804,61.496050246050245,60.0,55.19392644392644
calib_0237,scope2_like,scope2,none,V0r_v3_recipe_seed0,False,39.75,31.565267616480554,84.3280708509819,44.5,36.436272622256446
calib_0238,random_1,random_0.35,none,V0r_v3_recipe_seed0,False,55.400000000000006,55.400000000000006,,55.400000000000006,53.400000000000006
calib_0239,random_2,fulcher,none,V0r_v3_recipe_seed0,False,45.08393285371702,40.40049449524165,97.7969303974622,45.08393285371702,40.300195932076875
calib_0000,random_1,fulcher,per_cell,V1_row_seed0,True,25.333333333333336,25.333333333333336,,25.333333333333336,26.666666666666668
calib_0001,random_2,random_0.35,none,V1_row_seed0,True,48.10126582278481,72.2972972972973,100.0,48.10126582278481,90.54054054054055
calib_0002,random_3,random_0.25,none,V1_row_seed0,True,88.66666666666667,74.17677761381647,94.42531562551237,88.66666666666667,65.47794720445975
calib_0003,random_5,scope2,per_cell,V1_row_seed0,True,74.0,85.69534949969733,96.0243741765481,74.66666666666667,93.05140120357513
calib_0004,random_8,random_0.15,none,V1_row_seed0,True,53.40909090909091,72.93320673037654,84.03980846197827,79.26136363636364,79.19857265376133
calib_0005,random_1,fulcher,per_cell,V1_row_seed0,True,16.5,16.5,,16.5,16.25
calib_0006,random_2,fulcher,per_cell,V1_row_seed0,True,87.11340206185567,45.92391304347826,60.0,88.65979381443299,45.92391304347826
calib_0007,random_3,pbmc240,none,V1_row_seed0,True,99.80582524271846,99.73244295678288,99.9592003263974,99.90291262135922,99.73244295678288
calib_0008,random_5,random_0.35,none,V1_row_seed0,True,78.80794701986756,74.97354497354497,84.54064454064454,90.72847682119205,80.11544011544011
calib_0009,random_8,fulcher,none,V1_row_seed0,True,60.130718954248366,52.90178571428572,82.8125,65.359477124183,61.421130952380956
calib_0010,myeloid,random_0.25,none,V1_row_seed0,True,80.58035714285714,84.80867770872547,89.86327501015823,90.84821428571429,84.96690555682673
calib_0011,lymphoid,fulcher,none,V1_row_seed0,True,99.46524064171123,99.23076923076923,99.23076923076923,99.46524064171123,99.23076923076923
calib_0012,pbmc_like,pbmc240,none,V1_row_seed0,True,64.27104722792608,70.76422837781486,76.00697112055761,88.91170431211499,77.78102655948014
calib_0013,scope2_like,random_0.35,none,V1_row_seed0,True,87.33333333333333,79.43181818181819,88.29545454545456,94.0,81.93181818181819
calib_0014,random_1,random_0.35,none,V1_row_seed0,True,47.28260869565217,47.28260869565217,,47.28260869565217,50.0
calib_0015,random_2,random_0.15,none,V1_row_seed0,True,70.37037037037037,60.0,95.0,70.37037037037037,80.0
calib_0016,random_3,random_0.15,none,V1_row_seed0,True,80.17241379310344,86.56290292871617,98.3606557377049,80.17241379310344,88.24829618714313
calib_0017,random_5,scope2,per_cell,V1_row_seed0,True,78.125,62.777242972660765,71.98113207547169,87.05357142857143,66.52156334231806
calib_0018,random_8,random_0.35,none,V1_row_seed0,True,80.35450516986707,77.22491399305717,77.22491399305717,99.70457902511079,81.30123931723719
calib_0019,random_1,random_0.35,none,V1_row_seed0,True,100.0,100.0,,100.0,100.0
calib_0020,random_2,random_0.35,none,V1_row_seed0,True,53.57142857142857,54.358974358974365,71.66666666666667,71.42857142857143,66.02564102564102
calib_0021,random_3,fulcher,per_cell,V1_row_seed0,True,22.28644829800899,17.406384471571904,75.3269238781229,22.992935131663454,27.442248960647525
calib_0022,random_5,random_0.15,none,V1_row_seed0,True,67.88321167883211,71.2032967032967,89.70329670329672,78.1021897810219,78.33882783882784
calib_0023,random_8,random_0.35,none,V1_row_seed0,True,81.35593220338984,69.94929750721019,86.20255889240941,87.28813559322035,67.66314841642634
calib_0024,myeloid,random_0.15,none,V1_row_seed0,True,73.4375,78.2418524871355,81.14351057747284,97.65625,87.35563178959404
calib_0025,lymphoid,scope2,none,V1_row_seed0,True,77.14987714987716,78.32167832167832,78.32167832167832,100.0,77.15617715617715
calib_0026,pbmc_like,random_0.15,none,V1_row_seed0,True,65.96385542168674,70.37483848415748,76.55673466605366,84.93975903614458,75.29760868365128
calib_0027,scope2_like,scope2,none,V1_row_seed0,True,84.75,73.94108586830959,80.58336542164035,95.25,74.88448209472467
calib_0028,random_1,pbmc240,per_cell,V1_row_seed0,True,97.54098360655738,97.54098360655738,,97.54098360655738,98.36065573770492
calib_0029,random_2,pbmc240,none,V1_row_seed0,True,100.0,100.0,100.0,100.0,100.0
calib_0030,random_3,random_0.15,none,V1_row_seed0,True,86.5,83.26084532173526,98.09300769488122,88.0,96.18601538976246
calib_0031,random_5,pbmc240,per_cell,V1_row_seed0,True,78.98305084745762,62.0163843353199,66.47158452117911,95.76271186440678,67.71605034895288
calib_0032,random_8,pbmc240,none,V1_row_seed0,True,58.86075949367089,69.1019892805607,80.05153576582148,87.34177215189874,69.72582972582973
calib_0033,random_1,random_0.35,none,V1_row_seed0,True,70.0,70.0,,70.0,100.0
calib_0034,random_2,random_0.15,none,V1_row_seed0,True,24.137931034482758,35.833333333333336,90.0,37.93103448275862,74.44444444444444
calib_0035,random_3,fulcher,per_cell,V1_row_seed0,True,99.1,99.3031103286385,99.47672143974961,99.6,98.95588810641627
calib_0036,random_5,random_0.35,none,V1_row_seed0,True,90.38461538461539,65.43859649122807,79.27318295739349,94.23076923076923,74.68671679197995
calib_0037,random_8,scope2,per_cell,V1_row_seed0,True,77.23861930965484,59.548138756267,69.49234380578379,94.29714857428715,63.79048344323648
calib_0038,myeloid,random_0.35,none,V1_row_seed0,True,88.95027624309392,80.39882279615908,81.32805391406946,97.23756906077348,80.09852249585879
calib_0039,lymphoid,random_0.25,none,V1_row_seed0,True,61.76470588235294,51.269841269841265,99.04761904761905,61.76470588235294,60.15873015873016
calib_0040,pbmc_like,random_0.35,none,V1_row_seed0,True,62.8,52.341667063889275,53.73496512385402,95.6,54.68118607007495
calib_0041,scope2_like,scope2,per_cell,V1_row_seed0,True,83.25,72.61904761904762,78.48799897317417,95.5,74.03414195867026
calib_0042,random_1,fulcher,per_cell,V1_row_seed0,True,1.3513513513513513,1.3513513513513513,,1.3513513513513513,22.972972972972975
calib_0043,random_2,pbmc240,per_cell,V1_row_seed0,True,73.86363636363636,61.66666666666667,100.0,73.86363636363636,83.33333333333333
calib_0044,random_3,pbmc240,none,V1_row_seed0,True,92.15,69.51185985301125,70.26867233690261,99.55000000000001,70.05607754008606
calib_0045,random_5,scope2,none,V1_row_seed0,True,63.30935251798561,73.63037031590814,90.53422542460113,70.50359712230215,83.96397323726197
calib_0046,random_8,random_0.35,none,V1_row_seed0,True,82.67716535433071,79.38605601715358,88.95336370946127,90.5511811023622,81.9341329402305
calib_0047,random_1,random_0.15,none,V1_row_seed0,True,42.66666666666667,42.66666666666667,,42.66666666666667,48.0
calib_0048,random_2,scope2,per_cell,V1_row_seed0,True,58.95953757225434,29.737609329446062,100.0,58.95953757225434,33.38192419825073
calib_0049,random_3,fulcher,none,V1_row_seed0,True,81.14035087719299,68.63744097307193,79.88326037106526,87.5,70.5403513065231
calib_0050,random_5,random_0.25,none,V1_row_seed0,True,15.384615384615385,26.705128205128204,86.93589743589743,16.923076923076923,36.28846153846153
calib_0051,random_8,random_0.15,none,V1_row_seed0,True,48.031496062992126,48.79807692307692,79.1880341880342,56.69291338582677,61.97382478632478
calib_0052,myeloid,scope2,none,V1_row_seed0,True,58.666666666666664,56.061087735702046,58.959638460339725,94.66666666666667,58.21162537011064
calib_0053,lymphoid,random_0.35,none,V1_row_seed0,True,86.84654300168634,87.28746138266946,96.13854619529275,88.1956155143339,91.92256986393178
calib_0054,pbmc_like,scope2,none,V1_row_seed0,True,77.86069651741293,55.1952063903162,57.97298416809398,95.77114427860697,64.19677011075963
calib_0055,scope2_like,random_0.35,none,V1_row_seed0,True,82.0,74.78500834295983,86.80849698369914,89.75,75.21820048774227
calib_0056,random_1,random_0.35,none,V1_row_seed0,True,100.0,100.0,,100.0,100.0
calib_0057,random_2,pbmc240,per_cell,V1_row_seed0,True,46.0,43.55877616747182,94.20289855072464,51.33333333333333,67.9549114331723
calib_0058,random_3,random_0.15,none,V1_row_seed0,True,51.94805194805194,46.54088050314466,93.33333333333333,51.94805194805194,54.71698113207547
calib_0059,random_5,random_0.35,none,V1_row_seed0,True,33.48837209302326,55.34426043557168,60.969260435571684,93.48837209302326,62.86439428312159
calib_0060,random_8,scope2,per_cell,V1_row_seed0,True,79.22077922077922,65.21259102654452,70.07370213765563,94.8051948051948,65.62925769321119
calib_0061,random_1,pbmc240,none,V1_row_seed0,True,1.3333333333333335,1.3333333333333335,,1.3333333333333335,3.3333333333333335
calib_0062,random_2,scope2,per_cell,V1_row_seed0,True,72.7,78.1867541869447,99.92163009404389,72.7,82.22085592060826
calib_0063,random_3,fulcher,none,V1_row_seed0,True,43.61702127659575,43.10734463276836,93.33333333333333,45.744680851063826,59.943502824858754
calib_0064,random_5,random_0.25,none,V1_row_seed0,True,49.18032786885246,64.66666666666667,74.66666666666667,86.88524590163934,68.66666666666667
calib_0065,random_8,random_0.35,none,V1_row_seed0,True,85.63134978229317,84.19158013212731,88.51325671942891,92.74310595065312,82.94789326344045
calib_0066,myeloid,random_0.25,none,V1_row_seed0,True,70.14341590612777,73.87992831541219,83.59856630824373,81.61668839634942,79.45698924731182
calib_0067,lymphoid,fulcher,none,V1_row_seed0,True,90.66666666666666,89.39393939393939,98.48484848484848,92.0,95.45454545454545
calib_0068,pbmc_like,random_0.35,none,V1_row_seed0,True,75.5,68.05668950057894,71.67260597752464,91.25,73.55470366461377
calib_0069,scope2_like,random_0.15,none,V1_row_seed0,True,86.92528735632183,81.19055706521738,81.38586956521738,99.42528735632183,82.50679347826086
calib_0070,random_1,random_0.25,none,V1_row_seed0,True,100.0,100.0,,100.0,100.0
calib_0071,random_2,scope2,none,V1_row_seed0,True,98.4375,83.33333333333333,100.0,98.4375,83.33333333333333
calib_0072,random_3,pbmc240,none,V1_row_seed0,True,98.67549668874173,98.83040935672514,100.0,98.67549668874173,98.83040935672514
calib_0073,random_5,pbmc240,none,V1_row_seed0,True,94.63087248322147,93.86666666666666,96.73333333333333,96.64429530201343,96.53333333333333
calib_0074,random_8,random_0.35,none,V1_row_seed0,True,69.38775510204081,55.383771929824555,79.375,76.53061224489795,66.75438596491227
calib_0075,random_1,random_0.25,none,V1_row_seed0,True,58.666666666666664,58.666666666666664,,58.666666666666664,64.0
calib_0076,random_2,random_0.25,none,V1_row_seed0,True,73.86243386243386,83.19727891156464,98.9795918367347,75.34391534391534,91.02040816326532
calib_0077,random_3,pbmc240,per_cell,V1_row_seed0,True,14.965986394557824,15.40983606557377,75.55555555555556,21.768707482993197,21.53005464480874
calib_0078,random_5,random_0.15,none,V1_row_seed0,True,32.0,29.225806451612907,68.38709677419355,41.333333333333336,50.096774193548384
calib_0079,random_8,pbmc240,none,V1_row_seed0,True,88.33333333333333,84.79166666666667,90.27777777777779,93.33333333333333,90.97222222222221
calib_0080,myeloid,random_0.35,none,V1_row_seed0,True,100.0,100.0,100.0,100.0,100.0
calib_0081,lymphoid,random_0.35,none,V1_row_seed0,True,87.78625954198473,82.22222222222223,100.0,87.78625954198473,90.0
calib_0082,pbmc_like,random_0.25,none,V1_row_seed0,True,38.46153846153847,56.874041371305395,65.98256850308834,62.82051282051282,71.86367288282473
calib_0083,scope2_like,scope2,per_cell,V1_row_seed0,True,84.77011494252874,73.28464673913044,80.46875,94.82758620689656,74.25271739130434
calib_0084,random_1,random_0.35,none,V1_row_seed0,True,43.47826086956522,43.47826086956522,,43.47826086956522,45.108695652173914
calib_0085,random_2,pbmc240,none,V1_row_seed0,True,73.25,83.9820359281437,100.0,73.25,83.97296316457994
calib_0086,random_3,random_0.15,none,V1_row_seed0,True,81.49100257069408,86.2531969309463,90.67561807331627,92.03084832904884,87.89428815004263
calib_0087,random_5,random_0.25,none,V1_row_seed0,True,70.58823529411765,86.93690512225473,87.88770053475936,98.93048128342245,88.475935828877
calib_0088,random_8,fulcher,per_cell,V1_row_seed0,True,59.77653631284916,39.38529957437521,59.68955764123831,69.83240223463687,39.304903779693696
calib_0089,random_1,fulcher,none,V1_row_seed0,True,37.755102040816325,37.755102040816325,,37.755102040816325,38.921282798833815
calib_0090,random_2,pbmc240,none,V1_row_seed0,True,99.0,99.32203389830508,99.49152542372882,99.25,99.32203389830508
calib_0091,random_3,random_0.15,none,V1_row_seed0,True,74.26470588235294,79.96680891417732,98.24561403508771,75.73529411764706,88.50165955429114
calib_0092,random_5,fulcher,per_cell,V1_row_seed0,True,29.45205479452055,44.6784715750233,62.18546132339235,73.28767123287672,48.462255358807084
calib_0093,random_8,pbmc240,none,V1_row_seed0,True,90.72681704260651,88.63466640748894,94.41285268199874,93.48370927318295,90.92410108170228
calib_0094,myeloid,fulcher,per_cell,V1_row_seed0,True,48.38709677419355,54.564820450395615,61.01643335362142,91.93548387096774,53.758368837492384
calib_0095,lymphoid,fulcher,per_cell,V1_row_seed0,True,48.275862068965516,43.94848922612285,56.00522681477534,88.66995073891626,53.484621102680265
calib_0096,pbmc_like,scope2,none,V1_row_seed0,True,74.31192660550458,72.62989329059235,75.20292086361992,88.30275229357798,75.19983917468997
calib_0097,scope2_like,random_0.15,none,V1_row_seed0,True,87.33333333333333,84.20454545454545,91.47727272727273,92.66666666666666,84.20454545454545
calib_0098,random_1,fulcher,per_cell,V1_row_seed0,True,98.11320754716981,98.11320754716981,,98.11320754716981,98.11320754716981
calib_0099,random_2,pbmc240,per_cell,V1_row_seed0,True,96.28099173553719,96.25,99.16666666666667,96.28099173553719,95.0
calib_0100,random_3,random_0.15,none,V1_row_seed0,True,87.33333333333333,83.42670401493932,96.91876750700281,91.33333333333333,71.52194211017742
calib_0101,random_5,pbmc240,none,V1_row_seed0,True,76.51006711409396,87.03703703703705,100.0,76.51006711409396,94.81481481481481
calib_0102,random_8,fulcher,per_cell,V1_row_seed0,True,48.421052631578945,41.005346005346006,44.27977427977427,91.57894736842105,45.150356400356394
calib_0103,random_1,scope2,none,V1_row_seed0,True,83.0,83.0,,83.0,83.25
calib_0104,random_2,random_0.35,none,V1_row_seed0,True,59.63855421686747,73.93707482993197,99.9271137026239,59.63855421686747,76.41520894071915
calib_0105,random_3,scope2,none,V1_row_seed0,True,93.75,80.90672612411743,98.9520624303233,94.5,81.00334448160535
calib_0106,random_5,fulcher,none,V1_row_seed0,True,69.78609625668449,67.36463307218024,76.8179500254972,74.33155080213903,69.57245839321311
calib_0107,random_8,scope2,none,V1_row_seed0,True,57.446808510638306,60.172044695071,82.81067251461988,82.26950354609929,70.52074631021999
calib_0108,myeloid,pbmc240,none,V1_row_seed0,True,74.43037974683544,74.26034538937765,79.7051156728576,89.87341772151899,74.76376669925057
calib_0109,lymphoid,random_0.35,none,V1_row_seed0,True,48.0,52.5,65.0,76.0,60.83333333333333
calib_0110,pbmc_like,pbmc240,per_cell,V1_row_seed0,True,32.917705735660846,48.91644430250764,57.55828179759678,81.04738154613467,53.66220487243593
calib_0111,scope2_like,random_0.35,none,V1_row_seed0,True,80.17241379310344,72.59680706521738,84.86328125,87.93103448275862,74.84714673913044
calib_0112,random_1,random_0.35,none,V1_row_seed0,True,65.0,65.0,,65.0,100.0
calib_0113,random_2,random_0.15,none,V1_row_seed0,True,55.00000000000001,55.00000000000001,100.0,55.00000000000001,100.0
calib_0114,random_3,scope2,per_cell,V1_row_seed0,True,55.70469798657718,56.75700090334237,91.85185185185185,66.44295302013423,76.90153568202348
calib_0115,random_5,random_0.35,none,V1_row_seed0,True,85.8108108108108,80.67385444743935,91.30877508236,89.86486486486487,89.36507936507937
calib_0116,random_8,random_0.35,none,V1_row_seed0,True,75.0,55.28515240904621,66.32681907571289,93.29268292682927,63.124385447394296
calib_0117,random_1,scope2,none,V1_row_seed0,True,100.0,100.0,,100.0,100.0
calib_0118,random_2,random_0.15,none,V1_row_seed0,True,98.30508474576271,99.05660377358491,100.0,98.30508474576271,99.05660377358491
calib_0119,random_3,random_0.25,none,V1_row_seed0,True,88.98678414096916,89.55138236828377,97.67866458007303,89.86784140969164,89.15492957746478
calib_0120,random_5,random_0.35,none,V1_row_seed0,True,87.75,79.34658404201552,91.80686487793088,91.0,87.97622710059258
calib_0121,random_8,random_0.15,none,V1_row_seed0,True,81.41025641025641,71.55666487983561,82.04737335834898,93.58974358974359,75.24714107031181
calib_0122,myeloid,fulcher,per_cell,V1_row_seed0,True,44.03973509933775,70.57945041816009,72.08482676224611,92.05298013245033,71.38590203106332
calib_0123,lymphoid,random_0.35,none,V1_row_seed0,True,64.66666666666666,74.01960784313727,100.0,64.66666666666666,77.94117647058823
calib_0124,pbmc_like,random_0.35,none,V1_row_seed0,True,64.50381679389314,66.55867824346086,70.41253209731471,76.7175572519084,70.00230043708304
calib_0125,scope2_like,fulcher,none,V1_row_seed0,True,86.33093525179856,82.7054794520548,84.05353952182422,98.27338129496403,85.0096783799881
calib_0126,random_1,random_0.35,none,V1_row_seed0,True,100.0,100.0,,100.0,100.0
calib_0127,random_2,random_0.25,none,V1_row_seed0,True,100.0,100.0,100.0,100.0,100.0
calib_0128,random_3,pbmc240,none,V1_row_seed0,True,62.92134831460674,78.26560982985565,97.15099715099717,63.670411985018724,78.9066354708813
calib_0129,random_5,random_0.15,none,V1_row_seed0,True,89.36170212765957,70.96899224806201,99.30232558139535,89.8936170212766,74.71899224806202
calib_0130,random_8,random_0.35,none,V1_row_seed0,True,81.6414686825054,87.96443719307534,89.44502042764215,95.8963282937365,90.43677677930562
calib_0131,random_1,fulcher,none,V1_row_seed0,True,98.11320754716981,98.11320754716981,,98.11320754716981,100.0
calib_0132,random_2,fulcher,none,V1_row_seed0,True,90.5,76.34350159657586,100.0,90.5,81.88395950811875
calib_0133,random_3,fulcher,per_cell,V1_row_seed0,True,82.25,69.2178932178932,97.37950937950937,83.0,71.34776334776335
calib_0134,random_5,random_0.35,none,V1_row_seed0,True,94.56521739130434,77.22222222222221,78.33333333333333,98.91304347826086,70.55555555555554
calib_0135,random_8,random_0.25,none,V1_row_seed0,True,56.00000000000001,50.54924242424242,60.62499999999999,69.6,70.85227272727272
calib_0136,myeloid,random_0.25,none,V1_row_seed0,True,73.98373983739837,82.41397014626328,83.09331797235022,97.15447154471545,73.63232986041541
calib_0137,lymphoid,random_0.15,none,V1_row_seed0,True,69.75,58.660396696207876,77.50271296798698,71.0,62.75396394766987
calib_0138,pbmc_like,random_0.25,none,V1_row_seed0,True,70.0,58.38501510915305,65.75602248016041,87.5,63.69650842064636
calib_0139,scope2_like,random_0.25,none,V1_row_seed0,True,82.66666666666667,73.06818181818183,76.93181818181817,96.66666666666667,79.6590909090909
calib_0140,random_1,random_0.25,none,V1_row_seed0,True,99.7,99.7,,99.7,99.7
calib_0141,random_2,random_0.25,none,V1_row_seed0,True,98.5,99.22997946611909,99.22997946611909,100.0,99.33264887063655
calib_0142,random_3,random_0.25,none,V1_row_seed0,True,82.79569892473118,60.37735849056604,100.0,82.79569892473118,86.37316561844864
calib_0143,random_5,random_0.35,none,V1_row_seed0,True,86.37873754152824,74.07559884675872,84.65522356431447,88.37209302325581,75.09514890079153
calib_0144,random_8,pbmc240,per_cell,V1_row_seed0,True,60.66666666666667,54.08633751306164,72.64237199582027,86.66666666666667,64.4282262277952
calib_0145,random_1,random_0.15,none,V1_row_seed0,True,19.333333333333332,19.333333333333332,,19.333333333333332,41.333333333333336
calib_0146,random_2,random_0.35,none,V1_row_seed0,True,99.5,99.58677685950413,99.58677685950413,99.75,99.58677685950413
calib_0147,random_3,pbmc240,none,V1_row_seed0,True,63.85542168674698,56.666666666666664,96.66666666666667,63.85542168674698,56.666666666666664
calib_0148,random_5,scope2,per_cell,V1_row_seed0,True,89.3491124260355,83.57374426339943,96.39257294429709,89.3491124260355,89.76969390762494
calib_0149,random_8,random_0.35,none,V1_row_seed0,True,71.1340206185567,65.06008122588658,72.23116841076053,92.78350515463917,70.35002031472966
calib_0150,myeloid,random_0.35,none,V1_row_seed0,True,97.8,98.21684232172016,99.51554362042145,97.89999999999999,97.9876597395964
calib_0151,lymphoid,random_0.15,none,V1_row_seed0,True,76.4423076923077,53.19559736825924,73.09352517985613,78.84615384615384,50.54602471868659
calib_0152,pbmc_like,random_0.35,none,V1_row_seed0,True,81.01391650099403,68.44371069842107,69.60368579957265,98.01192842942345,71.74218870027829
calib_0153,scope2_like,pbmc240,per_cell,V1_row_seed0,True,83.1896551724138,78.82557744565217,82.74456521739131,93.82183908045977,82.3157269021739
calib_0154,random_1,random_0.15,none,V1_row_seed0,True,96.22641509433963,96.22641509433963,,96.22641509433963,100.0
calib_0155,random_2,fulcher,per_cell,V1_row_seed0,True,78.70370370370371,53.37837837837838,60.13513513513513,95.37037037037037,60.13513513513513
calib_0156,random_3,fulcher,none,V1_row_seed0,True,99.5,99.76190476190476,99.76190476190476,99.75,99.76190476190476
calib_0157,random_5,random_0.25,none,V1_row_seed0,True,22.47191011235955,50.38461538461539,80.0,43.82022471910113,63.4102564102564
calib_0158,random_8,scope2,none,V1_row_seed0,True,56.25,57.62320888273405,81.28122044943802,60.5,72.9153892843416
calib_0159,random_1,pbmc240,per_cell,V1_row_seed0,True,78.66666666666666,78.66666666666666,,78.66666666666666,72.0
calib_0160,random_2,scope2,none,V1_row_seed0,True,79.8913043478261,71.24582869855395,100.0,79.8913043478261,80.40044493882091
calib_0161,random_3,fulcher,none,V1_row_seed0,True,88.42105263157895,80.7017543859649,82.45614035087719,98.94736842105263,80.7017543859649
calib_0162,random_5,random_0.15,none,V1_row_seed0,True,45.65217391304348,46.1015561015561,71.76085176085176,49.45652173913043,53.97215397215397
calib_0163,random_8,pbmc240,per_cell,V1_row_seed0,True,46.666666666666664,46.90679690679691,67.23087098087099,65.83333333333333,60.077330077330075
calib_0164,myeloid,fulcher,none,V1_row_seed0,True,1.3333333333333335,2.631578947368421,68.75,1.3333333333333335,2.631578947368421
calib_0165,lymphoid,scope2,per_cell,V1_row_seed0,True,82.85714285714286,79.99822254547833,85.08296830819019,85.95238095238096,89.05604614727247
calib_0166,pbmc_like,random_0.15,none,V1_row_seed0,True,64.375,63.000179997035346,73.3084513902124,86.25,68.36012112741673
calib_0167,scope2_like,random_0.35,none,V1_row_seed0,True,85.33333333333334,75.68181818181819,82.38636363636364,92.66666666666666,75.22727272727273
calib_0168,random_1,random_0.35,none,V1_row_seed0,True,96.22641509433963,96.22641509433963,,96.22641509433963,100.0
calib_0169,random_2,random_0.25,none,V1_row_seed0,True,51.92307692307693,66.21621621621621,100.0,51.92307692307693,85.13513513513513
calib_0170,random_3,scope2,per_cell,V1_row_seed0,True,96.0,71.89859762675296,83.00970873786407,98.66666666666667,83.00970873786407
calib_0171,random_5,random_0.35,none,V1_row_seed0,True,89.30232558139535,92.03050108932462,100.0,89.30232558139535,92.58387799564272
calib_0172,random_8,random_0.35,none,V1_row_seed0,True,92.24806201550388,60.71428571428572,77.38095238095238,95.34883720930233,64.88095238095238
calib_0173,random_1,fulcher,none,V1_row_seed0,True,100.0,100.0,,100.0,98.66666666666667
calib_0174,random_2,scope2,none,V1_row_seed0,True,88.3,87.23264631538012,99.3705035971223,88.7,93.76417784691166
calib_0175,random_3,fulcher,none,V1_row_seed0,True,47.77777777777778,51.35135135135135,100.0,47.77777777777778,59.909909909909906
calib_0176,random_5,random_0.35,none,V1_row_seed0,True,82.70676691729322,83.05252525252526,97.37142857142857,84.21052631578947,84.71919191919191
calib_0177,random_8,random_0.25,none,V1_row_seed0,True,62.37288135593221,57.728985482138526,85.40924709773759,67.45762711864407,70.29062343393608
calib_0178,myeloid,pbmc240,per_cell,V1_row_seed0,True,89.33333333333333,92.45283018867924,100.0,89.33333333333333,95.28301886792453
calib_0179,lymphoid,scope2,none,V1_row_seed0,True,76.66666666666667,72.0406681190995,98.94698620188815,76.66666666666667,77.01525054466231
calib_0180,pbmc_like,fulcher,per_cell,V1_row_seed0,True,42.30769230769231,33.7920097331862,43.44184138301785,80.12820512820514,35.066661007837475
calib_0181,scope2_like,random_0.35,none,V1_row_seed0,True,83.88489208633094,73.7386199268272,84.42365778950057,92.37410071942446,74.35814260188887
calib_0182,random_1,random_0.35,none,V1_row_seed0,True,88.3,88.3,,88.3,88.6
calib_0183,random_2,fulcher,per_cell,V1_row_seed0,True,21.73913043478261,55.00000000000001,77.5,21.73913043478261,52.5
calib_0184,random_3,random_0.25,none,V1_row_seed0,True,87.34177215189874,76.2746892156244,94.55785532487747,90.50632911392405,84.95824656612187
calib_0185,random_5,fulcher,per_cell,V1_row_seed0,True,43.04635761589404,21.382488479262673,65.77035330261137,44.370860927152314,20.599078341013826
calib_0186,random_8,random_0.25,none,V1_row_seed0,True,80.16627078384798,71.61254201729847,74.88865188634988,95.01187648456056,72.15533208386856
calib_0187,random_1,scope2,none,V1_row_seed0,True,76.66666666666667,76.66666666666667,,76.66666666666667,90.66666666666666
calib_0188,random_2,scope2,per_cell,V1_row_seed0,True,70.74074074074073,73.02281789986708,98.77049180327869,71.11111111111111,75.12184315463004
calib_0189,random_3,random_0.15,none,V1_row_seed0,True,74.03846153846155,81.01164191087916,100.0,74.03846153846155,94.32624113475177
calib_0190,random_5,random_0.15,none,V1_row_seed0,True,82.6783114992722,74.09011976850135,81.53394229409862,84.27947598253274,76.52700044336773
calib_0191,random_8,pbmc240,per_cell,V1_row_seed0,True,18.858560794044664,25.870601357318623,57.373120343708585,22.332506203473944,30.687879746228898
calib_0192,myeloid,random_0.15,none,V1_row_seed0,True,82.46753246753246,55.425112612612615,56.36120495495496,96.75324675324676,60.68552927927928
calib_0193,lymphoid,fulcher,per_cell,V1_row_seed0,True,31.372549019607842,33.33333333333333,41.111111111111114,76.47058823529412,40.0
calib_0194,pbmc_like,scope2,none,V1_row_seed0,True,73.60544217687075,74.52714052349069,77.16108907315696,91.29251700680273,76.51136271329688
calib_0195,scope2_like,random_0.15,none,V1_row_seed0,True,78.66666666666666,65.56818181818183,77.84090909090908,88.66666666666667,70.56818181818181
calib_0196,random_1,random_0.25,none,V1_row_seed0,True,72.28260869565217,72.28260869565217,,72.28260869565217,74.45652173913044
calib_0197,random_2,fulcher,none,V1_row_seed0,True,42.14876033057851,39.117308798159854,94.68085106382979,42.14876033057851,52.343300747556064
calib_0198,random_3,pbmc240,per_cell,V1_row_seed0,True,93.33333333333333,96.25468164794007,98.12734082397004,96.66666666666667,96.25468164794007
calib_0199,random_5,fulcher,none,V1_row_seed0,True,62.10526315789474,52.28070175438596,85.33333333333333,69.47368421052632,71.94736842105263
calib_0200,random_8,random_0.35,none,V1_row_seed0,True,78.28947368421053,69.57968360142273,83.99207676381589,84.21052631578947,73.42736369910283
calib_0201,random_1,random_0.25,none,V1_row_seed0,True,100.0,100.0,,100.0,100.0
calib_0202,random_2,pbmc240,none,V1_row_seed0,True,100.0,100.0,100.0,100.0,100.0
calib_0203,random_3,pbmc240,none,V1_row_seed0,True,40.95238095238095,50.28903903903904,89.58333333333334,40.95238095238095,66.92567567567568
calib_0204,random_5,random_0.35,none,V1_row_seed0,True,87.82051282051282,75.6,92.10000000000001,90.38461538461539,82.6
calib_0205,random_8,random_0.15,none,V1_row_seed0,True,77.70700636942675,62.08249073137849,81.04082406471183,82.80254777070064,68.38457406471183
calib_0206,myeloid,fulcher,per_cell,V1_row_seed0,True,6.41025641025641,45.46296296296296,56.574074074074076,64.74358974358975,46.38888888888889
calib_0207,lymphoid,random_0.25,none,V1_row_seed0,True,55.15695067264574,70.50581675111098,99.68439525602196,55.15695067264574,72.18220159076112
calib_0208,pbmc_like,fulcher,per_cell,V1_row_seed0,True,22.56728778467909,37.81660983584773,48.425023496425645,78.26086956521739,44.052365294688634
calib_0209,scope2_like,pbmc240,per_cell,V1_row_seed0,True,86.66666666666667,79.77272727272727,81.13636363636364,96.66666666666667,80.9090909090909
calib_0210,random_1,random_0.25,none,V1_row_seed0,True,100.0,100.0,,100.0,100.0
calib_0211,random_2,pbmc240,none,V1_row_seed0,True,84.0,79.62893553223388,98.59445277361318,85.33333333333334,79.62893553223388
calib_0212,random_3,scope2,none,V1_row_seed0,True,55.333333333333336,55.70096221039616,55.70096221039616,100.0,57.18244369187765
calib_0213,random_5,random_0.15,none,V1_row_seed0,True,43.90243902439025,48.666666666666664,73.33333333333333,48.78048780487805,66.66666666666666
calib_0214,random_8,scope2,none,V1_row_seed0,True,83.62068965517241,73.09933632543927,85.59933632543927,98.70689655172413,73.44227463712758
calib_0215,random_1,random_0.25,none,V1_row_seed0,True,100.0,100.0,,100.0,100.0
calib_0216,random_2,random_0.25,none,V1_row_seed0,True,13.043478260869565,7.5,100.0,13.043478260869565,50.0
calib_0217,random_3,pbmc240,none,V1_row_seed0,True,84.59214501510573,90.76086956521738,99.81884057971014,84.89425981873111,91.66666666666666
calib_0218,random_5,random_0.15,none,V1_row_seed0,True,82.5,78.39542167373203,94.78528740263229,85.75,86.6736626902101
calib_0219,random_8,random_0.15,none,V1_row_seed0,True,40.140845070422536,53.679987553342826,78.6842105263158,45.774647887323944,63.954480796586054
calib_0220,myeloid,random_0.35,none,V1_row_seed0,True,83.62068965517241,74.84561571415551,86.12649257132439,90.51724137931035,81.26538146021329
calib_0221,lymphoid,random_0.35,none,V1_row_seed0,True,96.0,95.20757020757021,98.41269841269842,96.66666666666667,93.28449328449328
calib_0222,pbmc_like,random_0.25,none,V1_row_seed0,True,73.20261437908496,60.00402576489533,62.90257648953301,93.4640522875817,64.24047235641439
calib_0223,scope2_like,pbmc240,per_cell,V1_row_seed0,True,84.48275862068965,82.48980978260869,85.47469429347827,95.11494252873564,83.80604619565217
calib_0224,random_1,fulcher,per_cell,V1_row_seed0,True,0.0,0.0,,0.0,0.0
calib_0225,random_2,fulcher,per_cell,V1_row_seed0,True,1.9417475728155338,1.3513513513513513,79.3103448275862,1.9417475728155338,15.237651444547998
calib_0226,random_3,pbmc240,none,V1_row_seed0,True,62.77777777777778,63.59012971916198,98.70478983382208,62.77777777777778,76.05941718844946
calib_0227,random_5,fulcher,per_cell,V1_row_seed0,True,62.055715658021136,64.56015780613427,81.67779699754396,75.40826128722382,64.68087460999269
calib_0228,random_8,fulcher,none,V1_row_seed0,True,64.9402390438247,59.99794265419265,73.49759615384616,79.2828685258964,62.531726437976445
calib_0229,random_1,pbmc240,none,V1_row_seed0,True,98.25708061002179,98.25708061002179,,98.25708061002179,98.0392156862745
calib_0230,random_2,fulcher,none,V1_row_seed0,True,97.58064516129032,50.0,66.66666666666666,98.38709677419355,50.0
calib_0231,random_3,pbmc240,none,V1_row_seed0,True,50.0,61.24492432631967,99.4186046511628,51.5,61.63252122554448
calib_0232,random_5,random_0.35,none,V1_row_seed0,True,83.55263157894737,84.71428571428572,85.0,99.3421052631579,84.38690476190477
calib_0233,random_8,random_0.25,none,V1_row_seed0,True,81.97674418604652,70.94784425686859,89.10573899371069,86.62790697674419,79.55540383978814
calib_0234,myeloid,random_0.25,none,V1_row_seed0,True,56.36363636363636,68.43266611302128,87.62230000853752,60.0,70.72665957793593
calib_0235,lymphoid,scope2,per_cell,V1_row_seed0,True,39.02439024390244,55.45454545454545,60.0,90.2439024390244,70.0
calib_0236,pbmc_like,scope2,per_cell,V1_row_seed0,True,62.66666666666667,61.98523698523698,66.02564102564102,88.66666666666667,73.03904428904428
calib_0237,scope2_like,scope2,none,V1_row_seed0,True,84.5,74.07264792709536,79.1297651135926,95.5,74.84597612629958
calib_0238,random_1,random_0.35,none,V1_row_seed0,True,100.0,100.0,,100.0,100.0
calib_0239,random_2,fulcher,none,V1_row_seed0,True,84.65227817745803,82.95157678671394,97.08201156932263,87.52997601918466,86.48418548236612
calib_0000,random_1,fulcher,per_cell,V1_row_seed0,False,19.333333333333332,19.333333333333332,,19.333333333333332,21.333333333333336
calib_0001,random_2,random_0.35,none,V1_row_seed0,False,45.56962025316456,70.94594594594594,100.0,45.56962025316456,81.75675675675676
calib_0002,random_3,random_0.25,none,V1_row_seed0,False,88.66666666666667,73.46491228070175,98.24561403508771,89.33333333333333,70.68713450292398
calib_0003,random_5,scope2,per_cell,V1_row_seed0,False,67.33333333333333,81.42880034184381,97.72727272727273,67.33333333333333,87.49225510095077
calib_0004,random_8,random_0.15,none,V1_row_seed0,False,56.53409090909091,74.97525371640938,87.32195182961692,78.125,79.57711804704729
calib_0005,random_1,fulcher,per_cell,V1_row_seed0,False,22.25,22.25,,22.25,23.0
calib_0006,random_2,fulcher,per_cell,V1_row_seed0,False,77.83505154639175,45.76086956521739,85.0,77.83505154639175,46.30434782608695
calib_0007,random_3,pbmc240,none,V1_row_seed0,False,98.93203883495146,98.06354202227607,99.9592003263974,98.93203883495146,97.38326991343254
calib_0008,random_5,random_0.35,none,V1_row_seed0,False,74.83443708609272,72.81385281385282,86.1904761904762,84.10596026490066,72.86676286676285
calib_0009,random_8,fulcher,none,V1_row_seed0,False,70.58823529411765,62.61160714285714,88.54166666666667,73.20261437908496,62.90922619047619
calib_0010,myeloid,random_0.25,none,V1_row_seed0,False,81.25,85.43362238430305,90.35085704837317,90.84821428571429,86.26052118409416
calib_0011,lymphoid,fulcher,none,V1_row_seed0,False,98.3957219251337,98.41109709962168,99.23076923076923,98.3957219251337,98.41109709962168
calib_0012,pbmc_like,pbmc240,none,V1_row_seed0,False,61.601642710472284,70.55515269361638,78.175790219171,86.44763860369609,75.01795955529887
calib_0013,scope2_like,random_0.35,none,V1_row_seed0,False,88.0,81.47727272727273,88.29545454545456,94.66666666666667,81.81818181818181
calib_0014,random_1,random_0.35,none,V1_row_seed0,False,48.91304347826087,48.91304347826087,,48.91304347826087,50.0
calib_0015,random_2,random_0.15,none,V1_row_seed0,False,74.07407407407408,65.68627450980392,96.66666666666667,74.07407407407408,74.01960784313727
calib_0016,random_3,random_0.15,none,V1_row_seed0,False,76.14942528735632,83.51995968154561,98.63387978142076,76.14942528735632,84.77620187879906
calib_0017,random_5,scope2,per_cell,V1_row_seed0,False,78.125,71.18482864844052,84.34299191374663,85.26785714285714,70.00606469002696
calib_0018,random_8,random_0.35,none,V1_row_seed0,False,79.1728212703102,78.56947029975882,79.8582589411524,97.63663220088627,78.94052742023187
calib_0019,random_1,random_0.35,none,V1_row_seed0,False,100.0,100.0,,100.0,100.0
calib_0020,random_2,random_0.35,none,V1_row_seed0,False,51.78571428571429,52.69230769230769,73.33333333333334,69.64285714285714,62.43589743589744
calib_0021,random_3,fulcher,per_cell,V1_row_seed0,False,31.920359666024407,27.68963147270755,81.82326827930466,33.33333333333333,39.360755118403965
calib_0022,random_5,random_0.15,none,V1_row_seed0,False,56.934306569343065,62.26190476190475,87.76190476190477,66.42335766423358,68.55311355311355
calib_0023,random_8,random_0.35,none,V1_row_seed0,False,75.84745762711864,67.4097331621702,88.53431946549111,80.50847457627118,71.00089807869207
calib_0024,myeloid,random_0.15,none,V1_row_seed0,False,71.09375,75.29445397369926,80.46883933676386,92.1875,79.58261863922243
calib_0025,lymphoid,scope2,none,V1_row_seed0,False,75.18427518427518,76.3297308751854,78.32167832167832,97.54299754299754,74.23182877728331
calib_0026,pbmc_like,random_0.15,none,V1_row_seed0,False,61.14457831325302,69.58167920638931,75.4865546700883,85.8433734939759,73.94603188773546
calib_0027,scope2_like,scope2,none,V1_row_seed0,False,82.75,71.97728147862918,83.58362212809651,90.0,71.16544731099988
calib_0028,random_1,pbmc240,per_cell,V1_row_seed0,False,97.54098360655738,97.54098360655738,,97.54098360655738,97.54098360655738
calib_0029,random_2,pbmc240,none,V1_row_seed0,False,88.1578947368421,85.35684987694832,100.0,88.1578947368421,85.35684987694832
calib_0030,random_3,random_0.15,none,V1_row_seed0,False,85.5,80.89988963363751,98.22683171629306,86.5,89.59441323165784
calib_0031,random_5,pbmc240,per_cell,V1_row_seed0,False,78.8135593220339,62.76704354784584,67.79246462825685,94.0677966101695,65.55104317876372
calib_0032,random_8,pbmc240,none,V1_row_seed0,False,68.9873417721519,66.88569367140795,86.24175427746856,85.44303797468355,75.68362193362194
calib_0033,random_1,random_0.35,none,V1_row_seed0,False,35.0,35.0,,35.0,85.0
calib_0034,random_2,random_0.15,none,V1_row_seed0,False,20.689655172413794,24.166666666666664,100.0,20.689655172413794,47.22222222222222
calib_0035,random_3,fulcher,per_cell,V1_row_seed0,False,95.8,95.27948943661971,99.04269366197184,96.6,93.8600352112676
calib_0036,random_5,random_0.35,none,V1_row_seed0,False,90.0,58.39598997493734,84.91228070175438,92.6923076923077,64.11027568922304
calib_0037,random_8,scope2,per_cell,V1_row_seed0,False,76.18809404702351,64.54764359325637,75.59812634933955,90.99549774887443,69.6981474891463
calib_0038,myeloid,random_0.35,none,V1_row_seed0,False,86.74033149171271,84.5250355794196,88.57059056837082,92.81767955801105,85.18229661403912
calib_0039,lymphoid,random_0.25,none,V1_row_seed0,False,63.23529411764706,52.38095238095239,97.77777777777779,63.23529411764706,54.6031746031746
calib_0040,pbmc_like,random_0.35,none,V1_row_seed0,False,67.2,68.35223807446029,71.23380095602319,93.2,69.66247382914051
calib_0041,scope2_like,scope2,per_cell,V1_row_seed0,False,82.5,71.20395327942497,81.99845976126299,89.75,72.27891156462584
calib_0042,random_1,fulcher,per_cell,V1_row_seed0,False,21.62162162162162,21.62162162162162,,21.62162162162162,43.24324324324324
calib_0043,random_2,pbmc240,per_cell,V1_row_seed0,False,76.13636363636364,65.0,100.0,76.13636363636364,71.66666666666667
calib_0044,random_3,pbmc240,none,V1_row_seed0,False,92.30000000000001,72.58190991666473,77.45682888540031,98.8,73.26218202550825
calib_0045,random_5,scope2,none,V1_row_seed0,False,56.83453237410072,65.37092860819057,91.23927162218465,61.87050359712231,75.3081881234223
calib_0046,random_8,random_0.35,none,V1_row_seed0,False,81.10236220472441,77.74648962148962,94.83440170940172,83.46456692913385,89.11324786324786
calib_0047,random_1,random_0.15,none,V1_row_seed0,False,37.333333333333336,37.333333333333336,,37.333333333333336,45.33333333333333
calib_0048,random_2,scope2,per_cell,V1_row_seed0,False,58.8150289017341,46.185617103984455,99.9271137026239,58.8150289017341,56.70553935860059
calib_0049,random_3,fulcher,none,V1_row_seed0,False,77.63157894736842,67.11373050185352,82.04085887012717,84.21052631578947,68.97245561084374
calib_0050,random_5,random_0.25,none,V1_row_seed0,False,38.46153846153847,59.07692307692307,90.96794871794872,44.61538461538462,67.43589743589745
calib_0051,random_8,random_0.15,none,V1_row_seed0,False,52.75590551181102,52.44123931623932,91.3888888888889,55.90551181102362,67.88461538461539
calib_0052,myeloid,scope2,none,V1_row_seed0,False,66.66666666666666,69.7400654511454,75.53716690042074,89.33333333333333,69.14788842138071
calib_0053,lymphoid,random_0.35,none,V1_row_seed0,False,79.59527824620574,84.49372716396675,97.6254567206648,80.94435075885329,87.40299738092928
calib_0054,pbmc_like,scope2,none,V1_row_seed0,False,80.59701492537313,68.75964069092838,72.8949226293121,95.27363184079603,74.30132702936201
calib_0055,scope2_like,random_0.35,none,V1_row_seed0,False,75.75,67.21537671672442,80.16621743036836,86.75,67.34693877551021
calib_0056,random_1,random_0.35,none,V1_row_seed0,False,99.82678983833718,99.82678983833718,,99.82678983833718,99.88452655889145
calib_0057,random_2,pbmc240,per_cell,V1_row_seed0,False,44.0,42.028985507246375,95.65217391304348,46.0,59.715512614063336
calib_0058,random_3,random_0.15,none,V1_row_seed0,False,46.75324675324675,44.0251572327044,93.33333333333333,46.75324675324675,50.314465408805034
calib_0059,random_5,random_0.35,none,V1_row_seed0,False,46.97674418604651,59.47866703396423,68.74205989110708,91.62790697674419,63.1101325512056
calib_0060,random_8,scope2,per_cell,V1_row_seed0,False,81.16883116883116,72.92665022316184,81.44937749588912,90.9090909090909,76.24706365985435
calib_0061,random_1,pbmc240,none,V1_row_seed0,False,4.666666666666667,4.666666666666667,,4.666666666666667,6.0
calib_0062,random_2,scope2,per_cell,V1_row_seed0,False,72.2,77.1376366061068,99.86187845303867,72.2,79.0557508789553
calib_0063,random_3,fulcher,none,V1_row_seed0,False,46.808510638297875,53.088512241054616,93.33333333333333,47.87234042553192,63.76647834274954
calib_0064,random_5,random_0.25,none,V1_row_seed0,False,59.01639344262295,79.0,84.00000000000001,85.24590163934425,82.33333333333334
calib_0065,random_8,random_0.35,none,V1_row_seed0,False,84.03483309143687,85.59803260476903,92.61080889908739,88.67924528301887,84.93885930467869
calib_0066,myeloid,random_0.25,none,V1_row_seed0,False,67.53585397653194,73.24731182795699,86.85842293906809,75.7496740547588,74.5089605734767
calib_0067,lymphoid,fulcher,none,V1_row_seed0,False,85.33333333333334,83.49567099567099,99.40476190476191,86.0,91.07142857142858
calib_0068,pbmc_like,random_0.35,none,V1_row_seed0,False,71.25,72.37644211522363,77.06628540503235,88.75,77.0189916414941
calib_0069,scope2_like,random_0.15,none,V1_row_seed0,False,82.61494252873564,75.64962635869566,78.61328125,94.54022988505747,79.33508831521738
calib_0070,random_1,random_0.25,none,V1_row_seed0,False,99.5,99.5,,99.5,99.5
calib_0071,random_2,scope2,none,V1_row_seed0,False,95.3125,73.77049180327869,100.0,95.3125,82.10382513661202
calib_0072,random_3,pbmc240,none,V1_row_seed0,False,92.05298013245033,92.73684210526315,100.0,92.05298013245033,90.90058479532162
calib_0073,random_5,pbmc240,none,V1_row_seed0,False,93.95973154362416,88.92820512820514,98.66666666666667,93.95973154362416,88.92820512820514
calib_0074,random_8,random_0.35,none,V1_row_seed0,False,56.12244897959183,61.82017543859649,90.08771929824562,67.3469387755102,68.67324561403508
calib_0075,random_1,random_0.25,none,V1_row_seed0,False,57.99999999999999,57.99999999999999,,57.99999999999999,62.0
calib_0076,random_2,random_0.25,none,V1_row_seed0,False,63.597883597883595,76.25850340136054,99.18367346938776,64.86772486772486,85.578231292517
calib_0077,random_3,pbmc240,per_cell,V1_row_seed0,False,13.60544217687075,16.010928961748636,77.23132969034609,19.047619047619047,19.34426229508197
calib_0078,random_5,random_0.15,none,V1_row_seed0,False,44.0,54.13978494623656,81.36559139784947,56.00000000000001,70.0752688172043
calib_0079,random_8,pbmc240,none,V1_row_seed0,False,81.66666666666667,86.82539682539682,96.96428571428571,85.0,91.54761904761905
calib_0080,myeloid,random_0.35,none,V1_row_seed0,False,91.01123595505618,92.45283018867924,100.0,91.01123595505618,95.28301886792453
calib_0081,lymphoid,random_0.35,none,V1_row_seed0,False,84.7328244274809,78.4920634920635,98.88888888888889,84.7328244274809,84.04761904761905
calib_0082,pbmc_like,random_0.25,none,V1_row_seed0,False,50.0,69.46703205595134,76.3007345291887,73.07692307692307,73.96755319463938
calib_0083,scope2_like,scope2,per_cell,V1_row_seed0,False,82.90229885057471,71.31878396739131,82.27326766304348,90.08620689655173,71.84103260869566
calib_0084,random_1,random_0.35,none,V1_row_seed0,False,39.130434782608695,39.130434782608695,,39.130434782608695,43.47826086956522
calib_0085,random_2,pbmc240,none,V1_row_seed0,False,65.25,76.76011613137361,100.0,65.25,73.13101070586102
calib_0086,random_3,random_0.15,none,V1_row_seed0,False,69.9228791773779,76.2468030690537,91.20843989769821,79.17737789203085,80.45609548167091
calib_0087,random_5,random_0.25,none,V1_row_seed0,False,70.32085561497327,84.88363098241012,89.45632798573975,94.38502673796792,84.88379914573034
calib_0088,random_8,fulcher,per_cell,V1_row_seed0,False,66.4804469273743,47.50559314634945,74.13908745316309,74.30167597765363,46.062652333660736
calib_0089,random_1,fulcher,none,V1_row_seed0,False,35.27696793002916,35.27696793002916,,35.27696793002916,36.15160349854227
calib_0090,random_2,pbmc240,none,V1_row_seed0,False,98.25,97.89346246973365,99.66101694915255,98.25,98.36965294592413
calib_0091,random_3,random_0.15,none,V1_row_seed0,False,65.44117647058823,73.70791844476055,100.0,65.44117647058823,79.54006638217164
calib_0092,random_5,fulcher,per_cell,V1_row_seed0,False,36.3013698630137,47.381174277726004,67.90074557315936,69.86301369863014,49.81360671015843
calib_0093,random_8,pbmc240,none,V1_row_seed0,False,88.22055137844612,84.95877130921097,95.31620594973384,89.47368421052632,86.47633666868809
calib_0094,myeloid,fulcher,per_cell,V1_row_seed0,False,49.193548387096776,55.37127206329884,62.62933657942787,88.70967741935483,53.758368837492384
calib_0095,lymphoid,fulcher,per_cell,V1_row_seed0,False,54.679802955665025,50.32188389738986,61.66940162788631,86.69950738916256,62.49363011168927
calib_0096,pbmc_like,scope2,none,V1_row_seed0,False,75.45871559633028,76.85009937354353,79.2619974376155,88.53211009174312,80.02457922960906
calib_0097,scope2_like,random_0.15,none,V1_row_seed0,False,78.0,73.86363636363636,87.1590909090909,88.0,75.11363636363637
calib_0098,random_1,fulcher,per_cell,V1_row_seed0,False,92.45283018867924,92.45283018867924,,92.45283018867924,92.45283018867924
calib_0099,random_2,pbmc240,per_cell,V1_row_seed0,False,93.38842975206612,93.35382513661202,99.16666666666667,93.38842975206612,92.09699453551912
calib_0100,random_3,random_0.15,none,V1_row_seed0,False,83.33333333333334,82.02614379084969,99.01960784313727,83.33333333333334,78.8515406162465
calib_0101,random_5,pbmc240,none,V1_row_seed0,False,77.85234899328859,86.4814814814815,98.33333333333331,77.85234899328859,90.55555555555556
calib_0102,random_8,fulcher,per_cell,V1_row_seed0,False,53.68421052631579,46.66889416889416,69.00430650430651,83.15789473684211,52.79502029502029
calib_0103,random_1,scope2,none,V1_row_seed0,False,76.5,76.5,,76.5,75.75
calib_0104,random_2,random_0.35,none,V1_row_seed0,False,60.36144578313253,73.00271298995789,99.57989148040168,60.36144578313253,74.98785228377065
calib_0105,random_3,scope2,none,V1_row_seed0,False,94.25,79.8713303604608,100.0,94.25,80.72603121516165
calib_0106,random_5,fulcher,none,V1_row_seed0,False,68.44919786096256,66.13018249810703,75.24156660949114,74.8663101604278,67.17973977407941
calib_0107,random_8,scope2,none,V1_row_seed0,False,62.4113475177305,72.07167223614593,84.78313840155946,87.2340425531915,77.32438735728209
calib_0108,myeloid,pbmc240,none,V1_row_seed0,False,68.35443037974683,71.95096122515477,79.39719778429456,85.82278481012658,71.99983708048224
calib_0109,lymphoid,random_0.35,none,V1_row_seed0,False,42.0,44.166666666666664,70.0,62.0,55.833333333333336
calib_0110,pbmc_like,pbmc240,per_cell,V1_row_seed0,False,40.14962593516209,53.93932100177026,61.64297516269664,84.28927680798004,59.232207430701564
calib_0111,scope2_like,random_0.35,none,V1_row_seed0,False,77.01149425287356,69.2297894021739,85.3515625,84.77011494252874,71.38247282608697
calib_0112,random_1,random_0.35,none,V1_row_seed0,False,45.0,45.0,,45.0,80.0
calib_0113,random_2,random_0.15,none,V1_row_seed0,False,65.0,65.0,100.0,65.0,89.99999999999999
calib_0114,random_3,scope2,per_cell,V1_row_seed0,False,48.99328859060403,49.95483288166214,90.52393857271906,58.38926174496645,61.28274616079494
calib_0115,random_5,random_0.35,none,V1_row_seed0,False,79.05405405405406,79.77837675950884,96.42557651991615,81.08108108108108,81.64420485175204
calib_0116,random_8,random_0.35,none,V1_row_seed0,False,70.73170731707317,72.36295476892822,77.77962143559489,95.73170731707317,72.85152409046215
calib_0117,random_1,scope2,none,V1_row_seed0,False,88.67924528301887,88.67924528301887,,88.67924528301887,90.56603773584906
calib_0118,random_2,random_0.15,none,V1_row_seed0,False,84.7457627118644,91.50943396226415,100.0,84.7457627118644,94.33962264150944
calib_0119,random_3,random_0.25,none,V1_row_seed0,False,82.37885462555066,83.50026082420449,99.16014606155451,82.81938325991189,83.81846635367762
calib_0120,random_5,random_0.35,none,V1_row_seed0,False,78.25,70.53403871931792,95.78801063572638,80.25,82.71961822723244
calib_0121,random_8,random_0.15,none,V1_row_seed0,False,70.51282051282051,68.37130349325471,80.49015009380864,87.17948717948718,80.72366657732513
calib_0122,myeloid,fulcher,per_cell,V1_row_seed0,False,41.72185430463576,68.04062126642772,72.93309438470729,82.11920529801324,69.50418160095579
calib_0123,lymphoid,random_0.35,none,V1_row_seed0,False,62.0,70.95588235294117,100.0,62.0,70.95588235294117
calib_0124,pbmc_like,random_0.35,none,V1_row_seed0,False,66.03053435114504,77.45196024181531,77.60211039196547,82.06106870229007,79.07892364414103
calib_0125,scope2_like,fulcher,none,V1_row_seed0,False,80.57553956834532,75.31374968093252,81.16225644516292,92.66187050359711,78.33531864204883
calib_0126,random_1,random_0.35,none,V1_row_seed0,False,100.0,100.0,,100.0,100.0
calib_0127,random_2,random_0.25,none,V1_row_seed0,False,98.66666666666667,90.0,100.0,98.66666666666667,95.0
calib_0128,random_3,pbmc240,none,V1_row_seed0,False,58.42696629213483,74.55156058508014,100.0,58.42696629213483,74.18429387703131
calib_0129,random_5,random_0.15,none,V1_row_seed0,False,93.08510638297872,77.91666666666667,100.0,93.08510638297872,82.91666666666669
calib_0130,random_8,random_0.35,none,V1_row_seed0,False,76.88984881209502,84.17664868623083,89.3958984233306,91.14470842332614,86.4447119845935
calib_0131,random_1,fulcher,none,V1_row_seed0,False,90.56603773584906,90.56603773584906,,90.56603773584906,90.56603773584906
calib_0132,random_2,fulcher,none,V1_row_seed0,False,86.25,72.8955771451865,99.86072423398329,86.25,77.07724709559074
calib_0133,random_3,fulcher,per_cell,V1_row_seed0,False,83.5,71.37085137085138,97.82395382395383,84.0,73.94516594516595
calib_0134,random_5,random_0.35,none,V1_row_seed0,False,86.95652173913044,72.79574722970949,97.75681341719078,90.21739130434783,74.22431865828092
calib_0135,random_8,random_0.25,none,V1_row_seed0,False,66.4,71.47727272727272,81.25,76.0,73.29545454545455
calib_0136,myeloid,random_0.25,none,V1_row_seed0,False,69.91869918699187,80.12547585654177,81.88301442596675,95.52845528455285,84.42571628932079
calib_0137,lymphoid,random_0.15,none,V1_row_seed0,False,71.75,67.72472418158799,88.19256043889794,73.25,77.5200458190149
calib_0138,pbmc_like,random_0.25,none,V1_row_seed0,False,70.625,68.92391764805558,72.33736244081072,85.625,72.89006561420355
calib_0139,scope2_like,random_0.25,none,V1_row_seed0,False,77.33333333333333,68.63636363636363,79.31818181818183,90.0,73.18181818181819
calib_0140,random_1,random_0.25,none,V1_row_seed0,False,99.6,99.6,,99.6,99.7
calib_0141,random_2,random_0.25,none,V1_row_seed0,False,99.4,99.69199178644763,99.69199178644763,99.7,99.69199178644763
calib_0142,random_3,random_0.25,none,V1_row_seed0,False,77.41935483870968,76.93920335429767,100.0,77.41935483870968,85.01048218029351
calib_0143,random_5,random_0.35,none,V1_row_seed0,False,79.40199335548172,72.88432268996532,91.93727484636575,79.40199335548172,74.00604388065203
calib_0144,random_8,pbmc240,per_cell,V1_row_seed0,False,65.33333333333333,64.60292580982237,74.92979362591431,87.33333333333333,68.32059822361546
calib_0145,random_1,random_0.15,none,V1_row_seed0,False,22.0,22.0,,22.0,32.0
calib_0146,random_2,random_0.35,none,V1_row_seed0,False,99.25,99.2703211633016,100.0,99.25,99.68354430379746
calib_0147,random_3,pbmc240,none,V1_row_seed0,False,61.44578313253012,55.833333333333336,100.0,61.44578313253012,56.66666666666668
calib_0148,random_5,scope2,per_cell,V1_row_seed0,False,83.72781065088756,74.296569663886,98.62068965517243,83.72781065088756,82.7413948703304
calib_0149,random_8,random_0.35,none,V1_row_seed0,False,73.19587628865979,77.66758826171977,87.30294712224513,92.26804123711341,80.27182512155807
calib_0150,myeloid,random_0.35,none,V1_row_seed0,False,94.1,95.3902571421938,99.4733112295043,94.25,94.9318919779463
calib_0151,lymphoid,random_0.15,none,V1_row_seed0,False,77.88461538461539,57.758716104039856,76.18705035971223,80.76923076923077,59.63905798438173
calib_0152,pbmc_like,random_0.35,none,V1_row_seed0,False,81.610337972167,72.44213182636211,76.26672063624504,96.22266401590457,73.17434554646832
calib_0153,scope2_like,pbmc240,per_cell,V1_row_seed0,False,85.0574712643678,80.26919157608697,84.6891983695652,94.68390804597702,80.49847146739131
calib_0154,random_1,random_0.15,none,V1_row_seed0,False,83.01886792452831,83.01886792452831,,83.01886792452831,88.67924528301887
calib_0155,random_2,fulcher,per_cell,V1_row_seed0,False,81.17283950617285,59.73513513513513,69.19459459459459,93.82716049382715,70.54594594594595
calib_0156,random_3,fulcher,none,V1_row_seed0,False,98.5,95.6074481074481,99.88095238095238,98.75,95.48840048840049
calib_0157,random_5,random_0.25,none,V1_row_seed0,False,31.46067415730337,57.48717948717948,82.0,49.43820224719101,64.71794871794872
calib_0158,random_8,scope2,none,V1_row_seed0,False,61.0,62.313065125269205,87.71221070504139,66.0,76.48474661429215
calib_0159,random_1,pbmc240,per_cell,V1_row_seed0,False,79.33333333333333,79.33333333333333,,79.33333333333333,76.0
calib_0160,random_2,scope2,none,V1_row_seed0,False,67.3913043478261,63.82647385984427,100.0,67.3913043478261,71.90211345939935
calib_0161,random_3,fulcher,none,V1_row_seed0,False,91.57894736842105,85.96491228070175,87.71929824561404,97.89473684210527,84.21052631578947
calib_0162,random_5,random_0.15,none,V1_row_seed0,False,57.608695652173914,71.43325143325143,83.03439803439805,63.58695652173913,72.18673218673219
calib_0163,random_8,pbmc240,per_cell,V1_row_seed0,False,53.333333333333336,55.2004477004477,75.04171754171753,79.16666666666666,60.34595034595034
calib_0164,myeloid,fulcher,none,V1_row_seed0,False,0.6666666666666667,1.3157894736842104,70.53571428571428,2.0,1.3157894736842104
calib_0165,lymphoid,scope2,per_cell,V1_row_seed0,False,78.33333333333333,78.25933791132458,86.23575993331481,81.66666666666667,87.89916841979914
calib_0166,pbmc_like,random_0.15,none,V1_row_seed0,False,68.125,73.71159180907608,75.56026724265718,90.625,77.69990258983968
calib_0167,scope2_like,random_0.35,none,V1_row_seed0,False,84.0,73.97727272727272,85.3409090909091,90.66666666666666,75.22727272727273
calib_0168,random_1,random_0.35,none,V1_row_seed0,False,86.79245283018868,86.79245283018868,,86.79245283018868,88.67924528301887
calib_0169,random_2,random_0.25,none,V1_row_seed0,False,58.65384615384615,70.94594594594594,100.0,58.65384615384615,77.7027027027027
calib_0170,random_3,scope2,per_cell,V1_row_seed0,False,95.33333333333334,65.85365853658537,100.0,95.33333333333334,93.63143631436314
calib_0171,random_5,random_0.35,none,V1_row_seed0,False,76.51162790697674,83.42966751918158,99.86928104575163,76.51162790697674,84.50374159325567
calib_0172,random_8,random_0.35,none,V1_row_seed0,False,96.89922480620154,90.7051282051282,95.83333333333333,97.67441860465115,94.87179487179486
calib_0173,random_1,fulcher,none,V1_row_seed0,False,92.66666666666666,92.66666666666666,,92.66666666666666,90.66666666666666
calib_0174,random_2,scope2,none,V1_row_seed0,False,83.1,81.69437423034546,99.64028776978418,83.3,87.95612158921512
calib_0175,random_3,fulcher,none,V1_row_seed0,False,48.888888888888886,53.91545391545392,100.0,48.888888888888886,62.78586278586279
calib_0176,random_5,random_0.35,none,V1_row_seed0,False,83.45864661654136,83.11168831168831,98.46666666666668,83.45864661654136,83.84184704184705
calib_0177,random_8,random_0.25,none,V1_row_seed0,False,66.44067796610169,66.31667154003927,91.09825923412555,72.54237288135593,73.83471534292627
calib_0178,myeloid,pbmc240,per_cell,V1_row_seed0,False,84.0,88.67924528301887,100.0,84.0,90.56603773584906
calib_0179,lymphoid,scope2,none,V1_row_seed0,False,68.33333333333333,68.6637618010167,98.94698620188815,68.33333333333333,70.29774872912128
calib_0180,pbmc_like,fulcher,per_cell,V1_row_seed0,False,53.84615384615385,47.19220213337861,55.642135642135635,87.17948717948718,49.8829188240953
calib_0181,scope2_like,random_0.35,none,V1_row_seed0,False,80.71942446043165,69.8470603250234,81.23883263847529,90.35971223021583,69.82525738109419
calib_0182,random_1,random_0.35,none,V1_row_seed0,False,81.3,81.3,,81.3,82.0
calib_0183,random_2,fulcher,per_cell,V1_row_seed0,False,17.391304347826086,52.5,87.5,17.391304347826086,55.00000000000001
calib_0184,random_3,random_0.25,none,V1_row_seed0,False,79.74683544303798,74.73075871353147,88.48677983214488,85.44303797468355,80.43951536568436
calib_0185,random_5,fulcher,per_cell,V1_row_seed0,False,43.70860927152318,26.35867895545315,75.12980030721967,45.033112582781456,25.705069124423964
calib_0186,random_8,random_0.25,none,V1_row_seed0,False,79.09738717339667,72.4688664736534,80.0799116003435,91.21140142517815,74.78086264956816
calib_0187,random_1,scope2,none,V1_row_seed0,False,71.33333333333334,71.33333333333334,,71.33333333333334,84.0
calib_0188,random_2,scope2,per_cell,V1_row_seed0,False,70.37037037037037,72.75697828976517,99.59016393442623,70.37037037037037,73.77049180327869
calib_0189,random_3,random_0.15,none,V1_row_seed0,False,63.46153846153846,74.09340291716848,100.0,63.46153846153846,87.24742405994915
calib_0190,random_5,random_0.15,none,V1_row_seed0,False,71.76128093158661,71.9369917462545,83.80074601246612,74.38136826783115,77.18816535321753
calib_0191,random_8,pbmc240,per_cell,V1_row_seed0,False,24.56575682382134,40.750392923542826,74.10395334161937,28.03970223325062,44.05723266823836
calib_0192,myeloid,random_0.15,none,V1_row_seed0,False,81.81818181818183,54.33417792792793,61.724380630630634,92.20779220779221,62.45917792792793
calib_0193,lymphoid,fulcher,per_cell,V1_row_seed0,False,31.372549019607842,33.33333333333333,65.55555555555556,66.66666666666666,62.22222222222222
calib_0194,pbmc_like,scope2,none,V1_row_seed0,False,72.0408163265306,74.75311899037843,78.19242720522233,90.20408163265307,79.66482940807757
calib_0195,scope2_like,random_0.15,none,V1_row_seed0,False,77.33333333333333,67.04545454545455,81.02272727272728,86.0,69.0909090909091
calib_0196,random_1,random_0.25,none,V1_row_seed0,False,62.5,62.5,,62.5,62.5
calib_0197,random_2,fulcher,none,V1_row_seed0,False,47.93388429752066,46.175963197239795,97.87234042553192,47.93388429752066,55.63542265669925
calib_0198,random_3,pbmc240,per_cell,V1_row_seed0,False,90.0,94.3820224719101,98.87640449438203,90.66666666666666,93.63295880149813
calib_0199,random_5,fulcher,none,V1_row_seed0,False,64.21052631578948,67.03508771929825,87.00000000000001,70.52631578947368,68.50877192982455
calib_0200,random_8,random_0.35,none,V1_row_seed0,False,82.23684210526315,71.81945771619684,92.7008679726071,88.81578947368422,75.15813292987205
calib_0201,random_1,random_0.25,none,V1_row_seed0,False,99.33333333333333,99.33333333333333,,99.33333333333333,99.33333333333333
calib_0202,random_2,pbmc240,none,V1_row_seed0,False,94.52054794520548,96.22641509433963,100.0,94.52054794520548,96.22641509433963
calib_0203,random_3,pbmc240,none,V1_row_seed0,False,45.714285714285715,55.807057057057065,93.75,45.714285714285715,67.0382882882883
calib_0204,random_5,random_0.35,none,V1_row_seed0,False,82.05128205128204,74.16792452830188,97.10000000000001,82.05128205128204,84.5679245283019
calib_0205,random_8,random_0.15,none,V1_row_seed0,False,80.89171974522293,70.43478260869566,85.12228260869566,84.71337579617835,74.54936594202898
calib_0206,myeloid,fulcher,per_cell,V1_row_seed0,False,16.025641025641026,52.40740740740741,62.21014492753623,64.74358974358975,52.40740740740741
calib_0207,lymphoid,random_0.25,none,V1_row_seed0,False,57.399103139013455,71.96354269863285,99.9271137026239,57.399103139013455,74.44167680942002
calib_0208,pbmc_like,fulcher,per_cell,V1_row_seed0,False,28.157349896480333,45.311197493957394,54.830553461704035,78.67494824016563,49.413154537090904
calib_0209,scope2_like,pbmc240,per_cell,V1_row_seed0,False,86.0,80.11363636363636,82.72727272727273,95.33333333333334,84.20454545454545
calib_0210,random_1,random_0.25,none,V1_row_seed0,False,89.97821350762527,89.97821350762527,,89.97821350762527,84.9673202614379
calib_0211,random_2,pbmc240,none,V1_row_seed0,False,80.66666666666666,75.0,99.13793103448276,81.33333333333333,75.0
calib_0212,random_3,scope2,none,V1_row_seed0,False,65.33333333333333,65.35854432080848,67.25743159705425,96.66666666666667,65.98747513841853
calib_0213,random_5,random_0.15,none,V1_row_seed0,False,46.34146341463415,55.333333333333336,79.0,46.34146341463415,81.66666666666667
calib_0214,random_8,scope2,none,V1_row_seed0,False,83.62068965517241,83.171831232493,88.11974789915966,97.41379310344827,83.63449357015533
calib_0215,random_1,random_0.25,none,V1_row_seed0,False,99.0,99.0,,99.0,98.5
calib_0216,random_2,random_0.25,none,V1_row_seed0,False,26.08695652173913,57.49999999999999,100.0,26.08695652173913,92.5
calib_0217,random_3,pbmc240,none,V1_row_seed0,False,78.54984894259819,87.13768115942028,99.81884057971014,78.54984894259819,88.04347826086956
calib_0218,random_5,random_0.15,none,V1_row_seed0,False,81.75,79.20090010393676,95.7245500940102,84.5,83.05736228380573
calib_0219,random_8,random_0.15,none,V1_row_seed0,False,54.22535211267606,76.22888513513513,98.75,54.929577464788736,84.0625
calib_0220,myeloid,random_0.35,none,V1_row_seed0,False,81.03448275862068,84.14912040834929,90.26695378725731,87.93103448275862,84.14912040834929
calib_0221,lymphoid,random_0.35,none,V1_row_seed0,False,92.66666666666666,92.002442002442,98.41269841269842,93.33333333333333,89.43833943833943
calib_0222,pbmc_like,random_0.25,none,V1_row_seed0,False,73.20261437908496,69.16129898013956,72.61540526033279,92.15686274509804,69.98255501878691
calib_0223,scope2_like,pbmc240,per_cell,V1_row_seed0,False,83.9080459770115,80.35835597826086,85.5383831521739,93.53448275862068,81.67459239130434
calib_0224,random_1,fulcher,per_cell,V1_row_seed0,False,0.0,0.0,,0.0,0.0
calib_0225,random_2,fulcher,per_cell,V1_row_seed0,False,14.563106796116504,10.135135135135135,86.20689655172413,14.563106796116504,26.79403541472507
calib_0226,random_3,pbmc240,none,V1_row_seed0,False,62.22222222222222,62.832553961586214,97.18963831867057,62.22222222222222,71.84156297059522
calib_0227,random_5,fulcher,per_cell,V1_row_seed0,False,64.93756003842459,66.3166812948849,81.94830667471678,77.23342939481267,64.99965203470387
calib_0228,random_8,fulcher,none,V1_row_seed0,False,65.5378486055777,63.66085781034234,79.05153695102149,76.69322709163346,65.99367139315592
calib_0229,random_1,pbmc240,none,V1_row_seed0,False,88.88888888888889,88.88888888888889,,88.88888888888889,86.9281045751634
calib_0230,random_2,fulcher,none,V1_row_seed0,False,96.7741935483871,65.84022038567493,100.0,96.7741935483871,65.84022038567493
calib_0231,random_3,pbmc240,none,V1_row_seed0,False,49.5,68.5031376891842,100.0,49.5,65.90992986341824
calib_0232,random_5,random_0.35,none,V1_row_seed0,False,85.52631578947368,85.60714285714288,85.60714285714288,99.3421052631579,85.90476190476191
calib_0233,random_8,random_0.25,none,V1_row_seed0,False,79.65116279069767,72.81674114531612,89.39589539887454,84.88372093023256,77.12615855676927
calib_0234,myeloid,random_0.25,none,V1_row_seed0,False,63.33333333333333,72.41382923402901,89.36364412502037,67.87878787878789,74.58445550010478
calib_0235,lymphoid,scope2,per_cell,V1_row_seed0,False,41.46341463414634,51.36363636363637,65.0,70.73170731707317,64.24242424242425
calib_0236,pbmc_like,scope2,per_cell,V1_row_seed0,False,68.0,72.97397047397047,75.16511266511266,92.66666666666666,81.11952861952862
calib_0237,scope2_like,scope2,none,V1_row_seed0,False,83.25,72.0157874470543,83.24348607367476,90.75,73.60094981388782
calib_0238,random_1,random_0.35,none,V1_row_seed0,False,99.5,99.5,,99.5,99.5
calib_0239,random_2,fulcher,none,V1_row_seed0,False,83.69304556354916,81.63603284194812,98.91304347826086,84.65227817745803,85.44038066803508
calib_0000,random_1,fulcher,per_cell,V2_batchgene_aug_seed0,True,26.0,26.0,,26.0,17.333333333333336
calib_0001,random_2,random_0.35,none,V2_batchgene_aug_seed0,True,6.329113924050633,50.0,100.0,6.329113924050633,62.16216216216216
calib_0002,random_3,random_0.25,none,V2_batchgene_aug_seed0,True,82.0,59.55689457288079,100.0,82.0,79.00133901732525
calib_0003,random_5,scope2,per_cell,V2_batchgene_aug_seed0,True,41.333333333333336,55.34193284193284,94.62121212121211,41.333333333333336,72.49323434106043
calib_0004,random_8,random_0.15,none,V2_batchgene_aug_seed0,True,81.25,72.93937096708322,86.62354253450953,84.6590909090909,68.01918698439925
calib_0005,random_1,fulcher,per_cell,V2_batchgene_aug_seed0,True,7.75,7.75,,7.75,14.499999999999998
calib_0006,random_2,fulcher,per_cell,V2_batchgene_aug_seed0,True,65.4639175257732,67.6086956521739,95.0,65.97938144329896,68.80434782608695
calib_0007,random_3,pbmc240,none,V2_batchgene_aug_seed0,True,93.88349514563107,93.15259355476178,99.9592003263974,93.88349514563107,93.42015059797889
calib_0008,random_5,random_0.35,none,V2_batchgene_aug_seed0,True,59.60264900662252,63.82275132275132,88.37301587301587,69.5364238410596,66.51154401154402
calib_0009,random_8,fulcher,none,V2_batchgene_aug_seed0,True,83.66013071895425,77.0610119047619,86.19791666666667,89.54248366013073,70.98958333333334
calib_0010,myeloid,random_0.25,none,V2_batchgene_aug_seed0,True,75.22321428571429,78.31789657679316,85.54073702748171,83.03571428571429,84.18794305765884
calib_0011,lymphoid,fulcher,none,V2_batchgene_aug_seed0,True,89.83957219251337,91.49432534678436,99.23076923076923,89.83957219251337,91.49432534678436
calib_0012,pbmc_like,pbmc240,none,V2_batchgene_aug_seed0,True,60.78028747433265,65.9589674296924,73.0669192725453,89.3223819301848,71.57385076572363
calib_0013,scope2_like,random_0.35,none,V2_batchgene_aug_seed0,True,42.0,55.68181818181818,87.1590909090909,48.66666666666667,70.68181818181817
calib_0014,random_1,random_0.35,none,V2_batchgene_aug_seed0,True,71.73913043478261,71.73913043478261,,71.73913043478261,72.28260869565217
calib_0015,random_2,random_0.15,none,V2_batchgene_aug_seed0,True,70.37037037037037,63.431372549019606,95.3921568627451,72.8395061728395,64.41176470588235
calib_0016,random_3,random_0.15,none,V2_batchgene_aug_seed0,True,75.28735632183908,83.03554982501382,97.81420765027322,76.14942528735632,81.264198440474
calib_0017,random_5,scope2,per_cell,V2_batchgene_aug_seed0,True,62.05357142857143,58.405564112437425,75.34433962264151,78.57142857142857,56.19050827878323
calib_0018,random_8,random_0.35,none,V2_batchgene_aug_seed0,True,73.55982274741507,73.37057739927029,81.01526844660376,84.3426883308715,80.66843293578775
calib_0019,random_1,random_0.35,none,V2_batchgene_aug_seed0,True,36.36363636363637,36.36363636363637,,36.36363636363637,69.6969696969697
calib_0020,random_2,random_0.35,none,V2_batchgene_aug_seed0,True,46.42857142857143,44.10256410256411,74.1025641025641,58.92857142857143,56.794871794871796
calib_0021,random_3,fulcher,per_cell,V2_batchgene_aug_seed0,True,47.784200385356456,59.156675970347415,71.98628134749966,71.48362235067437,59.15228727901
calib_0022,random_5,random_0.15,none,V2_batchgene_aug_seed0,True,61.31386861313869,66.50915750915752,88.91758241758242,66.42335766423358,68.48901098901099
calib_0023,random_8,random_0.35,none,V2_batchgene_aug_seed0,True,57.6271186440678,58.827624717258665,80.29502586333317,66.10169491525424,64.78256205311314
calib_0024,myeloid,random_0.15,none,V2_batchgene_aug_seed0,True,37.5,37.45283018867925,71.93825042881646,47.65625,65.68038879359635
calib_0025,lymphoid,scope2,none,V2_batchgene_aug_seed0,True,64.12776412776412,65.7130748039839,74.12587412587412,90.41769041769042,65.98855689764781
calib_0026,pbmc_like,random_0.15,none,V2_batchgene_aug_seed0,True,62.048192771084345,63.00396854792808,72.35582039977992,88.25301204819277,67.33112400675124
calib_0027,scope2_like,scope2,none,V2_batchgene_aug_seed0,True,64.25,71.75908099088693,85.98382749326146,77.75,74.25555127711463
calib_0028,random_1,pbmc240,per_cell,V2_batchgene_aug_seed0,True,35.24590163934426,35.24590163934426,,35.24590163934426,45.90163934426229
calib_0029,random_2,pbmc240,none,V2_batchgene_aug_seed0,True,44.73684210526316,40.68908941755537,100.0,44.73684210526316,68.37571780147663
calib_0030,random_3,random_0.15,none,V2_batchgene_aug_seed0,True,84.5,77.06936929661632,97.27333556373368,85.5,60.83666932007399
calib_0031,random_5,pbmc240,per_cell,V2_batchgene_aug_seed0,True,72.88135593220339,70.00117397773315,77.08984467610938,87.11864406779661,73.27306319304734
calib_0032,random_8,pbmc240,none,V2_batchgene_aug_seed0,True,51.89873417721519,54.281333745619456,78.46681096681097,69.62025316455697,61.88337456194599
calib_0033,random_1,random_0.35,none,V2_batchgene_aug_seed0,True,10.0,10.0,,10.0,15.0
calib_0034,random_2,random_0.15,none,V2_batchgene_aug_seed0,True,37.93103448275862,39.72222222222222,85.0,37.93103448275862,44.72222222222222
calib_0035,random_3,fulcher,per_cell,V2_batchgene_aug_seed0,True,83.6,87.42297535211266,99.59164710485133,83.7,93.04944248826291
calib_0036,random_5,random_0.35,none,V2_batchgene_aug_seed0,True,91.15384615384615,65.57870085048687,83.97469082542422,94.23076923076923,69.27646986318254
calib_0037,random_8,scope2,per_cell,V2_batchgene_aug_seed0,True,78.83941970985492,69.04059748832498,77.53210279833107,87.24362181090545,63.18119141652896
calib_0038,myeloid,random_0.35,none,V2_batchgene_aug_seed0,True,38.67403314917127,40.15091673249276,80.20784380384823,38.67403314917127,69.82098635816727
calib_0039,lymphoid,random_0.25,none,V2_batchgene_aug_seed0,True,75.0,71.42857142857143,97.77777777777779,76.47058823529412,82.53968253968254
calib_0040,pbmc_like,random_0.35,none,V2_batchgene_aug_seed0,True,54.0,59.85916930361375,69.07874602319048,76.4,64.03099986433321
calib_0041,scope2_like,scope2,per_cell,V2_batchgene_aug_seed0,True,62.5,71.17186497240407,86.24695161083301,75.75,74.59568733153638
calib_0042,random_1,fulcher,per_cell,V2_batchgene_aug_seed0,True,4.054054054054054,4.054054054054054,,4.054054054054054,28.37837837837838
calib_0043,random_2,pbmc240,per_cell,V2_batchgene_aug_seed0,True,82.95454545454545,75.80459770114942,100.0,82.95454545454545,60.80459770114942
calib_0044,random_3,pbmc240,none,V2_batchgene_aug_seed0,True,90.5,56.96611135843545,66.35628763560534,91.2,54.105375789810765
calib_0045,random_5,scope2,none,V2_batchgene_aug_seed0,True,61.15107913669065,69.00276940421047,90.28238119746096,68.34532374100719,47.65698600593094
calib_0046,random_8,random_0.35,none,V2_batchgene_aug_seed0,True,70.86614173228347,66.63798430566723,77.65446782215075,88.18897637795276,65.88935793204087
calib_0047,random_1,random_0.15,none,V2_batchgene_aug_seed0,True,60.0,60.0,,60.0,56.00000000000001
calib_0048,random_2,scope2,per_cell,V2_batchgene_aug_seed0,True,42.48554913294797,21.428571428571427,99.48979591836735,42.48554913294797,12.39067055393586
calib_0049,random_3,fulcher,none,V2_batchgene_aug_seed0,True,33.33333333333333,40.75713081545531,70.67959141129873,72.58771929824562,42.02332073487958
calib_0050,random_5,random_0.25,none,V2_batchgene_aug_seed0,True,56.92307692307692,70.84615384615385,81.84615384615385,67.6923076923077,57.00000000000001
calib_0051,random_8,random_0.15,none,V2_batchgene_aug_seed0,True,52.75590551181102,51.523962148962156,78.17994505494505,70.07874015748031,44.31509462759463
calib_0052,myeloid,scope2,none,V2_batchgene_aug_seed0,True,62.66666666666667,54.24590930341281,76.1982234689107,74.66666666666667,60.94872993610721
calib_0053,lymphoid,random_0.35,none,V2_batchgene_aug_seed0,True,74.87352445193929,72.16484860242741,96.47289658638965,78.92074198988196,55.20070723727722
calib_0054,pbmc_like,scope2,none,V2_batchgene_aug_seed0,True,72.88557213930348,63.00777853233065,69.2884682662578,87.81094527363184,60.72159334111441
calib_0055,scope2_like,random_0.35,none,V2_batchgene_aug_seed0,True,46.5,59.0809908869208,86.19240148889745,56.25,73.01052496470287
calib_0056,random_1,random_0.35,none,V2_batchgene_aug_seed0,True,92.60969976905312,92.60969976905312,,92.60969976905312,94.68822170900692
calib_0057,random_2,pbmc240,per_cell,V2_batchgene_aug_seed0,True,42.66666666666667,41.867954911433166,96.48416532474504,45.33333333333333,32.045088566827694
calib_0058,random_3,random_0.15,none,V2_batchgene_aug_seed0,True,49.35064935064935,63.39622641509434,92.07547169811322,51.94805194805194,74.46540880503144
calib_0059,random_5,random_0.35,none,V2_batchgene_aug_seed0,True,39.53488372093023,57.81452553798289,69.7518715970962,86.04651162790698,51.15216651542649
calib_0060,random_8,scope2,per_cell,V2_batchgene_aug_seed0,True,74.67532467532467,62.599835564951846,76.42618040873855,81.81818181818183,66.84196617336153
calib_0061,random_1,pbmc240,none,V2_batchgene_aug_seed0,True,0.0,0.0,,0.0,20.0
calib_0062,random_2,scope2,per_cell,V2_batchgene_aug_seed0,True,52.6,57.17625868130726,99.70513864112644,52.6,54.583990024073856
calib_0063,random_3,fulcher,none,V2_batchgene_aug_seed0,True,46.808510638297875,38.70056497175141,94.99058380414313,48.93617021276596,47.740112994350284
calib_0064,random_5,random_0.25,none,V2_batchgene_aug_seed0,True,65.57377049180327,65.0,93.66666666666667,68.85245901639344,82.33333333333334
calib_0065,random_8,random_0.35,none,V2_batchgene_aug_seed0,True,83.59941944847606,77.49442628171195,82.668618865444,94.62989840348331,81.42414285534298
calib_0066,myeloid,random_0.25,none,V2_batchgene_aug_seed0,True,2.8683181225554106,34.0483870967742,83.52867383512545,9.517601043024772,57.09318996415771
calib_0067,lymphoid,fulcher,none,V2_batchgene_aug_seed0,True,56.00000000000001,51.78571428571429,95.67099567099568,56.666666666666664,50.1082251082251
calib_0068,pbmc_like,random_0.35,none,V2_batchgene_aug_seed0,True,47.25,54.57283296871861,66.59277153012823,77.75,66.26867723712357
calib_0069,scope2_like,random_0.15,none,V2_batchgene_aug_seed0,True,44.9712643678161,56.15658967391304,84.71467391304348,55.02873563218391,68.65234375
calib_0070,random_1,random_0.25,none,V2_batchgene_aug_seed0,True,85.75,85.75,,85.75,74.0
calib_0071,random_2,scope2,none,V2_batchgene_aug_seed0,True,71.09375,61.065573770491795,95.9016393442623,74.21875,62.295081967213115
calib_0072,random_3,pbmc240,none,V2_batchgene_aug_seed0,True,82.78145695364239,83.70388091440722,97.81818181818181,82.78145695364239,90.21850079744816
calib_0073,random_5,pbmc240,none,V2_batchgene_aug_seed0,True,81.87919463087249,63.685714285714276,93.68571428571428,83.89261744966443,79.34139194139193
calib_0074,random_8,random_0.35,none,V2_batchgene_aug_seed0,True,29.591836734693878,50.77850877192982,76.39254385964914,45.91836734693878,56.820175438596486
calib_0075,random_1,random_0.25,none,V2_batchgene_aug_seed0,True,70.66666666666667,70.66666666666667,,70.66666666666667,64.66666666666666
calib_0076,random_2,random_0.25,none,V2_batchgene_aug_seed0,True,88.57142857142857,92.4829931972789,99.28571428571429,89.1005291005291,55.68027210884354
calib_0077,random_3,pbmc240,per_cell,V2_batchgene_aug_seed0,True,23.809523809523807,25.901639344262296,90.60109289617486,28.57142857142857,24.875748113453035
calib_0078,random_5,random_0.15,none,V2_batchgene_aug_seed0,True,74.66666666666667,73.61290322580645,95.12903225806453,76.0,88.19354838709678
calib_0079,random_8,pbmc240,none,V2_batchgene_aug_seed0,True,61.66666666666667,55.8234126984127,87.29166666666667,70.0,54.861111111111114
calib_0080,myeloid,random_0.35,none,V2_batchgene_aug_seed0,True,66.29213483146067,71.69811320754718,100.0,66.29213483146067,72.64150943396226
calib_0081,lymphoid,random_0.35,none,V2_batchgene_aug_seed0,True,85.49618320610686,81.74603174603176,99.60317460317461,85.49618320610686,82.14285714285715
calib_0082,pbmc_like,random_0.25,none,V2_batchgene_aug_seed0,True,68.58974358974359,55.22326548660339,59.6171703353646,93.58974358974359,66.03068993629869
calib_0083,scope2_like,scope2,per_cell,V2_batchgene_aug_seed0,True,65.80459770114942,74.14656929347827,86.51919157608697,79.02298850574712,76.60495923913044
calib_0084,random_1,random_0.35,none,V2_batchgene_aug_seed0,True,59.2391304347826,59.2391304347826,,59.2391304347826,56.52173913043478
calib_0085,random_2,pbmc240,none,V2_batchgene_aug_seed0,True,18.75,22.16929776810016,99.40119760479043,18.75,73.92487751769188
calib_0086,random_3,random_0.15,none,V2_batchgene_aug_seed0,True,47.04370179948586,53.985507246376805,83.16283034953112,51.41388174807198,62.89428815004262
calib_0087,random_5,random_0.25,none,V2_batchgene_aug_seed0,True,63.903743315508024,77.17939663000706,87.14795008912655,89.57219251336899,82.055123936367
calib_0088,random_8,fulcher,per_cell,V2_batchgene_aug_seed0,True,51.39664804469274,35.18925752119029,49.13233475208265,67.59776536312849,34.5409982174688
calib_0089,random_1,fulcher,none,V2_batchgene_aug_seed0,True,25.510204081632654,25.510204081632654,,25.510204081632654,17.63848396501458
calib_0090,random_2,pbmc240,none,V2_batchgene_aug_seed0,True,91.0,90.52461662631156,98.70863599677159,91.0,91.67877320419693
calib_0091,random_3,random_0.15,none,V2_batchgene_aug_seed0,True,47.794117647058826,62.897107633949744,96.49122807017544,50.73529411764706,93.38549075391181
calib_0092,random_5,fulcher,per_cell,V2_batchgene_aug_seed0,True,59.589041095890416,44.578129853991925,59.59770114942528,61.64383561643836,56.63777570674122
calib_0093,random_8,pbmc240,none,V2_batchgene_aug_seed0,True,82.20551378446115,77.2231206895454,95.36037559150618,84.71177944862156,73.53439519934932
calib_0094,myeloid,fulcher,per_cell,V2_batchgene_aug_seed0,True,45.96774193548387,55.63940385912388,63.58219144281225,81.45161290322581,56.98458653419092
calib_0095,lymphoid,fulcher,per_cell,V2_batchgene_aug_seed0,True,56.65024630541872,58.04125350051661,65.14210110473732,88.17733990147784,62.421866599344554
calib_0096,pbmc_like,scope2,none,V2_batchgene_aug_seed0,True,72.01834862385321,63.41182041949306,67.4641080011924,94.72477064220183,62.20793691168798
calib_0097,scope2_like,random_0.15,none,V2_batchgene_aug_seed0,True,42.0,54.090909090909086,85.9090909090909,49.333333333333336,65.34090909090908
calib_0098,random_1,fulcher,per_cell,V2_batchgene_aug_seed0,True,47.16981132075472,47.16981132075472,,47.16981132075472,60.37735849056604
calib_0099,random_2,pbmc240,per_cell,V2_batchgene_aug_seed0,True,74.3801652892562,74.24863387978142,98.35382513661202,74.3801652892562,82.98497267759564
calib_0100,random_3,random_0.15,none,V2_batchgene_aug_seed0,True,74.0,69.88795518207283,99.01960784313727,74.0,84.03361344537815
calib_0101,random_5,pbmc240,none,V2_batchgene_aug_seed0,True,87.91946308724832,93.33333333333333,100.0,87.91946308724832,100.0
calib_0102,random_8,fulcher,per_cell,V2_batchgene_aug_seed0,True,63.1578947368421,31.630821803235598,57.38965756207135,69.47368421052632,46.483559155972955
calib_0103,random_1,scope2,none,V2_batchgene_aug_seed0,True,0.0,0.0,,0.0,18.25
calib_0104,random_2,random_0.35,none,V2_batchgene_aug_seed0,True,47.2289156626506,45.85459183673469,99.56268221574345,47.2289156626506,54.47339650145773
calib_0105,random_3,scope2,none,V2_batchgene_aug_seed0,True,92.5,81.18171683389073,98.27573392790784,94.5,85.45522110739503
calib_0106,random_5,fulcher,none,V2_batchgene_aug_seed0,True,53.7433155080214,54.91821581444223,83.0367245461585,59.35828877005348,64.54070279541979
calib_0107,random_8,scope2,none,V2_batchgene_aug_seed0,True,56.73758865248227,66.7582861826283,81.03225234804182,84.39716312056737,73.36046872231083
calib_0108,myeloid,pbmc240,none,V2_batchgene_aug_seed0,True,27.848101265822784,39.751547735418704,73.54431410883024,33.41772151898734,49.20658194851743
calib_0109,lymphoid,random_0.35,none,V2_batchgene_aug_seed0,True,50.0,45.83333333333333,80.0,60.0,42.5
calib_0110,pbmc_like,pbmc240,per_cell,V2_batchgene_aug_seed0,True,43.89027431421446,52.88231957014714,59.72174395343117,81.04738154613467,57.78410356324285
calib_0111,scope2_like,random_0.35,none,V2_batchgene_aug_seed0,True,46.55172413793103,58.797554347826086,84.79110054347827,56.32183908045977,71.41219429347827
calib_0112,random_1,random_0.35,none,V2_batchgene_aug_seed0,True,15.0,15.0,,15.0,25.0
calib_0113,random_2,random_0.15,none,V2_batchgene_aug_seed0,True,25.0,25.0,92.5,25.0,42.50000000000001
calib_0114,random_3,scope2,per_cell,V2_batchgene_aug_seed0,True,53.02013422818792,51.32791327913279,87.57000903342367,61.07382550335571,59.62059620596206
calib_0115,random_5,random_0.35,none,V2_batchgene_aug_seed0,True,64.1891891891892,67.70739742437854,85.48667265648398,68.24324324324324,63.86043725666367
calib_0116,random_8,random_0.35,none,V2_batchgene_aug_seed0,True,23.78048780487805,59.24655850540807,68.25897246804327,87.1951219512195,58.949115044247776
calib_0117,random_1,scope2,none,V2_batchgene_aug_seed0,True,39.62264150943396,39.62264150943396,,39.62264150943396,58.490566037735846
calib_0118,random_2,random_0.15,none,V2_batchgene_aug_seed0,True,16.94915254237288,53.77358490566038,98.11320754716981,18.64406779661017,60.37735849056604
calib_0119,random_3,random_0.25,none,V2_batchgene_aug_seed0,True,73.568281938326,74.80438184663537,96.19718309859154,73.568281938326,60.93375065206052
calib_0120,random_5,random_0.35,none,V2_batchgene_aug_seed0,True,62.5,52.684092557189,91.78470711465636,65.75,44.89120721354224
calib_0121,random_8,random_0.15,none,V2_batchgene_aug_seed0,True,76.28205128205127,64.76875556459241,76.22937827521511,89.1025641025641,56.66893871477555
calib_0122,myeloid,fulcher,per_cell,V2_batchgene_aug_seed0,True,42.05298013245033,63.18399044205496,82.09080047789725,59.27152317880795,59.97013142174432
calib_0123,lymphoid,random_0.35,none,V2_batchgene_aug_seed0,True,52.666666666666664,64.09313725490196,100.0,52.666666666666664,58.2107843137255
calib_0124,pbmc_like,random_0.35,none,V2_batchgene_aug_seed0,True,68.70229007633588,63.49558668399248,67.19929038769618,90.45801526717557,61.191626409017715
calib_0125,scope2_like,fulcher,none,V2_batchgene_aug_seed0,True,66.33093525179856,73.10420743639922,83.27926912277717,84.17266187050359,72.58253211945886
calib_0126,random_1,random_0.35,none,V2_batchgene_aug_seed0,True,89.33333333333333,89.33333333333333,,89.33333333333333,60.0
calib_0127,random_2,random_0.25,none,V2_batchgene_aug_seed0,True,88.0,47.14285714285714,99.28571428571429,88.0,87.14285714285714
calib_0128,random_3,pbmc240,none,V2_batchgene_aug_seed0,True,57.30337078651685,63.927087809769375,91.02564102564102,58.80149812734082,66.4223527352019
calib_0129,random_5,random_0.15,none,V2_batchgene_aug_seed0,True,87.7659574468085,62.083333333333336,100.0,87.7659574468085,88.75
calib_0130,random_8,random_0.35,none,V2_batchgene_aug_seed0,True,70.62634989200865,74.76090305451376,87.92116054603845,80.56155507559394,80.06090122456865
calib_0131,random_1,fulcher,none,V2_batchgene_aug_seed0,True,56.60377358490566,56.60377358490566,,56.60377358490566,66.0377358490566
calib_0132,random_2,fulcher,none,V2_batchgene_aug_seed0,True,52.25,38.83076295944018,97.9108635097493,52.25,37.47197499830152
calib_0133,random_3,fulcher,per_cell,V2_batchgene_aug_seed0,True,31.75,25.50847181492343,86.97907647907648,32.0,21.920774565935854
calib_0134,random_5,random_0.35,none,V2_batchgene_aug_seed0,True,60.86956521739131,58.79904162923031,90.56603773584906,61.95652173913043,50.92243186582809
calib_0135,random_8,random_0.25,none,V2_batchgene_aug_seed0,True,77.60000000000001,62.15909090909091,76.72348484848484,86.4,66.30681818181819
calib_0136,myeloid,random_0.25,none,V2_batchgene_aug_seed0,True,69.91869918699187,56.440551325719625,77.70340780070794,78.04878048780488,71.34383557069391
calib_0137,lymphoid,random_0.15,none,V2_batchgene_aug_seed0,True,75.75,71.08213800427583,82.92424326743372,78.0,66.84237192240448
calib_0138,pbmc_like,random_0.25,none,V2_batchgene_aug_seed0,True,61.875,58.637119094015645,63.71374744650606,89.375,60.32236154649948
calib_0139,scope2_like,random_0.25,none,V2_batchgene_aug_seed0,True,44.666666666666664,55.11363636363637,86.25,52.0,61.47727272727273
calib_0140,random_1,random_0.25,none,V2_batchgene_aug_seed0,True,88.2,88.2,,88.2,79.9
calib_0141,random_2,random_0.25,none,V2_batchgene_aug_seed0,True,92.60000000000001,51.2794187332175,52.4087821829095,96.1,51.58742694676987
calib_0142,random_3,random_0.25,none,V2_batchgene_aug_seed0,True,72.04301075268818,83.64779874213836,100.0,72.04301075268818,56.49895178197065
calib_0143,random_5,random_0.35,none,V2_batchgene_aug_seed0,True,75.41528239202658,70.0788529942135,90.33015469379106,77.74086378737542,63.56077453256137
calib_0144,random_8,pbmc240,per_cell,V2_batchgene_aug_seed0,True,66.66666666666666,57.12088557993731,75.14171891327064,88.0,57.98948537095089
calib_0145,random_1,random_0.15,none,V2_batchgene_aug_seed0,True,59.333333333333336,59.333333333333336,,59.333333333333336,14.666666666666666
calib_0146,random_2,random_0.35,none,V2_batchgene_aug_seed0,True,96.25,95.58269693482582,100.0,96.25,97.05513128988387
calib_0147,random_3,pbmc240,none,V2_batchgene_aug_seed0,True,54.21686746987952,50.83333333333333,100.0,54.21686746987952,36.449275362318836
calib_0148,random_5,scope2,per_cell,V2_batchgene_aug_seed0,True,78.99408284023669,62.512597292770664,95.70291777188329,79.28994082840237,76.88603179862626
calib_0149,random_8,random_0.35,none,V2_batchgene_aug_seed0,True,60.824742268041234,56.99082699117384,70.69727832170605,85.05154639175258,56.13923517520216
calib_0150,myeloid,random_0.35,none,V2_batchgene_aug_seed0,True,76.55,81.91475248170575,99.55374071744208,76.8,88.75203284839787
calib_0151,lymphoid,random_0.15,none,V2_batchgene_aug_seed0,True,77.40384615384616,64.69347598844001,81.6546762589928,80.28846153846155,73.82463260161101
calib_0152,pbmc_like,random_0.35,none,V2_batchgene_aug_seed0,True,52.683896620278325,64.19166841131798,76.90221929833945,64.81113320079523,64.68980927522855
calib_0153,scope2_like,pbmc240,per_cell,V2_batchgene_aug_seed0,True,59.33908045977011,66.61854619565217,80.87635869565217,78.5919540229885,55.37109375
calib_0154,random_1,random_0.15,none,V2_batchgene_aug_seed0,True,26.41509433962264,26.41509433962264,,26.41509433962264,39.62264150943396
calib_0155,random_2,fulcher,per_cell,V2_batchgene_aug_seed0,True,41.04938271604938,39.443243243243245,79.80000000000001,42.592592592592595,70.62162162162163
calib_0156,random_3,fulcher,none,V2_batchgene_aug_seed0,True,90.25,81.3797313797314,98.92857142857143,90.25,77.22527472527473
calib_0157,random_5,random_0.25,none,V2_batchgene_aug_seed0,True,31.46067415730337,44.00000000000001,91.33333333333333,43.82022471910113,63.33333333333332
calib_0158,random_8,scope2,none,V2_batchgene_aug_seed0,True,63.24999999999999,64.86035374397463,86.46143790899741,69.25,59.417537126936104
calib_0159,random_1,pbmc240,per_cell,V2_batchgene_aug_seed0,True,30.666666666666664,30.666666666666664,,30.666666666666664,19.333333333333332
calib_0160,random_2,scope2,none,V2_batchgene_aug_seed0,True,8.695652173913043,27.586206896551722,100.0,8.695652173913043,32.72525027808676
calib_0161,random_3,fulcher,none,V2_batchgene_aug_seed0,True,88.42105263157895,81.95108984582667,98.24561403508771,89.47368421052632,83.70547581073896
calib_0162,random_5,random_0.15,none,V2_batchgene_aug_seed0,True,59.2391304347826,73.84499331867754,79.45105392473813,91.84782608695652,77.61649209017631
calib_0163,random_8,pbmc240,per_cell,V2_batchgene_aug_seed0,True,60.0,55.5840455840456,68.0840455840456,95.0,55.363247863247864
calib_0164,myeloid,fulcher,none,V2_batchgene_aug_seed0,True,0.0,0.0,70.44172932330828,0.6666666666666667,15.460526315789474
calib_0165,lymphoid,scope2,per_cell,V2_batchgene_aug_seed0,True,81.19047619047619,78.40623329076004,81.12573870893175,94.52380952380952,77.49824297599007
calib_0166,pbmc_like,random_0.15,none,V2_batchgene_aug_seed0,True,53.125,63.427620015670335,66.32768989687229,88.75,67.72420218961099
calib_0167,scope2_like,random_0.35,none,V2_batchgene_aug_seed0,True,36.666666666666664,49.65909090909091,84.0909090909091,44.666666666666664,64.54545454545455
calib_0168,random_1,random_0.35,none,V2_batchgene_aug_seed0,True,26.41509433962264,26.41509433962264,,26.41509433962264,50.943396226415096
calib_0169,random_2,random_0.25,none,V2_batchgene_aug_seed0,True,28.846153846153843,50.0,100.0,28.846153846153843,89.86486486486487
calib_0170,random_3,scope2,per_cell,V2_batchgene_aug_seed0,True,97.33333333333334,88.24163969795038,94.12081984897519,98.66666666666667,88.24163969795038
calib_0171,random_5,random_0.35,none,V2_batchgene_aug_seed0,True,63.25581395348837,79.760348583878,99.71459694989107,63.25581395348837,93.60784313725489
calib_0172,random_8,random_0.35,none,V2_batchgene_aug_seed0,True,91.47286821705426,76.28205128205127,79.16666666666666,93.7984496124031,74.03846153846155
calib_0173,random_1,fulcher,none,V2_batchgene_aug_seed0,True,1.3333333333333335,1.3333333333333335,,1.3333333333333335,2.666666666666667
calib_0174,random_2,scope2,none,V2_batchgene_aug_seed0,True,53.400000000000006,54.169097154708666,99.3705035971223,53.900000000000006,42.72716961565882
calib_0175,random_3,fulcher,none,V2_batchgene_aug_seed0,True,20.0,40.09009009009009,96.53499653499654,22.22222222222222,81.32363132363132
calib_0176,random_5,random_0.35,none,V2_batchgene_aug_seed0,True,81.95488721804512,83.99249639249639,96.45714285714287,85.46365914786968,65.26666666666668
calib_0177,random_8,random_0.25,none,V2_batchgene_aug_seed0,True,64.0677966101695,57.27528118373939,77.6176116643187,76.94915254237287,51.28784962575034
calib_0178,myeloid,pbmc240,per_cell,V2_batchgene_aug_seed0,True,42.66666666666667,52.78730703259005,93.18181818181819,42.66666666666667,62.221269296740985
calib_0179,lymphoid,scope2,none,V2_batchgene_aug_seed0,True,11.11111111111111,20.769789397240377,94.77124183006535,16.48148148148148,22.54901960784314
calib_0180,pbmc_like,fulcher,per_cell,V2_batchgene_aug_seed0,True,45.51282051282051,48.224995048524455,57.06337888690829,89.1025641025641,56.95467277820219
calib_0181,scope2_like,random_0.35,none,V2_batchgene_aug_seed0,True,35.827338129496404,50.96943333616949,86.10620692589126,43.7410071942446,69.15840636433252
calib_0182,random_1,random_0.35,none,V2_batchgene_aug_seed0,True,0.1,0.1,,0.1,34.699999999999996
calib_0183,random_2,fulcher,per_cell,V2_batchgene_aug_seed0,True,43.47826086956522,67.5,82.5,52.17391304347826,67.5
calib_0184,random_3,random_0.25,none,V2_batchgene_aug_seed0,True,43.67088607594937,58.017816200753025,79.75694663553564,54.43037974683544,78.40968847941777
calib_0185,random_5,fulcher,per_cell,V2_batchgene_aug_seed0,True,58.27814569536424,44.81566820276498,66.16205837173578,70.86092715231787,43.854129741226515
calib_0186,random_8,random_0.25,none,V2_batchgene_aug_seed0,True,79.80997624703087,74.72308123435533,75.62135654575744,98.69358669833728,76.99443069115947
calib_0187,random_1,scope2,none,V2_batchgene_aug_seed0,True,88.0,88.0,,88.0,27.333333333333332
calib_0188,random_2,scope2,per_cell,V2_batchgene_aug_seed0,True,72.22222222222221,74.0861763402747,97.1311475409836,74.07407407407408,73.41050066459903
calib_0189,random_3,random_0.15,none,V2_batchgene_aug_seed0,True,57.692307692307686,70.72126321423792,100.0,57.692307692307686,58.18279138230964
calib_0190,random_5,random_0.15,none,V2_batchgene_aug_seed0,True,83.26055312954877,75.23559468639691,87.30370499984087,84.4250363901019,63.11408042646202
calib_0191,random_8,pbmc240,per_cell,V2_batchgene_aug_seed0,True,33.99503722084367,43.229876122191115,72.30811508752686,39.70223325062035,47.535852983196435
calib_0192,myeloid,random_0.15,none,V2_batchgene_aug_seed0,True,85.06493506493507,64.33558558558559,71.3597972972973,91.55844155844156,73.49943693693693
calib_0193,lymphoid,fulcher,per_cell,V2_batchgene_aug_seed0,True,50.98039215686274,72.22222222222223,92.22222222222221,50.98039215686274,71.11111111111111
calib_0194,pbmc_like,scope2,none,V2_batchgene_aug_seed0,True,51.22448979591837,65.68038432800822,71.69918971341556,87.27891156462584,66.70297823116769
calib_0195,scope2_like,random_0.15,none,V2_batchgene_aug_seed0,True,39.33333333333333,53.86363636363636,85.22727272727273,48.66666666666667,58.409090909090914
calib_0196,random_1,random_0.25,none,V2_batchgene_aug_seed0,True,63.58695652173913,63.58695652173913,,63.58695652173913,58.69565217391305
calib_0197,random_2,fulcher,none,V2_batchgene_aug_seed0,True,68.59504132231406,65.39677975848188,98.93617021276594,68.59504132231406,69.24956871765382
calib_0198,random_3,pbmc240,per_cell,V2_batchgene_aug_seed0,True,67.33333333333333,78.00963081861957,98.50187265917603,68.66666666666667,76.13697164258963
calib_0199,random_5,fulcher,none,V2_batchgene_aug_seed0,True,52.63157894736842,64.40350877192984,80.1754385964912,63.1578947368421,67.45614035087719
calib_0200,random_8,random_0.35,none,V2_batchgene_aug_seed0,True,71.71052631578947,60.973317141795405,84.34845649519562,77.63157894736842,60.35365902213727
calib_0201,random_1,random_0.25,none,V2_batchgene_aug_seed0,True,88.0,88.0,,88.0,90.0
calib_0202,random_2,pbmc240,none,V2_batchgene_aug_seed0,True,64.38356164383562,75.47169811320755,99.05660377358491,64.38356164383562,80.18867924528301
calib_0203,random_3,pbmc240,none,V2_batchgene_aug_seed0,True,20.952380952380953,28.70495495495496,93.29954954954954,22.857142857142858,49.48198198198199
calib_0204,random_5,random_0.35,none,V2_batchgene_aug_seed0,True,69.23076923076923,75.0433962264151,92.10000000000001,71.7948717948718,70.88490566037736
calib_0205,random_8,random_0.15,none,V2_batchgene_aug_seed0,True,87.89808917197452,82.14221014492755,86.51721014492753,94.90445859872611,69.69429347826087
calib_0206,myeloid,fulcher,per_cell,V2_batchgene_aug_seed0,True,28.846153846153843,46.908212560386474,49.545088566827694,80.76923076923077,47.612721417069245
calib_0207,lymphoid,random_0.25,none,V2_batchgene_aug_seed0,True,55.94170403587444,70.5065243850661,99.19895836281808,56.16591928251121,62.51309122816949
calib_0208,pbmc_like,fulcher,per_cell,V2_batchgene_aug_seed0,True,37.88819875776397,46.56161351906821,53.69813269110346,83.85093167701864,50.22142639086775
calib_0209,scope2_like,pbmc240,per_cell,V2_batchgene_aug_seed0,True,61.33333333333333,68.86363636363636,80.0,80.0,68.18181818181819
calib_0210,random_1,random_0.25,none,V2_batchgene_aug_seed0,True,1.5250544662309369,1.5250544662309369,,1.5250544662309369,6.753812636165578
calib_0211,random_2,pbmc240,none,V2_batchgene_aug_seed0,True,90.0,87.06896551724138,99.13793103448276,90.66666666666666,76.72413793103448
calib_0212,random_3,scope2,none,V2_batchgene_aug_seed0,True,46.0,47.98365854969629,78.14787937429446,57.99999999999999,63.99747352577542
calib_0213,random_5,random_0.15,none,V2_batchgene_aug_seed0,True,53.65853658536586,58.33333333333333,65.33333333333333,65.85365853658537,61.33333333333333
calib_0214,random_8,scope2,none,V2_batchgene_aug_seed0,True,72.41379310344827,67.13446173924116,80.47447956455309,87.5,68.3231474407945
calib_0215,random_1,random_0.25,none,V2_batchgene_aug_seed0,True,8.5,8.5,,8.5,20.0
calib_0216,random_2,random_0.25,none,V2_batchgene_aug_seed0,True,34.78260869565217,34.166666666666664,87.5,34.78260869565217,67.5
calib_0217,random_3,pbmc240,none,V2_batchgene_aug_seed0,True,71.29909365558912,82.78985507246377,100.0,71.29909365558912,82.06521739130434
calib_0218,random_5,random_0.15,none,V2_batchgene_aug_seed0,True,87.25,83.79741019397635,94.71998388396455,92.5,65.4013535134125
calib_0219,random_8,random_0.15,none,V2_batchgene_aug_seed0,True,44.36619718309859,68.62175497866288,83.02631578947368,49.29577464788733,81.26955903271693
calib_0220,myeloid,random_0.35,none,V2_batchgene_aug_seed0,True,37.93103448275862,45.427148846960165,77.82392215841764,44.827586206896555,66.69002369884241
calib_0221,lymphoid,random_0.35,none,V2_batchgene_aug_seed0,True,90.66666666666666,91.11999111999111,100.0,90.66666666666666,94.75801975801976
calib_0222,pbmc_like,random_0.25,none,V2_batchgene_aug_seed0,True,46.40522875816993,51.17686527106816,59.818840579710155,71.89542483660131,58.796296296296305
calib_0223,scope2_like,pbmc240,per_cell,V2_batchgene_aug_seed0,True,60.775862068965516,66.89877717391303,82.29874320652173,77.01149425287356,57.88892663043479
calib_0224,random_1,fulcher,per_cell,V2_batchgene_aug_seed0,True,0.0,0.0,,0.0,6.451612903225806
calib_0225,random_2,fulcher,per_cell,V2_batchgene_aug_seed0,True,44.66019417475729,31.08108108108108,87.62814538676608,45.63106796116505,38.513513513513516
calib_0226,random_3,pbmc240,none,V2_batchgene_aug_seed0,True,61.66666666666667,59.00372513275739,98.70478983382208,62.22222222222222,69.0160101450424
calib_0227,random_5,fulcher,per_cell,V2_batchgene_aug_seed0,True,79.53890489913545,76.65235814343804,81.8988672277139,90.39385206532181,76.54963088489824
calib_0228,random_8,fulcher,none,V2_batchgene_aug_seed0,True,68.72509960159363,63.06962357381172,80.92684377478191,71.11553784860558,63.52299762093576
calib_0229,random_1,pbmc240,none,V2_batchgene_aug_seed0,True,0.4357298474945534,0.4357298474945534,,0.4357298474945534,3.2679738562091507
calib_0230,random_2,fulcher,none,V2_batchgene_aug_seed0,True,62.096774193548384,48.07162534435262,79.61432506887051,62.096774193548384,36.36363636363637
calib_0231,random_3,pbmc240,none,V2_batchgene_aug_seed0,True,46.0,61.18493909191584,98.54651162790698,49.75,71.05020302694723
calib_0232,random_5,random_0.35,none,V2_batchgene_aug_seed0,True,80.92105263157895,81.25595238095238,81.25595238095238,99.3421052631579,80.66071428571429
calib_0233,random_8,random_0.25,none,V2_batchgene_aug_seed0,True,76.16279069767442,73.74244869248592,83.59990483283681,87.79069767441861,66.29768702416419
calib_0234,myeloid,random_0.25,none,V2_batchgene_aug_seed0,True,40.60606060606061,65.91037153745256,87.19037898838121,49.696969696969695,75.5792708955861
calib_0235,lymphoid,scope2,per_cell,V2_batchgene_aug_seed0,True,68.29268292682927,72.57575757575758,82.12121212121211,80.48780487804879,60.606060606060595
calib_0236,pbmc_like,scope2,per_cell,V2_batchgene_aug_seed0,True,49.333333333333336,53.65967365967366,63.72377622377622,73.33333333333333,65.0592463092463
calib_0237,scope2_like,scope2,none,V2_batchgene_aug_seed0,True,62.74999999999999,70.43704274162495,83.77294313951997,76.5,71.89706071107689
calib_0238,random_1,random_0.35,none,V2_batchgene_aug_seed0,True,83.5,83.5,,83.5,74.9
calib_0239,random_2,fulcher,none,V2_batchgene_aug_seed0,True,75.0599520383693,72.25345213659264,97.73978354170553,77.21822541966426,71.98171300615786
calib_0000,random_1,fulcher,per_cell,V2_batchgene_aug_seed0,False,13.333333333333334,13.333333333333334,,13.333333333333334,10.0
calib_0001,random_2,random_0.35,none,V2_batchgene_aug_seed0,False,6.329113924050633,50.0,98.64864864864865,6.329113924050633,68.24324324324324
calib_0002,random_3,random_0.25,none,V2_batchgene_aug_seed0,False,80.66666666666666,63.26242006886375,99.37694704049844,80.66666666666666,77.82833251352682
calib_0003,random_5,scope2,per_cell,V2_batchgene_aug_seed0,False,46.666666666666664,62.32881102446319,97.91831357048748,46.666666666666664,76.44161948509776
calib_0004,random_8,random_0.15,none,V2_batchgene_aug_seed0,False,76.70454545454545,77.79145481091237,92.87199828473413,79.82954545454545,75.98276821448991
calib_0005,random_1,fulcher,per_cell,V2_batchgene_aug_seed0,False,6.75,6.75,,6.75,11.75
calib_0006,random_2,fulcher,per_cell,V2_batchgene_aug_seed0,False,49.48453608247423,49.72826086956522,98.36956521739131,50.51546391752577,50.65217391304348
calib_0007,random_3,pbmc240,none,V2_batchgene_aug_seed0,False,89.90291262135922,88.50448380086429,99.6736026111791,89.90291262135922,88.2141677560457
calib_0008,random_5,random_0.35,none,V2_batchgene_aug_seed0,False,68.21192052980133,70.36075036075036,95.34391534391536,69.5364238410596,72.996632996633
calib_0009,random_8,fulcher,none,V2_batchgene_aug_seed0,False,77.12418300653596,72.3540057915058,89.27364864864865,85.62091503267973,71.19932432432432
calib_0010,myeloid,random_0.25,none,V2_batchgene_aug_seed0,False,73.66071428571429,79.36237097032416,89.47254978124334,79.91071428571429,82.74873562072034
calib_0011,lymphoid,fulcher,none,V2_batchgene_aug_seed0,False,83.42245989304813,86.57629255989912,98.82093316519547,83.42245989304813,88.2156368221942
calib_0012,pbmc_like,pbmc240,none,V2_batchgene_aug_seed0,False,58.932238193018485,66.50838778409044,73.68923131206047,86.652977412731,72.55549165690478
calib_0013,scope2_like,random_0.35,none,V2_batchgene_aug_seed0,False,50.0,61.93181818181819,89.20454545454545,56.666666666666664,69.6590909090909
calib_0014,random_1,random_0.35,none,V2_batchgene_aug_seed0,False,62.5,62.5,,62.5,58.152173913043484
calib_0015,random_2,random_0.15,none,V2_batchgene_aug_seed0,False,60.49382716049383,55.58823529411765,92.45098039215686,61.72839506172839,57.25490196078431
calib_0016,random_3,random_0.15,none,V2_batchgene_aug_seed0,False,74.71264367816092,81.89596508462782,97.16645177135138,75.0,79.937347782485
calib_0017,random_5,scope2,per_cell,V2_batchgene_aug_seed0,False,58.48214285714286,56.52233346168656,78.04784366576818,73.66071428571429,55.80747015787446
calib_0018,random_8,random_0.35,none,V2_batchgene_aug_seed0,False,70.31019202363368,71.09424600937983,81.32630599979281,79.76366322008862,78.85557516622998
calib_0019,random_1,random_0.35,none,V2_batchgene_aug_seed0,False,28.78787878787879,28.78787878787879,,28.78787878787879,50.0
calib_0020,random_2,random_0.35,none,V2_batchgene_aug_seed0,False,53.57142857142857,52.3076923076923,79.87179487179488,62.5,59.743589743589745
calib_0021,random_3,fulcher,per_cell,V2_batchgene_aug_seed0,False,43.09569685292229,53.20648308175871,73.62299247980064,65.06101477199742,50.02008796282501
calib_0022,random_5,random_0.15,none,V2_batchgene_aug_seed0,False,52.55474452554745,60.282051282051285,86.64468864468864,59.854014598540154,67.48901098901099
calib_0023,random_8,random_0.35,none,V2_batchgene_aug_seed0,False,69.49152542372882,72.106947187918,89.48536077572224,73.72881355932203,73.24959227477348
calib_0024,myeloid,random_0.15,none,V2_batchgene_aug_seed0,False,41.40625,41.58947970268726,75.74899942824472,46.875,52.32418524871355
calib_0025,lymphoid,scope2,none,V2_batchgene_aug_seed0,False,59.21375921375921,60.88154269972452,72.45179063360881,81.57248157248156,63.02182665819029
calib_0026,pbmc_like,random_0.15,none,V2_batchgene_aug_seed0,False,52.40963855421686,62.95583609572646,72.4706376356176,81.32530120481928,63.74135189072992
calib_0027,scope2_like,scope2,none,V2_batchgene_aug_seed0,False,60.0,70.07444487228854,86.3785136696188,71.75,66.75651392632524
calib_0028,random_1,pbmc240,per_cell,V2_batchgene_aug_seed0,False,48.36065573770492,48.36065573770492,,48.36065573770492,54.09836065573771
calib_0029,random_2,pbmc240,none,V2_batchgene_aug_seed0,False,42.10526315789473,38.80229696472519,100.0,42.10526315789473,61.197703035274806
calib_0030,random_3,random_0.15,none,V2_batchgene_aug_seed0,False,72.5,63.40585980010998,96.04661536745847,73.5,51.55839611141234
calib_0031,random_5,pbmc240,per_cell,V2_batchgene_aug_seed0,False,67.45762711864407,73.41306541559544,82.31782337113678,80.0,68.05261443239252
calib_0032,random_8,pbmc240,none,V2_batchgene_aug_seed0,False,65.82278481012658,70.70088641517212,86.24458874458874,75.9493670886076,73.57787054215625
calib_0033,random_1,random_0.35,none,V2_batchgene_aug_seed0,False,45.0,45.0,,45.0,60.0
calib_0034,random_2,random_0.15,none,V2_batchgene_aug_seed0,False,55.172413793103445,55.27777777777778,87.5,55.172413793103445,57.77777777777777
calib_0035,random_3,fulcher,per_cell,V2_batchgene_aug_seed0,False,76.3,81.7610524256651,99.26765453834116,76.4,87.90590766823162
calib_0036,random_5,random_0.35,none,V2_batchgene_aug_seed0,False,89.61538461538461,67.87090677513457,83.8107563991947,93.07692307692308,66.65434076995768
calib_0037,random_8,scope2,per_cell,V2_batchgene_aug_seed0,False,76.43821910955478,70.32476761435368,81.40516739979412,84.34217108554277,64.73204370762026
calib_0038,myeloid,random_0.35,none,V2_batchgene_aug_seed0,False,51.38121546961326,61.65621781604024,82.4232667739882,51.93370165745856,70.25193895338178
calib_0039,lymphoid,random_0.25,none,V2_batchgene_aug_seed0,False,76.47058823529412,82.53968253968254,98.88888888888889,77.94117647058823,81.42857142857144
calib_0040,pbmc_like,random_0.35,none,V2_batchgene_aug_seed0,False,64.0,70.02898197342641,76.79943374387818,86.4,69.27819150041373
calib_0041,scope2_like,scope2,per_cell,V2_batchgene_aug_seed0,False,55.00000000000001,64.56167372609421,82.82954691310486,68.5,65.11680143755616
calib_0042,random_1,fulcher,per_cell,V2_batchgene_aug_seed0,False,13.513513513513514,13.513513513513514,,13.513513513513514,18.91891891891892
calib_0043,random_2,pbmc240,per_cell,V2_batchgene_aug_seed0,False,77.27272727272727,69.08045977011494,99.13793103448276,78.4090909090909,64.08045977011494
calib_0044,random_3,pbmc240,none,V2_batchgene_aug_seed0,False,83.75,52.601826034661855,66.51178956083007,85.15,50.419253809445706
calib_0045,random_5,scope2,none,V2_batchgene_aug_seed0,False,57.55395683453237,64.84116363992844,90.04524177143838,63.30935251798561,45.742028772394185
calib_0046,random_8,random_0.35,none,V2_batchgene_aug_seed0,False,83.46456692913385,81.9551282051282,90.63034188034187,90.5511811023622,78.95451770451771
calib_0047,random_1,random_0.15,none,V2_batchgene_aug_seed0,False,54.0,54.0,,54.0,46.0
calib_0048,random_2,scope2,per_cell,V2_batchgene_aug_seed0,False,27.02312138728324,30.150631681243922,97.59475218658893,27.02312138728324,24.75704567541302
calib_0049,random_3,fulcher,none,V2_batchgene_aug_seed0,False,35.96491228070175,41.23659714858018,72.17010631644779,66.8859649122807,40.53280582973054
calib_0050,random_5,random_0.25,none,V2_batchgene_aug_seed0,False,52.307692307692314,67.3974358974359,86.75641025641025,63.07692307692307,57.49999999999999
calib_0051,random_8,random_0.15,none,V2_batchgene_aug_seed0,False,58.26771653543307,56.69032356532357,89.70314407814408,66.14173228346458,53.84577228327229
calib_0052,myeloid,scope2,none,V2_batchgene_aug_seed0,False,67.33333333333333,61.914913510986445,80.56693158796945,76.0,62.50179211469534
calib_0053,lymphoid,random_0.35,none,V2_batchgene_aug_seed0,False,70.99494097807757,68.60687337042948,96.09539472717277,75.04215851602024,52.951054829995556
calib_0054,pbmc_like,scope2,none,V2_batchgene_aug_seed0,False,73.38308457711443,68.70595853079092,79.29388787505945,87.31343283582089,65.09440576298661
calib_0055,scope2_like,random_0.35,none,V2_batchgene_aug_seed0,False,50.74999999999999,59.25747657553588,84.2831472211526,60.5,62.41817481709665
calib_0056,random_1,random_0.35,none,V2_batchgene_aug_seed0,False,69.05311778290994,69.05311778290994,,69.05311778290994,73.38337182448036
calib_0057,random_2,pbmc240,per_cell,V2_batchgene_aug_seed0,False,40.666666666666664,40.123456790123456,97.93344068706386,40.666666666666664,27.294685990338163
calib_0058,random_3,random_0.15,none,V2_batchgene_aug_seed0,False,57.14285714285714,61.13207547169811,100.0,57.14285714285714,67.79874213836479
calib_0059,random_5,random_0.35,none,V2_batchgene_aug_seed0,False,44.18604651162791,57.92965711693026,71.20859800362976,84.18604651162791,47.67002365828364
calib_0060,random_8,scope2,per_cell,V2_batchgene_aug_seed0,False,78.57142857142857,76.39711064129668,92.27125910265444,81.81818181818183,84.40362931642001
calib_0061,random_1,pbmc240,none,V2_batchgene_aug_seed0,False,0.6666666666666667,0.6666666666666667,,0.6666666666666667,12.666666666666668
calib_0062,random_2,scope2,per_cell,V2_batchgene_aug_seed0,False,50.1,54.08172985330539,99.70513864112644,50.1,53.456502537279825
calib_0063,random_3,fulcher,none,V2_batchgene_aug_seed0,False,45.744680851063826,40.32015065913371,92.74952919020717,46.808510638297875,49.92467043314501
calib_0064,random_5,random_0.25,none,V2_batchgene_aug_seed0,False,72.1311475409836,77.0,95.33333333333334,75.40983606557377,86.0
calib_0065,random_8,random_0.35,none,V2_batchgene_aug_seed0,False,81.56748911465893,81.2090547927838,89.53907135882008,88.38896952104498,86.80854408170987
calib_0066,myeloid,random_0.25,none,V2_batchgene_aug_seed0,False,8.34419817470665,37.01971326164875,79.49283154121864,17.60104302477184,49.41577060931899
calib_0067,lymphoid,fulcher,none,V2_batchgene_aug_seed0,False,61.33333333333333,58.17099567099567,95.508658008658,61.33333333333333,50.1082251082251
calib_0068,pbmc_like,random_0.35,none,V2_batchgene_aug_seed0,False,50.0,59.795367573418304,69.40181282931583,77.0,67.41521865425494
calib_0069,scope2_like,random_0.15,none,V2_batchgene_aug_seed0,False,41.09195402298851,48.993716032608695,76.4860733695652,52.87356321839081,48.02139945652174
calib_0070,random_1,random_0.25,none,V2_batchgene_aug_seed0,False,62.5,62.5,,62.5,51.74999999999999
calib_0071,random_2,scope2,none,V2_batchgene_aug_seed0,False,64.84375,57.78688524590163,88.9344262295082,69.53125,60.24590163934427
calib_0072,random_3,pbmc240,none,V2_batchgene_aug_seed0,False,72.18543046357617,74.35619351408825,98.57575757575758,72.18543046357617,87.46730462519938
calib_0073,random_5,pbmc240,none,V2_batchgene_aug_seed0,False,85.23489932885906,72.45274725274726,96.74285714285715,85.23489932885906,80.85567765567765
calib_0074,random_8,random_0.35,none,V2_batchgene_aug_seed0,False,41.83673469387755,57.66447368421053,75.40570175438597,59.183673469387756,68.46491228070175
calib_0075,random_1,random_0.25,none,V2_batchgene_aug_seed0,False,58.666666666666664,58.666666666666664,,58.666666666666664,50.0
calib_0076,random_2,random_0.25,none,V2_batchgene_aug_seed0,False,68.57142857142857,79.28571428571429,99.08163265306122,69.1005291005291,54.18367346938776
calib_0077,random_3,pbmc240,per_cell,V2_batchgene_aug_seed0,False,24.489795918367346,26.54566744730679,88.41530054644808,27.89115646258503,21.71935987509758
calib_0078,random_5,random_0.15,none,V2_batchgene_aug_seed0,False,78.66666666666666,85.25806451612902,96.41935483870968,81.33333333333333,85.25806451612902
calib_0079,random_8,pbmc240,none,V2_batchgene_aug_seed0,False,73.33333333333333,71.40873015873017,99.375,73.33333333333333,66.875
calib_0080,myeloid,random_0.35,none,V2_batchgene_aug_seed0,False,61.79775280898876,67.479035639413,100.0,61.79775280898876,69.36582809224319
calib_0081,lymphoid,random_0.35,none,V2_batchgene_aug_seed0,False,79.38931297709924,77.14285714285714,99.20634920634922,80.1526717557252,77.53968253968254
calib_0082,pbmc_like,random_0.25,none,V2_batchgene_aug_seed0,False,64.1025641025641,59.239221410904044,63.51273631369391,92.94871794871796,67.14272389716986
calib_0083,scope2_like,scope2,per_cell,V2_batchgene_aug_seed0,False,57.47126436781609,66.56759510869566,84.21790081521738,70.54597701149426,65.58254076086956
calib_0084,random_1,random_0.35,none,V2_batchgene_aug_seed0,False,61.41304347826087,61.41304347826087,,61.41304347826087,54.347826086956516
calib_0085,random_2,pbmc240,none,V2_batchgene_aug_seed0,False,19.5,26.26565051714752,98.95209580838323,19.5,61.567773543821446
calib_0086,random_3,random_0.15,none,V2_batchgene_aug_seed0,False,44.73007712082262,52.61082693947144,78.33546462063086,51.156812339331616,52.99445865302642
calib_0087,random_5,random_0.25,none,V2_batchgene_aug_seed0,False,62.299465240641716,74.5916994585141,87.09447415329767,82.62032085561498,73.25799616587629
calib_0088,random_8,fulcher,per_cell,V2_batchgene_aug_seed0,False,54.7486033519553,43.23297500818509,54.58683473389356,68.71508379888269,44.69806104259886
calib_0089,random_1,fulcher,none,V2_batchgene_aug_seed0,False,15.451895043731778,15.451895043731778,,15.451895043731778,9.7667638483965
calib_0090,random_2,pbmc240,none,V2_batchgene_aug_seed0,False,84.75,85.98062953995156,98.33736884584343,84.75,86.6908797417272
calib_0091,random_3,random_0.15,none,V2_batchgene_aug_seed0,False,47.05882352941176,58.60597439544808,96.49122807017544,47.05882352941176,77.85680417259364
calib_0092,random_5,fulcher,per_cell,V2_batchgene_aug_seed0,False,55.47945205479452,44.7493010251631,62.93103448275862,58.9041095890411,55.82106244175209
calib_0093,random_8,pbmc240,none,V2_batchgene_aug_seed0,False,81.203007518797,75.55721902162927,95.86359157064888,82.45614035087719,73.21449026345934
calib_0094,myeloid,fulcher,per_cell,V2_batchgene_aug_seed0,False,41.12903225806452,36.48963936547624,59.15650891305182,67.74193548387096,31.653122995180205
calib_0095,lymphoid,fulcher,per_cell,V2_batchgene_aug_seed0,False,54.679802955665025,53.13912771100109,69.10592481427976,73.39901477832512,53.63025194369252
calib_0096,pbmc_like,scope2,none,V2_batchgene_aug_seed0,False,68.57798165137615,69.38391104844644,74.99219623047415,91.28440366972477,67.20413360438936
calib_0097,scope2_like,random_0.15,none,V2_batchgene_aug_seed0,False,47.333333333333336,57.72727272727273,83.06818181818181,54.0,58.06818181818182
calib_0098,random_1,fulcher,per_cell,V2_batchgene_aug_seed0,False,28.30188679245283,28.30188679245283,,28.30188679245283,33.9622641509434
calib_0099,random_2,pbmc240,per_cell,V2_batchgene_aug_seed0,False,66.94214876033058,66.7827868852459,97.93032786885246,66.94214876033058,75.51912568306011
calib_0100,random_3,random_0.15,none,V2_batchgene_aug_seed0,False,60.66666666666667,54.38842203548086,98.03921568627452,61.33333333333333,73.80952380952381
calib_0101,random_5,pbmc240,none,V2_batchgene_aug_seed0,False,82.5503355704698,89.07407407407408,100.0,82.5503355704698,97.96296296296296
calib_0102,random_8,fulcher,per_cell,V2_batchgene_aug_seed0,False,64.73684210526316,44.38167610581403,72.37754285168079,67.89473684210526,48.153332377470306
calib_0103,random_1,scope2,none,V2_batchgene_aug_seed0,False,2.5,2.5,,2.5,15.75
calib_0104,random_2,random_0.35,none,V2_batchgene_aug_seed0,False,40.12048192771084,41.55430029154519,99.41690962099126,40.12048192771084,46.49133462908973
calib_0105,random_3,scope2,none,V2_batchgene_aug_seed0,False,88.25,81.05536975102193,98.74396135265701,90.5,78.39464882943145
calib_0106,random_5,fulcher,none,V2_batchgene_aug_seed0,False,49.465240641711226,53.71340894925801,84.8361569116286,54.278074866310156,60.499517527819414
calib_0107,random_8,scope2,none,V2_batchgene_aug_seed0,False,63.829787234042556,71.41532809295967,83.79784688995215,85.81560283687944,74.07927963849016
calib_0108,myeloid,pbmc240,none,V2_batchgene_aug_seed0,False,33.67088607594937,45.37960247637667,75.019550342131,41.51898734177215,55.801564027370475
calib_0109,lymphoid,random_0.35,none,V2_batchgene_aug_seed0,False,48.0,43.333333333333336,75.83333333333333,57.99999999999999,39.166666666666664
calib_0110,pbmc_like,pbmc240,per_cell,V2_batchgene_aug_seed0,False,49.12718204488778,56.20519806465034,62.161839014893815,82.7930174563591,60.56700163230514
calib_0111,scope2_like,random_0.35,none,V2_batchgene_aug_seed0,False,49.137931034482754,58.81453804347826,83.17340353260869,58.90804597701149,59.421705163043484
calib_0112,random_1,random_0.35,none,V2_batchgene_aug_seed0,False,40.0,40.0,,40.0,45.0
calib_0113,random_2,random_0.15,none,V2_batchgene_aug_seed0,False,37.5,37.5,97.5,37.5,55.00000000000001
calib_0114,random_3,scope2,per_cell,V2_batchgene_aug_seed0,False,53.02013422818792,47.9223125564589,86.09756097560975,59.73154362416108,58.80758807588076
calib_0115,random_5,random_0.35,none,V2_batchgene_aug_seed0,False,60.810810810810814,66.75351901766996,91.14255765199161,65.54054054054053,64.95058400718779
calib_0116,random_8,random_0.35,none,V2_batchgene_aug_seed0,False,31.097560975609756,57.31010324483776,75.64097836774827,81.09756097560977,53.49618977384465
calib_0117,random_1,scope2,none,V2_batchgene_aug_seed0,False,41.509433962264154,41.509433962264154,,41.509433962264154,52.83018867924528
calib_0118,random_2,random_0.15,none,V2_batchgene_aug_seed0,False,27.11864406779661,59.43396226415094,98.11320754716981,27.11864406779661,65.09433962264151
calib_0119,random_3,random_0.25,none,V2_batchgene_aug_seed0,False,78.41409691629956,80.26604068857588,97.67866458007303,78.41409691629956,65.50339071465832
calib_0120,random_5,random_0.35,none,V2_batchgene_aug_seed0,False,60.25,54.348726569538755,93.98220786545662,64.75,43.527058108276385
calib_0121,random_8,random_0.15,none,V2_batchgene_aug_seed0,False,71.15384615384616,67.62083445010273,84.69043151969981,83.97435897435898,64.56334316090413
calib_0122,myeloid,fulcher,per_cell,V2_batchgene_aug_seed0,False,36.75496688741722,57.68817204301075,76.15292712066905,56.95364238410596,48.59617682198328
calib_0123,lymphoid,random_0.35,none,V2_batchgene_aug_seed0,False,50.0,62.13235294117647,100.0,50.0,58.700980392156865
calib_0124,pbmc_like,random_0.35,none,V2_batchgene_aug_seed0,False,69.46564885496184,67.92177788554599,73.70881492258303,91.6030534351145,69.07110267617513
calib_0125,scope2_like,fulcher,none,V2_batchgene_aug_seed0,False,57.266187050359704,65.0270143793074,81.12662724410788,73.23741007194245,62.50531779120225
calib_0126,random_1,random_0.35,none,V2_batchgene_aug_seed0,False,60.66666666666667,60.66666666666667,,60.66666666666667,44.666666666666664
calib_0127,random_2,random_0.25,none,V2_batchgene_aug_seed0,False,80.66666666666666,47.857142857142854,100.0,80.66666666666666,90.0
calib_0128,random_3,pbmc240,none,V2_batchgene_aug_seed0,False,47.940074906367045,55.85796367919272,93.58974358974358,50.187265917603,63.17942351461904
calib_0129,random_5,random_0.15,none,V2_batchgene_aug_seed0,False,92.02127659574468,76.85077519379846,99.76744186046511,92.02127659574468,86.01744186046511
calib_0130,random_8,random_0.35,none,V2_batchgene_aug_seed0,False,71.05831533477321,76.78788767965852,89.79811072218584,80.99352051835854,82.16152851038174
calib_0131,random_1,fulcher,none,V2_batchgene_aug_seed0,False,41.509433962264154,41.509433962264154,,41.509433962264154,43.39622641509434
calib_0132,random_2,fulcher,none,V2_batchgene_aug_seed0,False,43.75,42.73727834771384,98.74651810584957,43.75,31.934914056661455
calib_0133,random_3,fulcher,per_cell,V2_batchgene_aug_seed0,False,37.5,32.91728343341247,91.50595819950658,37.5,32.570148489503325
calib_0134,random_5,random_0.35,none,V2_batchgene_aug_seed0,False,52.17391304347826,49.472896076669656,93.2075471698113,53.2608695652174,48.16561844863731
calib_0135,random_8,random_0.25,none,V2_batchgene_aug_seed0,False,76.0,71.98863636363636,86.30681818181817,85.6,75.07575757575758
calib_0136,myeloid,random_0.25,none,V2_batchgene_aug_seed0,False,65.4471544715447,69.91334401923463,83.6405529953917,80.08130081300813,77.96032859146462
calib_0137,lymphoid,random_0.15,none,V2_batchgene_aug_seed0,False,73.5,75.0815049784122,95.09857117019352,75.5,71.86513070940634
calib_0138,pbmc_like,random_0.25,none,V2_batchgene_aug_seed0,False,58.75,64.47666553701036,70.70271917685712,88.75,64.47176094589886
calib_0139,scope2_like,random_0.25,none,V2_batchgene_aug_seed0,False,44.666666666666664,54.31818181818182,80.9090909090909,56.00000000000001,52.159090909090914
calib_0140,random_1,random_0.25,none,V2_batchgene_aug_seed0,False,65.7,65.7,,65.7,55.2
calib_0141,random_2,random_0.25,none,V2_batchgene_aug_seed0,False,76.6,63.65503080082136,68.42915811088297,83.1,57.52645711577949
calib_0142,random_3,random_0.25,none,V2_batchgene_aug_seed0,False,69.89247311827957,82.03847576766556,99.01960784313727,69.89247311827957,61.703045998273524
calib_0143,random_5,random_0.35,none,V2_batchgene_aug_seed0,False,79.734219269103,74.06794413064006,91.58381012926468,80.06644518272425,66.04240134647658
calib_0144,random_8,pbmc240,per_cell,V2_batchgene_aug_seed0,False,68.0,62.57281870428422,80.80916927899686,84.66666666666667,60.59365203761755
calib_0145,random_1,random_0.15,none,V2_batchgene_aug_seed0,False,30.0,30.0,,30.0,9.333333333333334
calib_0146,random_2,random_0.35,none,V2_batchgene_aug_seed0,False,84.25,80.72235589496809,99.0506329113924,84.25,84.836279945601
calib_0147,random_3,pbmc240,none,V2_batchgene_aug_seed0,False,48.19277108433735,46.666666666666664,98.33333333333334,48.19277108433735,32.5
calib_0148,random_5,scope2,per_cell,V2_batchgene_aug_seed0,False,78.69822485207101,62.9508045850636,97.77188328912467,78.69822485207101,75.89814044094518
calib_0149,random_8,random_0.35,none,V2_batchgene_aug_seed0,False,62.371134020618555,67.9491619761112,82.45393263437451,84.02061855670104,66.44724281221923
calib_0150,myeloid,random_0.35,none,V2_batchgene_aug_seed0,False,73.2,79.32138517819969,99.54970542354556,73.45,84.20254300904679
calib_0151,lymphoid,random_0.15,none,V2_batchgene_aug_seed0,False,65.86538461538461,56.47850950009223,83.08614646744142,68.26923076923077,63.660456250384314
calib_0152,pbmc_like,random_0.35,none,V2_batchgene_aug_seed0,False,51.689860834990064,63.56235597075709,76.49234741177796,65.30815109343936,64.16878075107113
calib_0153,scope2_like,pbmc240,per_cell,V2_batchgene_aug_seed0,False,48.275862068965516,54.921025815217384,77.98913043478262,64.22413793103449,46.475883152173914
calib_0154,random_1,random_0.15,none,V2_batchgene_aug_seed0,False,24.528301886792452,24.528301886792452,,24.528301886792452,33.9622641509434
calib_0155,random_2,fulcher,per_cell,V2_batchgene_aug_seed0,False,36.7283950617284,38.07027027027027,83.60000000000001,41.04938271604938,61.14054054054054
calib_0156,random_3,fulcher,none,V2_batchgene_aug_seed0,False,85.0,76.23852484963595,98.57142857142858,85.5,75.05969339302672
calib_0157,random_5,random_0.25,none,V2_batchgene_aug_seed0,False,43.82022471910113,47.64102564102563,92.66666666666666,49.43820224719101,60.1025641025641
calib_0158,random_8,scope2,none,V2_batchgene_aug_seed0,False,65.5,64.07058816888804,88.41199365222825,72.25,63.098719500798865
calib_0159,random_1,pbmc240,per_cell,V2_batchgene_aug_seed0,False,23.333333333333332,23.333333333333332,,23.333333333333332,20.666666666666668
calib_0160,random_2,scope2,none,V2_batchgene_aug_seed0,False,10.326086956521738,28.553948832035598,100.0,10.326086956521738,26.273637374860957
calib_0161,random_3,fulcher,none,V2_batchgene_aug_seed0,False,86.31578947368422,83.43965975544924,95.98617756512495,87.36842105263159,83.43965975544924
calib_0162,random_5,random_0.15,none,V2_batchgene_aug_seed0,False,55.97826086956522,70.48428811586706,78.07513254881677,84.23913043478261,75.00517263675158
calib_0163,random_8,pbmc240,per_cell,V2_batchgene_aug_seed0,False,57.49999999999999,56.75913645741232,70.925803124079,90.0,54.373096571372436
calib_0164,myeloid,fulcher,none,V2_batchgene_aug_seed0,False,2.666666666666667,3.5244360902255636,69.07894736842105,6.666666666666667,11.912593984962406
calib_0165,lymphoid,scope2,per_cell,V2_batchgene_aug_seed0,False,76.90476190476191,77.71776882467353,83.06474020561268,88.80952380952381,77.18810780772436
calib_0166,pbmc_like,random_0.15,none,V2_batchgene_aug_seed0,False,51.87500000000001,63.81720771657879,74.29472926328273,75.625,67.7125553226182
calib_0167,scope2_like,random_0.35,none,V2_batchgene_aug_seed0,False,40.0,47.95454545454545,83.18181818181817,53.333333333333336,58.18181818181818
calib_0168,random_1,random_0.35,none,V2_batchgene_aug_seed0,False,24.528301886792452,24.528301886792452,,24.528301886792452,30.18867924528302
calib_0169,random_2,random_0.25,none,V2_batchgene_aug_seed0,False,28.846153846153843,50.0,99.32432432432432,28.846153846153843,79.72972972972974
calib_0170,random_3,scope2,per_cell,V2_batchgene_aug_seed0,False,90.66666666666666,88.27979056489595,98.86336727444944,90.66666666666666,88.27979056489595
calib_0171,random_5,random_0.35,none,V2_batchgene_aug_seed0,False,59.30232558139535,74.05664488017429,99.40958605664487,59.41860465116279,89.40305010893246
calib_0172,random_8,random_0.35,none,V2_batchgene_aug_seed0,False,91.47286821705426,91.02564102564102,95.83333333333333,92.24806201550388,79.48717948717949
calib_0173,random_1,fulcher,none,V2_batchgene_aug_seed0,False,4.0,4.0,,4.0,10.0
calib_0174,random_2,scope2,none,V2_batchgene_aug_seed0,False,52.2,52.749692138181345,99.3705035971223,52.7,37.64501911983926
calib_0175,random_3,fulcher,none,V2_batchgene_aug_seed0,False,36.666666666666664,53.1878031878032,96.98544698544698,37.77777777777778,76.81912681912681
calib_0176,random_5,random_0.35,none,V2_batchgene_aug_seed0,False,78.94736842105263,76.2054834054834,97.97460317460317,80.45112781954887,61.71919191919193
calib_0177,random_8,random_0.25,none,V2_batchgene_aug_seed0,False,66.77966101694915,59.29203241609701,80.06185450701048,78.64406779661017,58.14656203282175
calib_0178,myeloid,pbmc240,per_cell,V2_batchgene_aug_seed0,False,44.0,53.73070325900514,93.18181818181819,44.0,62.221269296740985
calib_0179,lymphoid,scope2,none,V2_batchgene_aug_seed0,False,18.51851851851852,26.652142338416844,92.15686274509804,23.88888888888889,20.5519244734931
calib_0180,pbmc_like,fulcher,per_cell,V2_batchgene_aug_seed0,False,51.92307692307693,55.257901140254084,66.39258127493422,87.82051282051282,61.93274481509776
calib_0181,scope2_like,random_0.35,none,V2_batchgene_aug_seed0,False,39.42446043165468,52.024483110695144,82.74695822343232,49.92805755395683,58.048476984599674
calib_0182,random_1,random_0.35,none,V2_batchgene_aug_seed0,False,1.7999999999999998,1.7999999999999998,,1.7999999999999998,22.5
calib_0183,random_2,fulcher,per_cell,V2_batchgene_aug_seed0,False,47.82608695652174,70.0,82.5,52.17391304347826,70.0
calib_0184,random_3,random_0.25,none,V2_batchgene_aug_seed0,False,40.50632911392405,49.600870827285924,81.2609116341684,53.16455696202531,66.68454597084622
calib_0185,random_5,fulcher,per_cell,V2_batchgene_aug_seed0,False,57.615894039735096,52.82665721375399,77.60711331679074,64.23841059602648,50.71836228287842
calib_0186,random_8,random_0.25,none,V2_batchgene_aug_seed0,False,77.19714964370546,72.1488633709997,77.49271599447545,93.34916864608076,74.69228745943649
calib_0187,random_1,scope2,none,V2_batchgene_aug_seed0,False,58.666666666666664,58.666666666666664,,58.666666666666664,15.333333333333332
calib_0188,random_2,scope2,per_cell,V2_batchgene_aug_seed0,False,74.81481481481481,76.37904297740363,97.54098360655738,75.55555555555556,76.45104120513957
calib_0189,random_3,random_0.15,none,V2_batchgene_aug_seed0,False,53.84615384615385,67.96467282215977,100.0,53.84615384615385,58.42365850394754
calib_0190,random_5,random_0.15,none,V2_batchgene_aug_seed0,False,67.54002911208151,66.796496551132,85.39544561417533,70.45123726346434,58.70452411246886
calib_0191,random_8,pbmc240,per_cell,V2_batchgene_aug_seed0,False,37.220843672456574,54.970845884033736,79.06314605697908,45.40942928039702,58.56029091086017
calib_0192,myeloid,random_0.15,none,V2_batchgene_aug_seed0,False,83.11688311688312,71.3161599099099,76.36261261261261,90.9090909090909,59.28209459459459
calib_0193,lymphoid,fulcher,per_cell,V2_batchgene_aug_seed0,False,56.86274509803921,75.55555555555556,92.22222222222221,56.86274509803921,75.55555555555556
calib_0194,pbmc_like,scope2,none,V2_batchgene_aug_seed0,False,47.755102040816325,67.30571404138527,74.1139914299682,82.17687074829932,66.53843211848152
calib_0195,scope2_like,random_0.15,none,V2_batchgene_aug_seed0,False,40.0,47.15909090909091,79.0909090909091,50.0,44.77272727272727
calib_0196,random_1,random_0.25,none,V2_batchgene_aug_seed0,False,48.91304347826087,48.91304347826087,,48.91304347826087,42.934782608695656
calib_0197,random_2,fulcher,none,V2_batchgene_aug_seed0,False,57.85123966942148,54.2840713053479,95.74468085106382,57.85123966942148,53.10523289246694
calib_0198,random_3,pbmc240,per_cell,V2_batchgene_aug_seed0,False,57.99999999999999,71.55341537364009,94.57820581416087,59.333333333333336,71.1788835384341
calib_0199,random_5,fulcher,none,V2_batchgene_aug_seed0,False,62.10526315789474,72.54385964912281,87.08771929824562,68.42105263157895,72.98245614035088
calib_0200,random_8,random_0.35,none,V2_batchgene_aug_seed0,False,80.26315789473685,75.55313346074215,92.58838987099857,84.86842105263158,71.16821282582153
calib_0201,random_1,random_0.25,none,V2_batchgene_aug_seed0,False,50.0,50.0,,50.0,56.666666666666664
calib_0202,random_2,pbmc240,none,V2_batchgene_aug_seed0,False,65.75342465753424,76.41509433962264,100.0,65.75342465753424,77.35849056603774
calib_0203,random_3,pbmc240,none,V2_batchgene_aug_seed0,False,26.666666666666668,28.419669669669666,91.04729729729729,28.57142857142857,43.933933933933936
calib_0204,random_5,random_0.35,none,V2_batchgene_aug_seed0,False,62.17948717948718,70.71132075471698,97.5,62.17948717948718,72.60754716981131
calib_0205,random_8,random_0.15,none,V2_batchgene_aug_seed0,False,82.16560509554141,74.92527173913044,89.56068840579711,87.26114649681529,67.42527173913044
calib_0206,myeloid,fulcher,per_cell,V2_batchgene_aug_seed0,False,30.128205128205128,61.06280193236715,71.63848631239935,65.38461538461539,40.7608695652174
calib_0207,lymphoid,random_0.25,none,V2_batchgene_aug_seed0,False,46.63677130044843,64.62679385207619,98.83452687593761,46.74887892376682,57.84836819609952
calib_0208,pbmc_like,fulcher,per_cell,V2_batchgene_aug_seed0,False,38.302277432712216,49.10755423814988,55.194682689318284,82.6086956521739,52.96488634187486
calib_0209,scope2_like,pbmc240,per_cell,V2_batchgene_aug_seed0,False,52.666666666666664,60.56818181818182,78.97727272727273,64.0,53.75000000000001
calib_0210,random_1,random_0.25,none,V2_batchgene_aug_seed0,False,6.318082788671024,6.318082788671024,,6.318082788671024,10.893246187363834
calib_0211,random_2,pbmc240,none,V2_batchgene_aug_seed0,False,77.33333333333333,71.64542728635682,99.13793103448276,78.0,64.74887556221888
calib_0212,random_3,scope2,none,V2_batchgene_aug_seed0,False,62.0,63.17475675966242,80.71198193839703,73.33333333333333,63.77385367951406
calib_0213,random_5,random_0.15,none,V2_batchgene_aug_seed0,False,70.73170731707317,71.0,85.66666666666667,75.60975609756098,65.33333333333333
calib_0214,random_8,scope2,none,V2_batchgene_aug_seed0,False,73.70689655172413,66.83501241405652,83.88464476699771,89.65517241379311,70.42243601986249
calib_0215,random_1,random_0.25,none,V2_batchgene_aug_seed0,False,9.5,9.5,,9.5,13.0
calib_0216,random_2,random_0.25,none,V2_batchgene_aug_seed0,False,65.21739130434783,80.0,92.5,65.21739130434783,80.0
calib_0217,random_3,pbmc240,none,V2_batchgene_aug_seed0,False,70.69486404833837,82.42753623188405,100.0,70.69486404833837,82.2463768115942
calib_0218,random_5,random_0.15,none,V2_batchgene_aug_seed0,False,79.0,77.13482654824884,92.50516180266033,82.75,63.626289720772164
calib_0219,random_8,random_0.15,none,V2_batchgene_aug_seed0,False,55.633802816901415,77.58201458036984,94.81085526315789,56.33802816901409,90.60144025604554
calib_0220,myeloid,random_0.35,none,V2_batchgene_aug_seed0,False,45.689655172413794,51.125695014128155,83.77142010755628,49.137931034482754,66.69002369884241
calib_0221,lymphoid,random_0.35,none,V2_batchgene_aug_seed0,False,86.0,87.04906204906204,98.41269841269842,86.0,90.68709068709069
calib_0222,pbmc_like,random_0.25,none,V2_batchgene_aug_seed0,False,44.44444444444444,55.22141706924316,65.80783682232958,69.28104575163398,61.882716049382715
calib_0223,scope2_like,pbmc240,per_cell,V2_batchgene_aug_seed0,False,50.143678160919535,55.49422554347826,81.41983695652173,63.07471264367817,47.201936141304344
calib_0224,random_1,fulcher,per_cell,V2_batchgene_aug_seed0,False,1.2903225806451613,1.2903225806451613,,1.2903225806451613,4.516129032258064
calib_0225,random_2,fulcher,per_cell,V2_batchgene_aug_seed0,False,34.95145631067961,26.42124883504194,81.84995340167754,35.92233009708738,25.0
calib_0226,random_3,pbmc240,none,V2_batchgene_aug_seed0,False,59.44444444444444,57.81617394520621,96.73918786822013,60.55555555555555,67.35753348656574
calib_0227,random_5,fulcher,per_cell,V2_batchgene_aug_seed0,False,78.57829010566762,75.95155889778383,83.06520084919255,89.43323727185398,77.26180778867786
calib_0228,random_8,fulcher,none,V2_batchgene_aug_seed0,False,70.1195219123506,72.48510278149453,91.5541331520713,72.11155378486056,72.77009931649107
calib_0229,random_1,pbmc240,none,V2_batchgene_aug_seed0,False,5.446623093681917,5.446623093681917,,5.446623093681917,8.714596949891067
calib_0230,random_2,fulcher,none,V2_batchgene_aug_seed0,False,53.2258064516129,27.27272727272727,94.62809917355372,53.2258064516129,32.231404958677686
calib_0231,random_3,pbmc240,none,V2_batchgene_aug_seed0,False,39.5,60.15596160944998,99.4186046511628,40.75,68.59080841638982
calib_0232,random_5,random_0.35,none,V2_batchgene_aug_seed0,False,80.92105263157895,81.9107142857143,84.35714285714286,95.39473684210526,80.64880952380953
calib_0233,random_8,random_0.25,none,V2_batchgene_aug_seed0,False,74.4186046511628,76.34102946044356,88.4630503144654,82.55813953488372,71.20976084078119
calib_0234,myeloid,random_0.25,none,V2_batchgene_aug_seed0,False,42.72727272727273,67.68605977817965,86.3958073003578,53.03030303030303,72.61407294148692
calib_0235,lymphoid,scope2,per_cell,V2_batchgene_aug_seed0,False,53.65853658536586,45.3030303030303,79.24242424242425,65.85365853658537,34.54545454545455
calib_0236,pbmc_like,scope2,per_cell,V2_batchgene_aug_seed0,False,50.66666666666667,62.9092204092204,71.96904946904948,72.66666666666667,63.09343434343435
calib_0237,scope2_like,scope2,none,V2_batchgene_aug_seed0,False,59.0,67.58439224746502,85.47362341162881,71.0,64.08034912078038
calib_0238,random_1,random_0.35,none,V2_batchgene_aug_seed0,False,66.3,66.3,,66.3,53.300000000000004
calib_0239,random_2,fulcher,none,V2_batchgene_aug_seed0,False,72.18225419664267,69.5069042731853,98.28326180257511,73.38129496402878,69.82179511102817
calib_0000,random_1,fulcher,per_cell,V3_dual_aug_seed0,True,26.0,26.0,,26.0,34.0
calib_0001,random_2,random_0.35,none,V3_dual_aug_seed0,True,94.9367088607595,60.0,70.0,96.20253164556962,69.32432432432432
calib_0002,random_3,random_0.25,none,V3_dual_aug_seed0,True,91.33333333333333,77.92397660818713,89.47368421052632,91.33333333333333,76.53508771929825
calib_0003,random_5,scope2,per_cell,V3_dual_aug_seed0,True,94.0,93.24039454474239,96.06060606060606,94.66666666666667,93.29914895132288
calib_0004,random_8,random_0.15,none,V3_dual_aug_seed0,True,83.80681818181817,83.04768541207221,85.58285857224537,98.29545454545455,82.72098086661765
calib_0005,random_1,fulcher,per_cell,V3_dual_aug_seed0,True,3.5000000000000004,3.5000000000000004,,3.5000000000000004,5.25
calib_0006,random_2,fulcher,per_cell,V3_dual_aug_seed0,True,94.84536082474226,50.0,50.0,100.0,49.45652173913043
calib_0007,random_3,pbmc240,none,V3_dual_aug_seed0,True,99.12621359223301,97.9591836734694,99.77324263038548,99.22330097087378,97.50566893424036
calib_0008,random_5,random_0.35,none,V3_dual_aug_seed0,True,69.5364238410596,68.62554112554112,88.97186147186147,76.15894039735099,63.38744588744588
calib_0009,random_8,fulcher,none,V3_dual_aug_seed0,True,84.9673202614379,76.37648809523809,77.86458333333333,93.4640522875817,73.77232142857142
calib_0010,myeloid,random_0.25,none,V3_dual_aug_seed0,True,76.78571428571429,78.46148716342172,84.77095510174087,87.72321428571429,79.09439855582679
calib_0011,lymphoid,fulcher,none,V3_dual_aug_seed0,True,99.46524064171123,99.23076923076923,99.23076923076923,100.0,99.23076923076923
calib_0012,pbmc_like,pbmc240,none,V3_dual_aug_seed0,True,78.4394250513347,79.47096770955237,80.67289078647545,97.94661190965093,79.49135874885096
calib_0013,scope2_like,random_0.35,none,V3_dual_aug_seed0,True,80.0,74.43181818181819,90.34090909090908,85.33333333333334,74.43181818181819
calib_0014,random_1,random_0.35,none,V3_dual_aug_seed0,True,91.84782608695652,91.84782608695652,,91.84782608695652,90.76086956521739
calib_0015,random_2,random_0.15,none,V3_dual_aug_seed0,True,74.07407407407408,65.0,95.0,76.5432098765432,71.66666666666667
calib_0016,random_3,random_0.15,none,V3_dual_aug_seed0,True,83.9080459770115,88.91140173144227,98.44661386381776,85.0574712643678,89.09866764904525
calib_0017,random_5,scope2,per_cell,V3_dual_aug_seed0,True,73.21428571428571,57.98642664613014,73.4966307277628,82.58928571428571,60.84356950327301
calib_0018,random_8,random_0.35,none,V3_dual_aug_seed0,True,76.07090103397341,72.84339969515779,76.21942596773579,95.56868537666175,70.69998080310006
calib_0019,random_1,random_0.35,none,V3_dual_aug_seed0,True,100.0,100.0,,100.0,100.0
calib_0020,random_2,random_0.35,none,V3_dual_aug_seed0,True,60.71428571428571,61.282051282051285,78.33333333333333,67.85714285714286,49.48717948717949
calib_0021,random_3,fulcher,per_cell,V3_dual_aug_seed0,True,48.36223506743738,51.64195169535577,82.71241714426664,56.45472061657033,46.04651681725827
calib_0022,random_5,random_0.15,none,V3_dual_aug_seed0,True,74.45255474452554,79.58608058608058,87.75457875457876,86.86131386861314,80.58608058608058
calib_0023,random_8,random_0.35,none,V3_dual_aug_seed0,True,81.35593220338984,68.88836897133258,82.51465088944092,89.83050847457628,69.40320192064134
calib_0024,myeloid,random_0.15,none,V3_dual_aug_seed0,True,84.375,85.57461406518011,88.90794739851344,94.53125,87.41566609491137
calib_0025,lymphoid,scope2,none,V3_dual_aug_seed0,True,77.88697788697789,79.02097902097903,79.02097902097903,100.0,79.25407925407924
calib_0026,pbmc_like,random_0.15,none,V3_dual_aug_seed0,True,75.0,69.01378374549363,69.01378374549363,100.0,67.89072248960505
calib_0027,scope2_like,scope2,none,V3_dual_aug_seed0,True,79.5,64.63868566294441,71.99974329354384,92.25,64.46861763573354
calib_0028,random_1,pbmc240,per_cell,V3_dual_aug_seed0,True,93.44262295081968,93.44262295081968,,93.44262295081968,92.62295081967213
calib_0029,random_2,pbmc240,none,V3_dual_aug_seed0,True,100.0,100.0,100.0,100.0,100.0
calib_0030,random_3,random_0.15,none,V3_dual_aug_seed0,True,98.0,97.21680645124077,98.63945578231292,99.0,96.53653434239722
calib_0031,random_5,pbmc240,per_cell,V3_dual_aug_seed0,True,75.08474576271186,66.90844703753928,67.52255684935683,96.27118644067797,66.4963327956378
calib_0032,random_8,pbmc240,none,V3_dual_aug_seed0,True,68.9873417721519,71.66125541125541,83.58302411873841,84.81012658227847,72.74969078540508
calib_0033,random_1,random_0.35,none,V3_dual_aug_seed0,True,100.0,100.0,,100.0,100.0
calib_0034,random_2,random_0.15,none,V3_dual_aug_seed0,True,86.20689655172413,77.77777777777779,100.0,86.20689655172413,77.77777777777779
calib_0035,random_3,fulcher,per_cell,V3_dual_aug_seed0,True,94.89999999999999,95.68539710485133,99.36179577464789,95.7,89.8694248826291
calib_0036,random_5,random_0.35,none,V3_dual_aug_seed0,True,86.92307692307692,47.91569086651054,82.82797156826493,88.84615384615384,55.058548009367684
calib_0037,random_8,scope2,per_cell,V3_dual_aug_seed0,True,85.49274637318659,68.58397307340284,72.40701992057224,97.19859929964983,70.63203070036606
calib_0038,myeloid,random_0.35,none,V3_dual_aug_seed0,True,90.60773480662984,87.63036066032738,87.63036066032738,98.34254143646409,88.25929147793742
calib_0039,lymphoid,random_0.25,none,V3_dual_aug_seed0,True,73.52941176470588,60.0,96.66666666666667,77.94117647058823,62.22222222222222
calib_0040,pbmc_like,random_0.35,none,V3_dual_aug_seed0,True,65.60000000000001,56.705276705276695,57.32696982696983,98.8,53.22477239143906
calib_0041,scope2_like,scope2,per_cell,V3_dual_aug_seed0,True,78.25,62.883455268900015,69.6412527275061,91.25,63.05352329611089
calib_0042,random_1,fulcher,per_cell,V3_dual_aug_seed0,True,29.72972972972973,29.72972972972973,,29.72972972972973,9.45945945945946
calib_0043,random_2,pbmc240,per_cell,V3_dual_aug_seed0,True,88.63636363636364,83.33333333333333,98.33333333333334,89.77272727272727,78.33333333333333
calib_0044,random_3,pbmc240,none,V3_dual_aug_seed0,True,92.5,67.45159602302459,68.26792255363685,99.7,68.01674515960231
calib_0045,random_5,scope2,none,V3_dual_aug_seed0,True,67.62589928057554,79.41362154743524,88.72019214273462,78.41726618705036,82.74695488076858
calib_0046,random_8,random_0.35,none,V3_dual_aug_seed0,True,77.95275590551181,63.985024122219244,74.56194719914234,91.33858267716536,63.02348566068078
calib_0047,random_1,random_0.15,none,V3_dual_aug_seed0,True,90.0,90.0,,90.0,89.33333333333333
calib_0048,random_2,scope2,per_cell,V3_dual_aug_seed0,True,47.97687861271676,24.198250728862973,100.0,47.97687861271676,26.60349854227405
calib_0049,random_3,fulcher,none,V3_dual_aug_seed0,True,94.95614035087719,79.68521992912237,79.68521992912237,100.0,80.15426308109235
calib_0050,random_5,random_0.25,none,V3_dual_aug_seed0,True,46.15384615384615,66.19230769230768,88.3846153846154,50.76923076923077,69.93589743589743
calib_0051,random_8,random_0.15,none,V3_dual_aug_seed0,True,64.56692913385827,66.46863553113553,81.78647741147742,85.03937007874016,72.08295177045176
calib_0052,myeloid,scope2,none,V3_dual_aug_seed0,True,62.66666666666667,66.6993922393642,69.70702820632694,90.66666666666666,66.6993922393642
calib_0053,lymphoid,random_0.35,none,V3_dual_aug_seed0,True,85.16020236087691,85.94528317416086,97.81193690714498,87.85834738617201,90.53108199072891
calib_0054,pbmc_like,scope2,none,V3_dual_aug_seed0,True,79.35323383084577,66.64521896261986,66.64521896261986,100.0,63.82167091664929
calib_0055,scope2_like,random_0.35,none,V3_dual_aug_seed0,True,78.75,69.85945321524835,81.093569503273,87.0,70.36965729688102
calib_0056,random_1,random_0.35,none,V3_dual_aug_seed0,True,100.0,100.0,,100.0,100.0
calib_0057,random_2,pbmc240,per_cell,V3_dual_aug_seed0,True,59.333333333333336,56.33387010198604,70.28985507246377,75.33333333333333,58.5077831454643
calib_0058,random_3,random_0.15,none,V3_dual_aug_seed0,True,81.81818181818183,61.0062893081761,79.37106918238995,85.71428571428571,61.0062893081761
calib_0059,random_5,random_0.35,none,V3_dual_aug_seed0,True,32.55813953488372,52.051586401348196,52.051586401348196,100.0,54.12747925849105
calib_0060,random_8,scope2,per_cell,V3_dual_aug_seed0,True,73.37662337662337,56.60206718346252,64.24095607235142,88.31168831168831,55.90762273901808
calib_0061,random_1,pbmc240,none,V3_dual_aug_seed0,True,8.0,8.0,,8.0,9.333333333333334
calib_0062,random_2,scope2,per_cell,V3_dual_aug_seed0,True,64.5,71.93967682155909,100.0,64.5,73.03685550494467
calib_0063,random_3,fulcher,none,V3_dual_aug_seed0,True,85.1063829787234,62.76836158192091,70.0,88.29787234042553,61.6572504708098
calib_0064,random_5,random_0.25,none,V3_dual_aug_seed0,True,60.65573770491803,67.33333333333333,91.33333333333333,62.295081967213115,69.33333333333334
calib_0065,random_8,random_0.35,none,V3_dual_aug_seed0,True,86.64731494920174,84.09102492715829,87.28063653893696,94.33962264150944,81.2184374451958
calib_0066,myeloid,random_0.25,none,V3_dual_aug_seed0,True,78.8787483702738,77.44265232974911,81.26881720430107,88.91786179921773,78.68458781362007
calib_0067,lymphoid,fulcher,none,V3_dual_aug_seed0,True,77.33333333333333,74.56709956709958,97.72727272727273,78.66666666666666,79.11255411255411
calib_0068,pbmc_like,random_0.35,none,V3_dual_aug_seed0,True,79.75,69.89612018941094,70.05261471210264,99.75,68.9674428040152
calib_0069,scope2_like,random_0.15,none,V3_dual_aug_seed0,True,78.44827586206897,72.81759510869566,78.77462635869566,89.36781609195403,72.62228260869566
calib_0070,random_1,random_0.25,none,V3_dual_aug_seed0,True,99.75,99.75,,99.75,99.75
calib_0071,random_2,scope2,none,V3_dual_aug_seed0,True,95.3125,50.0,50.0,100.0,50.0
calib_0072,random_3,pbmc240,none,V3_dual_aug_seed0,True,100.0,100.0,100.0,100.0,99.41520467836257
calib_0073,random_5,pbmc240,none,V3_dual_aug_seed0,True,85.23489932885906,73.0043956043956,90.92380952380952,87.91946308724832,69.92747252747252
calib_0074,random_8,random_0.35,none,V3_dual_aug_seed0,True,68.36734693877551,59.583333333333336,76.25,79.59183673469387,61.66666666666667
calib_0075,random_1,random_0.25,none,V3_dual_aug_seed0,True,88.66666666666667,88.66666666666667,,88.66666666666667,88.66666666666667
calib_0076,random_2,random_0.25,none,V3_dual_aug_seed0,True,86.03174603174604,90.85034013605441,99.48979591836735,86.45502645502646,92.89115646258503
calib_0077,random_3,pbmc240,per_cell,V3_dual_aug_seed0,True,31.97278911564626,34.71766848816029,83.30275826177464,40.136054421768705,43.048399687743945
calib_0078,random_5,random_0.15,none,V3_dual_aug_seed0,True,64.0,60.118279569892486,74.40860215053763,66.66666666666666,60.118279569892486
calib_0079,random_8,pbmc240,none,V3_dual_aug_seed0,True,86.66666666666667,76.38888888888889,83.33333333333333,91.66666666666666,76.38888888888889
calib_0080,myeloid,random_0.35,none,V3_dual_aug_seed0,True,100.0,100.0,100.0,100.0,100.0
calib_0081,lymphoid,random_0.35,none,V3_dual_aug_seed0,True,89.31297709923665,82.74509803921569,92.74509803921568,93.12977099236642,82.74509803921569
calib_0082,pbmc_like,random_0.25,none,V3_dual_aug_seed0,True,62.17948717948718,66.652034316193,66.652034316193,100.0,63.74895130709084
calib_0083,scope2_like,scope2,per_cell,V3_dual_aug_seed0,True,79.45402298850574,64.27479619565217,73.00016983695652,91.95402298850574,63.88417119565217
calib_0084,random_1,random_0.35,none,V3_dual_aug_seed0,True,78.80434782608695,78.80434782608695,,78.80434782608695,78.80434782608695
calib_0085,random_2,pbmc240,none,V3_dual_aug_seed0,True,80.0,88.02395209580838,100.0,80.0,88.02395209580838
calib_0086,random_3,random_0.15,none,V3_dual_aug_seed0,True,72.49357326478149,78.82566069906223,90.0149190110827,80.20565552699229,79.44373401534527
calib_0087,random_5,random_0.25,none,V3_dual_aug_seed0,True,77.27272727272727,83.64796690545859,85.63279857397504,98.3957219251337,79.41445531900581
calib_0088,random_8,fulcher,per_cell,V3_dual_aug_seed0,True,58.10055865921788,28.01020408163265,28.01020408163265,98.88268156424581,28.01020408163265
calib_0089,random_1,fulcher,none,V3_dual_aug_seed0,True,48.250728862973766,48.250728862973766,,48.250728862973766,56.559766763848394
calib_0090,random_2,pbmc240,none,V3_dual_aug_seed0,True,99.75,99.52380952380952,99.52380952380952,100.0,99.52380952380952
calib_0091,random_3,random_0.15,none,V3_dual_aug_seed0,True,91.91176470588235,91.20436225699385,96.49122807017544,94.85294117647058,90.75391180654339
calib_0092,random_5,fulcher,per_cell,V3_dual_aug_seed0,True,35.61643835616438,43.53153153153153,58.716216216216225,60.95890410958904,42.432432432432435
calib_0093,random_8,pbmc240,none,V3_dual_aug_seed0,True,92.23057644110276,85.04174814052578,89.80482003595063,96.49122807017544,83.3138069640552
calib_0094,myeloid,fulcher,per_cell,V3_dual_aug_seed0,True,33.064516129032256,27.870764861026576,36.74173260296206,84.67741935483872,28.342462974234124
calib_0095,lymphoid,fulcher,per_cell,V3_dual_aug_seed0,True,46.30541871921182,40.032585777266625,42.54360743722446,77.83251231527095,38.230783975464824
calib_0096,pbmc_like,scope2,none,V3_dual_aug_seed0,True,81.65137614678899,74.55597260797602,74.55597260797602,100.0,76.55151025568759
calib_0097,scope2_like,random_0.15,none,V3_dual_aug_seed0,True,81.33333333333333,72.15909090909092,80.79545454545455,91.33333333333333,71.25
calib_0098,random_1,fulcher,per_cell,V3_dual_aug_seed0,True,94.33962264150944,94.33962264150944,,94.33962264150944,94.33962264150944
calib_0099,random_2,pbmc240,per_cell,V3_dual_aug_seed0,True,90.49586776859503,90.43715846994536,99.16666666666667,90.49586776859503,82.93715846994536
calib_0100,random_3,random_0.15,none,V3_dual_aug_seed0,True,92.66666666666666,86.5079365079365,99.20634920634922,93.33333333333333,74.60317460317461
calib_0101,random_5,pbmc240,none,V3_dual_aug_seed0,True,100.0,100.0,100.0,100.0,100.0
calib_0102,random_8,fulcher,per_cell,V3_dual_aug_seed0,True,52.10526315789473,37.6039501039501,38.565488565488565,98.42105263157895,36.10966735966736
calib_0103,random_1,scope2,none,V3_dual_aug_seed0,True,74.25,74.25,,74.25,77.75
calib_0104,random_2,random_0.35,none,V3_dual_aug_seed0,True,55.662650602409634,69.61147554259799,99.65277777777779,55.662650602409634,73.74878522837707
calib_0105,random_3,scope2,none,V3_dual_aug_seed0,True,94.75,82.05128205128206,93.16239316239316,96.5,82.05128205128206
calib_0106,random_5,fulcher,none,V3_dual_aug_seed0,True,71.3903743315508,61.31862995070543,63.23304436511983,98.1283422459893,61.544473289756304
calib_0107,random_8,scope2,none,V3_dual_aug_seed0,True,63.829787234042556,68.0442425508215,88.79142300194931,85.1063829787234,65.3935185185185
calib_0108,myeloid,pbmc240,none,V3_dual_aug_seed0,True,85.0632911392405,84.44607363962203,85.41381557510589,97.9746835443038,84.38986640599543
calib_0109,lymphoid,random_0.35,none,V3_dual_aug_seed0,True,60.0,60.0,77.49999999999999,82.0,75.83333333333333
calib_0110,pbmc_like,pbmc240,per_cell,V3_dual_aug_seed0,True,63.092269326683294,57.844957726481304,62.446301801509605,89.52618453865337,56.00764671801309
calib_0111,scope2_like,random_0.35,none,V3_dual_aug_seed0,True,76.72413793103449,67.81589673913044,79.98046875,85.63218390804597,68.01120923913044
calib_0112,random_1,random_0.35,none,V3_dual_aug_seed0,True,100.0,100.0,,100.0,100.0
calib_0113,random_2,random_0.15,none,V3_dual_aug_seed0,True,100.0,100.0,100.0,100.0,100.0
calib_0114,random_3,scope2,per_cell,V3_dual_aug_seed0,True,54.36241610738255,56.15176151761517,87.33514001806685,69.12751677852349,52.448057813911475
calib_0115,random_5,random_0.35,none,V3_dual_aug_seed0,True,81.75675675675676,72.38095238095238,92.06349206349206,84.45945945945947,77.93650793650794
calib_0116,random_8,random_0.35,none,V3_dual_aug_seed0,True,81.70731707317073,56.84918879056047,59.14085545722714,97.5609756097561,57.87487708947886
calib_0117,random_1,scope2,none,V3_dual_aug_seed0,True,100.0,100.0,,100.0,100.0
calib_0118,random_2,random_0.15,none,V3_dual_aug_seed0,True,96.61016949152543,98.11320754716981,100.0,96.61016949152543,98.11320754716981
calib_0119,random_3,random_0.25,none,V3_dual_aug_seed0,True,67.84140969162996,67.11528429838289,95.82681272822117,70.48458149779736,63.828899321857065
calib_0120,random_5,random_0.35,none,V3_dual_aug_seed0,True,89.5,86.38687454677303,91.25440408435333,93.75,87.82934493594394
calib_0121,random_8,random_0.15,none,V3_dual_aug_seed0,True,78.2051282051282,60.95811498565915,66.55335308089724,97.43589743589743,61.26299303443963
calib_0122,myeloid,fulcher,per_cell,V3_dual_aug_seed0,True,35.430463576158935,50.44802867383512,54.211469534050174,94.03973509933775,49.10394265232975
calib_0123,lymphoid,random_0.35,none,V3_dual_aug_seed0,True,61.33333333333333,71.56862745098039,100.0,61.33333333333333,75.0
calib_0124,pbmc_like,random_0.35,none,V3_dual_aug_seed0,True,78.2442748091603,81.35914123232965,81.59062271381113,99.61832061068702,80.14954654447408
calib_0125,scope2_like,fulcher,none,V3_dual_aug_seed0,True,73.66906474820144,76.35550497745255,76.45335233557388,99.28057553956835,76.06196290308857
calib_0126,random_1,random_0.35,none,V3_dual_aug_seed0,True,100.0,100.0,,100.0,100.0
calib_0127,random_2,random_0.25,none,V3_dual_aug_seed0,True,94.0,55.00000000000001,90.0,94.66666666666667,55.00000000000001
calib_0128,random_3,pbmc240,none,V3_dual_aug_seed0,True,59.925093632958806,74.84163364051632,98.43304843304844,60.2996254681648,74.84163364051632
calib_0129,random_5,random_0.15,none,V3_dual_aug_seed0,True,86.17021276595744,57.08333333333334,95.0,87.7659574468085,51.66666666666666
calib_0130,random_8,random_0.35,none,V3_dual_aug_seed0,True,82.28941684665226,86.51504324919073,87.05852151006029,97.40820734341253,83.67413415828165
calib_0131,random_1,fulcher,none,V3_dual_aug_seed0,True,100.0,100.0,,100.0,100.0
calib_0132,random_2,fulcher,none,V3_dual_aug_seed0,True,90.75,81.88395950811875,96.34146341463415,91.5,82.96419593722399
calib_0133,random_3,fulcher,per_cell,V3_dual_aug_seed0,True,62.5,34.21067821067821,68.38672438672438,63.24999999999999,34.21067821067821
calib_0134,random_5,random_0.35,none,V3_dual_aug_seed0,True,94.56521739130434,73.33333333333333,73.33333333333333,100.0,73.33333333333333
calib_0135,random_8,random_0.25,none,V3_dual_aug_seed0,True,74.4,62.821969696969695,66.45833333333333,96.8,66.72348484848484
calib_0136,myeloid,random_0.25,none,V3_dual_aug_seed0,True,74.39024390243902,74.85014693114273,76.7523208441862,93.4959349593496,73.78072196620583
calib_0137,lymphoid,random_0.15,none,V3_dual_aug_seed0,True,86.75,72.21706294549486,78.34008097165992,89.0,76.31063019695684
calib_0138,pbmc_like,random_0.25,none,V3_dual_aug_seed0,True,80.0,66.89388761802556,67.27702938047766,99.375,70.3182524217007
calib_0139,scope2_like,random_0.25,none,V3_dual_aug_seed0,True,76.66666666666667,61.02272727272727,62.84090909090909,88.0,61.02272727272727
calib_0140,random_1,random_0.25,none,V3_dual_aug_seed0,True,99.9,99.9,,99.9,99.9
calib_0141,random_2,random_0.25,none,V3_dual_aug_seed0,True,97.39999999999999,50.0,50.0,100.0,50.0
calib_0142,random_3,random_0.25,none,V3_dual_aug_seed0,True,100.0,100.0,100.0,100.0,94.44444444444446
calib_0143,random_5,random_0.35,none,V3_dual_aug_seed0,True,84.38538205980066,77.50348757245308,90.56410256410257,86.37873754152824,77.26908340701443
calib_0144,random_8,pbmc240,per_cell,V3_dual_aug_seed0,True,70.66666666666667,55.89798850574712,72.5933908045977,86.66666666666667,56.46617032392894
calib_0145,random_1,random_0.15,none,V3_dual_aug_seed0,True,73.33333333333333,73.33333333333333,,73.33333333333333,82.66666666666667
calib_0146,random_2,random_0.35,none,V3_dual_aug_seed0,True,100.0,100.0,100.0,100.0,100.0
calib_0147,random_3,pbmc240,none,V3_dual_aug_seed0,True,72.28915662650603,70.3623188405797,100.0,72.28915662650603,77.82608695652175
calib_0148,random_5,scope2,per_cell,V3_dual_aug_seed0,True,86.68639053254438,80.72897617125504,95.0132625994695,86.98224852071006,79.45913490141375
calib_0149,random_8,random_0.35,none,V3_dual_aug_seed0,True,74.22680412371135,65.6276755985413,67.05624702711273,95.36082474226805,64.50228912319645
calib_0150,myeloid,random_0.35,none,V3_dual_aug_seed0,True,96.7,97.3423443841423,99.63013491148334,97.0,97.45290038130763
calib_0151,lymphoid,random_0.15,none,V3_dual_aug_seed0,True,78.36538461538461,56.7687388550698,75.57215765848859,83.65384615384616,49.93113201746296
calib_0152,pbmc_like,random_0.35,none,V3_dual_aug_seed0,True,84.29423459244532,72.29921224619422,72.41825986524184,99.10536779324056,71.83919608843088
calib_0153,scope2_like,pbmc240,per_cell,V3_dual_aug_seed0,True,67.67241379310344,68.62686820652173,72.0703125,95.54597701149426,68.25747282608697
calib_0154,random_1,random_0.15,none,V3_dual_aug_seed0,True,98.11320754716981,98.11320754716981,,98.11320754716981,98.11320754716981
calib_0155,random_2,fulcher,per_cell,V3_dual_aug_seed0,True,79.62962962962963,55.881081081081085,68.24324324324324,82.71604938271605,53.178378378378376
calib_0156,random_3,fulcher,none,V3_dual_aug_seed0,True,89.5,66.30952380952381,98.78815628815629,90.25,66.30952380952381
calib_0157,random_5,random_0.25,none,V3_dual_aug_seed0,True,64.04494382022472,65.48717948717947,85.48717948717949,79.7752808988764,71.43589743589743
calib_0158,random_8,scope2,none,V3_dual_aug_seed0,True,67.5,69.98692223669465,78.94293707506243,79.25,71.6631997105793
calib_0159,random_1,pbmc240,per_cell,V3_dual_aug_seed0,True,80.66666666666666,80.66666666666666,,80.66666666666666,80.0
calib_0160,random_2,scope2,none,V3_dual_aug_seed0,True,84.23913043478261,58.40934371523916,100.0,84.23913043478261,63.581757508342605
calib_0161,random_3,fulcher,none,V3_dual_aug_seed0,True,88.42105263157895,80.7017543859649,80.7017543859649,98.94736842105263,80.7017543859649
calib_0162,random_5,random_0.15,none,V3_dual_aug_seed0,True,85.86956521739131,72.93611793611794,93.84520884520884,95.65217391304348,71.95331695331696
calib_0163,random_8,pbmc240,per_cell,V3_dual_aug_seed0,True,64.16666666666667,56.296805046805055,60.46347171347172,91.66666666666666,55.020350020350016
calib_0164,myeloid,fulcher,none,V3_dual_aug_seed0,True,5.333333333333334,10.526315789473683,66.63533834586465,19.333333333333332,11.419172932330826
calib_0165,lymphoid,scope2,per_cell,V3_dual_aug_seed0,True,88.80952380952381,88.4115510611024,89.04714428144139,98.57142857142858,87.15549779233727
calib_0166,pbmc_like,random_0.15,none,V3_dual_aug_seed0,True,69.375,69.7080016419639,69.7080016419639,100.0,69.1748927755217
calib_0167,scope2_like,random_0.35,none,V3_dual_aug_seed0,True,80.66666666666666,69.31818181818183,73.29545454545455,88.66666666666667,69.31818181818183
calib_0168,random_1,random_0.35,none,V3_dual_aug_seed0,True,100.0,100.0,,100.0,100.0
calib_0169,random_2,random_0.25,none,V3_dual_aug_seed0,True,97.11538461538461,97.97297297297297,99.32432432432432,98.07692307692307,97.97297297297297
calib_0170,random_3,scope2,per_cell,V3_dual_aug_seed0,True,96.0,71.89859762675296,71.89859762675296,100.0,71.89859762675296
calib_0171,random_5,random_0.35,none,V3_dual_aug_seed0,True,88.48837209302326,80.41176470588235,99.57952069716775,88.72093023255813,75.4161220043573
calib_0172,random_8,random_0.35,none,V3_dual_aug_seed0,True,93.7984496124031,66.66666666666666,66.66666666666666,97.67441860465115,66.66666666666666
calib_0173,random_1,fulcher,none,V3_dual_aug_seed0,True,99.33333333333333,99.33333333333333,,99.33333333333333,92.0
calib_0174,random_2,scope2,none,V3_dual_aug_seed0,True,94.39999999999999,93.82980102404564,98.78394581631991,95.19999999999999,95.4736211031175
calib_0175,random_3,fulcher,none,V3_dual_aug_seed0,True,86.66666666666667,71.34442134442133,79.48717948717949,91.11111111111111,76.47262647262649
calib_0176,random_5,random_0.35,none,V3_dual_aug_seed0,True,94.73684210526315,96.22857142857143,96.95873015873016,98.99749373433583,96.37142857142858
calib_0177,random_8,random_0.25,none,V3_dual_aug_seed0,True,79.66101694915254,74.92169891684365,82.00673581785193,89.83050847457628,77.67493435736132
calib_0178,myeloid,pbmc240,per_cell,V3_dual_aug_seed0,True,70.66666666666667,79.24528301886792,100.0,70.66666666666667,80.18867924528301
calib_0179,lymphoid,scope2,none,V3_dual_aug_seed0,True,92.5925925925926,89.03413217138707,91.86637618010167,93.51851851851852,84.45896877269425
calib_0180,pbmc_like,fulcher,per_cell,V3_dual_aug_seed0,True,37.82051282051282,30.635203576380054,48.338907280083745,63.46153846153846,33.111394052570525
calib_0181,scope2_like,random_0.35,none,V3_dual_aug_seed0,True,78.27338129496403,68.53143878158767,79.90193993023058,87.4820143884892,68.62928613970901
calib_0182,random_1,random_0.35,none,V3_dual_aug_seed0,True,89.2,89.2,,89.2,89.3
calib_0183,random_2,fulcher,per_cell,V3_dual_aug_seed0,True,56.52173913043478,75.0,100.0,56.52173913043478,75.0
calib_0184,random_3,random_0.25,none,V3_dual_aug_seed0,True,77.84810126582279,59.63326391956417,69.37590711175616,81.64556962025317,60.357901600723594
calib_0185,random_5,fulcher,per_cell,V3_dual_aug_seed0,True,32.450331125827816,18.104454685099846,72.12566465792271,33.11258278145696,18.49615975422427
calib_0186,random_8,random_0.25,none,V3_dual_aug_seed0,True,81.59144893111639,69.47356306318682,70.24248672974703,97.8622327790974,69.01341967282465
calib_0187,random_1,scope2,none,V3_dual_aug_seed0,True,84.0,84.0,,84.0,87.33333333333333
calib_0188,random_2,scope2,per_cell,V3_dual_aug_seed0,True,73.33333333333333,75.67567567567568,100.0,73.33333333333333,75.33783783783784
calib_0189,random_3,random_0.15,none,V3_dual_aug_seed0,True,92.3076923076923,94.32624113475177,100.0,92.3076923076923,95.74468085106383
calib_0190,random_5,random_0.15,none,V3_dual_aug_seed0,True,87.19068413391557,75.16694312384023,79.88557793612692,89.08296943231441,76.45756648110358
calib_0191,random_8,pbmc240,per_cell,V3_dual_aug_seed0,True,46.40198511166253,39.169446987758185,58.19602793369396,50.86848635235732,41.63152249395134
calib_0192,myeloid,random_0.15,none,V3_dual_aug_seed0,True,84.4155844155844,52.2972972972973,56.097972972972975,92.85714285714286,51.62162162162163
calib_0193,lymphoid,fulcher,per_cell,V3_dual_aug_seed0,True,43.13725490196079,40.0,41.111111111111114,88.23529411764706,37.77777777777778
calib_0194,pbmc_like,scope2,none,V3_dual_aug_seed0,True,76.46258503401361,75.99080446761988,76.3337539079324,98.77551020408163,73.80564948356343
calib_0195,scope2_like,random_0.15,none,V3_dual_aug_seed0,True,72.66666666666667,65.45454545454545,83.18181818181817,78.0,65.0
calib_0196,random_1,random_0.25,none,V3_dual_aug_seed0,True,90.21739130434783,90.21739130434783,,90.21739130434783,90.21739130434783
calib_0197,random_2,fulcher,none,V3_dual_aug_seed0,True,92.56198347107438,91.58999424956872,97.87234042553192,93.38842975206612,90.91431857389306
calib_0198,random_3,pbmc240,per_cell,V3_dual_aug_seed0,True,62.66666666666667,79.02621722846442,97.37827715355806,66.0,78.65168539325843
calib_0199,random_5,fulcher,none,V3_dual_aug_seed0,True,52.63157894736842,54.245614035087705,59.578947368421055,88.42105263157895,56.91228070175438
calib_0200,random_8,random_0.35,none,V3_dual_aug_seed0,True,70.39473684210526,58.80205844879758,69.28282767956682,84.86842105263158,58.86158225832139
calib_0201,random_1,random_0.25,none,V3_dual_aug_seed0,True,100.0,100.0,,100.0,100.0
calib_0202,random_2,pbmc240,none,V3_dual_aug_seed0,True,100.0,100.0,100.0,100.0,100.0
calib_0203,random_3,pbmc240,none,V3_dual_aug_seed0,True,89.52380952380953,78.16066066066067,91.66666666666666,92.38095238095238,77.7102102102102
calib_0204,random_5,random_0.35,none,V3_dual_aug_seed0,True,82.05128205128204,86.72264150943396,96.7,83.97435897435898,88.32264150943396
calib_0205,random_8,random_0.15,none,V3_dual_aug_seed0,True,82.80254777070064,76.84103260869566,86.05978260869564,89.171974522293,77.72644927536231
calib_0206,myeloid,fulcher,per_cell,V3_dual_aug_seed0,True,18.58974358974359,36.11111111111111,36.11111111111111,96.7948717948718,36.11111111111111
calib_0207,lymphoid,random_0.25,none,V3_dual_aug_seed0,True,59.08071748878923,73.2266693085001,99.75728155339806,59.19282511210763,75.3403719324068
calib_0208,pbmc_like,fulcher,per_cell,V3_dual_aug_seed0,True,22.36024844720497,28.435178090376017,42.632734241317294,64.80331262939958,27.510836969956465
calib_0209,scope2_like,pbmc240,per_cell,V3_dual_aug_seed0,True,62.0,60.56818181818182,61.81818181818181,98.66666666666667,60.11363636363636
calib_0210,random_1,random_0.25,none,V3_dual_aug_seed0,True,97.1677559912854,97.1677559912854,,97.1677559912854,85.18518518518519
calib_0211,random_2,pbmc240,none,V3_dual_aug_seed0,True,85.33333333333334,81.03448275862068,99.13793103448276,86.0,86.20689655172413
calib_0212,random_3,scope2,none,V3_dual_aug_seed0,True,64.66666666666666,63.87141858839972,67.01607267645004,96.66666666666667,67.01607267645004
calib_0213,random_5,random_0.15,none,V3_dual_aug_seed0,True,73.17073170731707,60.66666666666667,66.66666666666666,85.36585365853658,68.33333333333333
calib_0214,random_8,scope2,none,V3_dual_aug_seed0,True,81.89655172413794,81.23858065953654,81.60622771836007,98.70689655172413,81.58151897122485
calib_0215,random_1,random_0.25,none,V3_dual_aug_seed0,True,100.0,100.0,,100.0,100.0
calib_0216,random_2,random_0.25,none,V3_dual_aug_seed0,True,95.65217391304348,83.33333333333333,83.33333333333333,100.0,66.66666666666666
calib_0217,random_3,pbmc240,none,V3_dual_aug_seed0,True,99.39577039274926,99.63768115942028,99.81884057971014,99.69788519637463,99.63768115942028
calib_0218,random_5,random_0.15,none,V3_dual_aug_seed0,True,90.75,89.04381109203658,94.35631109203658,95.75,90.91881109203659
calib_0219,random_8,random_0.15,none,V3_dual_aug_seed0,True,85.2112676056338,73.83431128496917,83.85964912280701,90.14084507042254,73.66539236605026
calib_0220,myeloid,random_0.35,none,V3_dual_aug_seed0,True,83.62068965517241,75.80040561480266,84.82818339258044,93.96551724137932,82.05040561480266
calib_0221,lymphoid,random_0.35,none,V3_dual_aug_seed0,True,94.0,93.28449328449328,98.41269841269842,94.66666666666667,83.02808302808303
calib_0222,pbmc_like,random_0.25,none,V3_dual_aug_seed0,True,75.81699346405229,58.70504562533547,59.013687600644126,98.69281045751634,59.15727321524423
calib_0223,scope2_like,pbmc240,per_cell,V3_dual_aug_seed0,True,66.23563218390804,69.04296875,71.10648777173914,96.26436781609196,69.39113451086956
calib_0224,random_1,fulcher,per_cell,V3_dual_aug_seed0,True,0.0,0.0,,0.0,0.0
calib_0225,random_2,fulcher,per_cell,V3_dual_aug_seed0,True,18.446601941747574,13.886300093196645,70.6896551724138,18.446601941747574,6.081081081081082
calib_0226,random_3,pbmc240,none,V3_dual_aug_seed0,True,96.66666666666667,96.28873741776968,97.94721407624634,96.66666666666667,94.93738606641831
calib_0227,random_5,fulcher,per_cell,V3_dual_aug_seed0,True,64.64937560038425,65.33169144695441,78.55892596107417,79.731027857829,64.96569942733996
calib_0228,random_8,fulcher,none,V3_dual_aug_seed0,True,66.53386454183267,60.848806404540944,72.94871794871796,68.72509960159363,64.2019397576743
calib_0229,random_1,pbmc240,none,V3_dual_aug_seed0,True,99.56427015250546,99.56427015250546,,99.56427015250546,93.4640522875817
calib_0230,random_2,fulcher,none,V3_dual_aug_seed0,True,96.7741935483871,49.586776859504134,50.0,99.19354838709677,49.586776859504134
calib_0231,random_3,pbmc240,none,V3_dual_aug_seed0,True,52.0,78.41454411221852,99.2248062015504,54.0,79.96493170911775
calib_0232,random_5,random_0.35,none,V3_dual_aug_seed0,True,84.21052631578947,83.07142857142857,83.07142857142857,100.0,83.30952380952382
calib_0233,random_8,random_0.25,none,V3_dual_aug_seed0,True,79.65116279069767,73.89719877523999,81.7425935120821,85.46511627906976,70.35553210857331
calib_0234,myeloid,random_0.25,none,V3_dual_aug_seed0,True,64.84848484848484,68.55529598037921,80.06224629976018,71.81818181818181,70.56821092337186
calib_0235,lymphoid,scope2,per_cell,V3_dual_aug_seed0,True,75.60975609756098,83.33333333333333,83.33333333333333,97.5609756097561,85.0
calib_0236,pbmc_like,scope2,per_cell,V3_dual_aug_seed0,True,68.66666666666667,71.7022792022792,71.87321937321937,98.66666666666667,69.78988603988606
calib_0237,scope2_like,scope2,none,V3_dual_aug_seed0,True,78.25,63.486715440893335,71.18790912591452,91.75,63.656783468104216
calib_0238,random_1,random_0.35,none,V3_dual_aug_seed0,True,100.0,100.0,,100.0,100.0
calib_0239,random_2,fulcher,none,V3_dual_aug_seed0,True,97.3621103117506,97.29660384400074,97.29660384400074,100.0,97.29660384400074
calib_0000,random_1,fulcher,per_cell,V3_dual_aug_seed0,False,21.333333333333336,21.333333333333336,,21.333333333333336,28.666666666666668
calib_0001,random_2,random_0.35,none,V3_dual_aug_seed0,False,84.81012658227847,91.89189189189189,100.0,84.81012658227847,87.83783783783784
calib_0002,random_3,random_0.25,none,V3_dual_aug_seed0,False,93.33333333333333,84.28362573099415,98.24561403508771,94.0,81.50584795321637
calib_0003,random_5,scope2,per_cell,V3_dual_aug_seed0,False,83.33333333333334,87.98098493750668,97.72727272727273,83.33333333333334,86.62963358615532
calib_0004,random_8,random_0.15,none,V3_dual_aug_seed0,False,80.68181818181817,83.65628573470553,90.0749535448828,90.9090909090909,84.03507361349342
calib_0005,random_1,fulcher,per_cell,V3_dual_aug_seed0,False,6.0,6.0,,6.0,7.75
calib_0006,random_2,fulcher,per_cell,V3_dual_aug_seed0,False,91.23711340206185,52.82608695652174,60.0,95.36082474226805,52.82608695652174
calib_0007,random_3,pbmc240,none,V3_dual_aug_seed0,False,97.18446601941747,93.79595167320294,99.73244295678288,97.28155339805825,93.56919430358843
calib_0008,random_5,random_0.35,none,V3_dual_aug_seed0,False,76.82119205298014,76.79172679172679,92.5925925925926,78.80794701986756,75.58441558441558
calib_0009,random_8,fulcher,none,V3_dual_aug_seed0,False,79.08496732026144,70.98214285714285,90.20833333333333,82.35294117647058,69.41964285714286
calib_0010,myeloid,random_0.25,none,V3_dual_aug_seed0,False,76.11607142857143,79.03525302020644,85.82786332368373,85.49107142857143,79.50993656451024
calib_0011,lymphoid,fulcher,none,V3_dual_aug_seed0,False,95.72192513368985,96.36191677175285,97.18158890290039,98.3957219251337,96.36191677175285
calib_0012,pbmc_like,pbmc240,none,V3_dual_aug_seed0,False,74.74332648870636,80.45234273457469,82.86006193435956,96.09856262833677,79.10955458921669
calib_0013,scope2_like,random_0.35,none,V3_dual_aug_seed0,False,78.0,76.25,89.43181818181817,84.66666666666667,76.25
calib_0014,random_1,random_0.35,none,V3_dual_aug_seed0,False,82.6086956521739,82.6086956521739,,82.6086956521739,82.6086956521739
calib_0015,random_2,random_0.15,none,V3_dual_aug_seed0,False,75.30864197530865,66.66666666666666,98.33333333333334,75.30864197530865,70.0
calib_0016,random_3,random_0.15,none,V3_dual_aug_seed0,False,85.0574712643678,89.4971193794642,99.18032786885246,85.0574712643678,89.6843852970672
calib_0017,random_5,scope2,per_cell,V3_dual_aug_seed0,False,76.78571428571429,60.99605313823643,75.45013477088949,83.48214285714286,61.53157489410859
calib_0018,random_8,random_0.35,none,V3_dual_aug_seed0,False,78.72968980797637,77.18832906989039,82.72647262566353,93.94387001477105,76.59578843768233
calib_0019,random_1,random_0.35,none,V3_dual_aug_seed0,False,100.0,100.0,,100.0,100.0
calib_0020,random_2,random_0.35,none,V3_dual_aug_seed0,False,58.92857142857143,59.1025641025641,78.33333333333333,66.07142857142857,58.84615384615384
calib_0021,random_3,fulcher,per_cell,V3_dual_aug_seed0,False,42.32498394348105,47.69291411036174,82.76559532244482,51.38086062941555,44.31380974414327
calib_0022,random_5,random_0.15,none,V3_dual_aug_seed0,False,70.8029197080292,74.8974358974359,88.56593406593406,81.02189781021897,75.91025641025641
calib_0023,random_8,random_0.35,none,V3_dual_aug_seed0,False,86.86440677966102,82.77272248799044,89.63861880024353,91.52542372881356,80.096904176795
calib_0024,myeloid,random_0.15,none,V3_dual_aug_seed0,False,75.78125,78.9308176100629,83.4991423670669,92.1875,80.1429388221841
calib_0025,lymphoid,scope2,none,V3_dual_aug_seed0,False,75.18427518427518,76.41449459631278,77.85547785547786,97.78869778869779,76.18139436321255
calib_0026,pbmc_like,random_0.15,none,V3_dual_aug_seed0,False,71.3855421686747,75.48338781840785,77.08666672455414,97.59036144578313,74.795685266906
calib_0027,scope2_like,scope2,none,V3_dual_aug_seed0,False,74.75,59.59761262995764,70.71621101270698,86.5,59.76768065716853
calib_0028,random_1,pbmc240,per_cell,V3_dual_aug_seed0,False,89.34426229508196,89.34426229508196,,89.34426229508196,89.34426229508196
calib_0029,random_2,pbmc240,none,V3_dual_aug_seed0,False,94.73684210526315,93.76538146021329,100.0,94.73684210526315,94.70877768662838
calib_0030,random_3,random_0.15,none,V3_dual_aug_seed0,False,90.0,86.55318543471657,98.36623173859708,91.5,87.2334575435601
calib_0031,random_5,pbmc240,per_cell,V3_dual_aug_seed0,False,68.13559322033899,62.64868462317099,64.55928875897786,94.40677966101696,62.990028832710045
calib_0032,random_8,pbmc240,none,V3_dual_aug_seed0,False,68.35443037974683,70.68362193362194,85.03994021851165,84.17721518987342,66.12296433725005
calib_0033,random_1,random_0.35,none,V3_dual_aug_seed0,False,85.0,85.0,,85.0,85.0
calib_0034,random_2,random_0.15,none,V3_dual_aug_seed0,False,75.86206896551724,67.22222222222223,100.0,75.86206896551724,64.72222222222221
calib_0035,random_3,fulcher,per_cell,V3_dual_aug_seed0,False,87.9,89.80584898278559,97.71249021909233,89.3,85.20759976525821
calib_0036,random_5,random_0.35,none,V3_dual_aug_seed0,False,90.38461538461539,60.337318706602574,78.08167960885821,91.53846153846153,62.81852171412137
calib_0037,random_8,scope2,per_cell,V3_dual_aug_seed0,False,85.29264632316158,71.65452639697634,78.20960124157455,95.09754877438719,73.76758815310754
calib_0038,myeloid,random_0.35,none,V3_dual_aug_seed0,False,83.42541436464089,84.38371779104298,87.54570330596968,92.26519337016575,84.68401809134329
calib_0039,lymphoid,random_0.25,none,V3_dual_aug_seed0,False,72.05882352941177,58.88888888888889,96.66666666666667,72.05882352941177,61.11111111111111
calib_0040,pbmc_like,random_0.35,none,V3_dual_aug_seed0,False,67.2,68.57821191154525,70.37206620539955,95.6,67.87162926051815
calib_0041,scope2_like,scope2,per_cell,V3_dual_aug_seed0,False,75.0,60.37094082916185,70.24451289949943,87.0,60.71107688358362
calib_0042,random_1,fulcher,per_cell,V3_dual_aug_seed0,False,43.24324324324324,43.24324324324324,,43.24324324324324,28.37837837837838
calib_0043,random_2,pbmc240,per_cell,V3_dual_aug_seed0,False,85.22727272727273,78.33333333333333,100.0,85.22727272727273,81.66666666666667
calib_0044,random_3,pbmc240,none,V3_dual_aug_seed0,False,93.2,72.36900271015409,73.68916797488225,99.25,68.87345064317346
calib_0045,random_5,scope2,none,V3_dual_aug_seed0,False,66.90647482014388,78.46383844325172,92.16606622062103,72.66187050359713,75.3081881234223
calib_0046,random_8,random_0.35,none,V3_dual_aug_seed0,False,86.61417322834646,84.64056776556777,96.0630341880342,89.76377952755905,83.67902930402931
calib_0047,random_1,random_0.15,none,V3_dual_aug_seed0,False,81.33333333333333,81.33333333333333,,81.33333333333333,80.66666666666666
calib_0048,random_2,scope2,per_cell,V3_dual_aug_seed0,False,46.53179190751445,56.511175898931,100.0,46.53179190751445,59.57240038872691
calib_0049,random_3,fulcher,none,V3_dual_aug_seed0,False,91.8859649122807,80.90824428311173,83.72941421721909,97.14912280701753,78.65037931315767
calib_0050,random_5,random_0.25,none,V3_dual_aug_seed0,False,58.46153846153847,75.3076923076923,91.75641025641026,61.53846153846154,75.97435897435896
calib_0051,random_8,random_0.15,none,V3_dual_aug_seed0,False,66.14173228346458,66.4957264957265,91.12179487179488,77.95275590551181,72.98878205128206
calib_0052,myeloid,scope2,none,V3_dual_aug_seed0,False,62.0,66.62490260246221,74.2730247779336,88.0,66.1418108150226
calib_0053,lymphoid,random_0.35,none,V3_dual_aug_seed0,False,83.6424957841484,85.66018365829211,98.0276134122288,86.84654300168634,89.58030200148737
calib_0054,pbmc_like,scope2,none,V3_dual_aug_seed0,False,83.5820895522388,77.22128767314834,77.22128767314834,100.0,77.20827947810835
calib_0055,scope2_like,random_0.35,none,V3_dual_aug_seed0,False,76.75,67.29238865357463,80.41329739442946,85.5,67.5940187395713
calib_0056,random_1,random_0.35,none,V3_dual_aug_seed0,False,99.82678983833718,99.82678983833718,,99.82678983833718,99.82678983833718
calib_0057,random_2,pbmc240,per_cell,V3_dual_aug_seed0,False,62.66666666666667,60.279119699409556,76.08695652173914,76.0,60.89640365002684
calib_0058,random_3,random_0.15,none,V3_dual_aug_seed0,False,75.32467532467533,63.899371069182386,99.37106918238993,75.32467532467533,63.899371069182386
calib_0059,random_5,random_0.35,none,V3_dual_aug_seed0,False,50.23255813953489,67.41707447498055,70.89921733212341,99.06976744186046,68.22186122634173
calib_0060,random_8,scope2,per_cell,V3_dual_aug_seed0,False,83.11688311688312,77.18170072821235,83.21734789758045,92.20779220779221,74.40392295043458
calib_0061,random_1,pbmc240,none,V3_dual_aug_seed0,False,15.333333333333332,15.333333333333332,,15.333333333333332,18.0
calib_0062,random_2,scope2,per_cell,V3_dual_aug_seed0,False,60.5,67.90860596823637,99.78350854708256,60.5,70.4350612237829
calib_0063,random_3,fulcher,none,V3_dual_aug_seed0,False,80.85106382978722,71.07344632768361,90.0,81.91489361702128,68.83239171374763
calib_0064,random_5,random_0.25,none,V3_dual_aug_seed0,False,68.85245901639344,80.0,90.66666666666666,73.77049180327869,80.66666666666666
calib_0065,random_8,random_0.35,none,V3_dual_aug_seed0,False,85.48621190130625,86.88953019264723,94.00003253752458,88.82438316400581,86.45121850433554
calib_0066,myeloid,random_0.25,none,V3_dual_aug_seed0,False,71.96870925684486,75.13620071684586,84.05734767025089,80.57366362451108,76.87096774193549
calib_0067,lymphoid,fulcher,none,V3_dual_aug_seed0,False,80.66666666666666,79.00432900432901,100.0,80.66666666666666,81.87229437229438
calib_0068,pbmc_like,random_0.35,none,V3_dual_aug_seed0,False,77.25,76.86189897543937,77.50410612781869,97.0,75.89661521622797
calib_0069,scope2_like,random_0.15,none,V3_dual_aug_seed0,False,68.24712643678161,66.40625,79.30112092391303,79.59770114942529,65.625
calib_0070,random_1,random_0.25,none,V3_dual_aug_seed0,False,99.5,99.5,,99.5,99.5
calib_0071,random_2,scope2,none,V3_dual_aug_seed0,False,97.65625,82.92349726775956,91.66666666666667,97.65625,82.92349726775956
calib_0072,random_3,pbmc240,none,V3_dual_aug_seed0,False,96.02649006622516,96.40935672514618,100.0,96.02649006622516,92.3157894736842
calib_0073,random_5,pbmc240,none,V3_dual_aug_seed0,False,90.60402684563759,80.73260073260073,97.33333333333334,90.60402684563759,76.11721611721612
calib_0074,random_8,random_0.35,none,V3_dual_aug_seed0,False,65.3061224489796,67.69736842105263,81.51315789473685,80.61224489795919,66.65570175438596
calib_0075,random_1,random_0.25,none,V3_dual_aug_seed0,False,83.33333333333334,83.33333333333334,,83.33333333333334,83.33333333333334
calib_0076,random_2,random_0.25,none,V3_dual_aug_seed0,False,80.84656084656085,87.51700680272108,99.31972789115646,81.58730158730158,89.35374149659864
calib_0077,random_3,pbmc240,per_cell,V3_dual_aug_seed0,False,27.2108843537415,32.168227946916474,86.04085349986988,32.6530612244898,37.71792870153526
calib_0078,random_5,random_0.15,none,V3_dual_aug_seed0,False,69.33333333333334,80.74193548387096,88.03225806451614,70.66666666666667,81.74193548387099
calib_0079,random_8,pbmc240,none,V3_dual_aug_seed0,False,80.0,77.03373015873017,89.88095238095238,85.0,77.03373015873017
calib_0080,myeloid,random_0.35,none,V3_dual_aug_seed0,False,93.25842696629213,94.33962264150944,100.0,93.25842696629213,94.33962264150944
calib_0081,lymphoid,random_0.35,none,V3_dual_aug_seed0,False,87.78625954198473,82.22222222222223,98.88888888888889,88.54961832061069,83.33333333333334
calib_0082,pbmc_like,random_0.25,none,V3_dual_aug_seed0,False,66.66666666666666,70.95925544283958,70.95925544283958,99.35897435897436,71.17896277609
calib_0083,scope2_like,scope2,per_cell,V3_dual_aug_seed0,False,75.43103448275862,60.32184103260869,71.07676630434783,87.21264367816092,59.58305027173913
calib_0084,random_1,random_0.35,none,V3_dual_aug_seed0,False,75.0,75.0,,75.0,74.45652173913044
calib_0085,random_2,pbmc240,none,V3_dual_aug_seed0,False,73.75,82.45781164942842,100.0,73.75,81.09236073307929
calib_0086,random_3,random_0.15,none,V3_dual_aug_seed0,False,63.75321336760925,69.91687979539641,86.48763853367433,72.75064267352185,71.02514919011082
calib_0087,random_5,random_0.25,none,V3_dual_aug_seed0,False,74.8663101604278,84.27151649682172,89.50089126559713,94.11764705882352,83.923922913934
calib_0088,random_8,fulcher,per_cell,V3_dual_aug_seed0,False,65.92178770949721,41.25425170068027,41.25425170068027,98.32402234636871,40.00425170068027
calib_0089,random_1,fulcher,none,V3_dual_aug_seed0,False,44.02332361516035,44.02332361516035,,44.02332361516035,50.583090379008745
calib_0090,random_2,pbmc240,none,V3_dual_aug_seed0,False,98.5,98.36965294592413,99.3543179983858,98.75,98.36965294592413
calib_0091,random_3,random_0.15,none,V3_dual_aug_seed0,False,76.47058823529412,80.03793266951162,100.0,76.47058823529412,78.68658131816026
calib_0092,random_5,fulcher,per_cell,V3_dual_aug_seed0,False,43.15068493150685,47.986952469711085,62.758620689655174,56.849315068493155,44.5945945945946
calib_0093,random_8,pbmc240,none,V3_dual_aug_seed0,False,90.97744360902256,87.46898372751161,96.75819941378613,92.23057644110276,85.28148372751161
calib_0094,myeloid,fulcher,per_cell,V3_dual_aug_seed0,False,36.29032258064516,30.835019438184375,48.51101862666074,83.06451612903226,31.306717551391927
calib_0095,lymphoid,fulcher,per_cell,V3_dual_aug_seed0,False,57.14285714285714,50.76275029570307,56.0435630233243,78.81773399014779,44.197674581691196
calib_0096,pbmc_like,scope2,none,V3_dual_aug_seed0,False,80.5045871559633,76.54549027950563,76.67175290576826,99.77064220183486,80.73171578926055
calib_0097,scope2_like,random_0.15,none,V3_dual_aug_seed0,False,80.0,76.02272727272728,85.22727272727273,88.66666666666667,76.02272727272728
calib_0098,random_1,fulcher,per_cell,V3_dual_aug_seed0,False,88.67924528301887,88.67924528301887,,88.67924528301887,88.67924528301887
calib_0099,random_2,pbmc240,per_cell,V3_dual_aug_seed0,False,86.36363636363636,86.29098360655738,98.75,86.77685950413223,79.62431693989072
calib_0100,random_3,random_0.15,none,V3_dual_aug_seed0,False,86.66666666666667,80.29878618113912,98.8795518207283,87.33333333333333,80.29878618113912
calib_0101,random_5,pbmc240,none,V3_dual_aug_seed0,False,97.31543624161074,97.22222222222221,100.0,97.31543624161074,96.1111111111111
calib_0102,random_8,fulcher,per_cell,V3_dual_aug_seed0,False,59.473684210526315,43.640481140481135,50.66837441837442,95.78947368421052,47.367958617958614
calib_0103,random_1,scope2,none,V3_dual_aug_seed0,False,60.75000000000001,60.75000000000001,,60.75000000000001,64.25
calib_0104,random_2,random_0.35,none,V3_dual_aug_seed0,False,54.21686746987952,65.99348072562358,99.65277777777779,54.21686746987952,71.51563006154844
calib_0105,random_3,scope2,none,V3_dual_aug_seed0,False,96.25,85.95085470085469,100.0,96.25,85.09615384615384
calib_0106,random_5,fulcher,none,V3_dual_aug_seed0,False,65.24064171122996,58.44702764514086,65.11983681795003,90.10695187165776,58.09547540679616
calib_0107,random_8,scope2,none,V3_dual_aug_seed0,False,64.53900709219859,73.20123224728488,86.80555555555556,87.2340425531915,73.53017961570593
calib_0108,myeloid,pbmc240,none,V3_dual_aug_seed0,False,81.26582278481013,82.4617139133268,83.75203649397197,96.70886075949367,83.1068752036494
calib_0109,lymphoid,random_0.35,none,V3_dual_aug_seed0,False,57.99999999999999,56.666666666666664,79.16666666666666,76.0,56.666666666666664
calib_0110,pbmc_like,pbmc240,per_cell,V3_dual_aug_seed0,False,59.35162094763092,62.90177387296061,71.94726111448142,85.53615960099751,62.32959860835652
calib_0111,scope2_like,random_0.35,none,V3_dual_aug_seed0,False,74.71264367816092,67.49320652173914,80.52394701086956,82.61494252873564,67.68851902173914
calib_0112,random_1,random_0.35,none,V3_dual_aug_seed0,False,80.0,80.0,,80.0,80.0
calib_0113,random_2,random_0.15,none,V3_dual_aug_seed0,False,85.0,85.00000000000001,100.0,85.0,82.5
calib_0114,random_3,scope2,per_cell,V3_dual_aug_seed0,False,49.664429530201346,51.49954832881662,84.01084010840108,64.42953020134227,49.277326106594394
calib_0115,random_5,random_0.35,none,V3_dual_aug_seed0,False,78.37837837837837,74.08505540581012,98.31236897274633,79.72972972972973,74.64061096136568
calib_0116,random_8,random_0.35,none,V3_dual_aug_seed0,False,73.78048780487805,74.43092428711898,77.18043264503443,98.17073170731707,72.77163225172075
calib_0117,random_1,scope2,none,V3_dual_aug_seed0,False,94.33962264150944,94.33962264150944,,94.33962264150944,94.33962264150944
calib_0118,random_2,random_0.15,none,V3_dual_aug_seed0,False,79.66101694915254,88.67924528301887,99.05660377358491,79.66101694915254,91.50943396226415
calib_0119,random_3,random_0.25,none,V3_dual_aug_seed0,False,75.77092511013215,76.06155451225874,98.88888888888889,75.77092511013215,72.47782994261867
calib_0120,random_5,random_0.35,none,V3_dual_aug_seed0,False,81.25,81.37764519744215,95.92458303118204,84.0,85.06912855897626
calib_0121,random_8,random_0.15,none,V3_dual_aug_seed0,False,80.76923076923077,69.34702492629322,81.437617260788,92.3076923076923,74.34702492629322
calib_0122,myeloid,fulcher,per_cell,V3_dual_aug_seed0,False,33.443708609271525,51.46356033452808,58.03464755077658,90.72847682119205,51.194743130227
calib_0123,lymphoid,random_0.35,none,V3_dual_aug_seed0,False,59.333333333333336,69.54656862745098,98.95833333333333,59.333333333333336,73.95833333333333
calib_0124,pbmc_like,random_0.35,none,V3_dual_aug_seed0,False,74.80916030534351,82.14729999150289,82.37878147298436,98.85496183206108,79.99846378469566
calib_0125,scope2_like,fulcher,none,V3_dual_aug_seed0,False,68.34532374100719,68.38785841912703,70.62718029439293,96.54676258992806,68.09431634476304
calib_0126,random_1,random_0.35,none,V3_dual_aug_seed0,False,100.0,100.0,,100.0,100.0
calib_0127,random_2,random_0.25,none,V3_dual_aug_seed0,False,95.33333333333334,65.0,90.0,96.0,65.0
calib_0128,random_3,pbmc240,none,V3_dual_aug_seed0,False,56.17977528089888,72.80953063075968,98.71794871794873,56.17977528089888,75.31275366470896
calib_0129,random_5,random_0.15,none,V3_dual_aug_seed0,False,91.48936170212765,73.75,97.5,91.48936170212765,70.0
calib_0130,random_8,random_0.35,none,V3_dual_aug_seed0,False,78.61771058315334,82.48201870880352,88.962838545169,92.44060475161987,80.0317161260699
calib_0131,random_1,fulcher,none,V3_dual_aug_seed0,False,94.33962264150944,94.33962264150944,,94.33962264150944,96.22641509433963
calib_0132,random_2,fulcher,none,V3_dual_aug_seed0,False,83.25,77.70568652761736,97.5609756097561,83.5,77.56641076160065
calib_0133,random_3,fulcher,per_cell,V3_dual_aug_seed0,False,64.75,38.152958152958156,73.14862914862915,65.0,38.152958152958156
calib_0134,random_5,random_0.35,none,V3_dual_aug_seed0,False,92.3913043478261,74.8008385744235,98.51153039832286,93.47826086956522,79.80083857442347
calib_0135,random_8,random_0.25,none,V3_dual_aug_seed0,False,75.2,75.3030303030303,80.41666666666667,90.4,76.2878787878788
calib_0136,myeloid,random_0.25,none,V3_dual_aug_seed0,False,73.98373983739837,82.06834802644761,83.83465237427369,93.08943089430895,81.26189641354438
calib_0137,lymphoid,random_0.15,none,V3_dual_aug_seed0,False,81.0,76.76655953921284,88.04636160848858,82.75,79.98293380821868
calib_0138,pbmc_like,random_0.25,none,V3_dual_aug_seed0,False,75.625,74.64630461182185,75.91833526316285,96.875,72.14874749357507
calib_0139,scope2_like,random_0.25,none,V3_dual_aug_seed0,False,72.66666666666667,62.27272727272728,72.27272727272727,82.66666666666667,63.52272727272727
calib_0140,random_1,random_0.25,none,V3_dual_aug_seed0,False,99.7,99.7,,99.7,99.7
calib_0141,random_2,random_0.25,none,V3_dual_aug_seed0,False,97.6,76.3070604959722,78.3841415258253,99.2,76.3070604959722
calib_0142,random_3,random_0.25,none,V3_dual_aug_seed0,False,94.6236559139785,96.85534591194967,100.0,94.6236559139785,96.85534591194967
calib_0143,random_5,random_0.35,none,V3_dual_aug_seed0,False,83.05647840531562,76.12963165941223,92.24496715405806,83.05647840531562,75.36570592996925
calib_0144,random_8,pbmc240,per_cell,V3_dual_aug_seed0,False,74.0,68.04760971786834,77.44416144200628,90.0,66.10142371995819
calib_0145,random_1,random_0.15,none,V3_dual_aug_seed0,False,66.66666666666666,66.66666666666666,,66.66666666666666,72.66666666666667
calib_0146,random_2,random_0.35,none,V3_dual_aug_seed0,False,99.75,99.68354430379746,100.0,99.75,99.68354430379746
calib_0147,random_3,pbmc240,none,V3_dual_aug_seed0,False,62.65060240963856,59.130434782608695,98.33333333333334,62.65060240963856,62.2463768115942
calib_0148,random_5,scope2,per_cell,V3_dual_aug_seed0,False,83.72781065088756,74.2293688320675,96.47214854111405,83.72781065088756,74.2293688320675
calib_0149,random_8,random_0.35,none,V3_dual_aug_seed0,False,79.89690721649485,84.83635907193066,87.51268431901063,97.9381443298969,83.8855925624967
calib_0150,myeloid,random_0.35,none,V3_dual_aug_seed0,False,94.1,95.3902571421938,99.66833200850397,94.3,95.50484843325569
calib_0151,lymphoid,random_0.15,none,V3_dual_aug_seed0,False,81.25,63.024657197319065,79.76019184652277,84.61538461538461,60.4605546332165
calib_0152,pbmc_like,random_0.35,none,V3_dual_aug_seed0,False,84.99005964214712,75.225395800255,75.82734491323353,98.31013916500993,75.02682831179389
calib_0153,scope2_like,pbmc240,per_cell,V3_dual_aug_seed0,False,59.62643678160919,58.457880434782616,63.84595788043479,92.95977011494253,57.71908967391304
calib_0154,random_1,random_0.15,none,V3_dual_aug_seed0,False,77.35849056603774,77.35849056603774,,77.35849056603774,77.35849056603774
calib_0155,random_2,fulcher,per_cell,V3_dual_aug_seed0,False,83.0246913580247,64.74054054054054,76.35135135135135,85.80246913580247,60.21081081081081
calib_0156,random_3,fulcher,none,V3_dual_aug_seed0,False,90.75,68.37606837606836,99.14529914529915,91.0,68.37606837606836
calib_0157,random_5,random_0.25,none,V3_dual_aug_seed0,False,59.55056179775281,72.12820512820514,87.7948717948718,76.40449438202246,71.89743589743591
calib_0158,random_8,scope2,none,V3_dual_aug_seed0,False,72.5,78.95378406940398,88.06346427882843,82.25,79.41137135455207
calib_0159,random_1,pbmc240,per_cell,V3_dual_aug_seed0,False,73.33333333333333,73.33333333333333,,73.33333333333333,72.66666666666667
calib_0160,random_2,scope2,none,V3_dual_aug_seed0,False,67.3913043478261,51.21245828698554,100.0,67.3913043478261,54.22691879866518
calib_0161,random_3,fulcher,none,V3_dual_aug_seed0,False,92.63157894736842,87.71929824561404,92.98245614035089,93.6842105263158,87.71929824561404
calib_0162,random_5,random_0.15,none,V3_dual_aug_seed0,False,77.71739130434783,77.8063709642657,85.27846027846027,96.73913043478261,77.17983533773007
calib_0163,random_8,pbmc240,per_cell,V3_dual_aug_seed0,False,65.0,58.29822954822954,67.88156288156289,92.5,57.47405372405372
calib_0164,myeloid,fulcher,none,V3_dual_aug_seed0,False,11.333333333333332,18.89097744360902,70.6062030075188,26.0,20.67669172932331
calib_0165,lymphoid,scope2,per_cell,V3_dual_aug_seed0,False,88.57142857142857,91.82613167523192,93.09037174191711,97.14285714285714,90.57007840646678
calib_0166,pbmc_like,random_0.15,none,V3_dual_aug_seed0,False,69.375,71.60001482328526,76.0444592677297,97.5,68.14724816297144
calib_0167,scope2_like,random_0.35,none,V3_dual_aug_seed0,False,81.33333333333333,70.56818181818181,82.04545454545456,88.66666666666667,70.56818181818181
calib_0168,random_1,random_0.35,none,V3_dual_aug_seed0,False,92.45283018867924,92.45283018867924,,92.45283018867924,94.33962264150944
calib_0169,random_2,random_0.25,none,V3_dual_aug_seed0,False,83.65384615384616,88.51351351351352,100.0,83.65384615384616,84.45945945945945
calib_0170,random_3,scope2,per_cell,V3_dual_aug_seed0,False,99.33333333333333,94.44444444444446,100.0,99.33333333333333,94.44444444444446
calib_0171,random_5,random_0.35,none,V3_dual_aug_seed0,False,79.30232558139535,78.18300653594771,99.9128540305011,79.4186046511628,74.68627450980392
calib_0172,random_8,random_0.35,none,V3_dual_aug_seed0,False,96.12403100775194,93.91025641025641,95.3525641025641,96.89922480620154,94.39102564102564
calib_0173,random_1,fulcher,none,V3_dual_aug_seed0,False,88.66666666666667,88.66666666666667,,88.66666666666667,75.33333333333333
calib_0174,random_2,scope2,none,V3_dual_aug_seed0,False,89.60000000000001,88.87808671981334,98.71670231382461,89.8,90.11682545855207
calib_0175,random_3,fulcher,none,V3_dual_aug_seed0,False,85.55555555555556,75.12127512127512,97.43589743589745,85.55555555555556,76.33402633402633
calib_0176,random_5,random_0.35,none,V3_dual_aug_seed0,False,90.72681704260651,89.3974025974026,98.3968253968254,92.73182957393483,90.794227994228
calib_0177,random_8,random_0.25,none,V3_dual_aug_seed0,False,81.69491525423729,83.272170394515,93.53817097255896,88.13559322033898,84.44501758217055
calib_0178,myeloid,pbmc240,per_cell,V3_dual_aug_seed0,False,81.33333333333333,86.79245283018868,100.0,81.33333333333333,86.79245283018868
calib_0179,lymphoid,scope2,none,V3_dual_aug_seed0,False,83.88888888888889,85.94771241830065,98.0392156862745,84.07407407407408,81.7356572258533
calib_0180,pbmc_like,fulcher,per_cell,V3_dual_aug_seed0,False,46.794871794871796,43.110913052089515,60.62125456243103,69.23076923076923,39.46011940129587
calib_0181,scope2_like,random_0.35,none,V3_dual_aug_seed0,False,75.39568345323741,67.79173402535523,81.70626648515274,82.87769784172662,68.357015230154
calib_0182,random_1,random_0.35,none,V3_dual_aug_seed0,False,80.80000000000001,80.80000000000001,,80.80000000000001,82.39999999999999
calib_0183,random_2,fulcher,per_cell,V3_dual_aug_seed0,False,43.47826086956522,67.5,97.5,43.47826086956522,67.5
calib_0184,random_3,random_0.25,none,V3_dual_aug_seed0,False,70.88607594936708,65.5902273826802,82.14909236238195,77.21518987341773,67.93504553963948
calib_0185,random_5,fulcher,per_cell,V3_dual_aug_seed0,False,41.05960264900662,29.9217771475836,75.411378943637,42.384105960264904,28.74045846626492
calib_0186,random_8,random_0.25,none,V3_dual_aug_seed0,False,79.80997624703087,70.13243625052758,74.67930626010917,93.34916864608076,69.12376990483668
calib_0187,random_1,scope2,none,V3_dual_aug_seed0,False,80.0,80.0,,80.0,80.66666666666666
calib_0188,random_2,scope2,per_cell,V3_dual_aug_seed0,False,72.22222222222221,74.59016393442623,99.66216216216216,72.22222222222221,74.25232609658839
calib_0189,random_3,random_0.15,none,V3_dual_aug_seed0,False,87.5,91.1012980061555,99.29078014184397,88.46153846153845,91.1012980061555
calib_0190,random_5,random_0.15,none,V3_dual_aug_seed0,False,79.33042212518195,70.88973114447349,78.7922567417431,82.96943231441048,71.01450930147007
calib_0191,random_8,pbmc240,per_cell,V3_dual_aug_seed0,False,46.40198511166253,51.006089209125264,75.89156932041182,50.86848635235732,51.41583142769102
calib_0192,myeloid,random_0.15,none,V3_dual_aug_seed0,False,87.01298701298701,58.96255630630631,62.76323198198198,95.45454545454545,60.52505630630631
calib_0193,lymphoid,fulcher,per_cell,V3_dual_aug_seed0,False,52.94117647058824,51.11111111111111,76.66666666666666,72.54901960784314,51.11111111111111
calib_0194,pbmc_like,scope2,none,V3_dual_aug_seed0,False,75.78231292517007,79.97235131377676,80.68626068033798,97.61904761904762,79.63886449026711
calib_0195,scope2_like,random_0.15,none,V3_dual_aug_seed0,False,71.33333333333334,69.31818181818181,88.18181818181819,76.66666666666667,69.77272727272728
calib_0196,random_1,random_0.25,none,V3_dual_aug_seed0,False,84.23913043478261,84.23913043478261,,84.23913043478261,84.78260869565217
calib_0197,random_2,fulcher,none,V3_dual_aug_seed0,False,80.99173553719008,79.41345600920069,98.93617021276594,80.99173553719008,81.92926969522713
calib_0198,random_3,pbmc240,per_cell,V3_dual_aug_seed0,False,62.66666666666667,79.02621722846442,99.25093632958801,64.0,78.65168539325843
calib_0199,random_5,fulcher,none,V3_dual_aug_seed0,False,61.05263157894737,63.59649122807017,74.45614035087719,81.05263157894737,58.59649122807017
calib_0200,random_8,random_0.35,none,V3_dual_aug_seed0,False,82.23684210526315,71.69506821680734,86.97284599458513,90.78947368421053,71.69506821680734
calib_0201,random_1,random_0.25,none,V3_dual_aug_seed0,False,100.0,100.0,,100.0,100.0
calib_0202,random_2,pbmc240,none,V3_dual_aug_seed0,False,97.26027397260275,98.11320754716981,100.0,97.26027397260275,99.05660377358491
calib_0203,random_3,pbmc240,none,V3_dual_aug_seed0,False,90.47619047619048,88.96396396396396,95.83333333333334,91.42857142857143,88.79504504504504
calib_0204,random_5,random_0.35,none,V3_dual_aug_seed0,False,75.64102564102564,82.90377358490566,97.5,75.64102564102564,84.48113207547169
calib_0205,random_8,random_0.15,none,V3_dual_aug_seed0,False,82.80254777070064,78.1544384057971,89.97735507246377,87.26114649681529,78.98777173913044
calib_0206,myeloid,fulcher,per_cell,V3_dual_aug_seed0,False,24.358974358974358,44.62359098228663,45.0865539452496,94.87179487179486,45.43880837359098
calib_0207,lymphoid,random_0.25,none,V3_dual_aug_seed0,False,58.856502242152466,72.91106456452206,99.51456310679612,58.856502242152466,76.26383424382234
calib_0208,pbmc_like,fulcher,per_cell,V3_dual_aug_seed0,False,28.36438923395445,31.571697054493942,51.40337870637537,68.32298136645963,30.834005140331445
calib_0209,scope2_like,pbmc240,per_cell,V3_dual_aug_seed0,False,60.66666666666667,60.45454545454545,63.40909090909091,96.0,60.45454545454545
calib_0210,random_1,random_0.25,none,V3_dual_aug_seed0,False,82.78867102396515,82.78867102396515,,82.78867102396515,68.62745098039215
calib_0211,random_2,pbmc240,none,V3_dual_aug_seed0,False,82.66666666666667,77.58620689655173,99.13793103448276,83.33333333333334,81.03448275862068
calib_0212,random_3,scope2,none,V3_dual_aug_seed0,False,71.33333333333334,70.13653711766919,74.13374186959093,94.66666666666667,72.02332957049938
calib_0213,random_5,random_0.15,none,V3_dual_aug_seed0,False,70.73170731707317,71.0,85.66666666666667,75.60975609756098,77.66666666666666
calib_0214,random_8,scope2,none,V3_dual_aug_seed0,False,84.91379310344827,89.10797841864019,89.88922841864019,99.13793103448276,89.19487681436212
calib_0215,random_1,random_0.25,none,V3_dual_aug_seed0,False,99.25,99.25,,99.25,99.25
calib_0216,random_2,random_0.25,none,V3_dual_aug_seed0,False,91.30434782608695,95.0,100.0,91.30434782608695,95.0
calib_0217,random_3,pbmc240,none,V3_dual_aug_seed0,False,94.86404833836858,96.92028985507247,99.63768115942028,95.46827794561933,96.92028985507247
calib_0218,random_5,random_0.15,none,V3_dual_aug_seed0,False,91.0,87.22193050835581,96.28410789568956,92.5,88.56325470926907
calib_0219,random_8,random_0.15,none,V3_dual_aug_seed0,False,79.5774647887324,81.97212837837837,92.5,80.28169014084507,81.80320945945945
calib_0220,myeloid,random_0.35,none,V3_dual_aug_seed0,False,82.75862068965517,85.87754078935376,90.73865190046486,91.37931034482759,85.87754078935376
calib_0221,lymphoid,random_0.35,none,V3_dual_aug_seed0,False,88.0,87.51526251526252,97.77167277167277,88.66666666666667,83.02808302808303
calib_0222,pbmc_like,random_0.25,none,V3_dual_aug_seed0,False,77.77777777777779,73.2836822329576,73.59232420826625,97.38562091503267,72.68652710681697
calib_0223,scope2_like,pbmc240,per_cell,V3_dual_aug_seed0,False,60.20114942528736,61.63383152173913,65.33627717391303,92.95977011494253,60.79738451086957
calib_0224,random_1,fulcher,per_cell,V3_dual_aug_seed0,False,1.2903225806451613,1.2903225806451613,,1.2903225806451613,4.516129032258064
calib_0225,random_2,fulcher,per_cell,V3_dual_aug_seed0,False,36.89320388349515,30.91798695246971,78.63466915191053,36.89320388349515,20.34016775396086
calib_0226,random_3,pbmc240,none,V3_dual_aug_seed0,False,87.77777777777777,86.9316530606853,97.18963831867057,87.77777777777777,87.99635412538639
calib_0227,random_5,fulcher,per_cell,V3_dual_aug_seed0,False,61.76753121998079,61.80011845147093,77.37048541426279,75.69644572526417,61.15305860937104
calib_0228,random_8,fulcher,none,V3_dual_aug_seed0,False,68.92430278884463,71.08161563058471,85.01765416713872,69.32270916334662,70.86332041228948
calib_0229,random_1,pbmc240,none,V3_dual_aug_seed0,False,88.45315904139433,88.45315904139433,,88.45315904139433,76.03485838779956
calib_0230,random_2,fulcher,none,V3_dual_aug_seed0,False,91.93548387096774,63.36088154269972,100.0,91.93548387096774,63.77410468319559
calib_0231,random_3,pbmc240,none,V3_dual_aug_seed0,False,50.0,73.16814322628277,100.0,50.0,75.29992617201918
calib_0232,random_5,random_0.35,none,V3_dual_aug_seed0,False,89.47368421052632,89.02976190476191,89.02976190476191,99.3421052631579,88.04761904761904
calib_0233,random_8,random_0.25,none,V3_dual_aug_seed0,False,81.97674418604652,79.64260592519034,88.4748427672956,86.04651162790698,79.64260592519034
calib_0234,myeloid,random_0.25,none,V3_dual_aug_seed0,False,71.21212121212122,75.88976506290602,88.06240928882438,76.36363636363637,77.01345823987333
calib_0235,lymphoid,scope2,per_cell,V3_dual_aug_seed0,False,65.85365853658537,65.15151515151516,83.33333333333333,78.04878048780488,69.6969696969697
calib_0236,pbmc_like,scope2,per_cell,V3_dual_aug_seed0,False,70.66666666666667,79.63448588448588,79.97636622636624,98.66666666666667,79.23562548562548
calib_0237,scope2_like,scope2,none,V3_dual_aug_seed0,False,76.5,61.39134899242716,71.65960723912205,88.25,61.05121293800539
calib_0238,random_1,random_0.35,none,V3_dual_aug_seed0,False,99.6,99.6,,99.6,99.7
calib_0239,random_2,fulcher,none,V3_dual_aug_seed0,False,97.84172661870504,97.66864153760031,98.97019033401754,98.8009592326139,97.39690240716553
