latent_dim,modality,orig_index,class_idx,class_name,PC1,PC2,PC3,metabolite_Creatinine,metabolite_Valine
128,METABOLOMICS,0,0,B,0.52352655,-0.16042678,0.33174106,0.3665805,-1.3627031
128,METABOLOMICS,1,0,B,0.3234356,-0.27673072,0.41806883,0.28702256,-1.4641857
128,METABOLOMICS,2,0,B,0.59381884,-0.02921103,0.36532938,0.2260573,-0.6988524
128,METABOLOMICS,3,0,B,0.29293358,-0.26280677,0.45884156,0.37836277,-2.0945787
128,METABOLOMICS,4,0,B,0.7856568,0.04270132,0.028605163,2.326681,-2.024822
128,METABOLOMICS,5,0,B,0.6951064,0.17509873,-0.06340138,0.9575676,0.35065362
128,METABOLOMICS,6,0,B,0.3060701,-0.26936316,0.44261217,0.039226927,-0.20979518
128,METABOLOMICS,7,0,B,0.8132555,0.05751487,0.05133435,0.27585703,-0.20054762
128,METABOLOMICS,8,0,B,0.12771459,-0.053863063,0.3247688,0.6135711,0.759141
128,METABOLOMICS,9,0,B,0.25003758,-0.25015926,0.48860377,0.1253178,-0.75438106
128,METABOLOMICS,10,0,B,0.6903704,0.0015229732,0.035705,0.31915498,-0.3510882
128,METABOLOMICS,11,0,B,0.49551257,-0.06907709,0.18307623,0.41089806,-0.6026181
128,METABOLOMICS,12,0,B,0.3640853,-0.016299367,0.42367417,0.34025633,-0.67974603
128,METABOLOMICS,13,0,B,0.6596227,-0.0141477585,0.051214337,0.629758,-0.73620737
128,METABOLOMICS,14,0,B,0.60337865,0.105531245,0.011983231,0.41840127,-0.03275014
128,METABOLOMICS,15,0,B,-0.08475912,-0.31590384,0.21535254,0.39767122,2.6682363
128,METABOLOMICS,16,0,B,0.6502822,0.07676662,0.08963777,0.2186435,0.12359098
128,METABOLOMICS,17,0,B,0.5846935,0.10473246,0.010358736,0.6934599,-0.047567867
128,METABOLOMICS,18,0,B,-0.11070613,-0.34109193,0.20575109,0.38216823,2.1032252
128,METABOLOMICS,19,0,B,0.58067936,0.026414111,0.40974158,0.30878103,-0.84635866
128,METABOLOMICS,20,0,B,0.44005308,0.042126954,0.09552182,0.8124656,1.7643819
128,METABOLOMICS,21,0,B,0.66839623,-0.009629339,0.046151906,0.6904282,-0.7936231
128,METABOLOMICS,22,0,B,0.84546983,0.10402667,0.059366435,0.85983276,-0.33758935
128,METABOLOMICS,23,0,B,0.83176225,0.11729807,0.03671062,0.68283087,-0.17621425
128,METABOLOMICS,24,0,B,0.56646365,0.03562689,0.42507952,0.6127795,-1.6162595
128,METABOLOMICS,25,0,B,0.5903412,0.012154758,0.3938514,0.28261358,-0.8062106
128,METABOLOMICS,26,0,B,0.12868515,0.02090551,0.34218267,0.5220474,0.7801774
128,METABOLOMICS,27,0,B,0.2839926,-0.25870293,0.46803617,0.3698894,-2.09163
128,METABOLOMICS,28,0,B,0.41030186,-0.2547505,0.35034177,0.26590335,-1.1563605
128,METABOLOMICS,29,0,B,0.51738125,-0.16734765,0.33151093,0.14035116,-0.5267126
128,METABOLOMICS,30,0,B,0.5556084,-0.11858834,0.3363547,0.05979162,-0.21014364
128,METABOLOMICS,31,0,B,0.49793702,-0.011051163,0.21122149,0.5605384,0.39852664
128,METABOLOMICS,32,0,B,0.582183,0.024924368,0.407753,0.121083245,-0.33352038
128,METABOLOMICS,33,0,B,0.8478898,0.115259945,0.04320036,0.32122082,-0.09694208
128,METABOLOMICS,34,0,B,0.38842425,-0.07232408,0.026610687,0.510211,1.2727299
128,METABOLOMICS,35,0,B,0.44143093,-0.03354235,0.23840499,0.4808463,0.3661895
128,METABOLOMICS,36,0,B,0.5412498,-0.13868155,0.33347753,0.2852607,-1.0297725
128,METABOLOMICS,37,0,B,0.37604666,-0.009814158,0.43337828,0.3734398,-0.7593828
128,METABOLOMICS,38,0,B,0.47731015,-0.07084867,0.19798476,0.41032556,-0.61293805
128,METABOLOMICS,39,0,B,0.5664725,-0.10096173,0.3398695,0.21249956,-0.7293937
128,METABOLOMICS,40,0,B,0.4155328,0.08503601,0.16892871,0.26456195,0.5359224
128,METABOLOMICS,41,0,B,0.04721292,-0.32578218,0.061623275,0.6512887,2.1258485
128,METABOLOMICS,42,0,B,-0.09818349,-0.37594247,0.1422469,0.332203,1.3204154
128,METABOLOMICS,43,0,B,0.6845822,-0.0013731867,0.038140193,0.47461307,-0.52828866
128,METABOLOMICS,44,0,B,0.42667624,-0.018084422,0.045107752,0.972413,2.2834978
128,METABOLOMICS,45,0,B,0.6808159,0.109684415,0.018489614,0.55893767,-0.06747294
128,METABOLOMICS,46,0,B,0.64655477,0.17840804,-0.06932017,0.5848189,0.17867996
128,METABOLOMICS,47,0,B,0.8068863,0.07410677,0.07452147,0.44519934,-0.25325635
128,METABOLOMICS,48,0,B,0.084257655,-0.2717901,0.4658926,0.18221828,-1.2875962
128,METABOLOMICS,49,0,B,0.33350408,-0.2786349,0.40524477,0.43763775,-2.1774104
128,METABOLOMICS,50,0,B,0.7962685,0.046995074,0.032837644,0.6479931,-0.54108536
128,METABOLOMICS,51,0,B,0.5873556,-0.05549422,0.35357988,0.36085686,-1.1621609
128,METABOLOMICS,52,0,B,0.32773513,-0.27776462,0.41240793,0.3812202,-1.9235164
128,METABOLOMICS,53,0,B,0.3416743,-0.27892196,0.3960212,0.37529987,-1.83297
128,METABOLOMICS,54,0,B,0.49194756,-0.19326065,0.3321771,0.43870652,-1.7081943
128,METABOLOMICS,55,0,B,-0.07574756,-0.28163046,0.18668976,0.18920285,2.8579385
128,METABOLOMICS,56,0,B,0.5387959,0.10315472,0.0061267167,0.2968063,-0.013295294
128,METABOLOMICS,57,0,B,-0.087587066,-0.2823075,0.17727038,0.15914506,2.8729978
128,METABOLOMICS,58,0,B,0.51887715,-0.16568334,0.33154854,0.32607266,-1.2208847
128,METABOLOMICS,59,0,B,0.5939312,-0.00011844933,0.38349622,0.17082925,-0.50080323
128,METABOLOMICS,60,0,B,0.31643975,0.10783582,0.28122357,0.31175917,0.570018
128,METABOLOMICS,61,0,B,0.5938697,-0.028858438,0.36551267,0.24572326,-0.7592059
128,METABOLOMICS,62,0,B,0.6721489,-0.007702455,0.044137567,0.424961,-0.48490804
128,METABOLOMICS,63,0,B,-0.11092035,-0.34133875,0.20559669,0.3762479,2.0669801
128,METABOLOMICS,64,0,B,-0.06838191,-0.3714916,0.11833748,0.5392852,2.0095162
128,METABOLOMICS,65,0,B,-0.08802558,-0.31885266,0.2148236,0.30152822,1.9711907
128,METABOLOMICS,66,0,B,0.8073707,0.07600787,0.075118765,0.55222577,-0.30678007
128,METABOLOMICS,67,0,B,0.8322255,0.09576289,0.067493156,0.5526416,-0.24300626
128,METABOLOMICS,68,0,B,0.54406625,0.10330661,0.0066356063,0.36374548,-0.01729989
128,METABOLOMICS,69,0,B,0.6530545,0.17882867,-0.06960777,0.37106985,0.11559776
128,METABOLOMICS,70,0,B,0.003755048,-0.28734773,0.42219293,0.17622186,-1.3195529
128,METABOLOMICS,71,0,B,0.44051674,0.037568316,0.08999492,0.6080532,1.328977
128,METABOLOMICS,72,0,B,0.67105615,-0.008262098,0.044714972,0.6051377,-0.69197965
128,METABOLOMICS,73,0,B,0.6510724,-0.018534511,0.056601122,0.7339094,-0.8718232
128,METABOLOMICS,74,0,B,0.33902577,0.10839923,0.2635814,0.3608209,0.6724117
128,METABOLOMICS,75,0,B,-0.021484122,-0.29162812,0.40506464,0.20669104,-1.57624
128,METABOLOMICS,76,0,B,0.31743422,-0.27474856,0.42631334,0.37179878,-1.9270761
128,METABOLOMICS,77,0,B,0.49077585,-0.06961112,0.18695575,0.5362444,-0.7902457
128,METABOLOMICS,78,0,B,0.11540477,-0.2654702,0.47814614,0.21823664,-1.5062261
128,METABOLOMICS,79,0,B,0.5624362,-0.10777117,0.33840087,0.1526613,-0.52882487
128,METABOLOMICS,80,0,B,0.20301601,-0.25082237,0.4954654,0.12620306,-0.8058032
128,METABOLOMICS,81,0,B,-0.11793568,-0.37207657,0.1673629,0.17172359,0.74321914
128,METABOLOMICS,82,0,B,0.58982205,0.013333514,0.39497238,0.25813174,-0.73425615
128,METABOLOMICS,83,0,B,0.3491098,-0.2783358,0.38855845,0.21334031,-1.0258375
128,METABOLOMICS,84,0,B,0.3828715,0.11328785,-0.021949865,2.4527967,0.22018445
128,METABOLOMICS,85,0,B,0.5736622,-0.052075386,0.117693305,0.7805433,-1.0473725
128,METABOLOMICS,86,0,B,0.3439381,-0.030451149,0.39761174,0.42023444,-0.80613023
128,METABOLOMICS,87,0,B,0.38142005,-0.007111311,0.4370188,0.37222338,-0.76246536
128,METABOLOMICS,88,0,B,0.33021092,-0.06586029,0.27669626,0.58688474,0.5123662
128,METABOLOMICS,89,0,B,0.8450863,0.103745036,0.05966334,0.4025854,-0.15872695
128,METABOLOMICS,90,0,B,0.5588682,0.01824677,0.1734334,0.4535922,0.29803067
128,METABOLOMICS,91,0,B,0.5441912,0.16210158,-0.05685866,0.5527535,0.12954156
128,METABOLOMICS,92,0,B,0.13297147,-0.057908848,0.32298458,0.7793584,0.9485325
128,METABOLOMICS,93,0,B,0.102521814,-0.2958402,0.04432805,0.63379586,1.9793233
128,METABOLOMICS,94,0,B,0.52310765,0.1576205,-0.053690314,0.69683576,0.15456642
128,METABOLOMICS,95,0,B,0.8107992,0.06466126,0.06553538,0.29182947,-0.18930568
128,METABOLOMICS,96,0,B,-0.083607055,-0.31486422,0.21549988,0.40193695,2.7224677
128,METABOLOMICS,97,0,B,0.4145223,0.08582615,0.17081422,0.7515094,1.5199013
128,METABOLOMICS,98,0,B,0.84290564,0.10226505,0.061287314,0.5525523,-0.22273658
128,METABOLOMICS,99,0,B,0.4972008,0.03551036,0.45889425,0.344795,-0.8113088
128,METABOLOMICS,100,0,B,0.6235535,-0.0320971,0.076458514,0.5611957,-0.6996351
128,METABOLOMICS,101,0,B,0.5573001,-0.11591102,0.33682972,0.34119076,-1.1948359
128,METABOLOMICS,102,0,B,0.48836285,0.033359513,0.460321,0.40059552,-0.9320051
128,METABOLOMICS,103,0,B,0.33648115,-0.04201497,0.37093925,0.37083718,-0.68575567
128,METABOLOMICS,104,0,B,0.5562496,-0.11751698,0.33654302,0.4568209,-1.6032003
128,METABOLOMICS,105,0,B,0.535983,-0.14545523,0.33277896,0.52103215,-1.8980305
128,METABOLOMICS,106,0,B,0.4740071,0.10235423,-0.00084488094,0.53297144,-0.004760781
128,METABOLOMICS,107,0,B,0.36777937,-0.014212608,0.4269485,0.46044272,-0.9251485
128,METABOLOMICS,108,0,B,-0.06369261,-0.29513687,0.2133975,0.25225168,2.148922
128,METABOLOMICS,109,0,B,0.69289076,0.11806839,0.025200471,0.16737269,0.08378594
128,METABOLOMICS,110,0,B,-0.12247638,-0.3653155,0.18155986,0.32857212,1.5150712
128,METABOLOMICS,111,0,B,-0.059176274,-0.29724205,0.37641048,0.18240166,-1.4307762
128,METABOLOMICS,112,0,B,-0.06942611,-0.28180957,0.19243649,0.18157889,2.4640918
128,METABOLOMICS,113,0,B,0.40639564,-0.25694537,0.35193008,0.18737848,-0.81940395
128,METABOLOMICS,114,0,B,0.5373461,-0.14373086,0.3329438,0.31488925,-1.1444378
128,METABOLOMICS,115,0,B,0.49665892,0.035390377,0.4590007,0.15789305,-0.37125066
128,METABOLOMICS,116,0,B,0.7761846,0.03899674,0.026169509,0.3916344,-0.35150105
128,METABOLOMICS,117,0,B,-0.07946529,-0.31110895,0.21585408,0.24046019,1.6876614
128,METABOLOMICS,118,0,B,0.34135237,-0.053031713,0.33990788,0.22456835,-0.39892384
128,METABOLOMICS,119,0,B,-0.09911095,-0.375961,0.14315045,0.4536058,1.8077948
128,METABOLOMICS,120,0,B,0.81170946,0.06343313,0.06348391,0.42277443,-0.27956256
128,METABOLOMICS,121,0,B,0.7390369,0.024013877,0.024167344,0.5357033,-0.5300578
128,METABOLOMICS,122,0,B,0.6631664,-0.012324348,0.04911086,0.4017938,-0.4665468
128,METABOLOMICS,123,0,B,0.8132467,0.057507165,0.051319838,0.74485135,-0.5416482
128,METABOLOMICS,124,0,B,0.682864,0.17807968,-0.06771023,0.987509,0.34141678
128,METABOLOMICS,125,1,CLP,0.79522365,0.046557426,0.03232698,1.0669104,-0.89495033
128,METABOLOMICS,126,1,CLP,0.8173098,0.086482234,0.073609635,0.6637373,-0.3258972
128,METABOLOMICS,127,1,CLP,0.5789394,-0.050308883,0.11321524,0.80674225,-1.0749922
128,METABOLOMICS,128,1,CLP,0.33802366,-0.037735328,0.38142502,0.6638983,-1.2450894
128,METABOLOMICS,129,1,CLP,0.39521948,0.122807845,-0.030065447,1.0647461,0.13432886
128,METABOLOMICS,130,1,CLP,0.7701519,0.11529267,0.026855618,1.0710421,-0.19622141
128,METABOLOMICS,131,1,CLP,0.76274425,0.033727244,0.024243802,0.88927364,-0.8293591
128,METABOLOMICS,132,1,CLP,0.38824344,-0.072532594,0.026566654,1.1462672,2.8600028
128,METABOLOMICS,133,1,CLP,0.8446041,0.10341622,0.060048476,1.0369198,-0.41094306
128,METABOLOMICS,134,1,CLP,0.77551186,0.03873636,0.02603975,0.6535691,-0.5877951
128,METABOLOMICS,135,1,CLP,0.1555399,0.047111154,0.34216452,0.7534502,1.182414
128,METABOLOMICS,136,1,CLP,0.6589003,0.08378008,0.0788786,1.2650716,0.7017148
128,METABOLOMICS,137,1,CLP,0.3829768,0.114264846,-0.022903554,1.3720312,0.12911274
128,METABOLOMICS,138,1,CLP,0.38973755,0.108444974,-0.01642745,0.868159,0.05597872
128,METABOLOMICS,139,1,CLP,0.83428,0.096974425,0.066455305,1.0983186,-0.47565505
128,METABOLOMICS,140,1,CLP,0.20345348,-0.07791908,0.3060617,1.0887897,1.1417942
128,METABOLOMICS,141,1,CLP,0.83157104,0.095383435,0.06781939,1.4439875,-0.637995
128,METABOLOMICS,142,1,CLP,0.19163111,-0.076837644,0.308566,1.4634968,1.5667077
128,METABOLOMICS,143,1,CLP,0.5275428,0.102898136,0.0050239414,1.4744968,-0.057340905
128,METABOLOMICS,144,1,CLP,0.35823283,-0.05926889,0.268554,1.006674,0.84827745
128,METABOLOMICS,145,1,CLP,0.35796887,-0.019976735,0.41755992,0.83323616,-1.647653
128,METABOLOMICS,146,1,CLP,0.8095699,0.07967086,0.075421244,0.82833534,-0.4402943
128,METABOLOMICS,147,1,CLP,0.58160925,-0.04938288,0.11095202,0.92087394,-1.2226645
128,METABOLOMICS,148,1,CLP,0.33966628,-0.051442802,0.3448328,0.8251559,-1.4750308
128,METABOLOMICS,149,1,CLP,0.2555799,-0.07724829,0.29496247,0.87167364,0.842359
128,METABOLOMICS,150,1,CLP,0.4336985,0.06284384,0.1253919,0.87415075,1.8406733
128,METABOLOMICS,151,1,CLP,0.39579967,0.10694998,-0.0142854825,0.9333497,0.050971575
128,METABOLOMICS,152,1,CLP,0.7001057,0.12800534,0.009322271,1.2443997,0.6019637
128,METABOLOMICS,153,1,CLP,0.27889034,0.10244894,0.3045639,0.796243,1.411932
128,METABOLOMICS,154,1,CLP,0.8089631,0.06718965,0.069091305,1.0084987,-0.63002336
128,METABOLOMICS,155,1,CLP,0.62707186,0.17643987,-0.06779265,0.93987805,0.27189064
128,METABOLOMICS,156,1,CLP,0.7225554,0.112300046,0.022119045,1.2791839,-0.18800835
128,METABOLOMICS,157,1,CLP,0.11824321,-0.04325767,0.3287748,1.0437344,1.340342
128,METABOLOMICS,158,1,CLP,0.4256365,-0.07185072,0.240922,0.8217172,-1.2926891
128,METABOLOMICS,159,1,CLP,0.19987085,-0.07764928,0.30681846,0.74552643,0.7866375
128,METABOLOMICS,160,1,CLP,0.38787624,0.11908287,-0.027143069,1.7711622,0.20052046
128,METABOLOMICS,161,1,CLP,0.5721099,-0.05257891,0.119010895,0.8733773,-1.1743141
128,METABOLOMICS,162,1,CLP,0.5772554,0.029390782,0.41398585,0.70830536,-1.9210877
128,METABOLOMICS,163,1,CLP,0.8358405,0.117103234,0.03788203,0.8608165,-0.22928758
128,METABOLOMICS,164,1,CLP,0.80702263,0.07487189,0.07480796,1.3531479,-0.76243323
128,METABOLOMICS,165,1,CLP,0.20155036,-0.07778318,0.3064624,1.4307382,1.5052768
128,METABOLOMICS,166,1,CLP,0.11270709,-0.010162458,0.33765933,1.5505581,2.173325
128,METABOLOMICS,167,1,CLP,0.8089726,0.06717531,0.06907362,0.970933,-0.6066818
128,METABOLOMICS,168,1,CLP,0.8070051,0.07479123,0.07477963,0.84221035,-0.47501707
128,METABOLOMICS,169,1,CLP,0.51377034,-0.06652708,0.1680325,0.79433364,-1.1430439
128,METABOLOMICS,170,1,CLP,0.33678192,-0.046696424,0.35855344,0.75675464,-1.3768505
128,METABOLOMICS,171,1,CLP,0.8096879,0.06615288,0.06774679,0.98148155,-0.6225716
128,METABOLOMICS,172,1,CLP,0.8359322,0.09795101,0.065573156,0.8869573,-0.37931895
128,METABOLOMICS,173,1,CLP,0.34108093,-0.052827343,0.34056887,0.71509326,-1.2713634
128,METABOLOMICS,174,1,CLP,0.7732157,0.0378419,0.025613159,1.5786885,-1.4296023
128,METABOLOMICS,175,1,CLP,0.51278853,0.03855644,0.4550507,0.6816728,-1.6380893
128,METABOLOMICS,176,1,CLP,0.3885959,-0.05091107,0.25868955,1.4118773,1.1460725
128,METABOLOMICS,177,1,CLP,0.80769336,0.06941375,0.07147424,0.864063,-0.5230189
128,METABOLOMICS,178,1,CLP,0.35541442,-0.060663864,0.3133109,0.76945376,-1.3219706
128,METABOLOMICS,179,1,CLP,0.67064935,-0.008470416,0.044931978,1.0020013,-1.1467053
128,METABOLOMICS,180,1,CLP,0.80692667,0.07182824,0.073351875,1.0376576,-0.6079523
128,METABOLOMICS,181,1,CLP,0.22125587,0.08459606,0.32894614,1.1855184,2.0013838
128,METABOLOMICS,182,1,CLP,0.70452255,0.13559042,-0.0027553588,1.0481166,0.49265936
128,METABOLOMICS,183,1,CLP,0.12744525,0.019308358,0.34204894,1.2674595,1.8883642
128,METABOLOMICS,184,1,CLP,0.7075253,0.14223565,-0.013298839,0.97294074,0.4449525
128,METABOLOMICS,185,1,CLP,0.4950385,0.15128396,-0.049361944,0.8738781,0.17918386
128,METABOLOMICS,186,1,CLP,0.111628965,-0.024161845,0.3344302,1.3360666,1.8110864
128,METABOLOMICS,187,1,CLP,0.44791782,-0.07215318,0.22214574,1.1706327,-1.8005471
128,METABOLOMICS,188,1,CLP,0.35974547,-0.018874586,0.41944087,0.8805988,-1.7466911
128,METABOLOMICS,189,1,CLP,0.32193986,-0.06759004,0.27894107,0.99994004,0.88234615
128,METABOLOMICS,190,1,CLP,0.22732887,0.08703315,0.32695377,0.8906463,1.5118921
128,METABOLOMICS,191,1,CLP,0.69030213,0.0014922768,0.035736635,0.97337466,-1.0708963
128,METABOLOMICS,192,1,CLP,0.80711806,0.07524423,0.07492332,0.9948782,-0.5579615
128,METABOLOMICS,193,1,CLP,0.40340284,-0.07033348,0.2606065,0.86294496,-1.3900598
128,METABOLOMICS,194,1,CLP,0.5147772,-0.06636304,0.16719949,0.7729551,-1.1110926
128,METABOLOMICS,195,1,CLP,0.46238568,0.025692657,0.46159643,0.7019602,-1.5825231
128,METABOLOMICS,196,1,CLP,0.65504396,-0.01650089,0.054045603,0.9334614,-1.1007085
128,METABOLOMICS,197,1,CLP,0.7058438,0.009064615,0.030331463,0.9639261,-1.02669
128,METABOLOMICS,198,1,CLP,0.6095506,-0.038412765,0.08762574,0.800017,-1.020005
128,METABOLOMICS,199,1,CLP,0.8070439,0.071254164,0.07296769,1.0445393,-0.61665857
128,METABOLOMICS,200,1,CLP,0.33702692,-0.047386467,0.35663706,0.9401688,-1.7063127
128,METABOLOMICS,201,1,CLP,0.7091598,0.16235581,-0.044590168,1.0692134,0.44003642
128,METABOLOMICS,202,1,CLP,0.6581746,-0.014892474,0.052096173,0.8996431,-1.0545992
128,METABOLOMICS,203,1,CLP,0.8261008,0.11742169,0.03531672,0.97140265,-0.24086185
128,METABOLOMICS,204,1,CLP,0.6240206,0.10653117,0.013739705,1.7011377,-0.15163435
128,METABOLOMICS,205,1,CLP,0.68304026,0.17805406,-0.06767227,0.97734964,0.33815172
128,METABOLOMICS,206,1,CLP,0.44755447,0.102766134,-0.0043158084,1.4455214,0.011456199
128,METABOLOMICS,207,1,CLP,0.5948107,-0.044487745,0.099822745,0.7909754,-1.0309733
128,METABOLOMICS,208,1,CLP,0.36835697,-0.06459771,0.29641274,0.80887496,-1.3609769
128,METABOLOMICS,209,1,CLP,0.73017395,0.020189732,0.02511087,0.97834694,-0.98801625
128,METABOLOMICS,210,1,CLP,0.7049463,0.1364221,-0.004077852,1.1874232,0.55629927
128,METABOLOMICS,211,1,CLP,0.6918287,0.0022501796,0.035132587,0.85230285,-0.93476063
128,METABOLOMICS,212,1,CLP,0.84991395,0.107736684,0.054934666,0.8541899,-0.31507877
128,METABOLOMICS,213,1,CLP,0.5739992,-0.051965192,0.11740723,0.7468814,-1.0017616
128,METABOLOMICS,214,1,CLP,0.25864807,-0.07698874,0.2942843,0.7649465,0.7359283
128,METABOLOMICS,215,1,CLP,0.8076238,0.076621115,0.07524735,1.1455561,-0.63165295
128,METABOLOMICS,216,1,CLP,0.81357175,0.059205815,0.055038527,0.75131273,-0.53173584
128,METABOLOMICS,217,1,CLP,0.48811328,-0.01526542,0.21642151,0.7678621,0.5525895
128,METABOLOMICS,218,1,CLP,0.83097655,0.09503379,0.0681051,1.0053684,-0.4461215
128,METABOLOMICS,219,1,CLP,0.53888017,-0.061666027,0.14711183,1.0489303,-1.4683993
128,METABOLOMICS,220,1,CLP,0.81687856,0.08617585,0.07374987,0.97503805,-0.48045847
128,METABOLOMICS,221,1,CLP,0.58781236,0.017216012,0.39887464,0.6657184,-1.8749516
128,METABOLOMICS,222,1,CLP,0.68481284,0.10993183,0.018828273,1.0654213,-0.13114484
128,METABOLOMICS,223,1,CLP,0.78833616,0.043760777,0.02949375,0.80680037,-0.69543207
128,METABOLOMICS,224,1,CLP,0.3335649,0.10846278,0.26812398,0.96091676,1.7823571
128,METABOLOMICS,225,1,CLP,0.3371859,-0.0395135,0.377163,0.91849977,-1.7126759
128,METABOLOMICS,226,1,CLP,0.8498091,0.107628495,0.05507298,0.99257994,-0.36686006
128,METABOLOMICS,227,1,CLP,0.63657117,0.0662659,0.10537982,1.0137615,0.589194
128,METABOLOMICS,228,2,CMP,0.5684833,-0.09741776,0.34069017,0.28439328,-0.9714991
128,METABOLOMICS,229,2,CMP,0.34423366,-0.05521044,0.33289012,0.29839814,-0.5253884
128,METABOLOMICS,230,2,CMP,0.53921676,-0.0615903,0.14683723,0.41947883,-0.5870125
128,METABOLOMICS,231,2,CMP,0.8110496,0.06433212,0.06500901,0.44016868,-0.28701416
128,METABOLOMICS,232,2,CMP,0.50486654,-0.1805949,0.33152643,0.27253464,-1.0419044
128,METABOLOMICS,233,2,CMP,0.57472456,0.031229898,0.41686803,0.27775294,-0.7479371
128,METABOLOMICS,234,2,CMP,0.30266514,-0.26782006,0.44683546,0.22862408,-1.2338957
128,METABOLOMICS,235,2,CMP,0.23718348,-0.24932222,0.4922471,0.2005471,-1.2295748
128,METABOLOMICS,236,2,CMP,0.5943785,-0.02489458,0.3676201,0.33120593,-1.0165524
128,METABOLOMICS,237,2,CMP,0.8150647,0.084817454,0.07428932,0.47176018,-0.23612823
128,METABOLOMICS,238,2,CMP,0.28148767,-0.25768632,0.47028595,0.25900382,-1.4727526
128,METABOLOMICS,239,2,CMP,0.3590633,-0.27650928,0.37979877,0.26645333,-1.2567923
128,METABOLOMICS,240,2,CMP,0.8109768,0.08124317,0.07525469,2.536911,-1.3237665
128,METABOLOMICS,241,2,CMP,0.8101018,0.08030145,0.07537606,2.5401664,-1.3402139
128,METABOLOMICS,242,2,CMP,0.503277,-0.18220712,0.33157393,0.2274391,-0.87150156
128,METABOLOMICS,243,2,CMP,0.4130955,0.007213339,0.45237803,0.20467891,-0.4359358
128,METABOLOMICS,244,2,CMP,0.3513086,-0.058990568,0.31967828,0.32689542,-0.56609946
128,METABOLOMICS,245,2,CMP,0.3169301,-0.27454698,0.42703408,0.18106464,-0.9397678
128,METABOLOMICS,246,2,CMP,0.4980178,-0.06877369,0.18102282,0.36352184,-0.5317734
128,METABOLOMICS,247,2,CMP,0.56994814,-0.09476797,0.34132925,0.28194284,-0.95967287
128,METABOLOMICS,248,2,CMP,0.4548274,0.023155272,0.46117926,0.37989664,-0.8489266
128,METABOLOMICS,249,2,CMP,0.47393548,0.029321253,0.46155387,0.34166944,-0.78091764
128,METABOLOMICS,250,2,CMP,0.08226394,-0.27219552,0.4650156,0.20128044,-1.4243914
128,METABOLOMICS,251,2,CMP,0.17353538,-0.07391317,0.31252623,0.31166536,0.34512115
128,METABOLOMICS,252,2,CMP,0.8284275,0.09352499,0.06927934,0.43503085,-0.19661269
128,METABOLOMICS,253,2,CMP,0.5053774,-0.18007545,0.33151478,0.20585495,-0.7864073
128,METABOLOMICS,254,2,CMP,0.40027088,-0.26023746,0.35458136,0.27888435,-1.230379
128,METABOLOMICS,255,2,CMP,0.7084768,0.14498442,-0.017639734,0.3482782,0.15734878
128,METABOLOMICS,256,2,CMP,0.7589063,0.11460186,0.025635079,0.46753016,-0.081234604
128,METABOLOMICS,257,2,CMP,0.81336457,0.057816684,0.051999137,0.70882404,-0.5129349
128,METABOLOMICS,258,2,CMP,0.37902606,-0.27007198,0.3657382,0.26021105,-1.1858724
128,METABOLOMICS,259,2,CMP,0.2195377,-0.24955569,0.49489683,0.21829022,-1.3683428
128,METABOLOMICS,260,2,CMP,0.4729871,-0.07116073,0.20151731,0.6069264,-0.9105292
128,METABOLOMICS,261,2,CMP,0.56704277,0.035391226,0.42456007,0.22203743,-0.58641744
128,METABOLOMICS,262,2,CMP,0.5923933,0.0064078122,0.38873088,0.3303965,-0.95515364
128,METABOLOMICS,263,2,CMP,0.42821035,-0.2437851,0.34407774,0.23548336,-0.9990543
128,METABOLOMICS,264,2,CMP,0.02091562,-0.28423697,0.43290895,0.19100043,-1.4127582
128,METABOLOMICS,265,2,CMP,-0.12604332,-0.30435735,0.3159676,0.17589097,-1.4584656
128,METABOLOMICS,266,2,CMP,0.31947082,-0.27548736,0.42348403,0.25166145,-1.297278
128,METABOLOMICS,267,2,CMP,0.33834848,-0.03717214,0.38274413,0.34798315,-0.65378845
128,METABOLOMICS,268,2,CMP,0.57965,-0.07522856,0.34674045,0.24136345,-0.79970783
128,METABOLOMICS,269,2,CMP,0.5029908,0.102458894,0.0024715364,0.32608598,-0.008341832
128,METABOLOMICS,270,2,CMP,0.547088,-0.13080357,0.3344631,0.31086925,-1.1104815
128,METABOLOMICS,271,2,CMP,0.6123741,0.049613923,0.12983036,0.2656351,0.16112827
128,METABOLOMICS,272,2,CMP,0.3622312,-0.06291513,0.3040087,0.2415111,-0.4101765
128,METABOLOMICS,273,2,CMP,0.5156749,0.10265378,0.003815502,0.4804441,-0.015627274
128,METABOLOMICS,274,2,CMP,0.49486363,0.034968257,0.45932263,0.35710952,-0.8377436
128,METABOLOMICS,275,2,CMP,0.81079066,0.08105058,0.07528393,2.0725136,-1.0838858
128,METABOLOMICS,276,2,CMP,0.8505422,0.10843901,0.054036453,2.5116646,-0.91430867
128,METABOLOMICS,277,2,CMP,0.33662018,-0.041339263,0.37264347,0.3233629,-0.5993211
128,METABOLOMICS,278,2,CMP,0.18657261,-0.25279796,0.4945516,0.20745116,-1.3469096
128,METABOLOMICS,279,2,CMP,0.24112973,-0.2494766,0.49130034,0.22784156,-1.3894005
128,METABOLOMICS,280,2,CMP,0.20234606,-0.07783626,0.30629912,0.47035614,0.49418738
128,METABOLOMICS,281,2,CMP,0.64790934,-0.020146176,0.05869983,0.52226645,-0.6240298
128,METABOLOMICS,282,2,CMP,0.36295944,-0.27551562,0.37671804,0.26603302,-1.2459257
128,METABOLOMICS,283,2,CMP,0.27184668,-0.2543875,0.47769332,0.24702005,-1.4326954
128,METABOLOMICS,284,2,CMP,0.17356068,-0.25472307,0.49295217,0.18864395,-1.2399911
128,METABOLOMICS,285,2,CMP,0.6463428,0.073643655,0.09433146,0.35645226,0.20318475
128,METABOLOMICS,286,2,CMP,0.66349137,-0.012157425,0.04892175,0.37070763,-0.4301835
128,METABOLOMICS,287,2,CMP,0.19184887,-0.25210184,0.49498677,0.21777609,-1.4065984
128,METABOLOMICS,288,2,CMP,0.3600268,0.10672321,0.2441043,0.37853736,0.7188375
128,METABOLOMICS,289,2,CMP,0.1752049,0.0609541,0.33987954,0.3661735,0.5895586
128,METABOLOMICS,290,2,CMP,0.11999895,0.008098096,0.34079823,0.49838847,0.7262731
128,METABOLOMICS,291,2,CMP,0.59481066,-0.0073143244,0.37832475,0.34764788,-1.0338361
128,METABOLOMICS,292,2,CMP,0.1271551,0.018923461,0.34202313,0.316083,0.47056177
128,METABOLOMICS,293,2,CMP,0.809222,0.053411648,0.042781904,0.3586791,-0.2771769
128,METABOLOMICS,294,2,CMP,0.11609912,-0.039570317,0.33000538,0.27948788,0.3630373
128,METABOLOMICS,295,2,CMP,0.52774024,0.0025746077,0.19402626,0.29725793,0.20353338
128,METABOLOMICS,296,2,CMP,0.5830254,-0.067268744,0.34932014,0.22018614,-0.721363
128,METABOLOMICS,297,2,CMP,0.57302856,0.03231056,0.4186887,0.31894043,-0.85494685
128,METABOLOMICS,298,2,CMP,0.5161278,-0.16871606,0.33148015,0.28419206,-1.0685375
128,METABOLOMICS,299,2,CMP,0.8123666,0.062462144,0.061715484,1.7861865,-1.199532
128,METABOLOMICS,300,2,CMP,0.8476933,0.105712675,0.05740504,0.462911,-0.17688447
128,METABOLOMICS,301,2,CMP,0.3332776,-0.2786085,0.40552336,0.23986104,-1.1940424
128,METABOLOMICS,302,2,CMP,0.40749374,0.0048384666,0.45029426,0.32027307,-0.67767143
128,METABOLOMICS,303,2,CMP,0.5184189,-0.16619332,0.33153522,0.2684476,-1.0058306
128,METABOLOMICS,304,2,CMP,0.21250331,-0.24999206,0.49533737,0.20957963,-1.3243991
128,METABOLOMICS,305,2,CMP,0.6424283,-0.022918075,0.062464282,0.29452577,-0.35543054
128,METABOLOMICS,306,2,CMP,0.80719894,0.0706928,0.07254343,0.30601317,-0.1819934
128,METABOLOMICS,307,2,CMP,0.43834832,-0.23695152,0.3411715,0.26941803,-1.1275185
128,METABOLOMICS,308,2,CMP,-0.07619166,-0.3080938,0.21592763,0.34094504,2.4669008
128,METABOLOMICS,309,2,CMP,0.6055034,0.045193225,0.13614768,0.40152544,0.24631362
128,METABOLOMICS,310,2,CMP,0.74009854,0.02446264,0.02408427,0.3526111,-0.34802702
128,METABOLOMICS,311,2,CMP,0.4662957,-0.2158147,0.3352181,0.29395795,-1.1852291
128,METABOLOMICS,312,2,CMP,0.70434266,0.008342579,0.030771539,0.24601391,-0.26287395
128,METABOLOMICS,313,2,CMP,0.45660546,-0.2235304,0.33696124,0.24479763,-0.9998532
128,METABOLOMICS,314,2,CMP,0.7245932,0.017717585,0.02595897,0.3477774,-0.35565037
128,METABOLOMICS,315,2,CMP,0.28863877,-0.26074427,0.4634959,0.21283045,-1.1906222
128,METABOLOMICS,316,2,CMP,0.5363114,0.006725669,0.18864238,0.40050596,0.27120426
128,METABOLOMICS,317,2,CMP,0.1287068,-0.2803061,0.037753075,0.41259262,1.2638308
128,METABOLOMICS,318,2,CMP,0.8516683,0.110149235,0.05173169,1.798917,-0.63233393
128,METABOLOMICS,319,2,CMP,0.2706909,-0.181374,0.01845713,0.28702697,0.79498446
128,METABOLOMICS,320,2,CMP,0.25779727,-0.19146012,0.019078463,0.23975816,0.67035323
128,METABOLOMICS,321,2,CMP,0.5419884,-0.13771035,0.3335894,0.20691465,-0.74598044
128,METABOLOMICS,322,2,CMP,0.3403204,-0.052101016,0.34281346,0.31858727,-0.56803477
128,METABOLOMICS,323,2,CMP,0.3525276,-0.059519574,0.31770864,0.44536456,-0.76936495
128,METABOLOMICS,324,2,CMP,0.7476195,0.027608559,0.023742527,0.3572124,-0.34626877
128,METABOLOMICS,325,2,CMP,0.3875811,-0.26642936,0.36084795,0.24707815,-1.1109586
128,METABOLOMICS,326,2,CMP,0.047290735,-0.27919966,0.44791222,0.18370283,-1.3334001
128,METABOLOMICS,327,2,CMP,0.23221412,-0.2492456,0.49324042,0.22630331,-1.3966056
128,METABOLOMICS,328,2,CMP,0.55181503,-0.12410699,0.33544606,0.2375716,-0.8411102
128,METABOLOMICS,329,2,CMP,0.5726031,-0.08979128,0.3425892,0.34162015,-1.1549398
128,METABOLOMICS,330,2,CMP,0.58997095,-0.046965256,0.35702467,0.33459985,-1.063895
128,METABOLOMICS,331,2,CMP,0.3859707,0.109945275,-0.018326178,0.45979425,0.033650436
128,METABOLOMICS,332,2,CMP,0.44263402,-0.07218096,0.22656131,0.3341481,-0.5166876
128,METABOLOMICS,333,2,CMP,0.77583015,0.11557899,0.027487516,0.22095081,-0.041585017
128,METABOLOMICS,334,2,CMP,-0.1407117,-0.30534565,0.3009196,0.16424716,-1.3807211
128,METABOLOMICS,335,2,CMP,0.3485236,-0.278409,0.38911426,0.23922604,-1.151675
128,METABOLOMICS,336,2,CMP,0.118474126,-0.04359269,0.32866168,0.4476988,0.57429594
128,METABOLOMICS,337,2,CMP,0.59366715,-0.030173615,0.36483687,0.35405567,-1.0962911
128,METABOLOMICS,338,2,CMP,0.5762377,0.030169114,0.41517305,0.27451998,-0.74236184
128,METABOLOMICS,339,2,CMP,0.56126714,-0.10966043,0.3380192,0.28913304,-1.0041043
128,METABOLOMICS,340,2,CMP,0.4406486,0.029641852,0.0811699,0.41558865,0.91830206
128,METABOLOMICS,341,2,CMP,0.56537163,0.036071405,0.42605817,0.31589538,-0.83110684
128,METABOLOMICS,342,2,CMP,0.51999456,0.039575234,0.45266116,0.34180805,-0.82987916
128,METABOLOMICS,343,2,CMP,0.57599336,-0.051310763,0.1157372,0.23318498,-0.31195864
128,METABOLOMICS,344,2,CMP,0.8235878,0.09059552,0.07131913,0.30823544,-0.14424169
128,METABOLOMICS,345,2,CMP,0.22210711,0.0849565,0.3286889,0.27585262,0.46604767
128,METABOLOMICS,346,2,CMP,0.78631264,0.11620206,0.028779447,1.7854533,-0.35384372
128,METABOLOMICS,347,2,CMP,0.8134701,0.0600031,0.056752324,0.5013173,-0.35025197
128,METABOLOMICS,348,3,Erythroid,-0.30435407,-0.24998946,-0.13405947,-0.018711008,-0.05434413
128,METABOLOMICS,349,3,Erythroid,0.5970103,0.040073693,0.14364031,0.11071807,0.06879135
128,METABOLOMICS,350,3,Erythroid,-0.37090138,-0.29320168,-0.045447223,-0.034209322,0.34488502
128,METABOLOMICS,351,3,Erythroid,-0.41590568,-0.17748706,-0.45810845,-0.09619844,0.15869978
128,METABOLOMICS,352,3,Erythroid,-0.3491648,-0.28218532,-0.05715149,0.08378596,-1.6071887
128,METABOLOMICS,353,3,Erythroid,-0.21038648,-0.23828743,-0.19179052,-0.081236646,-0.09016055
128,METABOLOMICS,354,3,Erythroid,0.84552455,0.10406672,0.05932325,1.0648669,-0.41783723
128,METABOLOMICS,355,3,Erythroid,-0.35093534,-0.27461517,-0.11980206,-0.0015446474,-1.1359085
128,METABOLOMICS,356,3,Erythroid,0.21806547,-0.24963228,0.49501628,0.1887423,-1.1851594
128,METABOLOMICS,357,3,Erythroid,-0.31638628,-0.2935316,0.041960374,0.10986413,-1.3181912
128,METABOLOMICS,358,3,Erythroid,-0.34661672,-0.27118564,-0.13217337,-0.036843125,-1.0917826
128,METABOLOMICS,359,3,Erythroid,0.8110832,0.0642879,0.064937696,0.5639771,-0.36800736
128,METABOLOMICS,360,3,Erythroid,-0.08362206,-0.314879,0.21549523,0.19843662,1.3438803
128,METABOLOMICS,361,3,Erythroid,0.35312244,-0.023187697,0.41180527,0.113714084,-0.22280625
128,METABOLOMICS,362,3,Erythroid,0.8115886,0.055265427,0.046500057,2.1786728,-1.6396438
128,METABOLOMICS,363,3,Erythroid,0.27998906,-0.17394005,0.018155783,0.35813352,0.9850939
128,METABOLOMICS,364,3,Erythroid,-0.1049116,-0.3757925,0.14918306,0.51619846,2.0956504
128,METABOLOMICS,365,3,Erythroid,0.8083338,0.07794511,0.075409934,1.006142,-0.5459423
128,METABOLOMICS,366,3,Erythroid,-0.11564488,-0.34723836,0.20148969,0.3317827,1.7477896
128,METABOLOMICS,367,3,Erythroid,0.56013304,0.16530363,-0.059230193,0.24225777,0.05909884
128,METABOLOMICS,368,3,Erythroid,0.1472011,-0.2688343,0.03369245,0.4297947,1.2991432
128,METABOLOMICS,369,3,Erythroid,-0.10761688,-0.3376699,0.20775196,0.18626946,1.0507495
128,METABOLOMICS,370,3,Erythroid,0.6310344,-0.028579652,0.07078914,0.10239662,-0.12609488
128,METABOLOMICS,371,3,Erythroid,-0.3411747,-0.26629174,-0.13610592,-0.14341806,-1.8073448
128,METABOLOMICS,372,3,Erythroid,-0.3406813,-0.2658229,-0.13605502,-0.12491028,-1.4898379
128,METABOLOMICS,373,3,Erythroid,0.11334364,-0.03179334,0.33248365,0.06840825,0.09079275
128,METABOLOMICS,374,3,Erythroid,0.84155977,0.11655642,0.03987956,0.28063262,-0.0786291
128,METABOLOMICS,375,3,Erythroid,-0.059950076,-0.2881378,0.20854443,0.10529855,1.0297881
128,METABOLOMICS,376,3,Erythroid,-0.2475332,-0.30451375,0.16660765,0.14791702,-1.4287606
128,METABOLOMICS,377,3,Erythroid,-0.093395,-0.32374567,0.21359584,0.18215112,1.1429577
128,METABOLOMICS,378,3,Erythroid,0.3957386,0.12303069,-0.030235067,0.735886,0.093381956
128,METABOLOMICS,379,3,Erythroid,0.6365671,-0.025830805,0.06664649,0.85590684,-1.0436467
128,METABOLOMICS,380,3,Erythroid,-0.068073206,-0.30015463,0.21503767,0.19929509,1.5804693
128,METABOLOMICS,381,3,Erythroid,-0.33746296,-0.26289457,-0.13492121,-0.21769947,-1.9228837
128,METABOLOMICS,382,3,Erythroid,-0.11969193,-0.37064314,0.17113999,0.15870236,0.69751704
128,METABOLOMICS,383,3,Erythroid,-0.3492525,-0.27326536,-0.12610388,-0.024743143,-1.7477633
128,METABOLOMICS,384,3,Erythroid,-0.12145161,-0.3575104,0.19197154,0.43125686,2.1111114
128,METABOLOMICS,385,3,Erythroid,0.6136191,0.17463455,-0.06634632,2.177528,0.60792494
128,METABOLOMICS,386,3,Erythroid,-0.10082444,-0.28371048,0.16763932,0.08165749,1.7891278
128,METABOLOMICS,387,3,Erythroid,0.115218826,-0.2884122,0.04101686,0.31180823,0.9645886
128,METABOLOMICS,388,3,Erythroid,-0.07191252,-0.37230355,0.12079921,0.3315548,1.2431321
128,METABOLOMICS,389,3,Erythroid,-0.0032528713,-0.3492074,0.08210763,0.8081775,2.7660415
128,METABOLOMICS,390,3,Erythroid,0.50141054,-0.068339676,0.17823625,0.34944984,-0.5094076
128,METABOLOMICS,391,3,Erythroid,0.57403225,0.026497915,0.16225839,0.8696299,0.55941385
128,METABOLOMICS,392,3,Erythroid,0.1699061,-0.07295786,0.31345946,0.09800548,0.10932014
128,METABOLOMICS,393,3,Erythroid,0.14212847,0.03553824,0.34273288,0.84419143,1.2968594
128,METABOLOMICS,394,3,Erythroid,-0.07726469,-0.28163886,0.18530834,0.019891983,0.30783567
128,METABOLOMICS,395,3,Erythroid,0.17616826,0.061564058,0.33973405,0.27687207,0.4462821
128,METABOLOMICS,396,3,Erythroid,-0.115747325,-0.37329388,0.16346422,0.119361624,0.5089139
128,METABOLOMICS,397,3,Erythroid,0.718671,0.0150460005,0.027094617,1.523948,-1.5789421
128,METABOLOMICS,398,3,Erythroid,0.5108413,-0.17440309,0.33144218,0.14248855,-0.5400024
128,METABOLOMICS,399,3,Erythroid,0.10790296,-0.292715,0.042895168,0.13623281,0.42373395
128,METABOLOMICS,400,3,Erythroid,-0.06505404,-0.37066984,0.11608276,0.13633116,0.5051718
128,METABOLOMICS,401,3,Erythroid,0.5101368,0.038114518,0.45582944,0.83299017,-1.9943397
128,METABOLOMICS,402,3,Erythroid,0.4892631,-0.069771186,0.18818986,1.2542952,-1.8512348
128,METABOLOMICS,403,3,Erythroid,0.1707601,-0.07329579,0.3131597,0.24702005,0.27504286
128,METABOLOMICS,404,3,Erythroid,-0.33352467,-0.28863448,-0.0009621531,0.09208516,-1.264587
128,METABOLOMICS,405,3,Erythroid,-0.35237104,-0.2797392,-0.079364926,0.04459728,-1.1243825
128,METABOLOMICS,406,3,Erythroid,0.77002186,0.036593825,0.025097132,1.4355361,-1.3120958
128,METABOLOMICS,407,3,Erythroid,-0.33535057,-0.2611971,-0.13389648,-0.24786013,-1.8804466
128,METABOLOMICS,408,3,Erythroid,0.23038596,0.08831286,0.3260445,0.08969296,0.15264727
128,METABOLOMICS,409,3,Erythroid,-0.3476217,-0.27199233,-0.1302684,-0.0409748,-1.5646175
128,METABOLOMICS,410,3,Erythroid,0.1072789,-0.26710904,0.4752164,0.20047113,-1.3923008
128,METABOLOMICS,411,3,Erythroid,-0.35303622,-0.27867216,-0.0890258,0.058727384,-1.7887263
128,METABOLOMICS,412,3,Erythroid,0.52743524,0.10289619,0.0050132573,2.3292656,-0.09045005
128,METABOLOMICS,413,3,Erythroid,0.52522,-0.15846984,0.331836,0.40405208,-1.497997
128,METABOLOMICS,414,3,Erythroid,0.074562036,-0.31148237,0.052465558,0.6385224,2.037688
128,METABOLOMICS,415,3,Erythroid,-0.099670865,-0.32963824,0.21156013,0.46159196,2.7647812
128,METABOLOMICS,416,3,Erythroid,-0.35296828,-0.2769385,-0.10392813,0.020517917,-1.0475655
128,METABOLOMICS,417,3,Erythroid,0.404472,-0.25798494,0.35291937,0.04461967,-0.19567452
128,METABOLOMICS,418,3,Erythroid,-0.3426996,-0.26773608,-0.1359179,-0.09446803,-1.4367644
128,METABOLOMICS,419,3,Erythroid,-0.34178656,-0.26687384,-0.13609822,-0.11185334,-1.5148786
128,METABOLOMICS,420,3,Erythroid,-0.07587222,-0.28163183,0.1865828,0.14515354,2.1969187
128,METABOLOMICS,421,3,Erythroid,-0.2850013,-0.29990965,0.10486083,0.100581184,-1.0610429
128,METABOLOMICS,422,3,Erythroid,0.44749624,0.10276381,-0.0043276697,0.48982525,0.003907937
128,METABOLOMICS,423,3,Erythroid,-0.06836753,-0.30046242,0.21510771,0.30542308,2.412541
128,METABOLOMICS,424,3,Erythroid,-0.089377634,-0.32007796,0.21455497,0.19187236,1.2412184
128,METABOLOMICS,425,3,Erythroid,-0.33277354,-0.25940758,-0.13275687,-0.33687985,-2.1978786
128,METABOLOMICS,426,3,Erythroid,0.55924195,-0.05648388,0.12998024,0.17204541,-0.23514181
128,METABOLOMICS,427,3,Erythroid,-0.059852444,-0.28733665,0.2076332,0.04338992,0.43330857
128,METABOLOMICS,428,3,Erythroid,-0.3422493,-0.26731217,-0.1360339,-0.13238232,-1.8989365
128,METABOLOMICS,429,3,Erythroid,-0.068406515,-0.30050933,0.21510795,0.088011585,0.6947134
128,METABOLOMICS,430,3,Erythroid,0.66936785,-0.0091288835,0.045621976,1.2596388,-1.445165
128,METABOLOMICS,431,3,Erythroid,-0.0076014027,-0.351017,0.084125444,0.20588613,0.70790136
128,METABOLOMICS,432,3,Erythroid,0.4399615,0.042815477,0.09638286,0.300388,0.65169704
128,METABOLOMICS,433,3,Erythroid,-0.096769445,-0.37589514,0.1408959,0.34576088,1.3688623
128,METABOLOMICS,434,3,Erythroid,-0.11975021,-0.37059927,0.17126498,0.37328762,1.6414769
128,METABOLOMICS,435,3,Erythroid,-0.10575121,-0.375719,0.15012208,0.27930465,1.1373018
128,METABOLOMICS,436,3,Erythroid,-0.105815046,-0.33576584,0.20876825,0.28026602,1.6031944
128,METABOLOMICS,437,3,Erythroid,-0.060186766,-0.369398,0.112888396,0.4865699,1.7888974
128,METABOLOMICS,438,3,Erythroid,0.6542446,0.1081399,0.016267091,0.9957993,-0.10508532
128,METABOLOMICS,439,3,Erythroid,-0.17995796,-0.293889,0.11355403,0.002345556,0.8656897
128,METABOLOMICS,440,3,Erythroid,-0.33662924,-0.26219952,-0.13451874,-0.21702436,-1.7987298
128,METABOLOMICS,441,3,Erythroid,-0.33417985,-0.2603472,-0.13335164,-0.17345347,-1.2238226
128,METABOLOMICS,442,3,Erythroid,-0.34061036,-0.26575547,-0.13604403,-0.18042018,-2.1354291
128,METABOLOMICS,443,3,Erythroid,0.1344018,-0.05887215,0.32253197,0.6384731,0.7738302
128,METABOLOMICS,444,3,Erythroid,-0.3413106,-0.26642692,-0.13610788,-0.025476353,-0.32612228
128,METABOLOMICS,445,3,Erythroid,0.37962428,-0.05348806,0.26174146,0.26722693,0.21929964
128,METABOLOMICS,446,3,Erythroid,-0.25665405,-0.2997499,0.057284728,-0.014981654,0.4450544
128,METABOLOMICS,447,3,Erythroid,-0.060776554,-0.28472626,0.20366508,0.105866514,1.154323
128,METABOLOMICS,448,3,Erythroid,-0.09175638,-0.32224333,0.21401659,0.16791826,1.066709
128,METABOLOMICS,449,3,Erythroid,0.6869707,0.11087685,0.036560953,1.0655154,0.5460706
128,METABOLOMICS,450,3,Erythroid,0.43859226,0.013732821,0.06618352,0.37193286,0.8394157
128,METABOLOMICS,451,3,Erythroid,-0.35262194,-0.27634138,-0.10855521,0.03462577,-2.391414
128,METABOLOMICS,452,3,Erythroid,0.3968114,-0.062333956,0.028932527,0.8201746,2.0245538
128,METABOLOMICS,453,3,Erythroid,0.3454497,-0.278713,0.39213687,0.17349878,-0.8405742
128,METABOLOMICS,454,3,Erythroid,-0.37566495,-0.29234535,-0.05050488,-0.033082586,0.322203
128,METABOLOMICS,455,3,Erythroid,0.118035674,0.004419297,0.34026715,0.945007,1.3668092
128,METABOLOMICS,456,4,GMP,0.23702472,0.0906404,0.32350126,0.9939347,1.7017661
128,METABOLOMICS,457,4,GMP,0.5500343,0.0398857,0.43772376,0.7381933,-1.8822694
128,METABOLOMICS,458,4,GMP,0.52116686,0.10275996,0.0043801665,0.6526525,-0.0231594
128,METABOLOMICS,459,4,GMP,0.44344422,0.019116968,0.4598868,0.69885254,-1.5413241
128,METABOLOMICS,460,4,GMP,0.69545263,0.0040379018,0.033762902,0.8693661,-0.946367
128,METABOLOMICS,461,4,GMP,0.6273563,-0.030300215,0.073524386,0.8365272,-1.0362808
128,METABOLOMICS,462,4,GMP,0.2943229,0.105279446,0.29577336,0.96305853,1.729305
128,METABOLOMICS,463,4,GMP,0.8111621,0.054875895,0.045693263,0.7484153,-0.5664746
128,METABOLOMICS,464,4,GMP,0.5004462,-0.068466425,0.17901638,0.8175275,-1.192906
128,METABOLOMICS,465,4,GMP,0.44247422,0.01876162,0.4597391,0.69525737,-1.5316905
128,METABOLOMICS,466,4,GMP,0.38288894,0.11324324,-0.021908142,0.6912374,0.06191332
128,METABOLOMICS,467,4,GMP,0.35388178,-0.060075045,0.31559974,0.8494276,-1.4635316
128,METABOLOMICS,468,4,GMP,0.8456662,0.11588219,0.04182811,1.0656449,-0.31219465
128,METABOLOMICS,469,4,GMP,0.42594525,-0.07186286,0.24065715,0.780445,-1.2273715
128,METABOLOMICS,470,4,GMP,0.1309214,0.023653388,0.3423761,0.79889464,1.2002126
128,METABOLOMICS,471,4,GMP,0.5930624,0.0039167404,0.38667125,0.6060543,-1.7616427
128,METABOLOMICS,472,4,GMP,0.35499585,-0.021897316,0.41418505,0.7902422,-1.5541904
128,METABOLOMICS,473,4,GMP,0.40853092,-0.07080187,0.25594178,0.8802992,-1.4100671
128,METABOLOMICS,474,4,GMP,0.3695968,-0.013216034,0.42846167,0.71567905,-1.4419162
128,METABOLOMICS,475,4,GMP,0.593332,0.002776295,0.38575554,0.56301576,-1.6405445
128,METABOLOMICS,476,4,GMP,0.5542992,-0.057844475,0.13411692,0.82659143,-1.1364392
128,METABOLOMICS,477,4,GMP,0.7656779,0.03488712,0.024535164,0.7807936,-0.72240305
128,METABOLOMICS,478,4,GMP,0.38317636,0.101652615,0.21811843,0.9100037,1.7684455
128,METABOLOMICS,479,4,GMP,0.40058687,-0.070042744,0.2632106,0.6910228,-1.1166251
128,METABOLOMICS,480,4,GMP,0.44037938,0.025303185,0.07673955,1.1697696,2.599981
128,METABOLOMICS,481,4,GMP,0.5944967,-0.0040706545,0.38059312,0.5726608,-1.6922401
128,METABOLOMICS,482,4,GMP,0.4736733,0.029242069,0.46156377,0.6362193,-1.453689
128,METABOLOMICS,483,4,GMP,0.3962662,-0.00010831654,0.44535905,0.7536872,-1.5733613
128,METABOLOMICS,484,4,GMP,0.41398123,-0.07121852,0.2510769,0.7164123,-1.1408565
128,METABOLOMICS,485,4,GMP,0.39422178,-0.0692952,0.26921642,0.8163827,-1.3288058
128,METABOLOMICS,486,4,GMP,0.34813818,-0.026835933,0.40492898,0.7745201,-1.5017658
128,METABOLOMICS,487,4,GMP,0.33920637,-0.050921187,0.34640536,0.7024253,-1.2581646
128,METABOLOMICS,488,4,GMP,0.42842674,0.013427049,0.4569372,0.66478366,-1.4411979
128,METABOLOMICS,489,4,GMP,0.5151721,0.03892362,0.454305,0.72146505,-1.7395502
128,METABOLOMICS,490,4,GMP,0.37858418,-0.08335878,0.024446234,0.7620758,1.9226742
128,METABOLOMICS,491,4,GMP,0.41064453,-0.070972905,0.25404572,0.7226412,-1.1548915
128,METABOLOMICS,492,4,GMP,0.35847858,-0.019657597,0.41810805,0.57467306,-1.1373826
128,METABOLOMICS,493,4,GMP,0.40420488,0.105603985,-0.01202701,0.7140021,0.031532865
128,METABOLOMICS,494,4,GMP,0.5748376,0.1681366,-0.06129597,0.77018267,0.19496116
128,METABOLOMICS,495,4,GMP,0.35621932,-0.02109459,0.4156102,0.6239853,-1.2299984
128,METABOLOMICS,496,4,GMP,0.260046,-0.07686438,0.29397327,0.89697355,0.8612027
128,METABOLOMICS,497,4,GMP,0.20211163,0.075959645,0.33438945,0.9073521,1.5040491
128,METABOLOMICS,498,4,GMP,0.2089391,-0.2275544,0.023506328,0.8196202,2.3724196
128,METABOLOMICS,499,4,GMP,0.6504891,-0.018832102,0.05698386,0.6622842,-0.7875867
128,METABOLOMICS,500,4,GMP,0.22839779,-0.2135628,0.021355912,0.80647385,2.3027008
128,METABOLOMICS,501,4,GMP,0.6298822,0.17677584,-0.06806349,0.6823213,0.19889082
128,METABOLOMICS,502,4,GMP,0.5195341,-0.16494952,0.33156928,0.5023725,-1.8790903
128,METABOLOMICS,503,4,GMP,0.61680573,-0.035201684,0.08177419,0.75154084,-0.9472945
128,METABOLOMICS,504,4,GMP,0.4059939,0.004192546,0.44969606,0.67654383,-1.4289805
128,METABOLOMICS,505,4,GMP,0.5878878,0.017085746,0.39873827,0.5792429,-1.6319617
128,METABOLOMICS,506,4,GMP,0.7878188,0.043554887,0.029312655,0.6585907,-0.56875306
128,METABOLOMICS,507,4,GMP,0.83634955,0.098199494,0.06534411,0.9252831,-0.39443147
128,METABOLOMICS,508,4,GMP,0.594099,-0.027167916,0.3664015,0.5648311,-1.740242
128,METABOLOMICS,509,4,GMP,0.3405079,-0.034099847,0.38975412,0.695642,-1.3196708
128,METABOLOMICS,510,4,GMP,0.43793827,0.017077103,0.4589721,0.73421353,-1.6091347
128,METABOLOMICS,511,4,GMP,0.6580667,0.083080396,0.07995452,0.78715664,0.43745774
128,METABOLOMICS,512,4,GMP,0.8455507,0.11590685,0.041763917,0.86022186,-0.25165883
128,METABOLOMICS,513,4,GMP,0.50783557,-0.006673634,0.20575365,0.6323872,0.44409996
128,METABOLOMICS,514,4,GMP,0.3491751,-0.1133527,0.020288527,0.8512072,2.2120526
128,METABOLOMICS,515,4,GMP,0.44240633,-0.072184056,0.22673595,0.8069435,-1.2480218
128,METABOLOMICS,516,4,GMP,0.57975936,0.029734716,0.15781793,0.7949328,0.5071609
128,METABOLOMICS,517,4,GMP,0.49332988,-0.19195022,0.33207807,0.51328295,-1.9947203
128,METABOLOMICS,518,4,GMP,0.59535694,-0.04427372,0.099364996,0.8410702,-1.0954012
128,METABOLOMICS,519,4,GMP,0.6018481,-0.04166518,0.09395751,0.84733486,-1.0930746
128,METABOLOMICS,520,4,GMP,0.5525033,-0.1231,0.33560535,0.57164586,-2.0211658
128,METABOLOMICS,521,4,GMP,0.18992215,-0.076631024,0.30893272,0.8532328,0.91621137
128,METABOLOMICS,522,4,GMP,0.27380145,0.10133405,0.30723625,0.78865474,1.3926758
128,METABOLOMICS,523,4,GMP,0.43039766,-0.07201226,0.23685232,0.8295917,-1.2987202
128,METABOLOMICS,524,4,GMP,0.48719805,-0.015650809,0.2168954,0.72363377,0.5213458
128,METABOLOMICS,525,4,GMP,0.22917879,-0.2129908,0.021280289,0.939346,2.6806095
128,METABOLOMICS,526,4,GMP,0.42127845,0.079875186,0.15736803,0.8814037,1.8032002
128,METABOLOMICS,527,4,GMP,0.5680272,0.034945577,0.4236421,0.6331519,-1.6761359
128,METABOLOMICS,528,4,GMP,0.58739346,0.034156293,0.1516948,0.7766889,0.4899845
128,METABOLOMICS,529,4,GMP,0.34063703,-0.033942133,0.3901047,0.89439785,-1.6975528
128,METABOLOMICS,530,4,GMP,0.8135105,0.05837451,0.053223222,0.5451562,-0.3910057
128,METABOLOMICS,531,4,GMP,0.24540067,-0.07795377,0.29718447,0.8252319,0.8095662
128,METABOLOMICS,532,4,GMP,0.489562,-0.06973976,0.18794683,0.7744127,-1.1426257
128,METABOLOMICS,533,4,GMP,0.3649582,-0.015797362,0.42447746,0.69102734,-1.3824205
128,METABOLOMICS,534,4,GMP,0.65286314,-0.017618716,0.055437624,0.75759524,-0.89697665
128,METABOLOMICS,535,4,GMP,0.38173243,-0.006957069,0.4372211,0.6903789,-1.4147738
128,METABOLOMICS,536,4,GMP,0.15508562,-0.06884535,0.31684577,0.78486294,0.90320045
128,METABOLOMICS,537,4,GMP,0.3416342,0.10831055,0.2613302,0.81630224,1.524689
128,METABOLOMICS,538,4,GMP,0.4032767,0.09321087,0.19002604,0.8627885,1.7170019
128,METABOLOMICS,539,4,GMP,0.44755664,-0.072157115,0.22244689,0.84330606,-1.2975569
128,METABOLOMICS,540,4,GMP,0.75887066,0.03218402,0.023959368,0.7428167,-0.6999139
128,METABOLOMICS,541,4,GMP,0.3535662,-0.059948444,0.3160839,0.68939966,-1.188526
128,METABOLOMICS,542,4,GMP,0.5701551,0.033914134,0.42160338,0.606211,-1.613134
128,METABOLOMICS,543,4,GMP,0.6338438,-0.027168542,0.068644196,0.76430714,-0.936385
128,METABOLOMICS,544,4,GMP,0.8284466,0.09354322,0.06927897,0.9255736,-0.41826078
128,METABOLOMICS,545,4,GMP,0.61916715,-0.034127116,0.07989791,0.90501785,-1.136407
128,METABOLOMICS,546,4,GMP,0.41305444,-0.043308586,0.24983573,0.78298926,0.6170174
128,METABOLOMICS,547,4,GMP,0.6804454,0.10380276,0.047729924,1.2510668,0.6552835
128,METABOLOMICS,548,4,GMP,0.559504,0.038000435,0.43093723,0.6576157,-1.7082531
128,METABOLOMICS,549,4,GMP,0.42330274,0.011395782,0.4555946,0.74308056,-1.6014954
128,METABOLOMICS,550,4,GMP,0.052606896,-0.32304394,0.05971816,0.6645782,2.1593063
128,METABOLOMICS,551,4,GMP,0.15330191,0.045326084,0.34232163,0.77161366,1.2069513
128,METABOLOMICS,552,4,GMP,0.38293946,0.11294322,-0.021606527,0.7090522,0.06253514
128,METABOLOMICS,553,4,GMP,0.3425021,-0.031867027,0.39462262,0.7566965,-1.4453689
128,METABOLOMICS,554,4,GMP,0.64588064,0.17835772,-0.06927972,0.8462706,0.25805405
128,METABOLOMICS,555,4,GMP,0.42006874,0.010090515,0.4546559,0.6512663,-1.3983963
128,METABOLOMICS,556,4,GMP,0.29403028,-0.16244133,0.01794152,0.9437685,2.568405
128,METABOLOMICS,557,4,GMP,0.80697864,0.07154833,0.07316868,0.8670678,-0.50988466
128,METABOLOMICS,558,4,GMP,0.42006606,0.010089442,0.45465493,0.6563191,-1.4092413
128,METABOLOMICS,559,4,GMP,0.5885502,0.03483662,0.15074572,0.89530563,0.56384194
128,METABOLOMICS,560,4,GMP,0.8130576,0.05711305,0.050457478,0.7521043,-0.5503115
128,METABOLOMICS,561,4,GMP,0.47753242,0.030382678,0.4613704,0.7019914,-1.6114829
128,METABOLOMICS,562,4,GMP,0.42061502,0.010312274,0.45481956,0.7628674,-1.6390595
128,METABOLOMICS,563,4,GMP,0.58299315,-0.04889457,0.10978058,0.8070909,-1.0695776
128,METABOLOMICS,564,4,GMP,0.49836975,0.10242282,0.0019723773,0.97983605,-0.022569694
128,METABOLOMICS,565,4,GMP,0.43716154,-0.072150186,0.23113024,0.9955847,-1.5479182
128,METABOLOMICS,566,4,GMP,0.44616976,0.02010627,0.46026915,0.642198,-1.4208102
128,METABOLOMICS,567,4,GMP,0.6502731,-0.018942371,0.057126015,0.669519,-0.79650736
128,METABOLOMICS,568,4,GMP,0.73184454,0.020919487,0.024893582,0.71867937,-0.7230303
128,METABOLOMICS,569,5,HPC,-0.034230046,0.1986028,-0.5278353,-1.8008349,0.8922371
128,METABOLOMICS,570,5,HPC,-0.05178471,0.1261147,-0.5463356,-1.737929,1.1166354
128,METABOLOMICS,571,5,HPC,-0.0866679,0.25306663,-0.51987565,-1.800495,0.65310174
128,METABOLOMICS,572,5,HPC,-0.08449488,0.07924022,-0.56141937,-1.4790217,1.0787604
128,METABOLOMICS,573,5,HPC,-0.057251878,0.11719007,-0.5492623,-1.478731,0.9747099
128,METABOLOMICS,574,5,HPC,-0.08153161,0.08302642,-0.5602652,-1.461368,1.0556118
128,METABOLOMICS,575,5,HPC,-0.06023013,0.1125909,-0.5507753,-1.0862315,0.7252599
128,METABOLOMICS,576,5,HPC,-0.06589358,0.10423064,-0.5535165,-1.4567086,0.99515104
128,METABOLOMICS,577,5,HPC,-0.03192959,0.18473189,-0.53010154,-1.6219772,0.85344535
128,METABOLOMICS,578,5,HPC,-0.09246526,0.069340065,-0.56433725,-0.99102324,0.74113387
128,METABOLOMICS,579,5,HPC,-0.16022593,-0.003823951,-0.5786473,-1.2924595,1.1560382
128,METABOLOMICS,580,5,HPC,-0.31105226,-0.12309937,-0.54374146,-0.8194229,1.0302707
128,METABOLOMICS,581,5,HPC,-0.05891589,0.23149763,-0.52448213,-1.5895494,0.66144866
128,METABOLOMICS,582,5,HPC,-0.042220235,0.14414671,-0.54059136,-1.5254096,0.92795175
128,METABOLOMICS,583,5,HPC,-0.11869741,0.03903292,-0.57208306,-1.0046749,0.809593
128,METABOLOMICS,584,5,HPC,-0.059233956,0.11411407,-0.55027354,-0.78955746,0.5249431
128,METABOLOMICS,585,5,HPC,-0.04988785,0.12939453,-0.5452685,-1.7522424,1.1150486
128,METABOLOMICS,586,5,HPC,-0.49447185,-0.23290612,-0.22161305,-0.3374253,1.2320617
128,METABOLOMICS,587,5,HPC,-0.2753806,-0.09944038,-0.56045544,-1.0003151,1.1602682
128,METABOLOMICS,588,5,HPC,-0.49225092,-0.23571582,-0.21547335,-0.1714905,0.6470008
128,METABOLOMICS,589,5,HPC,-0.057435445,0.11690186,-0.54935694,-1.4554833,0.96016556
128,METABOLOMICS,590,5,HPC,-0.04621751,0.21916242,-0.52569866,-1.8353462,0.82000387
128,METABOLOMICS,591,5,HPC,-0.12852314,0.028395653,-0.5742641,-1.0687567,0.88378316
128,METABOLOMICS,592,5,HPC,-0.047717363,0.2208488,-0.5255519,-1.7542502,0.77649987
128,METABOLOMICS,593,5,HPC,-0.046949506,0.21999598,-0.52562636,-1.6498662,0.733757
128,METABOLOMICS,594,5,HPC,-0.05124323,0.12704039,-0.5460336,-1.4743265,0.9447102
128,METABOLOMICS,595,5,HPC,-0.050365724,0.22363353,-0.5253029,-1.6458464,0.71718645
128,METABOLOMICS,596,5,HPC,-0.058564343,0.23119913,-0.52451813,-1.8104934,0.7547452
128,METABOLOMICS,597,5,HPC,-0.07295682,0.24258573,-0.5226803,-1.7648388,0.6854015
128,METABOLOMICS,598,5,HPC,-0.07594534,0.24483898,-0.5221777,-1.8412933,0.70480794
128,METABOLOMICS,599,5,HPC,-0.041824393,0.14500184,-0.5403284,-1.4497195,0.87952113
128,METABOLOMICS,600,5,HPC,-0.07660755,0.24533801,-0.5220593,-1.8582853,0.7090217
128,METABOLOMICS,601,5,HPC,-0.15759501,-0.0012612939,-0.57843745,-1.0609986,0.9430534
128,METABOLOMICS,602,5,HPC,-0.038386457,0.2081534,-0.52670896,-1.4027414,0.6639254
128,METABOLOMICS,603,5,HPC,-0.37328297,-0.15807344,-0.5005368,-0.57029486,0.8339101
128,METABOLOMICS,604,5,HPC,-0.03587371,0.16014962,-0.53590816,-1.4957318,0.8630845
128,METABOLOMICS,605,5,HPC,-0.033808865,0.19719858,-0.52802896,-1.6233858,0.8094911
128,METABOLOMICS,606,5,HPC,-0.06188137,0.23396374,-0.5241631,-1.6301243,0.6682465
128,METABOLOMICS,607,5,HPC,-0.052217,0.12538242,-0.5465745,-1.6403955,1.0562178
128,METABOLOMICS,608,5,HPC,-0.48923564,-0.23916261,-0.20813656,-0.14514408,0.56978184
128,METABOLOMICS,609,5,HPC,-0.16405886,-0.007523164,-0.5789027,-0.8853247,0.7991231
128,METABOLOMICS,610,5,HPC,-0.30259365,-0.11773051,-0.54820126,-0.70489305,0.8692816
128,METABOLOMICS,611,5,HPC,-0.105937175,0.27300447,-0.51166534,-1.7671193,0.561494
128,METABOLOMICS,612,5,HPC,-0.079689376,0.24766566,-0.5214707,-1.690468,0.63531405
128,METABOLOMICS,613,5,HPC,-0.10442703,0.27061614,-0.5127774,-1.8139633,0.58558613
128,METABOLOMICS,614,5,HPC,-0.10928806,0.2841313,-0.506445,-1.8030616,0.53228223
128,METABOLOMICS,615,5,HPC,-0.033324406,0.16984212,-0.53337777,-1.623569,0.90506047
128,METABOLOMICS,616,5,HPC,-0.031972624,0.18579343,-0.5299002,-0.92274714,0.4834065
128,METABOLOMICS,617,5,HPC,0.19560623,0.072666295,0.33594942,0.9081927,1.4955415
128,METABOLOMICS,618,5,HPC,-0.32564515,-0.13201402,-0.5352953,-1.04199,1.3552455
128,METABOLOMICS,619,5,HPC,-0.1091797,0.2823534,-0.5072659,-1.8930204,0.5654342
128,METABOLOMICS,620,5,HPC,-0.045097634,0.21784045,-0.5258133,-1.7087431,0.76896775
128,METABOLOMICS,621,5,HPC,-0.08739645,0.2536492,-0.5196845,-1.8509787,0.66883606
128,METABOLOMICS,622,5,HPC,-0.08324971,0.0808245,-0.5609384,-1.0015717,0.7275705
128,METABOLOMICS,623,5,HPC,-0.23158637,-0.066673055,-0.57370484,-0.69045883,0.7266806
128,METABOLOMICS,624,5,HPC,-0.1841526,-0.026286855,-0.57927597,-0.708761,0.67042834
128,METABOLOMICS,625,5,HPC,-0.15719095,-0.0008661896,-0.5784027,-1.0857173,0.9640898
128,METABOLOMICS,626,5,HPC,-0.4712991,-0.197295,-0.3759045,-0.4622219,0.94858074
128,METABOLOMICS,627,5,HPC,-0.032696426,0.1733409,-0.532536,-1.5391597,0.8469105
128,METABOLOMICS,628,5,HPC,-0.46986318,-0.19682692,-0.37872982,-0.5649648,1.150522
128,METABOLOMICS,629,5,HPC,-0.2686948,-0.094707295,-0.56298804,-0.9484541,1.0838478
128,METABOLOMICS,630,5,HPC,-0.04136561,0.21292686,-0.5262481,-1.7334038,0.8007099
128,METABOLOMICS,631,5,HPC,-0.036652997,0.20478398,-0.5270709,-1.9132496,0.92068774
128,METABOLOMICS,632,5,HPC,-0.048323683,0.22150643,-0.5254939,-1.8030258,0.7951666
128,METABOLOMICS,633,5,HPC,-0.07449319,0.24374503,-0.5224282,-1.7837446,0.68761015
128,METABOLOMICS,634,5,HPC,-0.03754428,0.20658945,-0.5268726,-1.7276713,0.8240834
128,METABOLOMICS,635,5,HPC,-0.032214977,0.17710638,-0.53167784,-1.7800957,0.9655105
128,METABOLOMICS,636,5,HPC,-0.09901359,0.2640561,-0.5157057,-1.8319255,0.61775166
128,METABOLOMICS,637,5,HPC,-0.10620492,0.27347824,-0.511443,-1.8534427,0.5870765
128,METABOLOMICS,638,5,HPC,-0.05754877,0.116723925,-0.5494157,-1.4981285,0.9887932
128,METABOLOMICS,639,5,HPC,-0.041493237,0.14572623,-0.54010713,-1.5841701,0.9588791
128,METABOLOMICS,640,5,HPC,-0.032616988,0.19189516,-0.5288327,-1.7987154,0.91828066
128,METABOLOMICS,641,5,HPC,-0.2556842,-0.08522065,-0.5673872,-1.5523059,1.7233866
128,METABOLOMICS,642,5,HPC,-0.03971243,0.21040349,-0.5264852,-1.6339834,0.7646521
128,METABOLOMICS,643,5,HPC,-0.06300569,0.23487529,-0.5240352,-1.7670835,0.72034925
128,METABOLOMICS,644,5,HPC,-0.108567856,0.2791564,-0.5087633,-1.8563402,0.56630814
128,METABOLOMICS,645,5,HPC,-0.25664243,-0.08593191,-0.5670868,-1.1303747,1.2576228
128,METABOLOMICS,646,5,HPC,-0.035891324,0.20308316,-0.5272674,-1.7284135,0.8385741
128,METABOLOMICS,647,5,HPC,-0.03193987,0.18122569,-0.53079844,-1.6707305,0.8916476
128,METABOLOMICS,648,5,HPC,-0.16074261,-0.004324585,-0.5786852,-0.9872269,0.88411003
128,METABOLOMICS,649,5,HPC,-0.19671237,-0.037499696,-0.5786834,-0.5969766,0.58110434
128,METABOLOMICS,650,5,HPC,-0.035474487,0.16142844,-0.53555906,-1.6636968,0.9557588
128,METABOLOMICS,651,5,HPC,-0.100916974,0.26613382,-0.514804,-1.7241253,0.5734166
128,METABOLOMICS,652,5,HPC,-0.093043886,0.2583747,-0.51800287,-1.9009975,0.6657321
128,METABOLOMICS,653,5,HPC,-0.30990994,-0.122382626,-0.54436225,-0.9687057,1.2147729
128,METABOLOMICS,654,5,HPC,-0.2649324,-0.09200154,-0.56433207,-1.0549754,1.1955323
128,METABOLOMICS,655,5,HPC,-0.109258376,0.2854663,-0.5058361,-1.9313862,0.5651661
128,METABOLOMICS,656,5,HPC,-0.07665489,0.24537385,-0.5220506,-1.9279296,0.73542434
128,METABOLOMICS,657,5,HPC,-0.0904228,0.07183984,-0.5636156,-1.414345,1.0510978
128,METABOLOMICS,658,5,HPC,-0.036128014,0.2036294,-0.5272032,-1.7121997,0.8285384
128,METABOLOMICS,659,5,HPC,-0.0689021,0.23950061,-0.52328604,-1.6720719,0.66223663
128,METABOLOMICS,660,5,HPC,-0.07270787,0.09470456,-0.5565976,-1.7377905,1.2177427
128,METABOLOMICS,661,5,HPC,-0.04698275,0.22003391,-0.52562284,-1.8304813,0.8139138
128,METABOLOMICS,662,5,HPC,-0.07350788,0.319818,-0.49474373,-1.7400843,0.40177026
128,METABOLOMICS,663,5,HPC,-0.04356359,0.14133313,-0.54146296,-1.4742103,0.9047604
128,METABOLOMICS,664,5,HPC,-0.05674375,0.22962233,-0.5247011,-1.7118644,0.7203924
128,METABOLOMICS,665,5,HPC,-0.10622471,0.27351356,-0.51142645,-1.803701,0.57118654
128,METABOLOMICS,666,5,HPC,-0.033404775,0.19568351,-0.52824706,-1.6802863,0.8436081
128,METABOLOMICS,667,5,HPC,-0.035030484,0.16292588,-0.53515565,-1.579882,0.9028678
128,METABOLOMICS,668,5,HPC,-0.3321304,-0.13583516,-0.53122735,-1.0627961,1.4036014
128,METABOLOMICS,669,5,HPC,-0.059020422,0.23158593,-0.5244714,-1.488336,0.61900073
128,METABOLOMICS,670,5,HPC,-0.21350315,-0.051897943,-0.57689935,-0.94733167,0.9576674
128,METABOLOMICS,671,5,HPC,-0.4537869,-0.26611036,-0.14743467,-0.2765765,1.5176712
128,METABOLOMICS,672,6,HSC (α-catulin+),0.04063404,0.24954906,-0.501691,-1.7254893,0.022044055
128,METABOLOMICS,673,6,HSC (α-catulin+),0.07633413,0.2725454,-0.49817947,-1.7028496,0.058294725
128,METABOLOMICS,674,6,HSC (α-catulin+),0.12085536,0.3173633,-0.49261844,-1.071301,0.08870729
128,METABOLOMICS,675,6,HSC (α-catulin+),-0.14994973,0.15197113,-0.5029152,-1.6453589,-0.15788528
128,METABOLOMICS,676,6,HSC (α-catulin+),0.009029906,0.34306398,-0.4933517,-1.6562068,0.29848635
128,METABOLOMICS,677,6,HSC (α-catulin+),-0.14239681,0.1546183,-0.5039084,-1.7035875,-0.15374665
128,METABOLOMICS,678,6,HSC (α-catulin+),-0.19710019,0.18064156,-0.47128537,-1.5279807,-0.26989144
128,METABOLOMICS,679,6,HSC (α-catulin+),-0.07322308,0.31883126,-0.43229955,-0.79974806,-0.18607308
128,METABOLOMICS,680,6,HSC (α-catulin+),0.013821565,0.2337727,-0.50385827,-1.6291183,-0.0026325053
128,METABOLOMICS,681,6,HSC (α-catulin+),0.11849023,0.33144778,-0.49214312,-1.7375935,0.1798969
128,METABOLOMICS,682,6,HSC (α-catulin+),0.8365042,0.09829042,0.06525719,0.73541635,-0.31311667
128,METABOLOMICS,683,6,HSC (α-catulin+),0.07052796,0.26856402,-0.4987959,-1.0600506,0.03226732
128,METABOLOMICS,684,6,HSC (α-catulin+),-0.050469726,0.1984107,-0.50703955,-1.1440843,-0.039939243
128,METABOLOMICS,685,6,HSC (α-catulin+),-0.17249036,0.1466323,-0.49844468,-1.6342516,-0.18878035
128,METABOLOMICS,686,6,HSC (α-catulin+),-0.19973058,0.16935948,-0.47680083,-1.7292945,-0.2894535
128,METABOLOMICS,687,6,HSC (α-catulin+),0.120775804,0.32740235,-0.4921762,-1.7904205,0.17361385
128,METABOLOMICS,688,6,HSC (α-catulin+),0.035410795,0.24640459,-0.5021467,-1.7923031,0.017744526
128,METABOLOMICS,689,6,HSC (α-catulin+),-0.0406524,0.20363952,-0.50676596,-1.1043413,-0.03286821
128,METABOLOMICS,690,6,HSC (α-catulin+),0.44298095,0.13825013,-0.0407494,0.6696845,0.1146489
128,METABOLOMICS,691,6,HSC (α-catulin+),-0.020556636,0.2145255,-0.50595194,-1.2666587,-0.024537243
128,METABOLOMICS,692,6,HSC (α-catulin+),0.12139026,0.31970435,-0.49247554,-0.80026674,0.068748534
128,METABOLOMICS,693,6,HSC (α-catulin+),0.11700899,0.3331213,-0.49215776,-1.7176639,0.18287212
128,METABOLOMICS,694,6,HSC (α-catulin+),0.5911898,-0.04589188,0.10289037,0.1979626,-0.2593894
128,METABOLOMICS,695,6,HSC (α-catulin+),-0.04669985,0.20041135,-0.5069446,-1.2081262,-0.039778356
128,METABOLOMICS,696,6,HSC (α-catulin+),-0.06732904,0.32258114,-0.49433202,-1.825795,0.4125134
128,METABOLOMICS,697,6,HSC (α-catulin+),-0.18355599,-0.23292477,-0.21192768,-0.2445423,-0.23625684
128,METABOLOMICS,698,6,HSC (α-catulin+),-0.1836007,0.14664568,-0.4947678,-1.7418684,-0.22227022
128,METABOLOMICS,699,6,HSC (α-catulin+),0.02673503,0.24126402,-0.50286865,-1.7671238,0.009209854
128,METABOLOMICS,700,6,HSC (α-catulin+),0.120548144,0.3279775,-0.49216607,-1.7352684,0.16981824
128,METABOLOMICS,701,6,HSC (α-catulin+),0.11294443,0.3037439,-0.49384773,-1.760385,0.11679859
128,METABOLOMICS,702,6,HSC (α-catulin+),0.11632586,0.33377764,-0.49216825,-1.7175477,0.18490933
128,METABOLOMICS,703,6,HSC (α-catulin+),0.65929043,0.58956265,-0.31779647,-0.9794061,-0.3339976
128,METABOLOMICS,704,6,HSC (α-catulin+),-0.1685406,0.14717953,-0.49944937,-1.1251162,-0.12569816
128,METABOLOMICS,705,6,HSC (α-catulin+),0.0073000155,0.23005101,-0.5043179,-1.6589882,-0.008320423
128,METABOLOMICS,706,6,HSC (α-catulin+),0.067312986,0.41964787,-0.41481867,-0.6426714,-0.1641201
128,METABOLOMICS,707,6,HSC (α-catulin+),0.042975858,0.2509724,-0.50148165,-1.7054075,0.024011444
128,METABOLOMICS,708,6,HSC (α-catulin+),-0.19520774,0.18565264,-0.46906,-1.9313862,-0.3479735
128,METABOLOMICS,709,6,HSC (α-catulin+),-0.17489755,0.1464165,-0.49776822,-1.729907,-0.2040162
128,METABOLOMICS,710,6,HSC (α-catulin+),-0.034053765,0.2071866,-0.50653493,-1.705072,-0.04490341
128,METABOLOMICS,711,6,HSC (α-catulin+),0.027767073,0.34537807,-0.49338827,-1.7922316,0.30548227
128,METABOLOMICS,712,6,HSC (α-catulin+),0.06651893,0.26588327,-0.4992113,-1.1452694,0.031961683
128,METABOLOMICS,713,6,HSC (α-catulin+),0.024325747,0.23985325,-0.50306106,-1.1863362,0.0046583693
128,METABOLOMICS,714,6,HSC (α-catulin+),-0.05560469,0.19570084,-0.50714797,-0.86538154,-0.032562573
128,METABOLOMICS,715,6,HSC (α-catulin+),-0.03442391,0.19920251,-0.52775484,-1.8588711,0.91845226
128,METABOLOMICS,716,6,HSC (α-catulin+),0.12153529,0.32064122,-0.49242285,-1.7385327,0.1515535
128,METABOLOMICS,717,6,HSC (α-catulin+),0.06350032,0.26389652,-0.49951872,-1.8199998,0.0473958
128,METABOLOMICS,718,6,HSC (α-catulin+),0.104828425,0.3403956,-0.49244878,-1.7551354,0.21368155
128,METABOLOMICS,719,6,HSC (α-catulin+),0.058426414,0.26061532,-0.5000249,-1.2061185,0.027715836
128,METABOLOMICS,720,6,HSC (α-catulin+),0.40670258,0.12726597,-0.033313863,1.4099097,0.19777021
128,METABOLOMICS,721,6,HSC (α-catulin+),0.2313729,-0.21137966,0.021070898,0.16972025,0.48357812
128,METABOLOMICS,722,6,HSC (α-catulin+),-0.12028346,0.27818653,-0.4406273,-1.1761947,-0.26002192
128,METABOLOMICS,723,6,HSC (α-catulin+),-0.17814648,0.21504733,-0.45789054,-1.2752978,-0.25101018
128,METABOLOMICS,724,6,HSC (α-catulin+),-0.024252526,0.21250488,-0.5061258,-1.2584847,-0.026772723
128,METABOLOMICS,725,6,HSC (α-catulin+),0.0667389,0.26602805,-0.49918893,-1.7937071,0.050301507
128,METABOLOMICS,726,6,HSC (α-catulin+),-0.1883465,0.14776553,-0.49258596,-1.8341523,-0.24539192
128,METABOLOMICS,727,6,HSC (α-catulin+),-0.1954765,0.18500376,-0.4693443,-0.9994432,-0.17962386
128,METABOLOMICS,728,6,HSC (α-catulin+),0.81317025,0.057327032,0.05092345,0.3117725,-0.22733632
128,METABOLOMICS,729,6,HSC (α-catulin+),-0.18781608,0.14759018,-0.4928575,-1.8000032,-0.23949486
128,METABOLOMICS,730,6,HSC (α-catulin+),-0.17277935,0.14660132,-0.49836636,-1.6647521,-0.19277968
128,METABOLOMICS,731,6,HSC (α-catulin+),0.11709149,0.30940452,-0.49326316,-1.6528399,0.12050841
128,METABOLOMICS,732,6,HSC (α-catulin+),0.031303346,0.34570128,-0.49338934,-1.1753094,0.19814566
128,METABOLOMICS,733,6,HSC (α-catulin+),0.05540337,0.25868928,-0.5003201,-1.8088567,0.038330533
128,METABOLOMICS,734,6,HSC (α-catulin+),0.024082929,0.23971099,-0.50308025,-1.6887016,0.006411509
128,METABOLOMICS,735,6,HSC (α-catulin+),-0.093279086,0.17644823,-0.5071022,-0.5602205,-0.03276628
128,METABOLOMICS,736,6,HSC (α-catulin+),-0.048782878,0.19930536,-0.5069988,-0.92517513,-0.03147423
128,METABOLOMICS,737,6,HSC (α-catulin+),-0.1705457,0.1468738,-0.49895433,-1.6463829,-0.18706492
128,METABOLOMICS,738,6,HSC (α-catulin+),-0.1521365,0.24647418,-0.44842866,-1.7091501,-0.35923687
128,METABOLOMICS,739,6,HSC (α-catulin+),-0.028344423,0.3355183,-0.4933393,-1.1754704,0.23567209
128,METABOLOMICS,740,6,HSC (α-catulin+),0.07776803,0.27354962,-0.4980247,-1.6995988,0.05982259
128,METABOLOMICS,741,6,HSC (α-catulin+),0.054693185,0.34687567,-0.4933112,-1.749877,0.27299497
128,METABOLOMICS,742,6,HSC (α-catulin+),0.8108233,0.08108035,0.07527387,0.61078537,-0.3193032
128,METABOLOMICS,743,6,HSC (α-catulin+),0.11581737,0.30750155,-0.49344924,-1.7063777,0.1205835
128,METABOLOMICS,744,6,HSC (α-catulin+),0.68765724,0.110106826,0.019069672,2.0882623,-0.2606062
128,METABOLOMICS,745,6,HSC (α-catulin+),-0.13887405,0.15594861,-0.5043108,-1.6673814,-0.14620909
128,METABOLOMICS,746,6,HSC (α-catulin+),-0.18638253,0.14718549,-0.49355334,-1.6054771,-0.21051367
128,METABOLOMICS,747,6,HSC (α-catulin+),0.7869924,0.11623739,0.028865993,1.5952736,-0.31722847
128,METABOLOMICS,748,6,HSC (α-catulin+),-0.059992798,0.23240052,-0.52436996,-1.0052607,0.41603023
128,METABOLOMICS,749,7,HSC (α-catulin-),0.11653072,0.30854276,-0.49334595,-1.829417,0.13151439
128,METABOLOMICS,750,7,HSC (α-catulin-),-0.05911065,0.32588202,-0.49393624,-1.7401782,0.3826316
128,METABOLOMICS,751,7,HSC (α-catulin-),-0.14068913,0.15525614,-0.5041077,-1.9313862,-0.17189346
128,METABOLOMICS,752,7,HSC (α-catulin-),-0.05143322,0.32864794,-0.49368227,-1.859819,0.3991967
128,METABOLOMICS,753,7,HSC (α-catulin-),-0.09208267,0.30926114,-0.49700922,-1.6295117,0.4064074
128,METABOLOMICS,754,7,HSC (α-catulin-),0.04375259,0.34654695,-0.4933682,-1.2628847,0.20456804
128,METABOLOMICS,755,7,HSC (α-catulin-),-0.031994253,0.17998216,-0.531057,-1.62445,0.8712384
128,METABOLOMICS,756,7,HSC (α-catulin-),0.12038535,0.3159261,-0.4927175,-1.2636269,0.102286495
128,METABOLOMICS,757,7,HSC (α-catulin-),-0.02177304,0.3371408,-0.49331236,-1.733994,0.34119692
128,METABOLOMICS,758,7,HSC (α-catulin-),0.5067903,0.10252045,0.0028837472,0.9776047,-0.02707836
128,METABOLOMICS,759,7,HSC (α-catulin-),0.04741884,0.3467036,-0.49335337,-1.7495997,0.2799481
128,METABOLOMICS,760,7,HSC (α-catulin-),-0.10880602,0.16896863,-0.5065636,-1.6605935,-0.11255849
128,METABOLOMICS,761,7,HSC (α-catulin-),0.00506144,0.34244955,-0.49334058,-1.7934344,0.32694748
128,METABOLOMICS,762,7,HSC (α-catulin-),-0.19272158,-0.03397855,-0.5789402,-0.5356895,0.5167409
128,METABOLOMICS,763,7,HSC (α-catulin-),-0.09576478,0.30649215,-0.49778563,-1.6162759,0.41093203
128,METABOLOMICS,764,7,HSC (α-catulin-),-0.108912,0.28059375,-0.5080873,-1.237549,0.37396288
128,METABOLOMICS,765,7,HSC (α-catulin-),-0.111220025,-0.20252557,-0.2473459,-0.43544623,-0.31307912
128,METABOLOMICS,766,7,HSC (α-catulin-),-0.053893194,0.32779187,-0.49375346,-1.6485381,0.35655066
128,METABOLOMICS,767,7,HSC (α-catulin-),-0.31156665,-0.12342055,-0.54346025,-1.6454304,2.0712688
128,METABOLOMICS,768,7,HSC (α-catulin-),-0.5006769,-0.21215044,-0.2838264,-0.7803818,2.142982
128,METABOLOMICS,769,7,HSC (α-catulin-),-0.053124227,0.32806236,-0.49373016,-1.721827,0.37151298
128,METABOLOMICS,770,7,HSC (α-catulin-),0.0050343946,0.34244525,-0.49334043,-1.748777,0.31883094
128,METABOLOMICS,771,7,HSC (α-catulin-),-0.10281012,0.26841462,-0.51378477,-1.5906718,0.52106714
128,METABOLOMICS,772,7,HSC (α-catulin-),0.04759725,0.34671015,-0.49335232,-1.8321893,0.29298583
128,METABOLOMICS,773,7,HSC (α-catulin-),0.121300265,0.3191448,-0.4925062,-1.7043163,0.14512585
128,METABOLOMICS,774,7,HSC (α-catulin-),-0.086664625,0.17972855,-0.5072272,-1.0618706,-0.058064498
128,METABOLOMICS,775,7,HSC (α-catulin-),-0.06515882,0.32349098,-0.49421254,-1.7432545,0.39098397
128,METABOLOMICS,776,7,HSC (α-catulin-),-0.10918646,0.2823864,-0.50725055,-1.2611676,0.37661663
128,METABOLOMICS,777,7,HSC (α-catulin-),-0.06302857,0.32435656,-0.49410635,-1.7039855,0.37947938
128,METABOLOMICS,778,7,HSC (α-catulin-),-0.22161314,-0.05861646,-0.5756302,-1.2454144,1.2820045
128,METABOLOMICS,779,7,HSC (α-catulin-),0.033344343,0.34587392,-0.4933882,-1.7237676,0.28876698
128,METABOLOMICS,780,7,HSC (α-catulin-),-0.0903021,0.31048667,-0.49668947,-1.6997151,0.42028135
128,METABOLOMICS,781,7,HSC (α-catulin-),-0.47964042,-0.20006083,-0.35812366,-1.1390629,2.4563024
128,METABOLOMICS,782,7,HSC (α-catulin-),0.10092533,0.29154927,-0.4953738,-1.0720925,0.056981266
128,METABOLOMICS,783,7,HSC (α-catulin-),-0.07406881,0.24342306,-0.5224996,-1.2866689,0.49701783
128,METABOLOMICS,784,7,HSC (α-catulin-),0.020445757,0.34459049,-0.4933791,-1.6766732,0.29219243
128,METABOLOMICS,785,7,HSC (α-catulin-),-0.09701487,0.26203865,-0.51655173,-1.7037529,0.5822943
128,METABOLOMICS,786,7,HSC (α-catulin-),0.09554607,0.34319222,-0.49268436,-1.7546884,0.22779167
128,METABOLOMICS,787,7,HSC (α-catulin-),-0.14772448,0.15271884,-0.5032276,-1.9111481,-0.1801118
128,METABOLOMICS,788,7,HSC (α-catulin-),-0.19330418,0.18994805,-0.46724138,-1.7811242,-0.32592928
128,METABOLOMICS,789,7,HSC (α-catulin-),-0.34837812,-0.27260023,-0.1285282,-0.0064946883,-0.31565776
128,METABOLOMICS,790,7,HSC (α-catulin-),-0.10054483,0.30222064,-0.49912748,-1.6820123,0.44029906
128,METABOLOMICS,791,7,HSC (α-catulin-),-0.106728144,0.27446228,-0.5109801,-1.7867987,0.5622874
128,METABOLOMICS,792,7,HSC (α-catulin-),-0.028852277,0.33538753,-0.49334225,-1.226835,0.2463296
128,METABOLOMICS,793,7,HSC (α-catulin-),-0.10858125,0.2895205,-0.5040378,-1.2910464,0.3678086
128,METABOLOMICS,794,7,HSC (α-catulin-),-0.09496791,0.2600991,-0.51733446,-1.1794946,0.40834793
128,METABOLOMICS,795,7,HSC (α-catulin-),-0.055091307,0.22814184,-0.52486223,-0.9291727,0.39445254
128,METABOLOMICS,796,7,HSC (α-catulin-),-0.046476915,0.2005298,-0.50693846,-1.3361199,-0.043836635
128,METABOLOMICS,797,7,HSC (α-catulin-),-0.049110033,0.13077411,-0.54482186,-1.1929854,0.7560639
128,METABOLOMICS,798,7,HSC (α-catulin-),-0.09057265,0.1777821,-0.5071589,-1.2715818,-0.07238359
128,METABOLOMICS,799,7,HSC (α-catulin-),-0.029077135,0.20988075,-0.5063372,-0.8231075,-0.01955694
128,METABOLOMICS,800,7,HSC (α-catulin-),-0.061586954,0.1925642,-0.5072416,-1.7062302,-0.069660336
128,METABOLOMICS,801,7,HSC (α-catulin-),0.038813442,0.24844848,-0.50185156,-1.7410547,0.020489348
128,METABOLOMICS,802,7,HSC (α-catulin-),0.02474159,0.34507114,-0.49338546,-1.7567185,0.3022067
128,METABOLOMICS,803,7,HSC (α-catulin-),0.41390103,0.10455636,-0.009906903,1.2567145,0.043117836
128,METABOLOMICS,804,7,HSC (α-catulin-),0.06528979,0.26507056,-0.49933705,-1.7040839,0.04625393
128,METABOLOMICS,805,7,HSC (α-catulin-),-0.36318925,-0.15293963,-0.5088906,-0.8864381,1.2630215
128,METABOLOMICS,806,7,HSC (α-catulin-),-0.020784073,0.33737335,-0.49331018,-1.7708977,0.34747997
128,METABOLOMICS,807,7,HSC (α-catulin-),0.041961104,0.3464564,-0.4933737,-1.7971324,0.29284108
128,METABOLOMICS,808,7,HSC (α-catulin-),-0.10401527,0.29827976,-0.50051284,-1.2295582,0.3305017
128,METABOLOMICS,809,7,HSC (α-catulin-),-0.10272529,0.29986563,-0.49993902,-1.4963043,0.3979531
128,METABOLOMICS,810,7,HSC (α-catulin-),-0.041171744,0.21263629,-0.52627486,-0.90032226,0.4165073
128,METABOLOMICS,811,8,MEP,0.13992964,0.033405215,0.3427381,0.3577937,0.54746443
128,METABOLOMICS,812,8,MEP,0.1150634,-0.03745307,0.33067527,0.3168522,0.4141913
128,METABOLOMICS,813,8,MEP,0.5400687,-0.14022802,0.33330613,0.2431521,-0.87958044
128,METABOLOMICS,814,8,MEP,0.5665881,-0.100757524,0.33991608,0.2696282,-0.92522883
128,METABOLOMICS,815,8,MEP,0.42252767,-0.24742033,0.3458998,0.24799927,-1.0603353
128,METABOLOMICS,816,8,MEP,0.59191144,-0.039301798,0.36040798,0.33820382,-1.062678
128,METABOLOMICS,817,8,MEP,0.15960714,-0.07033059,0.31574854,0.3808132,0.43390897
128,METABOLOMICS,818,8,MEP,0.3497204,-0.05826652,0.32233015,0.37252748,-0.6472641
128,METABOLOMICS,819,8,MEP,0.48003063,-0.2041411,0.33330756,0.29576886,-1.1706687
128,METABOLOMICS,820,8,MEP,0.43645427,0.016518041,0.4586928,0.42289063,-0.92525023
128,METABOLOMICS,821,8,MEP,0.8224574,0.089906074,0.07178295,1.835092,-0.8659154
128,METABOLOMICS,822,8,MEP,0.5337853,-0.1482021,0.33253646,0.25142,-0.91926754
128,METABOLOMICS,823,8,MEP,0.34112862,-0.033368036,0.39136606,0.3667548,-0.6973245
128,METABOLOMICS,824,8,MEP,0.34317046,-0.031196892,0.39604187,0.31805956,-0.6087564
128,METABOLOMICS,825,8,MEP,0.8100528,0.06565577,0.06704441,0.42520246,-0.27170882
128,METABOLOMICS,826,8,MEP,0.35200053,-0.05929579,0.31854793,0.4189109,-0.7244241
128,METABOLOMICS,827,8,MEP,0.4090298,-0.046421915,0.033484668,0.51464677,1.248611
128,METABOLOMICS,828,8,MEP,0.5933824,0.037728086,0.14672056,0.35624224,0.22270943
128,METABOLOMICS,829,8,MEP,0.3782894,-0.083680764,0.024387255,0.31032822,0.7831958
128,METABOLOMICS,830,8,MEP,0.4270022,-0.017451465,0.045431748,0.5068842,1.1894048
128,METABOLOMICS,831,8,MEP,0.6805439,0.10392055,0.04755646,0.38898274,0.20366183
128,METABOLOMICS,832,8,MEP,0.5107189,-0.17452596,0.33143836,0.29450792,-1.1163142
128,METABOLOMICS,833,8,MEP,0.5327186,0.0406076,0.44739258,0.2519297,-0.6236117
128,METABOLOMICS,834,8,MEP,0.6160182,-0.035559967,0.08240877,0.33863318,-0.42738515
128,METABOLOMICS,835,8,MEP,0.8105629,0.06497694,0.06603189,0.40930158,-0.26425162
128,METABOLOMICS,836,8,MEP,0.59438777,-0.024825677,0.367657,0.28361076,-0.8703704
128,METABOLOMICS,837,8,MEP,0.48073956,-0.070571885,0.1951803,0.38043767,-0.566346
128,METABOLOMICS,838,8,MEP,0.579387,0.027617216,0.4113993,0.31513524,-0.8602275
128,METABOLOMICS,839,8,MEP,0.81097126,0.06443544,0.06517613,0.38590652,-0.25122458
128,METABOLOMICS,840,8,MEP,0.59248376,-0.036665633,0.36163998,0.31844416,-0.9964274
128,METABOLOMICS,841,8,MEP,0.5691242,0.034433603,0.42260647,0.3184263,-0.8451847
128,METABOLOMICS,842,8,MEP,0.52417976,0.040031508,0.45108157,0.3180148,-0.7769023
128,METABOLOMICS,843,8,MEP,0.6375798,-0.025333583,0.065914765,0.34978515,-0.42576078
128,METABOLOMICS,844,8,MEP,0.4519733,-0.07208346,0.2188049,0.315095,-0.48270467
128,METABOLOMICS,845,8,MEP,0.027979508,-0.33519602,0.068838924,0.46567008,1.5460359
128,METABOLOMICS,846,8,MEP,0.38790157,-0.068412095,0.27539572,0.4143277,-0.67946196
128,METABOLOMICS,847,8,MEP,0.4259079,-0.07185955,0.24069607,0.4533822,-0.71304816
128,METABOLOMICS,848,8,MEP,0.11203451,-0.013760716,0.33690095,0.37682468,0.52382797
128,METABOLOMICS,849,8,MEP,0.84508324,0.115987964,0.04149951,0.30751556,-0.089458205
128,METABOLOMICS,850,8,MEP,0.36395222,-0.057781547,0.2667891,0.41726536,0.34911504
128,METABOLOMICS,851,8,MEP,0.15054771,0.04305868,0.34248778,0.37068525,0.5773999
128,METABOLOMICS,852,8,MEP,0.5939685,-0.028158784,0.3658777,0.27002612,-0.83332616
128,METABOLOMICS,853,8,MEP,0.57965773,-0.075207576,0.34674725,0.28373152,-0.9400573
128,METABOLOMICS,854,8,MEP,0.59155315,-0.045748487,0.102568984,0.28608346,-0.37464413
128,METABOLOMICS,855,8,MEP,0.49347177,0.034636796,0.45956075,0.2682957,-0.6282649
128,METABOLOMICS,856,8,MEP,0.5790001,-0.07667236,0.34629697,0.26763833,-0.88856006
128,METABOLOMICS,857,8,MEP,0.45127943,0.10266579,-0.0037957877,0.47720662,0.0025890481
128,METABOLOMICS,858,8,MEP,0.38995495,-0.0030127168,0.4420902,0.3296678,-0.68280715
128,METABOLOMICS,859,8,MEP,0.8519811,0.11112546,0.05031039,0.40137804,-0.13795337
128,METABOLOMICS,860,8,MEP,0.5436551,-0.13548739,0.33385494,0.22831543,-0.8206958
128,METABOLOMICS,861,8,MEP,0.5886058,-0.051603377,0.3551117,0.34950343,-1.1190965
128,METABOLOMICS,862,8,MEP,0.16389745,-0.071597874,0.31472203,1.811509,2.0453863
128,METABOLOMICS,863,8,MEP,0.33852884,-0.05005181,0.34898502,0.40366295,-0.72542125
128,METABOLOMICS,864,8,MEP,0.55018115,-0.058931544,0.13760814,0.3492129,-0.48249552
128,METABOLOMICS,865,8,MEP,-0.021459296,-0.35653174,0.09087394,0.30076808,1.0501596
128,METABOLOMICS,866,8,MEP,0.4557367,-0.22420122,0.3371319,0.3260188,-1.333132
128,METABOLOMICS,867,8,MEP,-0.118075304,-0.3508144,0.19856629,0.5260807,2.7020478
128,METABOLOMICS,868,8,MEP,0.337397,-0.04819432,0.35435522,0.37065408,-0.67071813
128,METABOLOMICS,869,8,MEP,0.305178,-0.07075776,0.2833057,0.44168893,0.39841416
128,METABOLOMICS,870,8,MEP,0.18252766,-0.07556932,0.31054118,0.2959746,0.32216018
128,METABOLOMICS,871,8,MEP,0.68978816,0.0012335628,0.035940126,0.34444183,-0.3793565
128,METABOLOMICS,872,8,MEP,0.51912665,-0.16540591,0.3315566,0.28592247,-1.0701457
128,METABOLOMICS,873,8,MEP,0.340595,-0.034000784,0.389969,0.33210012,-0.6302002
128,METABOLOMICS,874,8,MEP,0.51015425,-0.17512046,0.33144075,0.3408107,-1.2928982
128,METABOLOMICS,875,8,MEP,0.2431713,-0.24959035,0.49075323,0.21038455,-1.2792708
128,METABOLOMICS,876,8,MEP,0.664439,-0.011673331,0.04837385,0.24599606,-0.2849503
128,METABOLOMICS,877,8,MEP,0.32868874,-0.06618102,0.27711862,0.38953286,0.34073582
128,METABOLOMICS,878,8,MEP,0.8143689,0.084276535,0.07449202,2.164605,-1.090335
128,METABOLOMICS,879,8,MEP,0.53895485,-0.14166997,0.3331522,0.29390866,-1.0652405
128,METABOLOMICS,880,8,MEP,0.2457855,-0.20063598,0.019866481,0.44489524,1.2547119
128,METABOLOMICS,881,8,MEP,0.5146699,0.10262882,0.003709212,0.33670595,-0.01076504
128,METABOLOMICS,882,8,MEP,0.027951319,-0.33520907,0.06885001,0.3752551,1.2458879
128,METABOLOMICS,883,8,MEP,0.7043579,0.008353159,0.030773178,0.36660263,-0.39170805
128,METABOLOMICS,884,8,MEP,0.58502907,-0.062106445,0.35111812,0.17671373,-0.5746556
128,METABOLOMICS,885,8,MEP,0.14327694,-0.06390683,0.31993756,0.3303384,0.39093572
128,METABOLOMICS,886,8,MEP,-0.11061456,-0.37498522,0.15599465,0.46864796,1.9455495
128,METABOLOMICS,887,8,MEP,0.6401959,-0.024032682,0.06403804,0.39614615,-0.47996527
128,METABOLOMICS,888,8,MEP,0.4110374,0.10482372,-0.010508239,0.33630803,0.012474722
128,METABOLOMICS,889,8,MEP,0.8085368,0.052970387,0.04194878,0.4217907,-0.32792896
128,METABOLOMICS,890,8,MEP,0.7774637,0.039494336,0.026437044,0.35056767,-0.31340617
128,METABOLOMICS,891,8,MEP,0.5841948,-0.064286605,0.35034886,0.37445018,-1.221512
128,METABOLOMICS,892,8,MEP,0.77433187,0.038271606,0.025797635,0.26717776,-0.24114607
128,METABOLOMICS,893,8,MEP,0.11495334,-0.002661422,0.3391042,0.3756397,0.5352629
128,METABOLOMICS,894,8,MEP,0.34152952,-0.032914653,0.39235663,0.34798768,-0.66256416
128,METABOLOMICS,895,8,MEP,0.4098862,0.10493953,-0.010761097,0.26973546,0.0103196055
128,METABOLOMICS,896,8,MEP,0.8114667,0.11721231,0.032424822,0.21803983,-0.049374532
128,METABOLOMICS,897,8,MEP,0.55890816,0.03816113,0.43140256,0.47891027,-1.2425001
128,METABOLOMICS,898,8,MEP,0.1784034,-0.07487531,0.31143725,0.45680732,0.5011031
128,METABOLOMICS,899,8,MEP,0.51682967,0.15624146,-0.0527305,1.9496174,0.42519745
128,METABOLOMICS,900,8,MEP,0.4091912,0.105014734,-0.010899469,0.3801962,0.014795999
128,METABOLOMICS,901,8,MEP,0.72677505,0.018688858,0.025600687,0.34917718,-0.35534474
128,METABOLOMICS,902,8,MEP,-0.12261065,-0.36407405,0.18349516,0.36496162,1.6998361
128,METABOLOMICS,903,8,MEP,0.37330255,-0.08903818,0.023475274,0.2937254,0.7453099
128,METABOLOMICS,904,8,MEP,0.54498065,0.10333285,0.006722957,0.36604825,-0.017584119
128,METABOLOMICS,905,8,MEP,0.12506627,0.016064256,0.34175074,0.35385445,0.5238762
128,METABOLOMICS,906,8,MEP,0.2862846,-0.16882633,0.018023536,0.6004962,1.6439216
128,METABOLOMICS,907,9,MPP,-0.098562144,0.30411085,-0.49851263,-1.7089936,0.44165552
128,METABOLOMICS,908,9,MPP,-0.011217058,0.33947337,-0.49330574,-1.6780146,0.32043916
128,METABOLOMICS,909,9,MPP,-0.12508938,0.03207478,-0.57354575,-0.86093235,0.7055959
128,METABOLOMICS,910,9,MPP,-0.10868833,0.28911203,-0.5042151,-1.664126,0.47538105
128,METABOLOMICS,911,9,MPP,0.058195226,0.34688976,-0.4932844,-1.764575,0.271821
128,METABOLOMICS,912,9,MPP,-0.106350936,0.27373144,-0.51132363,-0.9964204,0.3150783
128,METABOLOMICS,913,9,MPP,-0.07100675,0.32096916,-0.49456313,-1.7985767,0.41158068
128,METABOLOMICS,914,9,MPP,-0.06976136,0.3215254,-0.49448055,-1.6643138,0.3791953
128,METABOLOMICS,915,9,MPP,0.048627697,0.34674466,-0.4933477,-1.6352086,0.26056817
128,METABOLOMICS,916,9,MPP,-0.04402394,0.21650738,-0.5259291,-0.8843633,0.4008481
128,METABOLOMICS,917,9,MPP,-0.1042879,0.270415,-0.5128702,-1.8566173,0.600157
128,METABOLOMICS,918,9,MPP,-0.10624238,0.29497048,-0.50177807,-1.715759,0.47148365
128,METABOLOMICS,919,9,MPP,-0.10042607,0.3023396,-0.49908778,-1.7558599,0.4592607
128,METABOLOMICS,920,9,MPP,-0.107750334,0.2919277,-0.50301474,-1.6552992,0.4641394
128,METABOLOMICS,921,9,MPP,-0.03191386,0.18232474,-0.53057486,-1.624204,0.8630094
128,METABOLOMICS,922,9,MPP,-0.082820825,0.08137149,-0.56077206,-1.6481537,1.1955969
128,METABOLOMICS,923,9,MPP,-0.03232409,0.18989933,-0.52916515,-1.7142388,0.88270533
128,METABOLOMICS,924,9,MPP,-0.032403603,0.19047116,-0.5290682,-0.89465684,0.4595502
128,METABOLOMICS,925,9,MPP,-0.04657174,0.2195613,-0.5256643,-0.88087994,0.39269415
128,METABOLOMICS,926,9,MPP,-0.36517197,-0.15396436,-0.5072948,-0.9765622,1.3984545
128,METABOLOMICS,927,9,MPP,-0.14245549,0.013864383,-0.57668895,-1.4659289,1.2557465
128,METABOLOMICS,928,9,MPP,-0.5014883,-0.21897195,-0.2577925,-0.44127715,1.3497076
128,METABOLOMICS,929,9,MPP,-0.12407125,0.033172533,-0.5733246,-1.6647656,1.3607675
128,METABOLOMICS,930,9,MPP,-0.09622594,0.30611867,-0.49789613,-1.6277276,0.41490963
128,METABOLOMICS,931,9,MPP,0.08738088,0.34479293,-0.4928663,-1.6430562,0.22329897
128,METABOLOMICS,932,9,MPP,-0.0334599,0.33416116,-0.49337626,-1.6813549,0.34210825
128,METABOLOMICS,933,9,MPP,-0.10063548,0.2658075,-0.51494706,-1.0236431,0.34118062
128,METABOLOMICS,934,9,MPP,0.050770823,0.3468058,-0.49333623,-1.7199221,0.27205136
128,METABOLOMICS,935,9,MPP,-0.036936305,0.33318803,-0.49341187,-1.6035767,0.3295958
128,METABOLOMICS,936,9,MPP,-0.03193512,0.18492709,-0.53006434,-1.7566782,0.92358273
128,METABOLOMICS,937,9,MPP,-0.09975556,0.26484483,-0.51536644,-1.7619323,0.59103805
128,METABOLOMICS,938,9,MPP,-0.40611544,-0.1733176,-0.4690233,-0.41914302,0.67110926
128,METABOLOMICS,939,9,MPP,-0.032079645,0.17865579,-0.5313395,-1.7206464,0.9276568
128,METABOLOMICS,940,9,MPP,-0.015692122,0.33852455,-0.4933041,-1.9313862,0.37353405
128,METABOLOMICS,941,9,MPP,-0.09990645,0.30285108,-0.4989188,-1.8137441,0.47275954
128,METABOLOMICS,942,9,MPP,-0.10825298,0.27810502,-0.50925934,-1.5746727,0.4837283
128,METABOLOMICS,943,9,MPP,-0.08086071,0.24855635,-0.52123,-1.7604388,0.65777653
128,METABOLOMICS,944,9,MPP,-0.057963453,0.23068362,-0.5245793,-1.72912,0.7230567
128,METABOLOMICS,945,9,MPP,-0.033880726,0.16730791,-0.5340127,-1.6607813,0.93439555
128,METABOLOMICS,946,9,MPP,-0.07491752,0.0917189,-0.5575482,-0.9988932,0.7054729
128,METABOLOMICS,947,9,MPP,-0.03545422,0.16150284,-0.5355385,-0.9355134,0.5372894
128,METABOLOMICS,948,9,MPP,-0.05188956,0.12593654,-0.54639375,-1.6615638,1.0681243
128,METABOLOMICS,949,9,MPP,-0.03241594,0.19058584,-0.529049,-1.6380703,0.841008
128,METABOLOMICS,950,9,MPP,-0.100139745,0.2652638,-0.515185,-1.8052483,0.60388285
128,METABOLOMICS,951,9,MPP,-0.10773473,0.2919653,-0.50299895,-1.7392033,0.48754516
128,METABOLOMICS,952,9,MPP,-0.08868868,0.25469422,-0.51933235,-1.6364739,0.58725315
128,METABOLOMICS,953,9,MPP,0.07928403,0.34584895,-0.49301895,-1.6858802,0.23833127
128,METABOLOMICS,954,9,MPP,0.021366943,0.34469813,-0.49338067,-1.8842428,0.32746226
128,METABOLOMICS,955,9,MPP,0.021912739,0.34476066,-0.49338165,-1.8503484,0.321045
128,METABOLOMICS,956,9,MPP,-0.03653293,0.2045134,-0.5271015,-0.83865505,0.4040968
128,METABOLOMICS,957,9,MPP,-0.023460336,0.33673728,-0.49331713,-1.7365563,0.34334645
128,METABOLOMICS,958,9,MPP,-0.0680339,0.32227927,-0.4943735,-1.6691297,0.37802643
128,METABOLOMICS,959,9,MPP,-0.032169893,0.18853618,-0.52940166,-1.8192084,0.9421958
128,METABOLOMICS,960,9,MPP,-0.0975913,0.26260632,-0.5163168,-1.8165255,0.61849684
128,METABOLOMICS,961,9,MPP,-0.082315706,0.0820182,-0.5605744,-1.6760607,1.2138293
128,METABOLOMICS,962,9,MPP,-0.064334996,0.32382888,-0.49417025,-1.8967764,0.42424843
128,METABOLOMICS,963,9,MPP,-0.09060786,0.25628248,-0.51877546,-1.6323736,0.57965136
128,METABOLOMICS,964,9,MPP,-0.08638642,0.25284237,-0.5199483,-1.6683248,0.60605407
128,METABOLOMICS,965,9,MPP,-0.035324328,0.16192451,-0.53542477,-1.7977003,1.0309567
128,METABOLOMICS,966,9,MPP,-0.08474054,0.25154555,-0.5203575,-1.4397033,0.52748954
128,METABOLOMICS,967,9,MPP,-0.06961212,0.09896896,-0.5552261,-1.6822178,1.165554
128,METABOLOMICS,968,9,MPP,-0.09827738,0.06234832,-0.56629777,-1.6245573,1.2362969
128,METABOLOMICS,969,9,MPP,-0.12584978,0.031255767,-0.57370955,-1.6862602,1.3847681
128,METABOLOMICS,970,9,MPP,-0.49658412,-0.22990869,-0.22842431,-0.17932022,0.63191515
128,METABOLOMICS,971,9,MPP,-0.109027945,0.2812423,-0.50778383,-1.7055147,0.51317585
128,METABOLOMICS,972,9,MPP,-0.043587536,0.2159526,-0.52597773,-0.987124,0.4487588
128,METABOLOMICS,973,9,MPP,0.6960686,0.1747213,-0.06285755,1.4121279,0.5198609
128,METABOLOMICS,974,9,MPP,0.38439646,-0.076920316,0.02566053,0.34227738,0.85788435
128,METABOLOMICS,975,9,MPP,-0.0533081,0.12355527,-0.54717207,-1.7205704,1.1137191
128,METABOLOMICS,976,9,MPP,-0.10884187,0.28024486,-0.5082509,-1.0236924,0.31004974
128,METABOLOMICS,977,9,MPP,-0.03192564,0.18441787,-0.53016174,-0.85547704,0.45070478
128,METABOLOMICS,978,9,MPP,-0.03456489,0.16459873,-0.5347127,-1.4847095,0.8434793
128,METABOLOMICS,979,9,MPP,-0.15540075,0.0008902997,-0.5782416,-1.7232981,1.5236757
128,METABOLOMICS,980,9,MPP,-0.089447625,0.25531688,-0.5191171,-1.655174,0.59152055
128,METABOLOMICS,981,9,MPP,-0.03226967,0.3344848,-0.49336588,-1.6669521,0.33801243
128,METABOLOMICS,982,9,MPP,-0.09318786,0.25850138,-0.5179547,-1.8771194,0.656817
128,METABOLOMICS,983,9,MPP,-0.108720995,0.288983,-0.5042714,-1.7298713,0.49458393
128,METABOLOMICS,984,9,MPP,-0.105654426,0.2959379,-0.5013991,-1.7439344,0.47615305
128,METABOLOMICS,985,9,MPP,-0.06974926,0.24014956,-0.5231662,-1.6564662,0.65336984
128,METABOLOMICS,986,9,MPP,-0.03796287,0.2073827,-0.5267888,-1.7198774,0.81715715
128,METABOLOMICS,987,9,MPP,-0.106297486,0.29487532,-0.50181556,-1.7167026,0.47204125
128,METABOLOMICS,988,9,MPP,-0.10366457,0.2987262,-0.5003493,-1.8443878,0.49429443
128,METABOLOMICS,989,9,MPP,-0.032580316,0.1741142,-0.5323559,-1.7675978,0.96977246
128,METABOLOMICS,990,9,MPP,-0.26646593,-0.093107685,-0.5637914,-1.5376794,1.7484974
128,METABOLOMICS,991,9,MPP,-0.15662682,-0.00031338632,-0.5783533,-1.0197172,0.9042565
128,METABOLOMICS,992,9,MPP,-0.103083245,0.056696646,-0.56781256,-1.5368791,1.1860437
128,METABOLOMICS,993,9,MPP,-0.03500469,0.16301514,-0.53513193,-1.5819076,0.9037417
128,METABOLOMICS,994,9,MPP,-0.0675227,0.10190547,-0.55427396,-1.5770918,1.0841641
128,METABOLOMICS,995,9,MPP,-0.03424886,0.16580638,-0.5343977,-1.6012204,0.9057628
128,METABOLOMICS,996,9,MPP,0.6700128,0.093597166,0.06370397,2.0600066,1.1117357
128,METABOLOMICS,997,9,MPP,-0.149492,0.006752625,-0.5776161,-0.93158287,0.8119519
128,METABOLOMICS,998,9,MPP,-0.05559867,0.32718208,-0.49380812,-1.768899,0.38463128
128,METABOLOMICS,999,9,MPP,-0.10759615,0.2763406,-0.5100933,-1.6775719,0.52138895
128,METABOLOMICS,1000,9,MPP,0.11053944,0.33780923,-0.49229866,-1.7916591,0.2072646
128,METABOLOMICS,1001,9,MPP,-0.09892409,0.26396197,-0.51574576,-1.7049826,0.57530373
128,METABOLOMICS,1002,9,MPP,-0.03488291,0.33376783,-0.49338973,-1.7068875,0.3487396
128,METABOLOMICS,1003,9,MPP,-0.012375794,0.33923328,-0.49330485,-1.811097,0.34699205
128,METABOLOMICS,1004,9,MPP,-0.065126725,0.23656116,-0.5237824,-1.0293087,0.41523683
128,METABOLOMICS,1005,9,MPP,-0.0343842,0.19908139,-0.5277709,-1.7676872,0.87388676
128,METABOLOMICS,1006,9,MPP,-0.109147795,0.2866893,-0.5052849,-1.7503823,0.50808275
128,METABOLOMICS,1007,9,MPP,-0.038610697,0.33270442,-0.4934324,-1.6132085,0.3332037
128,METABOLOMICS,1008,9,MPP,-0.08693517,0.25327948,-0.51980627,-1.7033057,0.61697966
128,METABOLOMICS,1009,9,MPP,-0.09660741,0.26164377,-0.5167137,-1.6737355,0.5735399
128,METABOLOMICS,1010,9,MPP,-0.0396796,0.21033973,-0.5264915,-0.80973303,0.37904513
128,METABOLOMICS,1011,9,MPP,-0.12415191,0.033085197,-0.57334226,-1.5665926,1.2807928
128,METABOLOMICS,1012,9,MPP,-0.08574436,0.07766173,-0.5618948,-1.6414285,1.2020352
128,METABOLOMICS,1013,9,MPP,-0.06276103,0.23467784,-0.52406335,-1.6529248,0.6746312
128,METABOLOMICS,1014,9,MPP,-0.108586214,0.27922246,-0.5087322,-1.8025117,0.5496462
128,METABOLOMICS,1015,9,MPP,-0.10859946,0.27927148,-0.5087092,-1.7639668,0.53771824
128,METABOLOMICS,1016,9,MPP,-0.07560312,0.24458021,-0.522238,-1.4959064,0.5735562
128,METABOLOMICS,1017,9,MPP,0.66601497,0.08995895,0.06935145,1.8898102,1.0304422
128,METABOLOMICS,1018,9,MPP,0.014896315,-0.34126878,0.07414828,0.2909955,0.9780229
128,METABOLOMICS,1019,10,Myeloid,0.1369001,0.030322418,0.34267986,0.8770572,1.334327
128,METABOLOMICS,1020,10,Myeloid,-0.28829867,-0.24758847,-0.14015712,-0.16751075,-0.37542158
128,METABOLOMICS,1021,10,Myeloid,-0.20481068,-0.30673772,0.22627234,0.18135528,-1.6379819
128,METABOLOMICS,1022,10,Myeloid,0.15735942,-0.26235825,0.031662017,0.17338698,0.5203325
128,METABOLOMICS,1023,10,Myeloid,-0.11297145,-0.34377998,0.20399722,0.35566095,1.9201173
128,METABOLOMICS,1024,10,Myeloid,0.30665278,-0.15180211,0.01800245,0.14637876,0.3944417
128,METABOLOMICS,1025,10,Myeloid,-0.32201955,-0.2543679,-0.1307938,-0.032027278,-0.13836078
128,METABOLOMICS,1026,10,Myeloid,-0.34763542,-0.2720039,-0.13023932,-0.029858563,-1.1446576
128,METABOLOMICS,1027,10,Myeloid,-0.34933177,-0.2733279,-0.12586123,-0.014310943,-1.0546312
128,METABOLOMICS,1028,10,Myeloid,-0.28916547,-0.29922396,0.09726228,0.048416052,-0.51730955
128,METABOLOMICS,1029,10,Myeloid,-0.11620448,-0.34801793,0.20088002,0.23808585,1.2472922
128,METABOLOMICS,1030,10,Myeloid,-0.34260854,-0.26765054,-0.1359458,-0.1377035,-2.0692642
128,METABOLOMICS,1031,10,Myeloid,-0.3274718,-0.25653505,-0.13124587,-0.08703624,-0.4494615
128,METABOLOMICS,1032,10,Myeloid,-0.26007062,-0.2998659,0.05463542,-0.04951547,1.4012691
128,METABOLOMICS,1033,10,Myeloid,-0.35205245,-0.27565575,-0.1134476,0.009119962,-1.0958301
128,METABOLOMICS,1034,10,Myeloid,0.11165003,-0.022985056,0.33477446,0.11609296,0.1577883
128,METABOLOMICS,1035,10,Myeloid,0.34308577,-0.031275034,0.39588237,0.8331109,-1.5941883
128,METABOLOMICS,1036,10,Myeloid,-0.025441535,-0.35796726,0.092895,0.030909872,0.10843023
128,METABOLOMICS,1037,10,Myeloid,0.34006816,-0.0636702,0.27392778,0.74392116,0.6413453
128,METABOLOMICS,1038,10,Myeloid,-0.095504366,-0.3256969,0.21299285,0.42943704,2.652695
128,METABOLOMICS,1039,10,Myeloid,0.7352909,0.022412553,0.024506018,2.4926202,-2.487943
128,METABOLOMICS,1040,10,Myeloid,-0.060264908,-0.28935927,0.2097317,0.29213798,2.7742593
128,METABOLOMICS,1041,10,Myeloid,-0.05991418,-0.2878772,0.20826402,0.11623155,1.1444266
128,METABOLOMICS,1042,10,Myeloid,0.16695276,-0.25579536,0.4918731,0.15614465,-1.0325495
128,METABOLOMICS,1043,10,Myeloid,0.11195356,-0.014266565,0.33678603,1.178328,1.6361214
128,METABOLOMICS,1044,10,Myeloid,0.7281463,0.11257497,0.02260895,0.16550808,-0.024944652
128,METABOLOMICS,1045,10,Myeloid,0.66689885,0.09075219,0.06812252,1.8477285,1.0052513
128,METABOLOMICS,1046,10,Myeloid,-0.331,-0.25833935,-0.13211982,-0.20273326,-1.2118729
128,METABOLOMICS,1047,10,Myeloid,-0.35173467,-0.275402,-0.1156269,0.0008833981,-0.16274768
128,METABOLOMICS,1048,10,Myeloid,-0.07888124,-0.31057686,0.2158772,0.14106211,0.9952102
128,METABOLOMICS,1049,10,Myeloid,-0.22196239,-0.29786015,0.08361146,-0.018295096,1.0689551
128,METABOLOMICS,1050,10,Myeloid,0.6410922,-0.023595944,0.06341086,0.18423042,-0.22287063
128,METABOLOMICS,1051,10,Myeloid,-0.3522387,-0.27988708,-0.07800944,0.059433945,-1.4660888
128,METABOLOMICS,1052,10,Myeloid,-0.34057403,-0.28613144,-0.022504494,0.09283636,-1.4036981
128,METABOLOMICS,1053,10,Myeloid,-0.2679901,-0.30234957,0.13424677,0.122375496,-1.2339869
128,METABOLOMICS,1054,10,Myeloid,-0.33639207,-0.2620077,-0.13440287,-0.2825684,-2.302047
128,METABOLOMICS,1055,10,Myeloid,-0.34524146,-0.2700312,-0.13410486,-0.08659807,-1.9474208
128,METABOLOMICS,1056,10,Myeloid,-0.067358844,-0.2820419,0.19453922,0.14206825,1.8532126
128,METABOLOMICS,1057,10,Myeloid,-0.07392875,-0.30597156,0.21584573,0.10376936,0.7679759
128,METABOLOMICS,1058,10,Myeloid,-0.06896647,-0.37162817,0.11874023,0.21468626,0.800785
128,METABOLOMICS,1059,10,Myeloid,-0.061532,-0.29202574,0.21173868,0.1065864,0.9578927
128,METABOLOMICS,1060,10,Myeloid,-0.33268863,-0.28898776,0.0014609098,0.015201271,-0.20656258
128,METABOLOMICS,1061,10,Myeloid,-0.11948904,-0.35395736,0.19499364,0.021752063,0.108971685
128,METABOLOMICS,1062,10,Myeloid,0.41806343,-0.033073053,0.038299397,0.18376093,0.43916792
128,METABOLOMICS,1063,10,Myeloid,-0.07040147,-0.28172952,0.1914613,0.040850066,0.56430304
128,METABOLOMICS,1064,10,Myeloid,-0.34138912,-0.266595,-0.13605599,-0.0062710736,-0.08107372
128,METABOLOMICS,1065,10,Myeloid,0.6877108,0.17722236,-0.06645624,0.8875117,0.31335217
128,METABOLOMICS,1066,10,Myeloid,0.12392998,0.014423281,0.34157255,0.9881666,1.4582988
128,METABOLOMICS,1067,10,Myeloid,0.24049479,-0.20461293,0.020275295,0.18805812,0.5323733
128,METABOLOMICS,1068,10,Myeloid,0.36770096,0.10546802,0.23608392,0.7219704,1.3810747
128,METABOLOMICS,1069,10,Myeloid,0.704139,0.16982809,-0.05575016,1.5672101,0.60887945
128,METABOLOMICS,1070,10,Myeloid,-0.3392736,-0.28666955,-0.018204927,0.018496856,-0.2735369
128,METABOLOMICS,1071,10,Myeloid,0.40136603,0.09423682,0.19299453,0.7784551,1.545323
128,METABOLOMICS,1072,10,Myeloid,0.6875417,0.17725968,-0.066507205,2.4262311,0.8559703
128,METABOLOMICS,1073,10,Myeloid,0.7017969,0.007125646,0.031581163,1.3909953,-1.4942765
128,METABOLOMICS,1074,10,Myeloid,-0.34830603,-0.2826705,-0.052814834,0.07515587,-1.3871115
128,METABOLOMICS,1075,10,Myeloid,-0.34195742,-0.26703578,-0.13608068,-0.1598287,-2.2103589
128,METABOLOMICS,1076,10,Myeloid,-0.35073528,-0.27444714,-0.12070391,-0.003185777,-1.0814896
128,METABOLOMICS,1077,10,Myeloid,-0.3428535,-0.26788104,-0.1358654,-0.052909404,-0.82147855
128,METABOLOMICS,1078,10,Myeloid,-0.27827883,-0.3001768,0.04000576,-0.034289815,0.77242005
128,METABOLOMICS,1079,10,Myeloid,-0.35119268,-0.27483612,-0.118557796,0.0012769228,-1.7579169
128,METABOLOMICS,1080,10,Myeloid,-0.49320048,-0.23452576,-0.2180709,-0.075285,0.28016248
128,METABOLOMICS,1081,10,Myeloid,-0.108222924,-0.338323,0.20738986,0.2231687,1.252948
128,METABOLOMICS,1082,10,Myeloid,-0.061138116,-0.29134482,0.2112802,0.06522007,0.59377235
128,METABOLOMICS,1083,10,Myeloid,0.3829695,0.11424765,-0.022886582,2.250745,0.21163364
128,METABOLOMICS,1084,10,Myeloid,0.7389982,0.02399841,0.024173394,1.3634549,-1.3492042
128,METABOLOMICS,1085,10,Myeloid,-0.12075428,-0.36941212,0.17394945,0.151691,0.67479736
128,METABOLOMICS,1086,10,Myeloid,0.33720392,-0.039466932,0.37727684,1.0483893,-1.9551728
128,METABOLOMICS,1087,10,Myeloid,-0.09481334,-0.37578505,0.13908044,0.13041084,0.5135938
128,METABOLOMICS,1088,10,Myeloid,-0.059955336,-0.28643137,0.2064803,0.14207265,1.4578058
128,METABOLOMICS,1089,10,Myeloid,-0.35251525,-0.2761981,-0.10963958,0.010948859,-0.82975054
128,METABOLOMICS,1090,10,Myeloid,-0.3450888,-0.2698998,-0.13427529,-0.048996814,-1.0723759
128,METABOLOMICS,1091,10,Myeloid,-0.097942196,-0.37593436,0.14201498,0.22540005,0.8952929
128,METABOLOMICS,1092,10,Myeloid,0.81152666,0.06368304,0.06391604,0.27558875,-0.18150018
128,METABOLOMICS,1093,10,Myeloid,-0.10693603,-0.37557167,0.15149346,0.09160674,0.37467578
128,METABOLOMICS,1094,10,Myeloid,-0.21008599,-0.30661434,0.21939632,0.161269,-1.4670107
128,METABOLOMICS,1095,10,Myeloid,-0.4877739,-0.24070702,-0.20489766,-0.08653543,0.34580177
128,METABOLOMICS,1096,10,Myeloid,0.23147067,-0.07850693,0.30016562,0.7763133,0.7779151
128,METABOLOMICS,1097,10,Myeloid,0.51372963,0.03870471,0.45476127,0.9191703,-2.2117312
128,METABOLOMICS,1098,10,Myeloid,-0.14560035,-0.2896365,0.13703439,0.016743919,0.8500787
128,METABOLOMICS,1099,10,Myeloid,0.56814003,0.3735598,-0.31966367,-0.07790988,-0.030396752
128,METABOLOMICS,1100,10,Myeloid,-0.35042918,-0.2741946,-0.12198916,-0.013023092,-2.4441657
128,METABOLOMICS,1101,10,Myeloid,-0.33715826,-0.26264787,-0.13475882,-0.022207689,-0.19155201
128,METABOLOMICS,1102,10,Myeloid,-0.35118437,-0.2748291,-0.11859995,0.00094150065,-1.4305029
128,METABOLOMICS,1103,10,Myeloid,0.41253445,0.10467684,-0.010204658,0.27352732,0.009756741
128,METABOLOMICS,1104,10,Myeloid,0.45102087,-0.072105706,0.21957389,1.0525657,-1.6139488
128,METABOLOMICS,1105,10,Myeloid,-0.46680778,-0.2581259,-0.16718185,-0.07625089,0.37530303
128,METABOLOMICS,1106,10,Myeloid,-0.30573684,-0.25022405,-0.13351591,-0.17529128,-0.5208906
128,METABOLOMICS,1107,10,Myeloid,-0.06206461,-0.28365314,0.20119965,0.08618722,0.9882625
128,METABOLOMICS,1108,10,Myeloid,-0.083478175,-0.31474978,0.21551028,0.15836254,1.0737424
128,METABOLOMICS,1109,10,Myeloid,-0.10873338,-0.37534112,0.15362296,0.3045062,1.254106
128,METABOLOMICS,1110,10,Myeloid,0.1472491,-0.06560859,0.31896034,0.107601464,0.12611596
128,METABOLOMICS,1111,10,Myeloid,-0.22658914,-0.30598783,0.19706684,0.038122445,-0.3551786
128,METABOLOMICS,1112,10,Myeloid,-0.12240804,-0.3610255,0.18774468,0.24244115,1.1561992
128,METABOLOMICS,1113,10,Myeloid,0.40775472,-0.048178405,0.032924265,1.122228,2.7279892
128,METABOLOMICS,1114,10,Myeloid,0.13361049,0.026762143,0.34257188,0.18778093,0.2837544
128,METABOLOMICS,1115,10,Myeloid,0.2760309,-0.07514711,0.2903452,1.6654457,1.5631162
128,METABOLOMICS,1116,10,Myeloid,0.52952915,-0.0636674,0.15493906,1.027373,-1.453394
128,METABOLOMICS,1117,10,Myeloid,0.3857529,-0.2672398,0.36188334,0.096699774,-0.43603772
128,METABOLOMICS,1118,10,Myeloid,0.38301277,0.114356115,-0.022992268,0.7741267,0.07315511
128,METABOLOMICS,1119,10,Myeloid,-0.07735779,-0.28166455,0.18532795,0.084876984,1.3150008
128,METABOLOMICS,1120,10,Myeloid,0.7038858,0.17005447,-0.05608225,2.1626823,0.8384776
128,METABOLOMICS,1121,10,Myeloid,-0.08550579,-0.31658447,0.21522808,0.08906689,0.5939062
128,METABOLOMICS,1122,10,Myeloid,-0.062020265,-0.29283327,0.21221167,0.050414726,0.44629264
128,METABOLOMICS,1123,10,Myeloid,-0.45940483,-0.26286256,-0.15576267,-0.100786276,0.5282775
128,METABOLOMICS,1124,10,Myeloid,-0.15937358,-0.2914241,0.12770051,0.02410868,1.8944542
128,METABOLOMICS,1125,10,Myeloid,-0.5015481,-0.21820934,-0.26040214,-0.055176467,0.16689655
128,METABOLOMICS,1126,10,Myeloid,-0.14991039,0.24938807,-0.4479997,-0.10940304,-0.023095172
128,METABOLOMICS,1127,10,Myeloid,0.58632255,0.01970692,0.40152377,0.10560719,-0.29544705
128,METABOLOMICS,1128,10,Myeloid,-0.31881076,-0.25332147,-0.13092837,-0.09367205,-0.37035546
128,METABOLOMICS,1129,10,Myeloid,-0.34372202,-0.2686826,-0.13543886,-0.09097575,-1.5973461
128,METABOLOMICS,1130,10,Myeloid,-0.3439868,-0.26892328,-0.1352622,-0.06507642,-1.1891158
128,METABOLOMICS,1131,10,Myeloid,0.28825605,-0.26052934,0.46394807,0.07875996,-0.44100732
128,METABOLOMICS,1132,10,Myeloid,0.8088013,0.06743536,0.06938732,0.82282174,-0.5121952
128,METABOLOMICS,1133,10,Myeloid,-0.3420493,-0.26712644,-0.13606693,-0.031293936,-0.43774772
128,METABOLOMICS,1134,10,Myeloid,-0.33024028,-0.2579224,-0.13188195,-0.04055902,-0.23431613
128,METABOLOMICS,1135,10,Myeloid,0.50903714,-0.006133795,0.20507348,0.7296927,0.51166415
128,METABOLOMICS,1136,10,Myeloid,-0.10317025,-0.33306998,0.21008319,0.34172755,1.9942696
128,METABOLOMICS,1137,10,Myeloid,0.13913873,0.032620907,0.34275067,0.18089911,0.27637246
128,METABOLOMICS,1138,10,Myeloid,-0.049049415,-0.36614698,0.105991885,0.15215597,0.5502306
128,METABOLOMICS,1139,10,Myeloid,-0.060294367,-0.28948528,0.20983231,0.058713924,0.5558273
128,METABOLOMICS,1140,11,T,0.83889806,0.116862275,0.038885057,0.46048748,-0.12587503
128,METABOLOMICS,1141,11,T,0.68606734,-0.0006263405,0.0374936,0.42294875,-0.4693667
128,METABOLOMICS,1142,11,T,0.7069303,0.16666926,-0.05108238,0.43408737,0.17319031
128,METABOLOMICS,1143,11,T,-0.108525105,-0.37537533,0.1533682,0.401083,1.6504619
128,METABOLOMICS,1144,11,T,0.7562944,0.031147987,0.023827612,0.4170284,-0.39557332
128,METABOLOMICS,1145,11,T,0.7874243,0.043397367,0.029174566,0.46139526,-0.39902577
128,METABOLOMICS,1146,11,T,0.8114359,0.055119716,0.046196207,0.5521991,-0.41645953
128,METABOLOMICS,1147,11,T,0.67118645,-0.008195356,0.044645637,0.57761073,-0.660334
128,METABOLOMICS,1148,11,T,0.5817362,0.16940035,-0.062256753,0.74839294,0.19273111
128,METABOLOMICS,1149,11,T,0.40440068,0.10557866,-0.011976659,2.4363816,0.10704169
128,METABOLOMICS,1150,11,T,0.68392473,0.10749282,0.04191166,1.4822818,0.76771325
128,METABOLOMICS,1151,11,T,0.58800584,-0.053506225,0.35435435,0.37423563,-1.2016978
128,METABOLOMICS,1152,11,T,0.7697333,0.03648016,0.025053129,0.7068296,-0.6465832
128,METABOLOMICS,1153,11,T,0.38613933,-0.074945256,0.026061028,0.7255789,1.8148928
128,METABOLOMICS,1154,11,T,0.70527744,0.008794501,0.030499056,0.75007415,-0.799874
128,METABOLOMICS,1155,11,T,0.7804775,0.115884274,0.028055742,0.7939312,-0.15287271
128,METABOLOMICS,1156,11,T,0.7956865,0.11666496,0.030024782,2.291521,-0.47630897
128,METABOLOMICS,1157,11,T,0.43988377,0.04331091,0.09701346,0.65568423,1.421512
128,METABOLOMICS,1158,11,T,0.8389909,0.1168624,0.03892407,1.4763883,-0.40392026
128,METABOLOMICS,1159,11,T,0.84185165,0.101582564,0.06201285,0.8342109,-0.33961043
128,METABOLOMICS,1160,11,T,0.84944314,0.11466098,0.04447393,0.93604594,-0.28983408
128,METABOLOMICS,1161,11,T,0.47937497,-0.018898025,0.22087172,0.47243103,0.34363595
128,METABOLOMICS,1162,11,T,0.84994733,0.107767545,0.054885447,0.51621634,-0.19028682
128,METABOLOMICS,1163,11,T,0.6614082,-0.013228551,0.050144836,0.6227692,-0.725566
128,METABOLOMICS,1164,11,T,0.45702615,-0.07195236,0.21462017,0.5444944,-0.8299327
128,METABOLOMICS,1165,11,T,0.68088037,0.17834263,-0.06810442,1.0461625,0.3587753
128,METABOLOMICS,1166,11,T,0.5431058,0.16187942,-0.05669287,0.93127936,0.21765403
128,METABOLOMICS,1167,11,T,-0.061211653,-0.29145968,0.2113696,0.26703462,2.4261577
128,METABOLOMICS,1168,11,T,0.81148976,0.06373938,0.06401758,0.75227404,-0.49509376
128,METABOLOMICS,1169,11,T,0.64167756,-0.023290932,0.06298892,0.49423864,-0.5972304
128,METABOLOMICS,1170,11,T,0.6480926,0.10778833,0.015752882,0.43326458,-0.044244044
128,METABOLOMICS,1171,11,T,0.7099052,0.1595498,-0.040317923,0.6009703,0.25177643
128,METABOLOMICS,1172,11,T,0.7068154,0.14048307,-0.010522291,0.5287548,0.24362248
128,METABOLOMICS,1173,11,T,0.58418894,0.16984117,-0.06259091,1.1944572,0.3094976
128,METABOLOMICS,1174,11,T,0.71024245,0.15682308,-0.036127873,1.1125917,0.47366577
128,METABOLOMICS,1175,11,T,0.76541954,0.034785256,0.024506971,0.8278345,-0.76646996
128,METABOLOMICS,1176,11,T,0.81242865,0.056170546,0.04841505,0.5898674,-0.43791932
128,METABOLOMICS,1177,11,T,0.6949646,0.11055632,0.019692957,1.2998737,-0.16798522
128,METABOLOMICS,1178,11,T,0.8116106,0.06357324,0.06373073,1.0925994,-0.72095555
128,METABOLOMICS,1179,11,T,0.59015304,-0.046275064,0.10373528,0.68137777,-0.8940495
128,METABOLOMICS,1180,11,T,0.3378283,-0.12407075,0.019328043,0.76477647,2.0079076
128,METABOLOMICS,1181,11,T,0.463727,0.10244559,-0.0021308064,0.8583842,-0.002257209
128,METABOLOMICS,1182,11,T,0.67069554,0.0942348,0.06271413,0.8305485,0.4474078
128,METABOLOMICS,1183,11,T,0.5887224,-0.046811,0.104940906,0.65550536,-0.8618357
128,METABOLOMICS,1184,11,T,0.7277206,0.112627946,0.022590235,0.7126516,-0.10725657
128,METABOLOMICS,1185,11,T,0.39206186,0.10780119,-0.015563622,0.2666278,0.01612016
128,METABOLOMICS,1186,11,T,0.7171679,0.11195261,0.02163297,0.71462363,-0.102453135
128,METABOLOMICS,1187,11,T,0.81374174,0.11731207,0.032843724,0.78572136,-0.18032621
128,METABOLOMICS,1188,11,T,0.5632884,0.10392355,0.008435965,0.6415898,-0.036921058
128,METABOLOMICS,1189,11,T,0.8110612,0.05478841,0.04551342,0.6059069,-0.45919153
128,METABOLOMICS,1190,11,T,0.79328805,0.045756355,0.031438068,0.607767,-0.5139536
128,METABOLOMICS,1191,11,T,0.75395787,0.030204162,0.023754925,0.46364447,-0.44241711
128,METABOLOMICS,1192,11,T,0.8131474,0.05728887,0.050841913,0.7891377,-0.57582414
128,METABOLOMICS,1193,11,T,0.6887319,0.17699629,-0.066129,0.94334364,0.33462438
128,METABOLOMICS,1194,11,T,0.80858797,0.05300512,0.042015567,0.6972158,-0.54182506
128,METABOLOMICS,1195,11,T,0.53894866,-0.061651364,0.14706361,0.39210856,-0.5488801
128,METABOLOMICS,1196,11,T,0.80059904,0.04888144,0.03527783,0.8215072,-0.6720156
128,METABOLOMICS,1197,11,T,0.82163346,0.117430165,0.03434971,1.0402645,-0.25050625
128,METABOLOMICS,1198,11,T,0.57592577,-0.051328048,0.11577213,0.7476909,-1.0003089
128,METABOLOMICS,1199,11,T,0.558411,-0.056711555,0.13063613,0.73593074,-1.0067526
128,METABOLOMICS,1200,11,T,0.44060618,0.036044702,0.08822347,0.8325027,1.8234059
128,METABOLOMICS,1201,11,T,0.8129318,0.06146793,0.059782356,1.0640486,-0.7260485
128,METABOLOMICS,1202,11,T,0.80960196,0.066271804,0.06790882,0.971501,-0.6151521
128,METABOLOMICS,1203,11,T,0.47869295,0.030718818,0.46129435,0.27778426,-0.638574
128,METABOLOMICS,1204,11,T,-0.11482427,-0.37371403,0.1619654,0.45753625,1.9398991
128,METABOLOMICS,1205,11,T,0.14114374,0.034592465,0.3427366,0.77133197,1.1828537
128,METABOLOMICS,1206,11,T,0.8066798,0.05188118,0.039983973,0.6346455,-0.5006048
128,METABOLOMICS,1207,11,T,0.7028013,0.13243218,0.0022706091,0.96078265,0.4571754
128,METABOLOMICS,1208,11,T,0.65103966,0.07732524,0.08873664,1.0808794,0.61012304
128,METABOLOMICS,1209,11,T,0.13723058,-0.060647085,0.3216636,1.3415176,1.6130316
128,METABOLOMICS,1210,11,T,0.8054395,0.05121305,0.03884399,0.4950569,-0.39383632
128,METABOLOMICS,1211,11,T,0.8506963,0.10862181,0.05378425,0.5517607,-0.20011881
128,METABOLOMICS,1212,11,T,0.30082908,-0.07151128,0.28439352,0.82662714,0.74997926
128,METABOLOMICS,1213,11,T,0.7593025,0.11463456,0.025679335,0.98225045,-0.17099269
128,METABOLOMICS,1214,11,T,0.58811784,0.01668252,0.39831823,0.4299021,-1.2124949
128,METABOLOMICS,1215,11,T,0.38290223,0.1131219,-0.02178619,0.77087593,0.068619765
128,METABOLOMICS,1216,11,T,0.5945864,-0.022897363,0.36871862,0.26787084,-0.8193717
128,METABOLOMICS,1217,11,T,-0.10465226,-0.33456737,0.20937103,0.42958894,2.4792204
128,METABOLOMICS,1218,11,T,0.8360367,0.098012835,0.06551598,0.865078,-0.36966383
128,METABOLOMICS,1219,11,T,0.8156769,0.085289925,0.07411757,0.8393844,-0.4178695
128,METABOLOMICS,1220,11,T,0.8500352,0.107865505,0.05477196,0.97945595,-0.360427
128,METABOLOMICS,1221,11,T,0.19267231,-0.076955155,0.30834463,0.90499544,0.9670222
128,METABOLOMICS,1222,11,T,0.7677251,0.115147814,0.026585534,0.9959781,-0.18037973
128,METABOLOMICS,1223,11,T,0.6259731,0.17630401,-0.06768408,0.96041137,0.27701026
128,METABOLOMICS,1224,11,T,0.8454254,0.115931384,0.041693866,0.60024136,-0.1753352
128,METABOLOMICS,1225,11,T,0.4075759,0.090692215,0.18307349,0.29016158,0.58081484
128,METABOLOMICS,1226,11,T,0.8428636,0.11639604,0.040447608,0.6527911,-0.18533336
128,METABOLOMICS,1227,11,T,0.72476864,0.017795876,0.02592896,0.34586802,-0.35355964
128,METABOLOMICS,1228,11,T,0.33647707,-0.04200238,0.3709755,0.6393182,-1.1822913
128,METABOLOMICS,1229,11,T,0.44088057,0.018174008,0.45948428,0.38052723,-0.8367895
128,METABOLOMICS,1230,11,T,0.41637594,-0.25119358,0.34805146,0.15305029,-0.6599534
128,METABOLOMICS,1231,11,T,0.6762196,0.10941152,0.018103242,0.7144045,-0.08431701
128,METABOLOMICS,1232,11,T,0.51923203,0.10272474,0.004183367,1.0540996,-0.036315214
128,METABOLOMICS,1233,11,T,0.83463705,0.09718358,0.06626706,0.80833846,-0.3491315
128,METABOLOMICS,1234,11,T,0.71904266,0.015214965,0.02701579,0.7080461,-0.73300165
128,METABOLOMICS,1235,11,T,0.39166155,0.12115295,-0.02879683,0.9013198,0.10866605
128,METABOLOMICS,1236,11,T,0.3810242,0.102302924,0.22078267,0.4791829,0.9290775
128,METABOLOMICS,1237,11,T,0.81111526,0.06424596,0.06486933,0.73398536,-0.47926292
128,METABOLOMICS,1238,11,T,0.8418673,0.116541676,0.040024832,2.4882874,-0.699367
128,METABOLOMICS,1239,11,T,0.8151178,0.08486388,0.07428138,0.9766567,-0.4886124
128,METABOLOMICS,1240,11,T,0.666184,-0.010768235,0.047382027,0.65719545,-0.75867516
128,METABOLOMICS,1241,11,T,0.7246012,0.017723233,0.025963277,0.7123118,-0.72841805
128,METABOLOMICS,1242,11,T,0.66780835,0.10891663,0.01739876,0.92789,-0.10501039
128,METABOLOMICS,1243,11,T,0.8398891,0.10034519,0.06327514,0.8031695,-0.3326787
128,METABOLOMICS,1244,11,T,0.36874777,-0.09381764,0.02273126,0.92260903,2.3522625
128,METABOLOMICS,1245,11,T,0.4406724,0.03421481,0.08614397,0.978074,2.1476839
128,METABOLOMICS,1246,11,T,0.63915426,0.47880137,-0.31527057,-0.5559411,-0.20568882
128,METABOLOMICS,1247,11,T,0.63915426,0.47880137,-0.31527057,-0.5559411,-0.20568882
128,METABOLOMICS,1248,11,T,0.63915426,0.47880137,-0.31527057,-0.5559411,-0.20568882
128,METABOLOMICS,1249,11,T,0.63915426,0.47880137,-0.31527057,-0.5559411,-0.20568882
128,METABOLOMICS,1250,11,T,0.63915426,0.47880137,-0.31527057,-0.5559411,-0.20568882
128,METABOLOMICS,1251,11,T,0.63915426,0.47880137,-0.31527057,-0.5559411,-0.20568882
128,METABOLOMICS,1252,11,T,0.63915426,0.47880137,-0.31527057,-0.5559411,-0.20568882
128,METABOLOMICS,1253,11,T,0.63915426,0.47880137,-0.31527057,-0.5559411,-0.20568882
128,METABOLOMICS,1254,11,T,0.63915426,0.47880137,-0.31527057,-0.5559411,-0.20568882
128,METABOLOMICS,1255,11,T,0.63915426,0.47880137,-0.31527057,-0.5559411,-0.20568882
128,METABOLOMICS,1256,11,T,0.63915426,0.47880137,-0.31527057,-0.5559411,-0.20568882
128,METABOLOMICS,1257,11,T,0.63915426,0.47880137,-0.31527057,-0.5559411,-0.20568882
128,METABOLOMICS,1258,11,T,0.63915426,0.47880137,-0.31527057,-0.5559411,-0.20568882
128,METABOLOMICS,1259,11,T,0.63915426,0.47880137,-0.31527057,-0.5559411,-0.20568882
128,METABOLOMICS,1260,11,T,0.63915426,0.47880137,-0.31527057,-0.5559411,-0.20568882
128,METABOLOMICS,1261,11,T,0.63915426,0.47880137,-0.31527057,-0.5559411,-0.20568882
128,METABOLOMICS,1262,11,T,0.63915426,0.47880137,-0.31527057,-0.5559411,-0.20568882
128,METABOLOMICS,1263,11,T,0.63915426,0.47880137,-0.31527057,-0.5559411,-0.20568882
128,METABOLOMICS,1264,11,T,0.63915426,0.47880137,-0.31527057,-0.5559411,-0.20568882
128,METABOLOMICS,1265,11,T,0.63915426,0.47880137,-0.31527057,-0.5559411,-0.20568882
128,METABOLOMICS,1266,11,T,0.63915426,0.47880137,-0.31527057,-0.5559411,-0.20568882
